form_id;collectionSize;fastest_driver;fastest_total_duration;fastest_other_exec_duration;beats_fastest_other_exec;form_weight
-9220810666684772174;500;neo4j;1574.3164556962026;2777.724210526316;True;0.40576902378646
-9220810666684772174;3000;neo4j;1267.1822033898304;2362.1915789473683;True;0.40576902378646
-9214582615166348497;100;neo4j;1681.7718120805368;1800.7755555555555;True;0.40576902378646
-9203493062042131003;100;neo4j;1664.8389830508474;2884.2505263157896;True;0.40576902378646
-9203493062042131003;500;neo4j;2011.4861995753715;3766.8105263157895;True;0.40576902378646
-9201414149695320974;3000;neo4j;1497.064587973274;3361.0844444444447;True;0.40576902378646
-9189486890650249090;100;neo4j;1413.7679324894514;2119.418947368421;True;0.40576902378646
-9189486890650249090;1000;neo4j;1885.463002114165;2796.7705263157895;True;0.40576902378646
-9184342509952197537;500;postgres;1503.816842105263;1661.5147679324893;True;2.1481481481481484
-9184273030035325040;3000;neo4j;2874.389755011136;3744.5844444444447;True;0.40576902378646
-9175951337406965087;100;postgres;978.4547368421053;1321.3894736842105;True;2.1481481481481484
-9175951337406965087;1000;postgres;1195.6336842105263;1844.9175475687105;True;2.1481481481481484
-9175930393838634765;100;neo4j;1824.1875;2182.288888888889;True;0.40576902378646
-9174284291740939398;100;neo4j;1488.2067510548522;1432.88;False;0.40576902378646
-9174284291740939398;1000;neo4j;1246.4767932489451;1794.9936842105262;True;0.40576902378646
-9172142800780904043;100;neo4j;1470.652977412731;1679.6045081967213;True;0.40576902378646
-9172142800780904043;500;neo4j;1487.9609856262834;1974.8053278688524;True;0.40576902378646
-9172142800780904043;3000;neo4j;3318.4845360824743;3186.7268993839834;False;0.40576902378646
-9172142800780904043;9000;neo4j;4610.153558052434;5550.784394250513;True;0.40576902378646
-9170050337977141023;100;neo4j;1497.49668536461;1412.9913749365803;False;0.40576902378646
-9170050337977141023;500;neo4j;1455.2012257405515;2313.0892494929008;True;0.40576902378646
-9170050337977141023;9000;neo4j;1347.891836734694;3421.006085192698;True;0.40576902378646
-9160123264818750988;100;neo4j;1292.9789029535864;1467.9642105263158;True;0.40576902378646
-9160123264818750988;3000;neo4j;2278.708245243129;2839.24;True;0.40576902378646
-9156189530701197677;100;neo4j;1581.246887966805;1726.3250517598344;True;0.40576902378646
-9156189530701197677;500;postgres;1118.8388429752067;1204.1177685950413;True;0.40576902378646
-9156189530701197677;15000;neo4j;1306.9232365145228;2186.2028985507245;True;0.40576902378646
-9141858806667126421;100;postgres;854.5206611570248;1410.0331262939958;True;2.1481481481481484
-9141858806667126421;500;postgres;986.5776397515529;1473.08316008316;True;2.1481481481481484
-9141858806667126421;3000;postgres;1816.2256728778468;2313.5841995841997;True;2.1481481481481484
-9139873533629146658;100;neo4j;1493.892405063291;2498.9010526315788;True;0.40576902378646
-9139873533629146658;1000;neo4j;2253.080508474576;3773.6252631578946;True;0.40576902378646
-9118077925811008863;500;postgres;1020.9568788501027;1216.5379876796715;True;0.40576902378646
-9118077925811008863;1000;neo4j;1368.7433264887063;1812.7295081967213;True;0.40576902378646
-9118077925811008863;3000;neo4j;1357.7381443298968;2252.523076923077;True;0.40576902378646
-9117595604296714045;3000;neo4j;1531.487750556793;4131.106666666667;True;0.40576902378646
-9107689034487902426;100;neo4j;1404.3416149068323;1861.8904958677685;True;0.40576902378646
-9107689034487902426;500;neo4j;1719.246887966805;2545.8423236514523;True;0.40576902378646
-9107689034487902426;1000;neo4j;2142.9771784232366;2660.985507246377;True;0.40576902378646
-9106386872253144930;100;neo4j;1426.743670886076;1384.201052631579;False;0.40576902378646
-9099807924756500148;3000;neo4j;4927.136363636364;5532.224444444444;True;0.40576902378646
-9099558358969109853;500;neo4j;1654.0527426160338;2343.416842105263;True;0.40576902378646
-9098418040985425070;100;postgres;995.4276693455798;1400.3203214695752;True;2.1481481481481484
-9098418040985425070;500;postgres;1028.488196885987;1228.8578603716726;True;2.1481481481481484
-9098418040985425070;1000;postgres;1205.173360107095;1255.021419009371;True;2.1481481481481484
-9098418040985425070;3000;neo4j;1364.5657718120806;1308.264567983925;False;2.1481481481481484
-9098418040985425070;9000;neo4j;1377.4597315436242;1850.655056932351;True;2.1481481481481484
-9098418040985425070;15000;neo4j;1378.4783047426843;1773.1718592964824;True;2.1481481481481484
-9092797579576274550;100;neo4j;1454.006329113924;1626.256842105263;True;0.40576902378646
-9092797579576274550;1000;neo4j;1590.1181434599157;3061.8484210526317;True;0.40576902378646
-9088512481536411017;100;neo4j;1520.4582132564842;1658.6381635581063;True;0.40576902378646
-9088512481536411017;500;neo4j;1416.3297442799462;1872.360107095047;True;0.40576902378646
-9088512481536411017;1000;neo4j;1369.470726783311;1947.6790619765495;True;0.40576902378646
-9088512481536411017;3000;neo4j;1410.3441295546559;2882.5392354124747;True;0.40576902378646
-9088512481536411017;9000;neo4j;1352.8574317492416;3286.857286432161;True;0.40576902378646
-9088512481536411017;15000;neo4j;1389.840242669363;3203.0975855130787;True;0.40576902378646
-9082133488132192081;100;neo4j;1505.9714889123547;1689.7515789473684;True;0.40576902378646
-9071152264543309757;1000;postgres;931.1622222222222;1850.845982142857;True;14.280303030303031
-9064518402238819992;100;neo4j;1484.578125;2740.3288888888887;True;0.40576902378646
-9063743662860637297;1000;neo4j;1937.6536485097636;2007.8602040816327;True;0.40576902378646
-9063743662860637297;9000;neo4j;4563.9567567567565;5159.055102040817;True;0.40576902378646
-9055068252067126657;500;neo4j;1367.7550111358576;1770.6726057906458;True;0.40576902378646
-9049252927181678069;3000;neo4j;2345.498886414254;4096.126666666667;True;0.40576902378646
-9048272781892256286;100;neo4j;1468.3318485523384;1334.1355555555556;False;0.40576902378646
-9043494540698518000;100;neo4j;1540.158038147139;1571.4847457627118;True;0.40576902378646
-9043494540698518000;1000;neo4j;1387.3762781186094;2071.9430894308944;True;0.40576902378646
-9043494540698518000;3000;neo4j;1407.31498470948;2654.7009155645983;True;0.40576902378646
-9039674123245801664;100;postgres;1342.045081967213;1692.1844262295083;True;2.1481481481481484
-9039674123245801664;1000;neo4j;3769.941908713693;4136.805954825462;True;2.1481481481481484
-9038032364799063184;9000;postgres;4144.937777777778;4499.7947368421055;True;0.40576902378646
-9035168799984503103;1000;neo4j;2091.712215320911;4390.884057971014;True;0.40576902378646
-9018611685019991181;100;neo4j;1404.705035971223;1470.8707692307692;True;0.40576902378646
-9018511473431277280;100;neo4j;1487.107594936709;2716.8568421052632;True;0.40576902378646
-9018511473431277280;3000;neo4j;2825.0864978902955;4708.301052631579;True;0.40576902378646
-8980828898780742638;1000;neo4j;1842.5590200445433;2133.351111111111;True;0.40576902378646
-8970604619785613911;100;neo4j;2007.3672199170123;2287.632885211996;True;0.40576902378646
-8969390127088813808;100;postgres;1296.7941767068273;1431.5625;True;0.40576902378646
-8969390127088813808;500;neo4j;1379.5416386836803;2003.1834002677376;True;0.40576902378646
-8969390127088813808;1000;neo4j;1399.572244623656;2070.66030789826;True;0.40576902378646
-8969390127088813808;3000;neo4j;1383.3408403361345;2592.513043478261;True;0.40576902378646
-8969390127088813808;9000;neo4j;1308.2068617558023;3170.3232931726907;True;0.40576902378646
-8969390127088813808;15000;neo4j;1386.9879032258063;3269.64156626506;True;0.40576902378646
-8968008738465313322;100;postgres;1200.8897959183673;1438.104081632653;True;2.1481481481481484
-8968008738465313322;500;postgres;1908.6224489795918;1914.4938775510204;True;2.1481481481481484
-8968008738465313322;3000;neo4j;3153.8910212474298;3485.4061224489797;True;2.1481481481481484
-8963022156125775533;100;neo4j;1545.6089211618257;2819.054865424431;True;0.40576902378646
-8963022156125775533;1000;neo4j;2002.3630705394191;3190.3863636363635;True;0.40576902378646
-8960757118882317094;100;neo4j;1312.8730512249442;2283.2066666666665;True;0.40576902378646
-8959605807858275616;500;neo4j;1840.4620253164558;2188.8315789473686;True;0.40576902378646
-8959605807858275616;1000;neo4j;2575.9620253164558;3420.5263157894738;True;0.40576902378646
-8959222960077983007;100;neo4j;1491.013392857143;2111.8;True;0.40576902378646
-8948470440533587388;1000;neo4j;1878.804325437693;2909.7392197125255;True;0.40576902378646
-8948470440533587388;9000;neo4j;4927.3;6751.391393442623;True;0.40576902378646
-8936405626435660978;500;neo4j;1667.0795918367346;2213.5630081300815;True;0.40576902378646
-8936405626435660978;1000;neo4j;1920.227551020408;2598.987804878049;True;0.40576902378646
-8936405626435660978;9000;neo4j;4751.573033707865;7066.649784482759;True;0.40576902378646
-8932492692130618805;100;neo4j;1459.1186612576064;2004.7505050505051;True;0.40576902378646
-8932492692130618805;500;neo4j;1504.8028455284552;2625.8582995951415;True;0.40576902378646
-8932492692130618805;1000;neo4j;1525.3543788187374;3320.6275303643724;True;0.40576902378646
-8932492692130618805;3000;neo4j;1400.6646341463415;3337.996963562753;True;0.40576902378646
-8932492692130618805;9000;neo4j;1371.562563580875;3469.0333670374116;True;0.40576902378646
-8932492692130618805;15000;neo4j;1287.84584178499;3224.5131313131315;True;0.40576902378646
-8931269497419999249;1000;neo4j;3399.96388261851;4559.5488888888885;True;0.40576902378646
-8926221603260559296;500;neo4j;1640.2583518930958;2376.608888888889;True;0.40576902378646
-8925620858352425577;100;neo4j;1532.858606557377;2496.8448979591835;True;0.40576902378646
-8925620858352425577;500;neo4j;1683.1786447638603;3235.6326530612246;True;0.40576902378646
-8925620858352425577;3000;neo4j;2884.282786885246;5566.324489795918;True;0.40576902378646
-8922075615958430308;1000;neo4j;1723.3028953229398;2921.6022222222223;True;0.40576902378646
-8911161231459864148;100;neo4j;1848.195991091314;2518.722222222222;True;0.40576902378646
-8907693545473358022;100;neo4j;1622.7256097560976;2704.7151515151513;True;0.40576902378646
-8907693545473358022;500;neo4j;1567.551724137931;2741.163636363636;True;0.40576902378646
-8907693545473358022;1000;neo4j;1421.9398242055443;2527.722558922559;True;0.40576902378646
-8907693545473358022;3000;neo4j;1373.7423935091279;3378.048484848485;True;0.40576902378646
-8907693545473358022;9000;neo4j;1369.3197969543148;3656.142424242424;True;0.40576902378646
-8907693545473358022;15000;neo4j;1338.3434959349593;3242.719191919192;True;0.40576902378646
-8905251576138390043;100;neo4j;1462.6090534979423;1888.388090349076;True;0.40576902378646
-8905251576138390043;500;neo4j;1661.583162217659;2229.5389344262294;True;0.40576902378646
-8905251576138390043;3000;neo4j;2810.6618556701033;3678.7110655737706;True;0.40576902378646
-8905251576138390043;9000;neo4j;4934.0;8012.370292887029;True;0.40576902378646
-8897868829347026151;3000;neo4j;3064.6681514476613;5460.084444444445;True;0.40576902378646
-8886513905334622269;100;neo4j;1284.0066815144767;1490.9733333333334;True;0.40576902378646
-8884293806236867718;500;postgres;2865.7060041407867;2972.944099378882;True;0.40576902378646
-8878398820989998606;500;neo4j;1356.9894514767932;1345.7831578947369;False;0.40576902378646
-8878398820989998606;1000;neo4j;1420.4409282700421;2524.117894736842;True;0.40576902378646
-8871638785490024700;100;neo4j;1652.06875;1982.2173913043478;True;0.40576902378646
-8871638785490024700;1000;neo4j;3359.031380753138;4161.320247933884;True;0.40576902378646
-8868576193666532889;100;postgres;1096.9908163265306;1420.467280163599;True;2.1481481481481484
-8868576193666532889;1000;postgres;1680.126530612245;2066.9775051124743;True;2.1481481481481484
-8868576193666532889;3000;postgres;1973.3877551020407;2733.1311475409834;True;2.1481481481481484
-8868576193666532889;9000;postgres;4389.620408163265;4871.816;True;2.1481481481481484
-8867307437843136952;500;neo4j;2191.3125;2206.64;True;0.40576902378646
-8865210893662811499;100;postgres;1097.8076525336091;1592.5315408479835;True;2.1481481481481484
-8865210893662811499;500;postgres;2214.0;3464.9254658385094;True;2.1481481481481484
-8864825346472745968;100;postgres;1478.3163265306123;2278.451381780962;True;2.1481481481481484
-8864825346472745968;500;postgres;2407.512244897959;3456.299794661191;True;2.1481481481481484
-8863324536948221499;1000;neo4j;1792.9755011135858;2149.4355555555558;True;0.40576902378646
-8854132160204059092;1000;neo4j;1374.5404564315352;2425.192546583851;True;0.40576902378646
-8854132160204059092;15000;neo4j;1303.1138716356108;3191.634297520661;True;0.40576902378646
-8851419415559083766;1000;postgres;2000.7357142857143;2058.2446264073697;True;2.1481481481481484
-8851419415559083766;3000;postgres;2470.7755102040815;3059.371165644172;True;2.1481481481481484
-8847935128265786830;500;neo4j;1485.571729957806;2021.6652631578947;True;0.40576902378646
-8845501176380365669;100;neo4j;1459.2447257383967;1796.5263157894738;True;0.40576902378646
-8845501176380365669;500;neo4j;1558.4071729957807;2242.513684210526;True;0.40576902378646
-8844405143345498316;1000;neo4j;2459.0556792873053;3814.3155555555554;True;0.40576902378646
-8837485588723511782;100;neo4j;1408.8513238289206;1435.9330628803245;True;0.40576902378646
-8837485588723511782;500;neo4j;1491.737538148525;2270.2860040567953;True;0.40576902378646
-8837485588723511782;1000;neo4j;1448.3849287169044;1655.8397565922921;True;0.40576902378646
-8837485588723511782;3000;neo4j;1305.4346938775511;3137.125888324873;True;0.40576902378646
-8837485588723511782;15000;neo4j;1411.5234215885946;3734.525354969574;True;0.40576902378646
-8827417473763911647;15000;neo4j;1378.9710467706013;3566.4;True;0.40576902378646
-8826868068822003705;1000;neo4j;2151.373601789709;3754.6755555555555;True;0.40576902378646
-8821511129920621995;500;neo4j;1509.122406639004;3321.2360248447203;True;0.40576902378646
-8821511129920621995;3000;neo4j;1428.9170124481327;3618.3205791106516;True;0.40576902378646
-8821089558319004273;100;postgres;974.8288888888889;1433.0489977728284;True;2.1481481481481484
-8820244006885364478;100;neo4j;1467.3830734966593;2435.1644444444446;True;0.40576902378646
-8811343743320342866;1000;neo4j;2001.860465116279;3205.376842105263;True;0.40576902378646
-8811343743320342866;3000;neo4j;3918.332618025751;4750.1410526315785;True;0.40576902378646
-8809843387493838841;500;neo4j;1259.1784232365146;1145.72049689441;False;0.40576902378646
-8809843387493838841;3000;neo4j;1431.9130434782608;2410.721074380165;True;0.40576902378646
-8809843387493838841;15000;neo4j;1373.168049792531;2884.354037267081;True;0.40576902378646
-8792827206972889762;100;neo4j;1294.4279835390946;1553.1211498973305;True;0.40576902378646
-8792827206972889762;500;neo4j;1597.9195876288659;1730.4774590163934;True;0.40576902378646
-8792827206972889762;1000;neo4j;2011.8827160493827;2218.757700205339;True;0.40576902378646
-8792827206972889762;3000;neo4j;2607.170781893004;2825.3995901639346;True;0.40576902378646
-8767589030129780493;9000;neo4j;1321.109619686801;2191.3555555555554;True;0.40576902378646
-8763330282049299849;100;postgres;1104.6868686868686;1352.906882591093;True;2.1481481481481484
-8763330282049299849;500;neo4j;1329.8431372549019;1259.1450742240215;False;2.1481481481481484
-8763330282049299849;3000;neo4j;1357.5608519269776;1614.623862487361;True;2.1481481481481484
-8763330282049299849;9000;neo4j;1261.9878296146044;1784.0526315789473;True;2.1481481481481484
-8763330282049299849;15000;neo4j;1395.040650406504;1930.3313131313132;True;2.1481481481481484
-8760666331792099808;100;neo4j;1427.8708240534522;2567.56;True;0.40576902378646
-8757914087123582176;500;neo4j;1649.447661469933;2382.4133333333334;True;0.40576902378646
-8755783172254815563;100;neo4j;1401.240506329114;2266.9347368421054;True;0.40576902378646
-8755783172254815563;500;neo4j;1652.607594936709;2216.1936842105265;True;0.40576902378646
-8753942577479169004;100;postgres;1195.1646341463415;2143.9613034623217;True;2.1481481481481484
-8753942577479169004;500;postgres;2384.9949109414756;3238.593023255814;True;2.1481481481481484
-8752831526868893041;500;neo4j;1873.5486542443064;3103.9173553719006;True;0.40576902378646
-8752831526868893041;1000;neo4j;1819.3609958506224;3393.3312629399584;True;0.40576902378646
-8752831526868893041;3000;neo4j;2846.9232365145226;4683.169772256729;True;0.40576902378646
-8748071314749581671;100;neo4j;1670.9746835443038;2218.997894736842;True;0.40576902378646
-8748071314749581671;1000;neo4j;3108.512765957447;4578.517894736842;True;0.40576902378646
-8741569798975651462;100;neo4j;1422.1714922048998;2188.26;True;0.40576902378646
-8739848157431315477;500;neo4j;1571.611607142857;1561.7377777777779;False;0.40576902378646
-8733002870029753705;1000;neo4j;2178.585291113381;3549.5111788617887;True;0.40576902378646
-8733002870029753705;3000;neo4j;2561.995901639344;3705.114285714286;True;0.40576902378646
-8726528586104231862;500;neo4j;1568.1135857461024;2019.24;True;0.40576902378646
-8724592081898755801;500;postgres;1548.2888888888888;1541.2355555555555;False;2.1481481481481484
-8720317395257651008;100;neo4j;1306.707627118644;2078.9536842105263;True;0.40576902378646
-8720317395257651008;500;neo4j;1670.1940928270042;2433.6463157894736;True;0.40576902378646
-8719225896385492794;1000;postgres;1749.0020703933747;1835.3188405797102;True;2.1481481481481484
-8719225896385492794;9000;postgres;3604.491701244813;25579.295833333334;True;2.1481481481481484
-8710247163071466542;100;postgres;407.5295698924731;805.5020161290323;True;14.280303030303031
-8710247163071466542;1000;postgres;1069.460606060606;2640.2929292929293;True;14.280303030303031
-8710247163071466542;3000;postgres;2640.984879032258;6579.2338709677415;True;14.280303030303031
-8710247163071466542;9000;postgres;6856.032928064843;16247.11598587998;True;14.280303030303031
-8708942422734321163;3000;postgres;3296.682105263158;4305.165;True;0.40576902378646
-8708942422734321163;9000;postgres;5026.088421052632;26967.151315789473;True;0.40576902378646
-8707097551918903467;1000;neo4j;1597.4276169265033;2624.782222222222;True;0.40576902378646
-8694232949877315472;3000;neo4j;2432.551339285714;4196.9;True;0.40576902378646
-8684142369744531671;1000;neo4j;1828.1353065539113;3691.023157894737;True;0.40576902378646
-8684142369744531671;9000;neo4j;4886.738095238095;8229.557986870897;True;0.40576902378646
-8674623534688907109;1000;neo4j;1946.3296213808462;3201.251111111111;True;0.40576902378646
-8674409623057442150;100;neo4j;1553.9261603375528;2139.517894736842;True;0.40576902378646
-8674409623057442150;3000;neo4j;4749.659192825112;28810.0;True;0.40576902378646
-8670978809627728016;500;postgres;2254.0252631578946;2397.244210526316;True;2.1481481481481484
-8670978809627728016;3000;neo4j;3566.289640591966;4151.555789473684;True;2.1481481481481484
-8669817774221031794;9000;neo4j;4951.2;8679.640419947507;True;0.40576902378646
-8668859246638575887;100;postgres;1348.6663212435233;1390.0600414078674;True;0.40576902378646
-8668859246638575887;15000;neo4j;1485.6811594202898;3105.3822314049585;True;0.40576902378646
-8660999925105304826;500;postgres;1574.7333333333333;1625.1844444444444;True;2.1481481481481484
-8660006181416411544;100;postgres;1047.0907258064517;1387.648185483871;True;2.1481481481481484
-8660006181416411544;500;postgres;1260.15625;1549.6922300706358;True;2.1481481481481484
-8660006181416411544;3000;postgres;3276.5490591397847;3338.005426356589;True;2.1481481481481484
-8656589776427845141;100;neo4j;1462.1327800829877;1507.7913223140497;True;0.40576902378646
-8656589776427845141;3000;neo4j;1276.914760914761;3139.9171842650103;True;0.40576902378646
-8656589776427845141;15000;neo4j;1344.6791666666666;2963.734989648033;True;0.40576902378646
-8648578680252804336;100;neo4j;1499.6912751677853;2433.6244444444446;True;0.40576902378646
-8648538790474263704;100;neo4j;1892.093555093555;2161.1718426501034;True;0.40576902378646
-8648538790474263704;500;neo4j;1974.1014492753623;2272.4876033057853;True;0.40576902378646
-8647166242976894875;100;neo4j;1915.9309576837416;2500.1266666666666;True;0.40576902378646
-8636821229382293858;100;neo4j;1731.5278396436527;2476.52;True;0.40576902378646
-8630840683233181746;1000;neo4j;1947.7371937639198;2104.617777777778;True;0.40576902378646
-8625563369301204115;100;postgres;1092.756842105263;1318.8219178082193;True;2.1481481481481484
-8615580515522033934;100;neo4j;1639.3118040089087;2210.48;True;0.40576902378646
-8613138825718490073;3000;neo4j;1442.140311804009;2566.711111111111;True;0.40576902378646
-8612116210823357314;9000;postgres;3890.846666666667;4841.018691588785;True;0.40576902378646
-8609403080379116412;100;neo4j;1622.1681614349775;1864.8177777777778;True;0.40576902378646
-8609012991123138399;3000;neo4j;1529.4187082405344;2913.288888888889;True;0.40576902378646
-8601798040360683852;500;postgres;1264.66;2240.3155555555554;True;2.1481481481481484
-8597489119563233831;3000;postgres;2561.3088888888888;2877.8663697104676;True;2.1481481481481484
-8593722447658869056;1000;neo4j;1862.6930379746836;1955.1852631578947;True;0.40576902378646
-8577816952270112202;100;neo4j;1364.8864142538976;1980.9222222222222;True;0.40576902378646
-8574445515087983020;100;neo4j;1333.8415637860082;1389.217659137577;True;0.40576902378646
-8574445515087983020;3000;neo4j;2596.284536082474;2643.7782340862423;True;0.40576902378646
-8574445515087983020;9000;neo4j;4724.274834437086;4770.321721311476;True;0.40576902378646
-8570165074213041330;500;postgres;2975.7533333333336;3126.630289532294;True;0.40576902378646
-8569190850298727937;100;neo4j;1513.952182952183;2509.7743271221534;True;0.40576902378646
-8569190850298727937;1000;neo4j;1282.1659751037344;3455.7971014492755;True;0.40576902378646
-8569190850298727937;9000;neo4j;1313.879917184265;3502.75;True;0.40576902378646
-8565720390053318459;500;neo4j;1705.7594654788418;2720.9644444444443;True;0.40576902378646
-8565541950972434721;3000;neo4j;2358.1269487750556;3748.431111111111;True;0.40576902378646
-8563855034434711303;1000;neo4j;1307.5845213849286;1812.976673427992;True;0.40576902378646
-8563855034434711303;3000;neo4j;1341.3105906313647;2112.6460446247465;True;0.40576902378646
-8563855034434711303;9000;neo4j;1291.226530612245;3025.0659898477156;True;0.40576902378646
-8563855034434711303;15000;neo4j;1347.5828220858896;3192.7687626774846;True;0.40576902378646
-8550821682700352404;3000;neo4j;2890.027484143763;3732.755789473684;True;2.1481481481481484
-8544510894648778414;500;neo4j;1833.921875;3025.031111111111;True;0.40576902378646
-8544412354353746382;1000;neo4j;1450.3953488372092;2485.1894736842105;True;0.40576902378646
-8544412354353746382;9000;neo4j;1443.308016877637;3642.395789473684;True;0.40576902378646
-8544069082932710042;100;postgres;808.5690524193549;1190.6990927419354;True;2.1481481481481484
-8544069082932710042;500;postgres;924.4616935483871;1491.4;True;2.1481481481481484
-8544069082932710042;3000;postgres;1858.564076690212;2461.257085020243;True;2.1481481481481484
-8544069082932710042;9000;postgres;3037.877016129032;4474.700272479564;True;2.1481481481481484
-8536270034027290037;100;neo4j;1660.8314606741574;2152.242222222222;True;0.40576902378646
-8535849165095216844;100;neo4j;1471.0427698574338;1957.060975609756;True;0.40576902378646
-8535849165095216844;500;neo4j;1748.9714285714285;2419.7195121951218;True;0.40576902378646
-8528951958244036344;1000;neo4j;2134.914988814318;3776.5844444444447;True;0.40576902378646
-8522249808477283640;1000;neo4j;1710.044397463002;2570.3326315789473;True;0.40576902378646
-8522249808477283640;9000;neo4j;4688.329749103943;5972.804210526316;True;0.40576902378646
-8520377267484042080;500;postgres;1083.9130434782608;1424.623188405797;True;2.1481481481481484
-8520377267484042080;9000;postgres;2751.5263702171665;4802.0;True;2.1481481481481484
-8515512965613790733;100;postgres;1302.6290983606557;1434.9219712525667;True;0.40576902378646
-8515512965613790733;1000;neo4j;1487.9609053497943;2674.599589322382;True;0.40576902378646
-8515512965613790733;3000;neo4j;1407.8480492813142;1719.7274590163934;True;0.40576902378646
-8515512965613790733;15000;neo4j;1413.6358024691358;2953.3490759753595;True;0.40576902378646
-8501298115282001663;1000;neo4j;1296.5822784810127;3213.1873684210527;True;0.40576902378646
-8501298115282001663;3000;neo4j;1319.5569620253164;3578.6315789473683;True;0.40576902378646
-8497548437997379491;3000;neo4j;4006.5101123595505;4536.795555555555;True;0.40576902378646
-8496921941224656611;100;neo4j;1479.4350781781102;1878.5192697768762;True;0.40576902378646
-8496921941224656611;500;neo4j;1432.8085539714868;1995.0486815415823;True;0.40576902378646
-8496921941224656611;1000;neo4j;1435.0243902439024;2148.7261663286004;True;0.40576902378646
-8496921941224656611;3000;neo4j;1221.522448979592;1456.6097560975609;True;0.40576902378646
-8496921941224656611;15000;neo4j;1433.1758691206544;3048.6977687626777;True;0.40576902378646
-8489018795258555493;100;neo4j;1424.15144766147;2084.8444444444444;True;0.40576902378646
-8485008974219574087;3000;neo4j;3343.0515695067265;4755.2733333333335;True;0.40576902378646
-8481233300061118896;100;neo4j;1579.632548618219;1781.062244897959;True;0.40576902378646
-8481233300061118896;3000;neo4j;4132.784017278617;6141.126530612245;True;0.40576902378646
-8481160719233607107;100;postgres;1296.2102040816326;1377.4323770491803;True;0.40576902378646
-8481160719233607107;500;neo4j;1427.8008213552362;2170.5489795918365;True;0.40576902378646
-8481160719233607107;1000;neo4j;1231.3983572895277;1934.4897959183672;True;0.40576902378646
-8481160719233607107;3000;neo4j;1477.5409836065573;2777.3285714285716;True;0.40576902378646
-8481160719233607107;15000;neo4j;1436.297131147541;3053.7285714285713;True;0.40576902378646
-8470094523699272029;100;neo4j;1527.9441964285713;1921.26;True;0.40576902378646
-8469867337780000135;3000;postgres;2729.621900826446;3521.1520833333334;True;2.1481481481481484
-8466446329821354413;1000;neo4j;1780.4521158129176;3865.713333333333;True;0.40576902378646
-8462340495469374186;100;neo4j;1372.1047227926078;1981.924180327869;True;0.40576902378646
-8462340495469374186;3000;neo4j;2561.4794238683126;3507.5852156057495;True;0.40576902378646
-8455307785434547612;1000;neo4j;1312.6361607142858;2902.9733333333334;True;0.40576902378646
-8454825685485169681;100;neo4j;1753.876427829699;2062.0962732919256;True;0.40576902378646
-8454825685485169681;1000;neo4j;4840.836065573771;5018.262396694215;True;0.40576902378646
-8449385008174014290;500;neo4j;1719.0200892857142;2877.6066666666666;True;0.40576902378646
-8442175228036620158;500;neo4j;2109.0712694877507;3545.2733333333335;True;0.40576902378646
-8437668858490485153;3000;neo4j;3245.9154334038053;3560.1284210526314;True;0.40576902378646
-8437519142383015425;500;neo4j;1557.7919463087248;2539.5577777777776;True;0.40576902378646
-8433096231602196380;3000;neo4j;2988.2259615384614;5596.973273942093;True;0.40576902378646
-8424048143489346163;500;neo4j;1768.4610655737704;2847.7102040816326;True;0.40576902378646
-8424048143489346163;1000;neo4j;1944.092213114754;2588.8918367346937;True;0.40576902378646
-8424048143489346163;3000;neo4j;3062.489733059548;4807.094897959184;True;0.40576902378646
-8412128355862573063;100;neo4j;1459.6369710467707;2317.8644444444444;True;0.40576902378646
-8407846515510427434;100;neo4j;1426.8159136884692;1463.150740242261;True;0.40576902378646
-8407846515510427434;500;neo4j;1784.5445344129555;1678.8245967741937;False;0.40576902378646
-8407846515510427434;1000;neo4j;1828.5054054054053;1991.272053872054;True;0.40576902378646
-8407846515510427434;3000;postgres;2915.7363636363634;2944.2143579373105;True;0.40576902378646
-8407727365099844894;100;postgres;1372.6;1406.4053452115813;True;0.40576902378646
-8396810599661642264;500;neo4j;1419.7611607142858;2659.748888888889;True;0.40576902378646
-8391515682622258395;1000;neo4j;1697.291759465479;3076.6266666666666;True;0.40576902378646
-8390617740702557023;500;neo4j;1676.7257383966244;3317.4042105263156;True;0.40576902378646
-8390617740702557023;1000;neo4j;1776.8122362869199;3767.68;True;0.40576902378646
-8383778567159847432;500;neo4j;1444.2422360248447;2374.1404958677685;True;0.40576902378646
-8383778567159847432;3000;neo4j;1412.5726141078837;3003.341614906832;True;0.40576902378646
-8383778567159847432;15000;neo4j;1366.1701244813278;3423.790890269151;True;0.40576902378646
-8365018369017893488;500;neo4j;1520.0414937759335;2520.7971014492755;True;0.40576902378646
-8365018369017893488;1000;neo4j;1641.3809523809523;2995.9938016528927;True;0.40576902378646
-8364448361350483744;9000;neo4j;4781.932692307692;5411.926666666666;True;0.40576902378646
-8362817578352918157;100;postgres;487.40444444444444;626.6666666666666;True;14.280303030303031
-8359046676761359478;1000;neo4j;1782.8464730290457;2193.7805383022774;True;0.40576902378646
-8359046676761359478;9000;neo4j;4685.058461538461;5442.318181818182;True;0.40576902378646
-8357774928682580296;100;neo4j;1473.4938271604938;1391.233606557377;False;0.40576902378646
-8357774928682580296;1000;neo4j;1268.030864197531;2985.4579055441477;True;0.40576902378646
-8357774928682580296;15000;neo4j;1326.8427543679343;3094.105641025641;True;0.40576902378646
-8353228645605731054;9000;neo4j;4410.33729216152;8984.93;True;0.40576902378646
-8350950376116433385;100;neo4j;1326.2895322939867;1687.7288888888888;True;0.40576902378646
-8345758620751304453;100;neo4j;1464.7861915367482;2895.9155555555553;True;0.40576902378646
-8340759139435930884;100;neo4j;1343.3101265822784;1855.1852631578947;True;0.40576902378646
-8340759139435930884;9000;neo4j;1292.4472573839662;2100.896842105263;True;0.40576902378646
-8334451838425426863;100;neo4j;1678.913140311804;2377.28;True;0.40576902378646
-8330817687665832000;500;neo4j;1478.2151898734178;2674.3515789473686;True;0.40576902378646
-8330817687665832000;1000;neo4j;1458.3565400843881;2872.684210526316;True;0.40576902378646
-8329626368052206127;3000;neo4j;2921.188160676533;3814.073684210526;True;0.40576902378646
-8326237584461347635;100;postgres;963.0177777777777;1235.6422222222222;True;0.40576902378646
-8324832231207458499;100;neo4j;1424.4187082405344;1510.451111111111;True;0.40576902378646
-8312195391483076399;1000;neo4j;1414.302966101695;2817.033684210526;True;0.40576902378646
-8312195391483076399;3000;neo4j;1440.445147679325;3579.0757894736844;True;0.40576902378646
-8311088454620223280;100;postgres;1363.92;1448.4244444444444;True;0.40576902378646
-8307126176122542265;500;neo4j;1538.7371937639198;1680.5222222222221;True;2.1481481481481484
-8306898008898727557;500;neo4j;1754.8953229398664;3045.3977777777777;True;0.40576902378646
-8302757645029320641;3000;neo4j;3049.9287305122493;3393.0844444444447;True;0.40576902378646
-8300225046718566017;100;neo4j;1706.700205338809;2140.410204081633;True;0.40576902378646
-8300225046718566017;500;neo4j;1532.27868852459;2219.008163265306;True;0.40576902378646
-8300225046718566017;1000;neo4j;1414.2053388090349;2522.7244897959185;True;0.40576902378646
-8300225046718566017;15000;neo4j;1414.9651282051282;3620.262244897959;True;0.40576902378646
-8271748818605088500;9000;neo4j;4721.3481481481485;5192.817777777777;True;0.40576902378646
-8264708200276336373;500;postgres;1874.9052631578948;3256.061052631579;True;14.280303030303031
-8264708200276336373;3000;postgres;5062.498947368421;11740.658947368422;True;14.280303030303031
-8262852863569660852;1000;neo4j;1941.5675105485232;3240.875789473684;True;0.40576902378646
-8262852863569660852;3000;neo4j;2852.9808102345414;4471.825263157894;True;0.40576902378646
-8259456478652721231;1000;neo4j;1792.8975501113587;3649.306666666667;True;0.40576902378646
-8258995779925367134;100;neo4j;1400.082993197279;1574.208813559322;True;0.40576902378646
-8258995779925367134;500;neo4j;1575.7081632653062;1949.2886178861788;True;0.40576902378646
-8258995779925367134;1000;neo4j;1871.997950819672;2127.2423625254582;True;0.40576902378646
-8258995779925367134;3000;neo4j;2510.9325153374234;2963.1239837398375;True;0.40576902378646
-8257049174431386379;500;neo4j;1646.1318565400843;2315.2263157894736;True;0.40576902378646
-8256801010456362867;3000;neo4j;1360.1915367483296;3980.282222222222;True;0.40576902378646
-8255591641339785095;100;neo4j;1802.5052742616033;2811.438947368421;True;0.40576902378646
-8253970286196699283;3000;neo4j;1350.3207126948776;2776.4222222222224;True;0.40576902378646
-8249960927501156093;100;neo4j;1759.3429844097996;3296.895089285714;True;0.40576902378646
-8249202099597469384;100;neo4j;1649.265625;2151.5622222222223;True;0.40576902378646
-8244035916093779063;500;neo4j;1680.8147641831852;2179.7102040816326;True;0.40576902378646
-8244035916093779063;1000;neo4j;1864.5893223819303;2185.091836734694;True;0.40576902378646
-8244035916093779063;9000;neo4j;4699.272727272727;5043.959183673469;True;0.40576902378646
-8215649500057381643;100;neo4j;1486.3191964285713;2306.7844444444445;True;0.40576902378646
-8211431013505666067;1000;neo4j;2145.349665924276;4854.875555555555;True;0.40576902378646
-8209017987301123825;100;neo4j;1276.9265033407573;1328.18;True;0.40576902378646
-8208926240619056275;100;neo4j;1691.3596673596674;2280.583850931677;True;0.40576902378646
-8208926240619056275;3000;neo4j;2900.338174273859;3217.7871900826444;True;0.40576902378646
-8208926240619056275;9000;neo4j;4835.1612903225805;5726.634854771784;True;0.40576902378646
-8205575035441664691;500;neo4j;1744.0232312565997;2743.822105263158;True;0.40576902378646
-8194086568252790096;100;neo4j;1454.0734966592427;1730.9577777777777;True;0.40576902378646
-8187591991609994505;500;postgres;1532.7852631578946;2464.76582278481;True;2.1481481481481484
-8184161502419427399;500;neo4j;1306.6279069767443;1297.0632911392406;False;0.40576902378646
-8184161502419427399;15000;neo4j;1360.9852320675107;2951.7326315789473;True;0.40576902378646
-8183491629094992690;3000;neo4j;2757.4977678571427;4343.742222222222;True;0.40576902378646
-8178784338695199694;1000;neo4j;2039.5822784810127;2205.6252631578946;True;0.40576902378646
-8178784338695199694;3000;neo4j;3201.739406779661;3262.2673684210527;True;0.40576902378646
-8172927526685965066;500;neo4j;1347.7392197125257;2607.690573770492;True;0.40576902378646
-8172927526685965066;9000;neo4j;1352.642561983471;3772.2607802874745;True;0.40576902378646
-8172927526685965066;15000;neo4j;1365.1675284384694;3655.2348717948717;True;0.40576902378646
-8172643884985862817;100;postgres;1423.1747967479675;1730.3519837232961;True;2.1481481481481484
-8172643884985862817;500;postgres;3341.342857142857;4685.6317991631795;True;2.1481481481481484
-8172643884985862817;1000;neo4j;4047.125260960334;5552.04012345679;True;2.1481481481481484
-8167575901852936305;100;neo4j;1502.3628691983122;1972.237894736842;True;0.40576902378646
-8167575901852936305;3000;neo4j;3212.016913319239;4625.147368421052;True;0.40576902378646
-8161639645635324199;500;neo4j;1669.997767857143;2290.3155555555554;True;0.40576902378646
-8160930001779990408;100;neo4j;1324.487750556793;1378.0022222222221;True;0.40576902378646
-8153262172186255604;500;neo4j;1689.5991561181434;2569.0526315789475;True;0.40576902378646
-8143038598284227131;500;postgres;1162.4463157894736;1517.6508438818566;True;2.1481481481481484
-8139052578603456672;500;neo4j;1598.96875;2253.74;True;0.40576902378646
-8137387619517419337;3000;neo4j;1349.0663900414938;3058.2339544513457;True;0.40576902378646
-8137387619517419337;9000;neo4j;1370.112266112266;3165.121900826446;True;0.40576902378646
-8137387619517419337;15000;neo4j;1365.0290456431535;3152.262939958592;True;0.40576902378646
-8132126266657026359;9000;neo4j;4929.583333333333;7943.558352402746;True;0.40576902378646
-8119707044297179291;1000;neo4j;1851.966735966736;2965.0020703933747;True;0.40576902378646
-8119707044297179291;3000;neo4j;3180.6721991701243;3959.404958677686;True;0.40576902378646
-8113367623531001744;100;neo4j;1515.039054470709;1514.8709016393443;False;0.40576902378646
-8113367623531001744;500;neo4j;1889.125514403292;2333.223819301848;True;0.40576902378646
-8113367623531001744;1000;neo4j;1995.141975308642;1975.5195071868584;False;0.40576902378646
-8111418754148159523;1000;neo4j;1974.4841437632135;2514.823157894737;True;0.40576902378646
-8111418754148159523;9000;neo4j;4843.082840236686;8691.402409638555;True;0.40576902378646
-8106920586724096958;100;postgres;1412.0766045548655;1436.7287784679088;True;0.40576902378646
-8106920586724096958;1000;neo4j;1365.2240663900416;1459.6273291925465;True;0.40576902378646
-8106920586724096958;15000;neo4j;1390.1039501039502;2590.721074380165;True;0.40576902378646
-8106052610982231718;100;neo4j;1642.2895322939867;2210.8044444444445;True;0.40576902378646
-8103642571794073932;100;neo4j;1336.924276169265;2090.791111111111;True;0.40576902378646
-8094902945789100959;100;neo4j;1580.360801781737;2600.097777777778;True;0.40576902378646
-8087631943479731421;500;neo4j;1824.3674832962138;3440.448888888889;True;0.40576902378646
-8084483538789174077;500;neo4j;1570.6236080178173;2622.2755555555555;True;0.40576902378646
-8076214408330526945;9000;postgres;4604.757777777778;4869.804878048781;True;0.40576902378646
-8072428072391899215;9000;neo4j;4675.655405405405;7712.351230425056;True;0.40576902378646
-8068575050971504590;100;postgres;1006.1204081632653;1422.7955010224948;True;2.1481481481481484
-8068575050971504590;1000;postgres;2210.8918367346937;2201.963190184049;False;2.1481481481481484
-8065004063184728159;3000;neo4j;2898.7082405345213;5589.0488888888885;True;0.40576902378646
-8061323057077751463;100;neo4j;1343.075723830735;1410.0333333333333;True;0.40576902378646
-8061273732237840740;100;neo4j;1379.7463617463618;2179.1552795031057;True;0.40576902378646
-8061273732237840740;15000;neo4j;1351.6753653444675;2881.9089968976214;True;0.40576902378646
-8059509380533692860;9000;neo4j;4754.492440604751;5565.103896103896;True;0.40576902378646
-8059087693695228909;15000;neo4j;1359.2566964285713;2195.8577777777778;True;0.40576902378646
-8055201954122718108;100;neo4j;1805.2959830866807;3221.3305263157895;True;0.40576902378646
-8055201954122718108;3000;neo4j;4335.188995215311;7839.2110874200425;True;0.40576902378646
-8043864847740590424;100;postgres;1352.2625586068318;1449.2043010752689;True;0.40576902378646
-8043864847740590424;500;neo4j;1310.2133243607;1507.6273458445041;True;0.40576902378646
-8043864847740590424;1000;neo4j;1338.6037354871278;2197.9125188536955;True;0.40576902378646
-8043864847740590424;3000;neo4j;1408.8533960995292;2618.804289544236;True;0.40576902378646
-8043864847740590424;9000;neo4j;1347.0363783346806;3215.0868865647626;True;0.40576902378646
-8043864847740590424;15000;neo4j;1345.379797979798;3142.582329317269;True;0.40576902378646
-8041792054744387462;3000;postgres;3018.6652631578945;3123.6109936575053;True;0.40576902378646
-8032228143654746683;3000;neo4j;2862.4830508474574;5977.641350210971;True;0.40576902378646
-8030783203558293856;500;neo4j;1321.4321243523316;1719.7755946225438;True;0.40576902378646
-8030783203558293856;3000;neo4j;1441.9750519750519;2133.0910973084888;True;0.40576902378646
-8026040798020815604;500;neo4j;1369.9783950617284;1872.6553846153847;True;0.40576902378646
-8026040798020815604;1000;neo4j;1376.870636550308;1953.502049180328;True;0.40576902378646
-8026040798020815604;9000;neo4j;1290.7592592592594;2381.88090349076;True;0.40576902378646
-8021854972447211150;100;neo4j;1442.2850779510022;3299.84;True;0.40576902378646
-8013431471801157824;3000;neo4j;2964.8147321428573;5241.68;True;0.40576902378646
-8007896379958664870;1000;neo4j;2287.832589285714;3766.213333333333;True;0.40576902378646
-8006964206558616479;15000;neo4j;1422.5723830734967;3105.9733333333334;True;0.40576902378646
-8000894333040882942;500;neo4j;1626.3991683991685;2713.253623188406;True;0.40576902378646
-8000894333040882942;9000;neo4j;4471.175710594315;7585.925;True;0.40576902378646
-7995602693260893647;100;neo4j;1598.9449064449063;2348.5962732919256;True;0.40576902378646
-7995602693260893647;1000;neo4j;1408.3002070393375;2251.6012396694214;True;0.40576902378646
-7988598427205345000;3000;neo4j;2811.434116445352;2899.088504577823;True;0.40576902378646
-7988598427205345000;9000;neo4j;4513.340361445783;4779.081466395112;True;0.40576902378646
-7987118670858128694;1000;postgres;1379.7515789473684;1808.501052631579;True;2.1481481481481484
-7987118670858128694;9000;postgres;3462.5494736842106;4660.160784313725;True;2.1481481481481484
-7986604098279812269;500;postgres;5042.148888888889;28467.71212121212;True;0.40576902378646
-7982782822673864124;100;postgres;1284.6577777777777;1398.168888888889;True;0.40576902378646
-7981799398264819645;1000;postgres;1145.2652631578947;2091.113684210526;True;14.280303030303031
-7981799398264819645;9000;postgres;6463.814736842105;19348.698947368423;True;14.280303030303031
-7981048338996309688;100;neo4j;1464.8037974683543;2056.6021052631577;True;0.40576902378646
-7981048338996309688;1000;neo4j;1795.2198731501057;2473.1494736842105;True;0.40576902378646
-7979594000264824080;100;neo4j;1379.6605316973414;1281.7938775510204;False;0.40576902378646
-7979594000264824080;3000;neo4j;2540.1510791366904;2422.5204081632655;False;0.40576902378646
-7979594000264824080;9000;postgres;4528.452502553626;4626.209756097561;True;0.40576902378646
-7976555025469346161;100;neo4j;1720.0357142857142;2480.0466666666666;True;0.40576902378646
-7971150627219656088;100;neo4j;1470.044543429844;2052.1355555555556;True;0.40576902378646
-7969738793334654347;3000;neo4j;4341.260869565217;4543.153674832962;True;0.40576902378646
-7968268173667279222;9000;neo4j;4881.169696969697;5026.511111111111;True;0.40576902378646
-7957043064287628791;100;neo4j;1446.328125;2292.5133333333333;True;0.40576902378646
-7952120373516532436;500;neo4j;1546.4903160040774;2033.7774390243903;True;0.40576902378646
-7952120373516532436;1000;neo4j;1867.329568788501;2591.256358087487;True;0.40576902378646
-7952120373516532436;3000;neo4j;2808.1413934426228;4832.896130346232;True;0.40576902378646
-7947652804911445737;1000;neo4j;1970.728285077951;2328.648888888889;True;0.40576902378646
-7940152991048428107;1000;neo4j;1924.5411522633744;2167.3449691991786;True;0.40576902378646
-7940152991048428107;3000;neo4j;2759.8867147270853;3293.1157786885246;True;0.40576902378646
-7940152991048428107;9000;neo4j;4756.915094339623;4716.9650924024645;False;0.40576902378646
-7930888775568072035;1000;neo4j;1710.6263982102907;3383.508888888889;True;0.40576902378646
-7930372110860962896;100;neo4j;1313.412026726058;1960.848888888889;True;0.40576902378646
-7929431047762976480;100;neo4j;1543.4629503738954;1759.5503718728871;True;0.40576902378646
-7929431047762976480;500;neo4j;1435.038775510204;2944.387423935091;True;0.40576902378646
-7929431047762976480;3000;neo4j;1411.4627930682977;2509.237322515213;True;0.40576902378646
-7929431047762976480;15000;neo4j;1384.6816326530611;3832.7520325203254;True;0.40576902378646
-7919630727938566794;500;neo4j;1274.259493670886;1644.7094736842105;True;0.40576902378646
-7919630727938566794;9000;neo4j;1331.7742616033756;2277.7873684210526;True;0.40576902378646
-7912941866463176606;9000;neo4j;1288.587973273942;2463.9244444444444;True;0.40576902378646
-7909799874129628419;100;postgres;1078.5400673400673;1234.26531986532;True;14.280303030303031
-7909799874129628419;500;postgres;3405.078787878788;4799.6949494949495;True;14.280303030303031
-7909799874129628419;1000;postgres;7901.349222797928;9470.145454545454;True;14.280303030303031
-7894092519743735372;9000;neo4j;1325.7924914675768;2265.318367346939;True;0.40576902378646
-7894092519743735372;15000;neo4j;1476.5557830092118;2945.2714285714287;True;0.40576902378646
-7890849115775772938;100;neo4j;2153.8370535714284;2746.817777777778;True;0.40576902378646
-7887735323782204758;500;neo4j;1608.6194503171248;2585.101052631579;True;0.40576902378646
-7887481807827727248;3000;neo4j;1246.700892857143;2449.3288888888887;True;0.40576902378646
-7883897058608291864;500;neo4j;1624.1224944320713;3110.9822222222224;True;0.40576902378646
-7874851985170592555;500;neo4j;1410.1358024691358;2498.5510204081634;True;0.40576902378646
-7874851985170592555;1000;neo4j;1331.436475409836;2249.9040816326533;True;0.40576902378646
-7874851985170592555;3000;neo4j;1509.1475409836066;2683.457142857143;True;0.40576902378646
-7874851985170592555;15000;neo4j;1330.934291581109;2800.622448979592;True;0.40576902378646
-7869210626479512184;9000;neo4j;4809.184931506849;7449.164810690423;True;0.40576902378646
-7865301245416203779;500;neo4j;4306.935406698564;4345.56;True;0.40576902378646
-7860451100958222718;1000;neo4j;1883.9804727646454;2266.434693877551;True;0.40576902378646
-7860451100958222718;3000;neo4j;2831.4444444444443;3389.0408163265306;True;0.40576902378646
-7860451100958222718;9000;neo4j;4801.171122994652;5714.808163265307;True;0.40576902378646
-7854489534091762632;500;postgres;2217.0666666666666;2256.903153153153;True;2.1481481481481484
-7854225011517024026;500;postgres;2104.96;3724.390410958904;True;2.1481481481481484
-7847174873461142236;100;postgres;1070.8863636363637;1565.9420289855072;True;2.1481481481481484
-7840973138087629092;100;neo4j;1343.2620266120778;1682.1826530612245;True;0.40576902378646
-7840973138087629092;500;neo4j;1632.3026584867075;1968.8489795918367;True;0.40576902378646
-7840973138087629092;3000;neo4j;2654.1546391752577;3049.4938775510204;True;0.40576902378646
-7840973138087629092;9000;neo4j;4623.7020648967555;5976.583673469388;True;0.40576902378646
-7839327953627750890;100;postgres;957.4182194616977;1977.6625258799172;True;2.1481481481481484
-7839327953627750890;500;postgres;1512.600414078675;3352.0705394190873;True;2.1481481481481484
-7838031979446816495;1000;postgres;7343.521097046413;28954.090909090908;True;0.40576902378646
-7837933486274733546;100;neo4j;1351.4053452115813;1447.0288888888888;True;2.1481481481481484
-7837523645932627222;500;neo4j;1771.419642857143;2914.4377777777777;True;0.40576902378646
-7830500743850445521;500;neo4j;2449.15221987315;2820.156842105263;True;0.40576902378646
-7823217947635252278;100;neo4j;1436.182628062361;2828.822222222222;True;0.40576902378646
-7818191984586454636;100;neo4j;1325.1830357142858;1372.9911111111112;True;2.1481481481481484
-7803605068714768707;100;neo4j;1456.5487804878048;1561.9595141700404;True;0.40576902378646
-7803605068714768707;1000;neo4j;1918.8372329603255;1970.9686234817814;True;0.40576902378646
-7803605068714768707;3000;postgres;2669.576064908722;2799.161224489796;True;0.40576902378646
-7803605068714768707;9000;neo4j;4641.0;4952.960837272113;True;0.40576902378646
-7796918577961108381;100;postgres;1147.5175983436852;1436.008281573499;True;0.40576902378646
-7796918577961108381;1000;postgres;1571.1262939958592;1676.8136645962734;True;0.40576902378646
-7796918577961108381;9000;postgres;3221.706611570248;4705.217391304348;True;0.40576902378646
-7795454207975708069;100;neo4j;1563.2650334075724;2245.66;True;0.40576902378646
-7789365305870309296;100;neo4j;1426.283975659229;1669.29179331307;True;0.40576902378646
-7789365305870309296;500;neo4j;2209.7139959432047;2240.0222222222224;True;0.40576902378646
-7789365305870309296;1000;neo4j;1947.0546558704452;2126.492929292929;True;0.40576902378646
-7789365305870309296;3000;neo4j;2969.941056910569;3285.111336032389;True;0.40576902378646
-7789365305870309296;9000;neo4j;4853.538461538462;6660.318181818182;True;0.40576902378646
-7760527692094528123;100;neo4j;1413.2761692650333;2792.391111111111;True;0.40576902378646
-7749401242715234697;500;neo4j;1760.016632016632;1887.5900621118012;True;0.40576902378646
-7749401242715234697;1000;neo4j;1817.3146997929607;1829.0247933884298;True;0.40576902378646
-7726291432496824201;500;neo4j;4947.0;6041.682222222223;True;0.40576902378646
-7723778099485237345;500;neo4j;1812.683741648107;3210.8044444444445;True;0.40576902378646
-7718502464306335063;500;postgres;1118.1147540983607;1473.0430327868853;True;2.1481481481481484
-7718502464306335063;3000;postgres;2729.9764102564104;3000.117283950617;True;2.1481481481481484
-7712884023086902558;100;postgres;837.0153074027603;1391.6485061511423;True;2.1481481481481484
-7712884023086902558;500;postgres;1015.1775919732441;1379.1753094680496;True;2.1481481481481484
-7712884023086902558;1000;postgres;1138.3216256899148;1322.6638233818364;True;2.1481481481481484
-7712884023086902558;3000;postgres;1177.6702036134213;1308.6258620689655;True;2.1481481481481484
-7712884023086902558;9000;neo4j;1360.3885254151987;1771.2893681043129;True;2.1481481481481484
-7711038431031380520;100;neo4j;1648.377232142857;1880.3266666666666;True;0.40576902378646
-7708550806914360973;500;neo4j;1386.103734439834;1970.3126293995858;True;0.40576902378646
-7708550806914360973;1000;neo4j;1409.6452282157677;2016.2774327122154;True;0.40576902378646
-7708550806914360973;9000;neo4j;1329.9254658385094;3051.4876033057853;True;0.40576902378646
-7684353874699465882;3000;neo4j;1416.8099260823653;1622.2315789473685;True;0.40576902378646
-7675510109211390924;500;neo4j;1316.6823770491803;1303.460285132383;False;0.40576902378646
-7675510109211390924;1000;neo4j;1389.6237218813906;2433.059063136456;True;0.40576902378646
-7675510109211390924;3000;neo4j;1333.6840490797547;2426.724593495935;True;0.40576902378646
-7675510109211390924;9000;neo4j;1308.7048008171603;3015.8506097560976;True;0.40576902378646
-7674985149813876648;500;neo4j;1562.0400843881857;2104.72;True;0.40576902378646
-7661308930292009028;500;neo4j;1557.9577167019027;1760.3578947368421;True;0.40576902378646
-7661308930292009028;3000;neo4j;2512.7898089171977;2838.837894736842;True;0.40576902378646
-7658525033395164205;100;neo4j;2069.645089285714;3589.362222222222;True;0.40576902378646
-7649315944016503627;100;neo4j;1408.86859688196;1783.9066666666668;True;0.40576902378646
-7647977275745192430;100;neo4j;1502.7906458797327;3010.8533333333335;True;0.40576902378646
-7621754363053604327;100;postgres;1294.44;1468.3557894736841;True;2.1481481481481484
-7621754363053604327;3000;postgres;4846.164210526315;26631.543103448275;True;2.1481481481481484
-7618792820630367695;500;neo4j;1717.478841870824;3185.5345211581293;True;0.40576902378646
-7602179824816203753;100;neo4j;1644.2238648363252;2429.2263157894736;True;0.40576902378646
-7600351463073848518;100;postgres;1398.271212121212;1511.8464267612771;True;0.40576902378646
-7600351463073848518;500;neo4j;1306.6356275303644;1442.2444444444445;True;0.40576902378646
-7600351463073848518;1000;neo4j;1370.3306342780027;1599.5609427609427;True;0.40576902378646
-7600351463073848518;3000;postgres;1292.331983805668;1350.7131313131313;True;0.40576902378646
-7600351463073848518;9000;neo4j;1224.1886409736308;1948.4464646464646;True;0.40576902378646
-7591877421520650853;1000;neo4j;1393.423676012461;2441.8312629399584;True;0.40576902378646
-7591877421520650853;15000;neo4j;1336.8178053830227;3706.745867768595;True;0.40576902378646
-7590987064690281987;100;postgres;1229.3272481406357;1439.8266756939743;True;0.40576902378646
-7590987064690281987;500;neo4j;1436.4329268292684;1555.3995943204868;True;0.40576902378646
-7590987064690281987;3000;postgres;1280.8377281947262;1366.0973630831643;True;0.40576902378646
-7590987064690281987;15000;neo4j;1411.2173469387756;2646.541116751269;True;0.40576902378646
-7589199911756302846;100;neo4j;1500.7070707070707;1917.9215291750504;True;0.40576902378646
-7589199911756302846;500;neo4j;1679.423951490652;2231.536487166583;True;0.40576902378646
-7589199911756302846;1000;neo4j;1904.2781904118838;2445.9986568166555;True;0.40576902378646
-7589199911756302846;3000;neo4j;2833.2014874915485;4749.709568733154;True;0.40576902378646
-7589199911756302846;9000;neo4j;4924.636363636364;6548.1027190332325;True;0.40576902378646
-7586548580370553329;500;neo4j;1863.9844097995547;2422.5266666666666;True;0.40576902378646
-7570975764737239440;500;neo4j;1476.6605691056911;1714.395537525355;True;0.40576902378646
-7570975764737239440;1000;neo4j;1973.468431771894;2379.837728194726;True;0.40576902378646
-7570975764737239440;3000;neo4j;2935.418367346939;3837.7195121951218;True;0.40576902378646
-7564020354393763455;100;neo4j;1387.6466395112016;1718.8763931104356;True;0.40576902378646
-7564020354393763455;500;neo4j;1322.028397565923;1778.576923076923;True;0.40576902378646
-7564020354393763455;1000;neo4j;1452.719512195122;2341.2651821862346;True;0.40576902378646
-7564020354393763455;3000;neo4j;1425.9390862944163;2073.0081053698077;True;0.40576902378646
-7564020354393763455;15000;neo4j;1278.228426395939;2601.504048582996;True;0.40576902378646
-7553495425026688267;500;postgres;1164.477894736842;1339.837552742616;True;0.40576902378646
-7553495425026688267;9000;neo4j;1278.1101694915253;2592.938947368421;True;0.40576902378646
-7550321463828823604;100;neo4j;1710.5093555093556;1611.8447204968943;False;0.40576902378646
-7550321463828823604;500;postgres;4245.747412008282;4775.1752577319585;True;0.40576902378646
-7550321463828823604;1000;postgres;2417.656314699793;3216.1544885177454;True;0.40576902378646
-7544086429616691147;3000;neo4j;1359.0088676671214;2529.8557823129254;True;0.40576902378646
-7544086429616691147;9000;neo4j;1339.3496932515338;3067.473469387755;True;0.40576902378646
-7544086429616691147;15000;neo4j;1380.6604938271605;3516.251020408163;True;0.40576902378646
-7532712526601488038;1000;neo4j;3513.9573033707866;4017.12;True;0.40576902378646
-7522359583826824412;500;neo4j;1338.6645569620252;2923.2526315789473;True;0.40576902378646
-7522359583826824412;9000;neo4j;1284.6553911205074;3546.2926315789473;True;0.40576902378646
-7512357003494067319;3000;neo4j;1478.6816786079837;3008.9255102040815;True;0.40576902378646
-7512357003494067319;9000;neo4j;1383.460593654043;2844.5489795918365;True;0.40576902378646
-7512357003494067319;15000;neo4j;1325.8732106339469;2735.7632653061223;True;0.40576902378646
-7504093176915043567;100;neo4j;1442.3069641649763;1709.3986531986532;True;0.40576902378646
-7504093176915043567;500;neo4j;1796.8117408906883;2146.59797979798;True;0.40576902378646
-7504093176915043567;3000;neo4j;2713.0503860219424;3236.0739393939393;True;0.40576902378646
-7498630619787140663;500;neo4j;1342.42194092827;2363.6063157894737;True;0.40576902378646
-7498630619787140663;3000;neo4j;1547.3881856540083;3478.2084210526314;True;0.40576902378646
-7491228115342104340;100;neo4j;1391.1069958847736;1339.340862422998;False;0.40576902378646
-7491228115342104340;500;neo4j;1460.7186858316222;2647.9446721311474;True;0.40576902378646
-7491228115342104340;3000;neo4j;1374.4609053497943;3899.2094455852157;True;0.40576902378646
-7491228115342104340;15000;neo4j;1288.2279260780288;3637.0778688524592;True;0.40576902378646
-7485524457672007660;100;neo4j;1457.6458797327393;1991.7822222222221;True;0.40576902378646
-7482706624800587016;100;neo4j;1508.0256862251322;1749.9831995987963;True;0.40576902378646
-7482706624800587016;500;neo4j;1393.2586405529953;1798.067335243553;True;0.40576902378646
-7482706624800587016;1000;neo4j;1369.872837022133;1991.4261375025055;True;0.40576902378646
-7482706624800587016;3000;neo4j;1406.406344410876;2273.727181544634;True;0.40576902378646
-7482706624800587016;9000;neo4j;1329.1468390804598;2909.829799426934;True;0.40576902378646
-7482706624800587016;15000;neo4j;1301.1971830985915;3127.797595190381;True;0.40576902378646
-7475303678957239230;100;neo4j;1376.364505119454;1470.3517006802722;True;0.40576902378646
-7475303678957239230;9000;neo4j;4671.438709677419;5013.297959183674;True;0.40576902378646
-7465177155122116151;100;postgres;1102.2575452716299;1404.2014098690836;True;2.1481481481481484
-7465177155122116151;500;postgres;1323.5774647887324;1895.5100806451612;True;2.1481481481481484
-7465177155122116151;1000;postgres;1616.1954331766285;1913.5619111709286;True;2.1481481481481484
-7465177155122116151;3000;postgres;2591.9929506545823;2963.6125126135216;True;2.1481481481481484
-7465177155122116151;9000;postgres;5346.139112903225;25811.532976827093;True;2.1481481481481484
-7460105742845319214;100;neo4j;1645.3742289239206;1822.4894053315106;True;0.40576902378646
-7447105573785235519;9000;postgres;4409.36;4942.0;True;2.1481481481481484
-7442807607354408300;100;neo4j;1532.1905829596412;2618.78;True;0.40576902378646
-7440264874672375342;100;neo4j;1604.7025316455697;2045.5147368421053;True;0.40576902378646
-7439092417788791372;500;neo4j;1631.3037190082644;2744.6919917864475;True;0.40576902378646
-7439092417788791372;1000;neo4j;1844.459793814433;3388.5420944558523;True;0.40576902378646
-7437691575782386473;100;postgres;1105.8555555555556;1289.0601336302896;True;0.40576902378646
-7437538653196733902;500;neo4j;4313.346774193548;5140.648888888889;True;0.40576902378646
-7414794555950823396;500;neo4j;1588.78125;2160.5466666666666;True;0.40576902378646
-7412627867473288228;100;neo4j;1642.655601659751;2950.505175983437;True;0.40576902378646
-7412627867473288228;9000;neo4j;1413.9533678756477;3523.897621509824;True;0.40576902378646
-7412090797992338044;100;neo4j;1425.2616033755273;2052.8568421052632;True;0.40576902378646
-7412090797992338044;500;neo4j;1634.8354430379748;2917.9515789473685;True;0.40576902378646
-7410066185498556592;100;neo4j;1508.071794871795;2241.5255102040815;True;0.40576902378646
-7410066185498556592;500;neo4j;1660.2328205128206;2466.45306122449;True;0.40576902378646
-7406957649902167351;1000;postgres;1709.7284210526316;1826.7831578947369;True;0.40576902378646
-7406957649902167351;9000;neo4j;4495.654155495979;4456.863157894737;False;0.40576902378646
-7406724002234809339;500;neo4j;1631.5723830734967;2554.5533333333333;True;0.40576902378646
-7405227276687536463;100;neo4j;1343.707468879668;2333.577639751553;True;0.40576902378646
-7405227276687536463;500;neo4j;1657.0601659751037;3106.658385093168;True;0.40576902378646
-7405227276687536463;3000;neo4j;2563.732776617954;4683.6177685950415;True;0.40576902378646
-7397199293199438304;1000;neo4j;1928.109131403118;3205.991111111111;True;0.40576902378646
-7386762183889623702;100;neo4j;1543.73417721519;2662.7873684210526;True;0.40576902378646
-7381957401420581808;3000;postgres;1562.8955555555556;2568.067415730337;True;2.1481481481481484
-7373109668963445632;1000;neo4j;1419.0133630289533;2316.366666666667;True;0.40576902378646
-7369442980390479230;500;neo4j;1697.694877505568;2243.32;True;0.40576902378646
-7368416095860409071;100;neo4j;1571.9434729564864;1814.292071197411;True;0.40576902378646
-7368416095860409071;500;neo4j;1387.0457317073171;2146.7391304347825;True;0.40576902378646
-7368416095860409071;9000;neo4j;1289.7967479674796;2849.8967611336034;True;0.40576902378646
-7368416095860409071;15000;neo4j;1339.578093306288;3362.3353535353535;True;0.40576902378646
-7366385347056115836;100;postgres;1264.908888888889;1464.1066666666666;True;0.40576902378646
-7366305476319190516;100;neo4j;1381.1291759465478;1837.5377777777778;True;0.40576902378646
-7365948439443071735;1000;neo4j;1467.9198312236288;3096.378947368421;True;0.40576902378646
-7365948439443071735;15000;neo4j;1351.4562899786781;3684.3894736842103;True;0.40576902378646
-7352520494379624714;1000;neo4j;1817.463768115942;3529.5475206611573;True;0.40576902378646
-7352520494379624714;3000;neo4j;3146.6923076923076;4301.103519668737;True;0.40576902378646
-7352520494379624714;9000;neo4j;4753.542168674699;8540.047619047618;True;0.40576902378646
-7342101350381665731;3000;neo4j;1499.0694300518135;2961.084798345398;True;0.40576902378646
-7342101350381665731;15000;neo4j;1335.7172557172557;3252.927536231884;True;0.40576902378646
-7340520243614001857;100;neo4j;1361.929085303186;1710.302564102564;True;0.40576902378646
-7340520243614001857;1000;neo4j;1693.5175983436852;2442.7643442622953;True;0.40576902378646
-7334094718208712927;100;neo4j;1399.0601336302896;2004.3955555555556;True;0.40576902378646
-7329035700573930939;100;neo4j;1567.577002053388;2076.8357142857144;True;0.40576902378646
-7329035700573930939;3000;neo4j;1478.2779487179487;3890.7897959183674;True;0.40576902378646
-7329035700573930939;9000;neo4j;1342.7090163934427;3726.061224489796;True;0.40576902378646
-7321923829592272460;1000;neo4j;1877.0102880658437;2124.9293032786886;True;2.1481481481481484
-7321923829592272460;3000;neo4j;2966.9070247933882;2915.82340862423;False;2.1481481481481484
-7321923829592272460;9000;neo4j;4330.623255813954;4745.106776180698;True;2.1481481481481484
-7319322408939895565;9000;neo4j;1344.6510067114093;1467.3933333333334;True;14.280303030303031
-7308320674387425894;100;postgres;1402.7644444444445;1439.16;True;0.40576902378646
-7301323925925640514;500;neo4j;1776.0801781737193;1774.9177777777777;False;0.40576902378646
-7298442323784352615;1000;neo4j;2125.2946428571427;3063.5422222222223;True;0.40576902378646
-7292664667808819196;100;neo4j;1579.9538461538461;2341.2326530612245;True;0.40576902378646
-7292664667808819196;1000;neo4j;1304.2340862422998;3085.785714285714;True;0.40576902378646
-7292664667808819196;3000;neo4j;1469.424180327869;3695.044897959184;True;0.40576902378646
-7292664667808819196;9000;neo4j;1303.922131147541;3511.181632653061;True;0.40576902378646
-7281076734313036434;100;neo4j;1443.429460580913;2000.3084886128365;True;0.40576902378646
-7281076734313036434;500;neo4j;1619.4573804573804;2030.9958592132505;True;0.40576902378646
-7281076734313036434;1000;neo4j;1944.9689440993789;2517.0517598343686;True;0.40576902378646
-7269746876504426223;500;postgres;1257.9222222222222;1533.1670378619153;True;2.1481481481481484
-7256213042220919385;100;neo4j;1393.81051175657;1872.8137931034482;True;0.40576902378646
-7252632716882458528;100;neo4j;1599.1712473572939;1479.858947368421;False;0.40576902378646
-7246873250184560637;100;postgres;1312.3145161290322;1409.9747729566095;True;2.1481481481481484
-7246873250184560637;500;postgres;1175.817907444668;1268.5241448692152;True;2.1481481481481484
-7246873250184560637;1000;neo4j;1395.8793800539083;1604.9395161290322;True;2.1481481481481484
-7246873250184560637;3000;neo4j;1380.1781376518218;1364.157258064516;False;2.1481481481481484
-7246873250184560637;9000;neo4j;1324.5546006066734;2104.1469552088574;True;2.1481481481481484
-7246873250184560637;15000;neo4j;1456.4868686868688;2509.506545820745;True;2.1481481481481484
-7246849701201532261;100;postgres;1173.0631364562119;1433.4714285714285;True;0.40576902378646
-7246849701201532261;500;neo4j;1477.2709611451942;2078.0050916496944;True;0.40576902378646
-7246849701201532261;9000;neo4j;1278.1214285714286;2573.7388211382113;True;0.40576902378646
-7246849701201532261;15000;neo4j;1312.478615071283;2681.0243902439024;True;0.40576902378646
-7235871410023008350;500;postgres;1299.0733333333333;1679.591111111111;True;14.280303030303031
-7233681590710299441;100;neo4j;1498.912641315519;2207.388717948718;True;0.40576902378646
-7232806385004646353;500;neo4j;1683.2309322033898;2829.141052631579;True;0.40576902378646
-7232806385004646353;9000;neo4j;4915.4473684210525;8532.534591194968;True;0.40576902378646
-7222031968169230903;100;neo4j;1565.4397549353303;1778.2515254237287;True;0.40576902378646
-7222031968169230903;3000;neo4j;1378.2295918367347;2331.5686673448627;True;0.40576902378646
-7222031968169230903;9000;neo4j;1283.722448979592;2464.9837398373984;True;0.40576902378646
-7220506122052292669;100;neo4j;1540.0676532769555;1777.7684210526315;True;0.40576902378646
-7219316805689547640;3000;neo4j;2977.467706013363;5945.9;True;0.40576902378646
-7213340763423275584;500;neo4j;3272.627802690583;4388.964444444445;True;0.40576902378646
-7207850867400126250;1000;neo4j;1921.218262806236;2981.0666666666666;True;0.40576902378646
-7203292447646402119;100;neo4j;1419.7825203252032;1397.5070993914808;False;0.40576902378646
-7203292447646402119;500;neo4j;1705.7247706422017;1930.264705882353;True;0.40576902378646
-7203292447646402119;1000;neo4j;1858.4004065040651;2259.9391480730224;True;0.40576902378646
-7203292447646402119;3000;neo4j;2719.2591836734696;2784.971602434077;True;0.40576902378646
-7203292447646402119;9000;neo4j;4894.729508196721;6897.028455284553;True;0.40576902378646
-7193773871357741693;1000;postgres;925.0062111801242;1256.7391304347825;True;2.1481481481481484
-7193773871357741693;9000;neo4j;1388.6045548654245;2721.698347107438;True;2.1481481481481484
-7193773871357741693;15000;neo4j;1441.408713692946;2672.3726708074532;True;2.1481481481481484
-7176824557857765530;100;postgres;861.9590163934427;1308.9569672131147;True;2.1481481481481484
-7176824557857765530;1000;neo4j;1269.0;1201.9856262833675;False;2.1481481481481484
-7176824557857765530;9000;neo4j;1321.3511293634497;1897.141393442623;True;2.1481481481481484
-7176824557857765530;15000;neo4j;1479.6226804123712;2171.94045174538;True;2.1481481481481484
-7172619356334035484;100;neo4j;1511.7278481012659;2843.8842105263157;True;0.40576902378646
-7172619356334035484;1000;neo4j;1951.8964059196617;3862.063157894737;True;0.40576902378646
-7171665126349765582;100;neo4j;1522.0846325167038;3132.822222222222;True;0.40576902378646
-7166361055218801198;500;neo4j;1602.1296296296296;1793.5441478439425;True;0.40576902378646
-7166361055218801198;1000;neo4j;1749.1615226337449;2436.815573770492;True;0.40576902378646
-7166361055218801198;3000;neo4j;2673.760824742268;2778.2135523613965;True;0.40576902378646
-7164834534352788916;100;neo4j;2004.4966592427618;2148.657777777778;True;0.40576902378646
-7159005282477441449;1000;postgres;3747.346666666667;3985.5694760820047;True;0.40576902378646
-7157437100512535651;1000;neo4j;1272.9331848552338;1357.9288888888889;True;0.40576902378646
-7151884549922649514;500;neo4j;1457.625;2967.5844444444447;True;0.40576902378646
-7146254636875971470;9000;neo4j;1284.7661469933184;2259.6044444444447;True;0.40576902378646
-7145760434156130099;500;postgres;1438.578947368421;1792.4379217273954;True;2.1481481481481484
-7145760434156130099;1000;postgres;1669.2125506072875;2026.0060851926978;True;2.1481481481481484
-7145760434156130099;3000;neo4j;3309.5734693877553;3694.3367139959432;True;2.1481481481481484
-7145105276408629015;100;neo4j;1671.273469387755;1969.3495934959349;True;0.40576902378646
-7145105276408629015;500;neo4j;1328.7489795918368;1267.121951219512;False;0.40576902378646
-7145105276408629015;1000;neo4j;1371.4714285714285;2307.2073170731705;True;0.40576902378646
-7145105276408629015;3000;neo4j;1480.6352459016393;2461.6048879837067;True;0.40576902378646
-7145105276408629015;15000;neo4j;1305.9509703779368;3211.46998982706;True;0.40576902378646
-7139379540804573357;500;neo4j;1319.140311804009;1275.4755555555555;False;0.40576902378646
-7136841369858947226;100;neo4j;1513.534521158129;2166.1755555555555;True;0.40576902378646
-7132200644511537190;500;postgres;431.84375;1063.7953629032259;True;14.280303030303031
-7132200644511537190;1000;postgres;509.13844086021504;1420.736559139785;True;14.280303030303031
-7132200644511537190;3000;postgres;731.848637739657;2633.663967611336;True;14.280303030303031
-7132200644511537190;9000;postgres;1334.0168010752689;4676.08152866242;True;14.280303030303031
-7132200644511537190;15000;postgres;1985.4883955600403;15180.272452068617;True;14.280303030303031
-7129719288923566187;100;neo4j;1466.161658031088;1423.875904860393;False;0.40576902378646
-7129719288923566187;1000;neo4j;1837.350622406639;2214.935817805383;True;0.40576902378646
-7129560717997800048;100;postgres;1320.808888888889;1590.59375;True;0.40576902378646
-7122143021615721524;100;neo4j;1386.8004115226338;1572.570841889117;True;0.40576902378646
-7122143021615721524;500;neo4j;1491.446502057613;2473.2854209445586;True;0.40576902378646
-7122143021615721524;9000;neo4j;1304.5664263645726;3617.7653688524592;True;0.40576902378646
-7122137094634462045;9000;neo4j;4819.4;8215.803652968036;True;0.40576902378646
-7115562516453538849;500;neo4j;1564.1708860759493;2079.303157894737;True;0.40576902378646
-7115562516453538849;3000;neo4j;2502.4703389830506;2708.941052631579;True;0.40576902378646
-7112026761042218126;500;neo4j;1820.183299389002;2238.889452332657;True;0.40576902378646
-7112026761042218126;1000;neo4j;1679.5061224489796;2520.839430894309;True;0.40576902378646
-7112026761042218126;9000;neo4j;4937.833333333333;6989.782961460446;True;0.40576902378646
-7107718962515762250;3000;neo4j;1448.4852320675107;3710.6252631578946;True;0.40576902378646
-7107718962515762250;15000;neo4j;1285.9957805907172;2948.781052631579;True;0.40576902378646
-7106451175380136604;1000;postgres;837.4816326530612;1183.1938775510205;True;2.1481481481481484
-7106451175380136604;15000;neo4j;1334.912020460358;1555.5714285714287;True;2.1481481481481484
-7105030111213452381;100;neo4j;1722.7795100222718;1829.9733333333334;True;0.40576902378646
-7097211390528003299;100;neo4j;1490.5571725571726;2553.217391304348;True;0.40576902378646
-7097211390528003299;500;neo4j;1533.343685300207;2601.6652892561983;True;0.40576902378646
-7097211390528003299;1000;neo4j;1925.5497925311204;2947.977225672878;True;0.40576902378646
-7094666188956990430;100;neo4j;1409.9429460580914;1982.2215320910973;True;0.40576902378646
-7085401584586512475;100;neo4j;1296.1714922048998;2036.7644444444445;True;0.40576902378646
-7081298328158021184;3000;neo4j;2595.4276169265036;3971.9066666666668;True;0.40576902378646
-7079601947117758010;100;postgres;1054.2311111111112;1359.3577777777778;True;2.1481481481481484
-7076770306703503331;100;postgres;1520.8251282051283;1589.1787365177195;True;0.40576902378646
-7075894586493251987;500;neo4j;1579.8752642706131;2360.92;True;0.40576902378646
-7075894586493251987;3000;neo4j;2901.5412262156447;4136.917894736842;True;0.40576902378646
-7075353596192436268;500;postgres;1987.0252631578946;2619.6202531645567;True;2.1481481481481484
-7046771436248241760;1000;neo4j;1818.0506329113923;2296.8294736842104;True;0.40576902378646
-7035086327900870111;100;neo4j;1344.5412026726058;1849.411111111111;True;0.40576902378646
-7030721353552840570;100;postgres;979.8376184032477;1683.1348238482385;True;2.1481481481481484
-7030721353552840570;1000;postgres;2952.002028397566;4830.412371134021;True;2.1481481481481484
-7028428752845001383;100;postgres;1040.6262833675564;1481.1047227926078;True;2.1481481481481484
-7028428752845001383;500;postgres;3104.159836065574;4612.111731843575;True;2.1481481481481484
-7025137784625816776;1000;neo4j;2253.2204899777284;3985.411111111111;True;0.40576902378646
-7021203572400686898;100;postgres;1323.6791666666666;1711.7883369330455;True;2.1481481481481484
-7021203572400686898;500;postgres;1014.4368530020704;1193.3167701863354;True;2.1481481481481484
-7021203572400686898;15000;neo4j;1369.06237006237;2486.7805383022774;True;2.1481481481481484
-7013271605756341197;100;neo4j;1405.15144766147;2317.713333333333;True;0.40576902378646
-7004989074605782378;100;neo4j;1372.4620976116303;1759.1045548654245;True;0.40576902378646
-7004989074605782378;9000;neo4j;4433.03406326034;6034.43685300207;True;0.40576902378646
-7000496661805857474;1000;neo4j;2037.8523206751054;4314.387368421053;True;0.40576902378646
-7000496661805857474;3000;neo4j;2684.3707627118642;5367.238396624472;True;0.40576902378646
-6996358352245791007;15000;neo4j;1300.5857461024498;3035.3288888888887;True;0.40576902378646
-6994358248579143086;1000;postgres;1327.5515789473684;2194.536842105263;True;2.1481481481481484
-6994358248579143086;3000;postgres;1989.8378947368421;3313.3515789473686;True;2.1481481481481484
-6992028976446404228;500;postgres;3135.9422222222224;3535.9664429530203;True;0.40576902378646
-6988431070210329017;3000;neo4j;2676.890868596882;5171.002222222222;True;0.40576902378646
-6988337248491622329;100;neo4j;1545.8270042194092;2668.298947368421;True;0.40576902378646
-6979793650266060669;500;postgres;1431.12;2063.002105263158;True;2.1481481481481484
-6979793650266060669;1000;postgres;3414.5663157894737;4320.4942263279445;True;2.1481481481481484
-6976885454451720719;3000;neo4j;2787.559071729958;2748.4778947368422;False;0.40576902378646
-6975279062263929423;3000;neo4j;1489.5623678646934;2309.721518987342;True;0.40576902378646
-6975279062263929423;9000;neo4j;1308.3544303797469;3690.8063157894735;True;0.40576902378646
-6957302813509783873;3000;neo4j;2934.4665178571427;4012.9222222222224;True;0.40576902378646
-6956976809361848448;1000;neo4j;1953.6547884187082;3571.5189309576836;True;0.40576902378646
-6951526649555994498;500;postgres;6496.946666666667;27083.913580246914;True;0.40576902378646
-6949135628660705576;100;neo4j;1503.879732739421;2504.268888888889;True;0.40576902378646
-6948588123726258052;500;neo4j;1659.031180400891;2389.777777777778;True;0.40576902378646
-6946810274857160158;3000;postgres;2668.971111111111;2855.8755555555554;True;0.40576902378646
-6936810309264596532;500;neo4j;1668.529535864979;2410.0947368421052;True;0.40576902378646
-6936810309264596532;3000;neo4j;2970.0296610169494;4964.393684210526;True;0.40576902378646
-6934399617421274319;500;neo4j;1658.9398340248963;3133.4616977225674;True;0.40576902378646
-6925182367910746689;100;neo4j;1331.7594654788418;2053.1555555555556;True;0.40576902378646
-6903560649879775477;100;postgres;732.3518705763397;1163.66026289181;True;2.1481481481481484
-6903560649879775477;500;postgres;1070.2246963562752;1319.9736842105262;True;2.1481481481481484
-6903560649879775477;1000;postgres;1107.7550607287449;1341.2709807886754;True;2.1481481481481484
-6903560649879775477;3000;postgres;807.0323559150658;1208.4560161779575;True;2.1481481481481484
-6903560649879775477;9000;postgres;928.0383838383839;1125.0242424242424;True;2.1481481481481484
-6903560649879775477;15000;postgres;927.8377281947262;1396.0647773279352;True;2.1481481481481484
-6896918312241599304;500;neo4j;1452.3523206751054;1427.0042105263158;False;0.40576902378646
-6896918312241599304;3000;postgres;2284.482105263158;2742.8607594936707;True;0.40576902378646
-6893825418449213921;9000;neo4j;1298.1708860759493;2682.2168421052634;True;0.40576902378646
-6893825418449213921;15000;neo4j;1331.149789029536;2682.5073684210524;True;0.40576902378646
-6885774203144511327;100;postgres;982.2040609137056;1566.092385786802;True;14.280303030303031
-6885774203144511327;1000;postgres;3279.2738336713996;4847.597826086957;True;14.280303030303031
-6874595568413726795;500;neo4j;1676.195991091314;2915.0155555555557;True;0.40576902378646
-6873827590155288823;3000;neo4j;2772.8195991091316;3467.0955555555556;True;0.40576902378646
-6868688914372951088;100;neo4j;1601.1775510204081;2105.4959349593496;True;0.40576902378646
-6868688914372951088;1000;neo4j;1889.5081967213114;2676.6863543788186;True;0.40576902378646
-6868688914372951088;3000;neo4j;2833.873340143003;3595.310975609756;True;0.40576902378646
-6868688914372951088;9000;neo4j;4740.6547619047615;6374.942973523422;True;0.40576902378646
-6867103442146694089;100;neo4j;1332.071729957806;1861.7557894736842;True;0.40576902378646
-6867103442146694089;3000;neo4j;2399.2436440677966;3686.8715789473686;True;0.40576902378646
-6850059914820972704;500;neo4j;4278.649758454107;4267.424444444445;False;0.40576902378646
-6844857302802481252;100;postgres;1122.42;1311.0377777777778;True;2.1481481481481484
-6837130839391444797;500;postgres;804.2688888888889;1267.86;True;14.280303030303031
-6828208767401915217;3000;neo4j;1451.9198218262807;3533.257777777778;True;0.40576902378646
-6811649275624039646;100;neo4j;1471.0767634854772;1634.1997929606625;True;0.40576902378646
-6811649275624039646;500;neo4j;1565.2981366459628;1946.3643892339544;True;0.40576902378646
-6811414892248722223;1000;postgres;1796.938775510204;1804.075819672131;True;0.40576902378646
-6811414892248722223;3000;neo4j;2757.5030800821355;2864.2214285714285;True;0.40576902378646
-6811414892248722223;9000;postgres;4251.34693877551;4668.704641350211;True;0.40576902378646
-6803221044830049013;3000;neo4j;2983.1383928571427;6312.730512249444;True;0.40576902378646
-6797273311895284442;100;neo4j;1594.9472573839662;2174.376842105263;True;0.40576902378646
-6796067545179231240;1000;neo4j;1780.0111607142858;2450.771111111111;True;0.40576902378646
-6789971939343671116;100;neo4j;1764.168776371308;1769.0905263157895;True;0.40576902378646
-6789971939343671116;500;neo4j;2338.5675105485234;2651.858947368421;True;0.40576902378646
-6775084990438535555;100;neo4j;1528.1564482029598;2143.1452631578945;True;0.40576902378646
-6775084990438535555;9000;neo4j;4865.0;6924.57052631579;True;0.40576902378646
-6767972254969206671;1000;neo4j;1630.860465116279;3871.2105263157896;True;0.40576902378646
-6767972254969206671;9000;neo4j;1514.323467230444;3581.162105263158;True;0.40576902378646
-6762047736677640945;1000;postgres;3505.028888888889;12261.104444444445;True;14.280303030303031
-6759263645972961866;100;postgres;1399.06;1402.831111111111;True;2.1481481481481484
-6758614348905270000;100;neo4j;1690.0356347438753;2344.508888888889;True;0.40576902378646
-6757566375692791201;1000;neo4j;1451.9135021097047;3009.176842105263;True;0.40576902378646
-6757566375692791201;9000;neo4j;1294.1708860759493;3673.52;True;0.40576902378646
-6753655140833022951;500;neo4j;1631.465478841871;2292.837777777778;True;0.40576902378646
-6748690611283000896;500;neo4j;1601.2281879194632;2448.0244444444443;True;0.40576902378646
-6740863954081701539;500;postgres;1544.7957894736842;1540.7831578947369;False;0.40576902378646
-6740863954081701539;9000;postgres;4582.507368421053;4595.459833795014;True;0.40576902378646
-6739258872610228445;100;neo4j;1420.6481069042316;2652.1311111111113;True;0.40576902378646
-6726808660816207298;100;neo4j;1475.6877637130801;1547.397894736842;True;0.40576902378646
-6726808660816207298;9000;neo4j;4434.131313131313;5908.330526315789;True;0.40576902378646
-6710651746455849195;3000;neo4j;3023.17037037037;3232.9;True;0.40576902378646
-6710327954712161716;100;neo4j;1540.2873051224944;2050.491111111111;True;0.40576902378646
-6707734381751296223;100;neo4j;1493.4129464285713;3293.762222222222;True;0.40576902378646
-6700417440635237481;100;postgres;1167.0084210526315;1432.9789029535864;True;2.1481481481481484
-6700417440635237481;1000;neo4j;1713.071729957806;1649.997894736842;False;2.1481481481481484
-6699139474728937629;100;neo4j;1515.570824524313;1624.7263157894736;True;0.40576902378646
-6699139474728937629;15000;neo4j;1303.5158562367865;3679.637894736842;True;0.40576902378646
-6679748796890946576;100;neo4j;1493.6964285714287;2107.788888888889;True;0.40576902378646
-6677609071886050874;500;postgres;1921.8105263157895;2825.5611814345993;True;2.1481481481481484
-6673467461251328360;100;neo4j;1506.96875;2255.08;True;0.40576902378646
-6662293240245504506;500;neo4j;1710.8839662447258;2365.5326315789475;True;0.40576902378646
-6658343281237524383;100;neo4j;1881.182682154171;2039.9557894736843;True;0.40576902378646
-6651502544698381425;500;neo4j;1640.591517857143;2295.882222222222;True;0.40576902378646
-6647451198889251727;100;neo4j;1475.209109730849;2308.74173553719;True;0.40576902378646
-6647451198889251727;3000;neo4j;2883.2765072765073;4113.896480331263;True;0.40576902378646
-6645392296341722106;500;neo4j;1507.6458797327393;1565.3622222222223;True;0.40576902378646
-6641658664564100867;100;neo4j;1419.5233853006682;2067.0733333333333;True;0.40576902378646
-6635961803189943275;1000;neo4j;1956.3509127789046;2068.582995951417;True;2.1481481481481484
-6635961803189943275;3000;neo4j;2766.726101694915;2770.910135135135;True;2.1481481481481484
-6635961803189943275;9000;neo4j;4922.6;6384.971659919029;True;2.1481481481481484
-6635372506210487474;9000;neo4j;1325.6875;2448.0555555555557;True;0.40576902378646
-6629514580404672367;15000;neo4j;1404.383068783069;2360.224210526316;True;2.1481481481481484
-6621861843013455075;100;neo4j;1448.0424107142858;1487.408888888889;True;0.40576902378646
-6605848531290461883;500;neo4j;2186.4308035714284;3276.538975501114;True;0.40576902378646
-6598574273296535216;500;neo4j;1577.3296213808462;2321.1555555555556;True;0.40576902378646
-6588892110796564074;500;neo4j;1563.882901554404;2072.658738366081;True;0.40576902378646
-6588436469768813084;3000;neo4j;2581.5822784810125;4507.989473684211;True;0.40576902378646
-6582537850353026533;500;postgres;5289.791111111111;24087.739819004524;True;0.40576902378646
-6576994799877015586;1000;neo4j;1725.71875;3462.822222222222;True;0.40576902378646
-6576153887309386856;500;neo4j;1466.9265033407573;2539.1155555555556;True;0.40576902378646
-6575199212504416347;9000;postgres;4712.175555555556;4849.321428571428;True;0.40576902378646
-6565989812154708784;100;neo4j;1465.761692650334;2491.311111111111;True;0.40576902378646
-6565412110138754149;500;neo4j;1605.86859688196;2145.6466666666665;True;0.40576902378646
-6562680230627899185;3000;postgres;1827.2177777777779;2510.766666666667;True;2.1481481481481484
-6562241423079351546;9000;neo4j;4937.578947368421;25030.88766519824;True;2.1481481481481484
-6559666420822005929;9000;neo4j;4756.326086956522;9047.0;True;0.40576902378646
-6545010086897829116;100;neo4j;1655.4176165803108;1708.1871768355738;True;0.40576902378646
-6545010086897829116;1000;postgres;2908.79917184265;2956.9190871369296;True;0.40576902378646
-6525297353181452519;500;neo4j;1661.5123042505593;2447.471111111111;True;0.40576902378646
-6520205348818754480;100;neo4j;1432.858695652174;1935.8559837728194;True;0.40576902378646
-6520205348818754480;500;neo4j;1365.0836734693878;2523.7464503042597;True;0.40576902378646
-6520205348818754480;3000;neo4j;1498.887983706721;3492.6734279918865;True;0.40576902378646
-6520205348818754480;9000;neo4j;1287.0102459016393;3708.5955284552847;True;0.40576902378646
-6520205348818754480;15000;neo4j;1320.4949083503054;3656.69168356998;True;0.40576902378646
-6498897864734470584;500;neo4j;1597.5924276169264;2503.188888888889;True;0.40576902378646
-6489721478747992302;100;neo4j;1803.0178173719376;1948.2622222222221;True;0.40576902378646
-6481406666004924656;100;postgres;552.391129032258;913.766129032258;True;2.1481481481481484
-6481406666004924656;1000;postgres;890.0389523169913;1228.1994627266622;True;2.1481481481481484
-6481406666004924656;3000;postgres;687.2599059771659;1150.7871054398925;True;2.1481481481481484
-6481406666004924656;9000;postgres;757.5036887994635;1283.558764271323;True;2.1481481481481484
-6481406666004924656;15000;postgres;701.4251889168766;1154.262468513854;True;2.1481481481481484
-6473947770647761716;100;neo4j;1458.8565400843881;1334.3726315789474;False;0.40576902378646
-6473947770647761716;9000;neo4j;1390.5337552742617;3401.178947368421;True;0.40576902378646
-6469286977681477081;500;postgres;1461.0795918367346;1579.004081632653;True;2.1481481481481484
-6469286977681477081;1000;postgres;1991.238775510204;2250.9918200408997;True;2.1481481481481484
-6469286977681477081;9000;postgres;5004.077709611452;28490.5;True;2.1481481481481484
-6452546471843300852;100;neo4j;1287.4053452115813;1973.588888888889;True;0.40576902378646
-6439109871709270528;100;neo4j;1609.8765432098764;2233.876796714579;True;0.40576902378646
-6439109871709270528;500;neo4j;1552.864476386037;2894.90368852459;True;0.40576902378646
-6439109871709270528;1000;neo4j;1394.4722792607804;2373.504098360656;True;0.40576902378646
-6439109871709270528;9000;neo4j;1376.679012345679;3326.123203285421;True;0.40576902378646
-6438786418323422333;1000;postgres;1639.421052631579;1901.490486257928;True;2.1481481481481484
-6425628314718183383;100;neo4j;1621.493670886076;2540.8505263157895;True;0.40576902378646
-6425628314718183383;500;neo4j;1335.6940928270042;2534.741052631579;True;0.40576902378646
-6419337897515532608;500;neo4j;2113.601336302895;3342.528888888889;True;0.40576902378646
-6417696522921284235;100;neo4j;1644.2784810126582;2232.8063157894735;True;0.40576902378646
-6417696522921284235;1000;neo4j;1323.4894514767932;1597.4694736842105;True;0.40576902378646
-6408996643007026810;100;postgres;983.4655870445345;1726.2892057026477;True;2.1481481481481484
-6408996643007026810;500;postgres;2644.612348178138;3409.476861167002;True;2.1481481481481484
-6408996643007026810;1000;neo4j;4331.180043383948;4377.800808897877;True;2.1481481481481484
-6403672685856589080;500;neo4j;1350.3630289532293;2231.4933333333333;True;0.40576902378646
-6402016991082830377;1000;neo4j;1912.366255144033;2350.5913757700205;True;0.40576902378646
-6402016991082830377;3000;neo4j;2601.724279835391;3136.309426229508;True;0.40576902378646
-6402016991082830377;9000;neo4j;4924.222222222223;5837.35112936345;True;0.40576902378646
-6398771572470348980;500;neo4j;1494.047817047817;1688.1780538302278;True;0.40576902378646
-6396294310349783343;100;neo4j;1466.9331848552338;2328.1155555555556;True;0.40576902378646
-6392606640220061706;100;neo4j;1851.4543429844098;2188.837777777778;True;0.40576902378646
-6388704047970216938;100;neo4j;1671.7616033755273;2469.338947368421;True;0.40576902378646
-6388704047970216938;500;neo4j;3139.849894291755;4227.433684210527;True;0.40576902378646
-6386059311774000358;100;neo4j;1342.8586497890296;2442.9873684210525;True;0.40576902378646
-6386059311774000358;500;neo4j;1666.8776371308018;2984.338947368421;True;0.40576902378646
-6375793954059545516;100;postgres;739.5755555555555;1166.4222222222222;True;2.1481481481481484
-6371827137227156214;100;postgres;1094.983436853002;1255.597510373444;True;0.40576902378646
-6371827137227156214;500;postgres;1445.280991735537;1606.8267223382045;True;0.40576902378646
-6371827137227156214;3000;postgres;2024.55900621118;2653.809523809524;True;0.40576902378646
-6364297989481772377;100;postgres;1186.5755102040816;1402.642126789366;True;0.40576902378646
-6364297989481772377;500;neo4j;1388.6389743589743;1479.5142857142857;True;0.40576902378646
-6364297989481772377;3000;neo4j;1455.0573770491803;2112.2428571428572;True;0.40576902378646
-6364297989481772377;15000;neo4j;1415.7110655737704;2745.6673469387756;True;0.40576902378646
-6358366384040462806;100;neo4j;1514.3118040089087;1401.1666666666667;False;0.40576902378646
-6353059554412204309;500;neo4j;1295.0848214285713;1224.4666666666667;False;0.40576902378646
-6350945554140056453;100;postgres;1232.2410774410776;1403.2009440323668;True;0.40576902378646
-6350945554140056453;500;postgres;1569.8060606060606;1866.329625884732;True;0.40576902378646
-6350945554140056453;1000;postgres;1743.7959595959596;1797.892494929006;True;0.40576902378646
-6350945554140056453;3000;postgres;2219.0444444444443;2863.259634888438;True;0.40576902378646
-6350945554140056453;9000;postgres;6043.3033367037415;24645.075664621676;True;0.40576902378646
-6334589951661855855;500;neo4j;1324.5634095634096;2352.5320910973087;True;0.40576902378646
-6334589951661855855;1000;neo4j;1470.4407484407484;3005.3395445134574;True;0.40576902378646
-6334589951661855855;15000;neo4j;1463.0684647302905;3883.25826446281;True;0.40576902378646
-6311915375304211110;1000;neo4j;1455.4556701030929;1814.4127310061601;True;2.1481481481481484
-6311915375304211110;3000;neo4j;1403.8324768756424;1343.7651282051281;False;2.1481481481481484
-6311915375304211110;15000;neo4j;1364.9546391752576;2376.7049180327867;True;2.1481481481481484
-6311236768381253109;100;postgres;524.5723140495868;736.9070247933885;True;14.280303030303031
-6311236768381253109;1000;postgres;846.592132505176;1617.695652173913;True;14.280303030303031
-6311236768381253109;3000;postgres;907.7101449275362;2576.545643153527;True;14.280303030303031
-6303915019696121789;100;neo4j;1781.6138392857142;1859.8644444444444;True;0.40576902378646
-6302642715155064698;9000;neo4j;4708.14859437751;4900.231111111111;True;0.40576902378646
-6290100626662039565;500;neo4j;1420.5040983606557;2192.4408163265307;True;0.40576902378646
-6290100626662039565;3000;neo4j;1337.1436388508891;2315.655782312925;True;0.40576902378646
-6290100626662039565;15000;neo4j;1445.9631147540983;2933.7428571428572;True;0.40576902378646
-6278000975056340238;100;neo4j;1542.4298930326684;1694.1018119068162;True;0.40576902378646
-6278000975056340238;500;neo4j;1350.8260869565217;1634.3762575452715;True;0.40576902378646
-6278000975056340238;1000;neo4j;1260.6040404040405;2426.251509054326;True;0.40576902378646
-6278000975056340238;3000;neo4j;1470.3261455525605;2711.3460764587526;True;0.40576902378646
-6278000975056340238;9000;neo4j;1314.240890688259;3682.764112903226;True;0.40576902378646
-6278000975056340238;15000;neo4j;1412.92004048583;3393.504024144869;True;0.40576902378646
-6277148651614826350;100;neo4j;1600.5464135021098;1938.4126315789474;True;0.40576902378646
-6277148651614826350;500;postgres;4548.7621052631575;4908.111111111111;True;0.40576902378646
-6272873873941586569;100;neo4j;1475.6325167037862;3963.337777777778;True;0.40576902378646
-6272662008898459088;100;neo4j;1462.7385892116183;1585.1242236024846;True;0.40576902378646
-6272662008898459088;3000;neo4j;2491.466804979253;2895.2438016528927;True;0.40576902378646
-6272662008898459088;9000;neo4j;4455.69756097561;5389.734989648033;True;0.40576902378646
-6267839925759664823;500;neo4j;1294.2962962962963;1277.5790554414784;False;0.40576902378646
-6267839925759664823;3000;neo4j;1437.542094455852;2577.9836065573772;True;0.40576902378646
-6267839925759664823;9000;neo4j;1379.7577319587629;3505.4389743589745;True;0.40576902378646
-6255444281116885983;100;neo4j;1605.2078189300412;2688.6694045174536;True;0.40576902378646
-6255444281116885983;500;neo4j;1323.8415637860082;1316.4045174537987;False;0.40576902378646
-6255444281116885983;3000;neo4j;1441.5329218106997;3073.8254620123203;True;0.40576902378646
-6255444281116885983;15000;neo4j;1312.4209445585216;3262.6311475409834;True;0.40576902378646
-6253102459019525389;100;postgres;1319.9221052631578;1853.24;True;2.1481481481481484
-6253102459019525389;3000;postgres;5686.547368421053;28200.795221843004;True;2.1481481481481484
-6251693237213141644;500;neo4j;1336.732510288066;1421.8872950819673;True;0.40576902378646
-6251693237213141644;1000;neo4j;1480.1008230452676;2870.271047227926;True;0.40576902378646
-6251693237213141644;9000;neo4j;1396.388888888889;3586.028747433265;True;0.40576902378646
-6251693237213141644;15000;neo4j;1320.1316872427983;3277.840163934426;True;0.40576902378646
-6236660569686699095;500;neo4j;1599.140311804009;1511.4911111111112;False;2.1481481481481484
-6219272261775514606;1000;neo4j;4667.14598540146;5303.261603375528;True;0.40576902378646
-6210646464716806404;500;postgres;2514.8757763975154;4590.4607843137255;True;14.280303030303031
-6210646464716806404;1000;postgres;2990.9523809523807;4773.5;True;14.280303030303031
-6210602284427661252;100;neo4j;1421.954356846473;1937.2008281573499;True;0.40576902378646
-6210602284427661252;500;neo4j;1486.6182572614107;2255.1487603305786;True;0.40576902378646
-6186488047882466983;100;neo4j;1665.2767489711935;2361.834702258727;True;0.40576902378646
-6186488047882466983;500;neo4j;3862.731092436975;4620.591794871795;True;0.40576902378646
-6179542327117817919;100;neo4j;1313.279017857143;2023.8533333333332;True;0.40576902378646
-6177401092608249733;100;neo4j;1479.6012658227849;1663.1157894736841;True;0.40576902378646
-6177401092608249733;500;neo4j;1558.614406779661;1640.503157894737;True;0.40576902378646
-6177099683467398248;3000;neo4j;2969.5278396436524;6221.4511111111115;True;0.40576902378646
-6169033808209947210;500;neo4j;1345.0788381742739;2729.072463768116;True;0.40576902378646
-6169033808209947210;1000;neo4j;1252.7701863354037;1888.5826446280992;True;0.40576902378646
-6169033808209947210;3000;neo4j;1510.01244813278;3218.2670807453414;True;0.40576902378646
-6153043081879341744;1000;neo4j;1972.9281183932346;3147.0357894736844;True;0.40576902378646
-6153043081879341744;3000;neo4j;2621.6581740976644;3897.3684210526317;True;0.40576902378646
-6152836736162187040;3000;neo4j;2487.1842696629215;3247.988888888889;True;0.40576902378646
-6152082242094800767;100;postgres;1403.564681724846;1614.4250513347022;True;2.1481481481481484
-6152082242094800767;1000;neo4j;1389.815627141878;1364.4846206425154;False;2.1481481481481484
-6152051243982562733;100;neo4j;1538.7515592515592;2132.899585921325;True;0.40576902378646
-6138712295667485918;100;neo4j;1388.2227171492204;1817.4933333333333;True;0.40576902378646
-6116162571567606153;100;postgres;1141.1846938775511;1279.7071428571428;True;2.1481481481481484
-6116162571567606153;500;postgres;1281.2163265306122;1540.0204081632653;True;2.1481481481481484
-6116162571567606153;9000;postgres;3926.464285714286;4588.9533437014;True;2.1481481481481484
-6115401621386745213;100;postgres;929.6311111111111;1187.388888888889;True;2.1481481481481484
-6112387449330558252;100;postgres;1291.5333333333333;1364.448205128205;True;2.1481481481481484
-6112387449330558252;3000;postgres;2496.182751540041;2951.4;True;2.1481481481481484
-6110546606076950775;500;neo4j;1578.5300668151447;1769.6133333333332;True;0.40576902378646
-6103473817964113113;500;neo4j;2273.5973154362414;2946.1155555555556;True;0.40576902378646
-6101191402261605049;100;neo4j;1422.867088607595;2114.5094736842107;True;0.40576902378646
-6101191402261605049;3000;neo4j;4932.857142857143;8859.45514950166;True;0.40576902378646
-6092164153643529140;100;neo4j;1763.9048625792811;1928.8715789473683;True;0.40576902378646
-6092164153643529140;1000;neo4j;2599.487341772152;3194.2357894736842;True;0.40576902378646
-6091595338018682011;1000;postgres;1027.9852631578947;1895.8315789473684;True;14.280303030303031
-6091595338018682011;9000;postgres;3040.7305263157896;16816.456842105265;True;14.280303030303031
-6087403437793251177;500;neo4j;2049.3504464285716;2583.3288888888887;True;0.40576902378646
-6081240581991308005;100;neo4j;1606.2338530066816;2461.4377777777777;True;0.40576902378646
-6073684774233649055;3000;neo4j;3078.512244897959;3512.2398373983738;True;2.1481481481481484
-6065039149863780566;9000;neo4j;1357.187082405345;3659.182222222222;True;0.40576902378646
-6064276009065611274;100;neo4j;1426.9331848552338;2091.8755555555554;True;0.40576902378646
-6064004817308326899;1000;neo4j;1827.7578475336322;2616.737777777778;True;0.40576902378646
-6048809495027789208;500;postgres;3560.2736842105264;4432.757246376812;True;0.40576902378646
-6048497804784615895;3000;postgres;2810.6838842975208;3150.573498964803;True;2.1481481481481484
-6048497804784615895;9000;neo4j;4860.238095238095;5529.575569358178;True;2.1481481481481484
-6043858223540002205;1000;neo4j;1858.218262806236;2954.048888888889;True;0.40576902378646
-6038950843296056471;500;neo4j;1447.1350210970463;2278.5747368421053;True;0.40576902378646
-6038950843296056471;1000;neo4j;1362.9894514767932;1542.44;True;0.40576902378646
-6036568305867287847;100;neo4j;1404.1763392857142;1737.3177777777778;True;0.40576902378646
-6029527964868559490;3000;neo4j;2843.568253968254;5385.578947368421;True;0.40576902378646
-6006096263127452530;3000;neo4j;2513.8058035714284;3925.337777777778;True;0.40576902378646
-6004428986168675716;1000;neo4j;2070.1336302895324;3438.588888888889;True;0.40576902378646
-5996316285487721093;100;neo4j;1537.8182741116752;1448.0813131313132;False;0.40576902378646
-5996316285487721093;1000;neo4j;1300.9432048681542;1725.9353535353534;True;0.40576902378646
-5996316285487721093;3000;neo4j;1416.3823529411766;1911.6343434343435;True;0.40576902378646
-5996316285487721093;9000;neo4j;1292.3387533875339;2698.29696969697;True;0.40576902378646
-5993846557356283449;500;neo4j;1604.1559020044544;1604.2488888888888;True;2.1481481481481484
-5992406757212379471;100;postgres;874.2988624612203;1429.4788004136506;True;2.1481481481481484
-5992406757212379471;1000;postgres;2910.5403726708073;4665.462962962963;True;2.1481481481481484
-5986059564532913744;500;neo4j;1628.0601336302896;4017.2266666666665;True;0.40576902378646
-5978109960846246885;500;neo4j;1617.3318485523384;2095.288888888889;True;0.40576902378646
-5973114722557526135;100;neo4j;1431.6247422680412;1522.782340862423;True;0.40576902378646
-5973114722557526135;500;neo4j;1438.498969072165;3088.6570841889115;True;0.40576902378646
-5973114722557526135;3000;neo4j;1499.0985626283368;2385.7274590163934;True;0.40576902378646
-5965850375575491644;500;neo4j;1623.8191964285713;1767.16;True;0.40576902378646
-5965698429050988300;100;neo4j;1731.009493670886;2313.7873684210526;True;0.40576902378646
-5965619002964368351;100;neo4j;1496.3340757238307;2217.3355555555554;True;0.40576902378646
-5964636757577096730;500;neo4j;1606.2759336099584;2258.022774327122;True;0.40576902378646
-5964636757577096730;1000;neo4j;1930.9107883817428;2258.9792960662526;True;0.40576902378646
-5962616622534652363;100;neo4j;1428.8348214285713;2087.5266666666666;True;0.40576902378646
-5955150146816155288;3000;postgres;2438.3326315789473;2613.957716701903;True;0.40576902378646
-5949739138519965505;1000;neo4j;1338.0935412026727;1675.18;True;0.40576902378646
-5946536595213085649;100;neo4j;1510.6967213114754;1441.908163265306;False;2.1481481481481484
-5946536595213085649;500;neo4j;2151.3726899383983;2167.244126659857;True;2.1481481481481484
-5946536595213085649;3000;postgres;2881.7122448979594;3347.7392197125255;True;2.1481481481481484
-5923334249787927886;100;neo4j;1503.3254861821904;2045.312244897959;True;0.40576902378646
-5923334249787927886;500;neo4j;1842.582564102564;2570.29693877551;True;0.40576902378646
-5923334249787927886;3000;neo4j;2953.6160164271046;3967.218367346939;True;0.40576902378646
-5913966514793616838;3000;neo4j;1445.7438752783964;3764.9377777777777;True;0.40576902378646
-5906152671689770067;100;neo4j;1557.2004103967167;1554.2693877551021;False;0.40576902378646
-5906152671689770067;500;postgres;1258.1530612244899;1257.79754601227;False;0.40576902378646
-5906152671689770067;3000;neo4j;1400.4127310061601;2115.6877551020407;True;0.40576902378646
-5883824215796995569;3000;neo4j;2571.7072072072074;4523.477777777778;True;0.40576902378646
-5882335788003643425;3000;neo4j;2411.4608879492603;2643.9284210526316;True;0.40576902378646
-5882335788003643425;9000;postgres;3657.4315789473685;4724.604938271605;True;0.40576902378646
-5879743373747971609;100;neo4j;1489.792531120332;3337.8571428571427;True;0.40576902378646
-5879743373747971609;1000;neo4j;2078.0875;3519.5454545454545;True;0.40576902378646
-5875715153546024850;1000;neo4j;1939.4957805907172;3192.7368421052633;True;0.40576902378646
-5875715153546024850;3000;neo4j;2793.966173361522;4009.835789473684;True;0.40576902378646
-5868780714118275360;1000;neo4j;1288.7194092827003;2794.6084210526315;True;0.40576902378646
-5868780714118275360;9000;neo4j;1440.524312896406;3505.9284210526316;True;0.40576902378646
-5866802431592467742;100;postgres;2062.449275362319;2270.7033195020745;True;0.40576902378646
-5866802431592467742;1000;postgres;3769.654244306418;4798.380952380952;True;0.40576902378646
-5855969632006255615;100;neo4j;1522.936575052854;3880.728421052632;True;0.40576902378646
-5850866507022430799;500;neo4j;1636.076062639821;3255.7244444444445;True;0.40576902378646
-5842315164550157124;500;neo4j;4503.34131736527;4694.340757238308;True;0.40576902378646
-5835015654411897951;1000;neo4j;1861.6316964285713;2682.26;True;0.40576902378646
-5832944822212267536;1000;neo4j;1362.879746835443;1722.138947368421;True;0.40576902378646
-5832944822212267536;3000;neo4j;1384.65611814346;3195.486315789474;True;0.40576902378646
-5828081269918276145;500;neo4j;1803.9620253164558;3732.214736842105;True;0.40576902378646
-5828081269918276145;1000;neo4j;1940.607594936709;3535.543157894737;True;0.40576902378646
-5820903511978681437;100;neo4j;1395.7732067510549;2513.926315789474;True;0.40576902378646
-5818007705189964950;500;neo4j;2527.198660714286;3788.222222222222;True;0.40576902378646
-5814722966580029384;100;neo4j;1497.6666666666667;1625.040733197556;True;0.40576902378646
-5814722966580029384;500;neo4j;1627.2839632277835;1749.0356052899288;True;0.40576902378646
-5814722966580029384;3000;postgres;2856.099593495935;2923.6281920326865;True;0.40576902378646
-5812501235839181269;3000;neo4j;2868.799454297408;3012.978305084746;True;0.40576902378646
-5812501235839181269;9000;neo4j;4873.570621468926;5290.600609756098;True;0.40576902378646
-5812324605385951098;500;postgres;4944.6866666666665;28307.408333333333;True;0.40576902378646
-5808263739570140977;100;neo4j;1480.02868852459;1397.4285714285713;False;0.40576902378646
-5808263739570140977;1000;neo4j;1381.542094455852;2800.876530612245;True;0.40576902378646
-5808263739570140977;3000;neo4j;1475.0802469135801;3002.726530612245;True;0.40576902378646
-5808263739570140977;15000;neo4j;1330.014344262295;3312.04693877551;True;0.40576902378646
-5806799612665184324;500;neo4j;1790.1452282157677;2052.059917355372;True;0.40576902378646
-5802156859761475262;3000;neo4j;2925.8338525441327;3854.390269151139;True;0.40576902378646
-5802156859761475262;9000;neo4j;4778.394444444444;5284.44513457557;True;0.40576902378646
-5800103716773734909;100;neo4j;1643.9599109131402;2673.2533333333336;True;0.40576902378646
-5793047647317326241;100;neo4j;1559.741288278775;1665.0515789473684;True;0.40576902378646
-5777440401488282806;100;neo4j;1373.1012658227849;1304.8231578947368;False;0.40576902378646
-5777440401488282806;9000;neo4j;1402.1603375527427;3546.3747368421054;True;0.40576902378646
-5777216055990111103;100;neo4j;1486.5577312626604;1631.9663752521856;True;0.40576902378646
-5777216055990111103;1000;neo4j;1342.1900406504064;2132.3848484848486;True;0.40576902378646
-5777216055990111103;3000;neo4j;1385.9533783783784;3140.518493611298;True;0.40576902378646
-5777216055990111103;9000;neo4j;1331.7044534412955;3429.6787878787877;True;0.40576902378646
-5777216055990111103;15000;neo4j;1340.392315470172;3241.7194752774976;True;0.40576902378646
-5776536685470068481;1000;postgres;3666.5466666666666;4693.032;True;2.1481481481481484
-5774620469028228876;100;postgres;1262.9957894736842;1462.7494736842104;True;0.40576902378646
-5774620469028228876;3000;neo4j;1316.0991561181434;2506.8484210526317;True;0.40576902378646
-5773946317367715531;500;postgres;3655.0244444444443;4933.0;True;2.1481481481481484
-5773406725925685609;100;neo4j;1490.9977728285078;1718.391111111111;True;0.40576902378646
-5771421180516274588;100;postgres;1388.1507128309572;1461.4224489795918;True;0.40576902378646
-5771421180516274588;1000;neo4j;1430.8857142857144;2637.682926829268;True;0.40576902378646
-5771421180516274588;3000;neo4j;1365.5244897959183;2644.790650406504;True;0.40576902378646
-5771421180516274588;9000;neo4j;1330.6183673469388;2745.3051881993897;True;0.40576902378646
-5771421180516274588;15000;neo4j;1290.7673469387755;2582.6056910569105;True;0.40576902378646
-5769746364751834848;100;neo4j;1537.828125;1871.7777777777778;True;0.40576902378646
-5767873946546154713;9000;neo4j;1784.7995545657016;2198.5066666666667;True;14.280303030303031
-5762007289657223436;100;neo4j;1629.870253164557;2935.8368421052633;True;0.40576902378646
-5754873180549726652;100;neo4j;1594.2059620596206;1821.390276839973;True;0.40576902378646
-5754873180549726652;500;postgres;3126.7631578947367;3538.412244897959;True;0.40576902378646
-5754873180549726652;3000;neo4j;4485.2;5180.4089068825915;True;0.40576902378646
-5749526198420894274;100;neo4j;2164.5746887966807;2407.055900621118;True;0.40576902378646
-5749526198420894274;500;postgres;3454.543388429752;3618.141962421712;True;0.40576902378646
-5749526198420894274;1000;postgres;3510.8260869565215;4121.888392857143;True;0.40576902378646
-5743685055566964215;100;neo4j;1952.7906976744187;2813.7473684210527;True;0.40576902378646
-5739948443174651179;100;neo4j;1448.7172557172557;1568.952380952381;True;0.40576902378646
-5739948443174651179;1000;neo4j;1482.2028985507247;3090.055785123967;True;0.40576902378646
-5739948443174651179;15000;neo4j;1368.091286307054;3654.6066252587993;True;0.40576902378646
-5727196668349692333;100;neo4j;1596.795100222717;1846.648888888889;True;0.40576902378646
-5722341178241687974;3000;neo4j;1427.7700421940929;2686.44;True;0.40576902378646
-5722341178241687974;9000;neo4j;1320.6518987341772;2467.68;True;0.40576902378646
-5717255938840428804;100;neo4j;1564.8459915611813;2133.2926315789473;True;0.40576902378646
-5717255938840428804;500;neo4j;1962.934599156118;3454.656842105263;True;0.40576902378646
-5716294536481732578;1000;neo4j;1371.736607142857;1581.02;True;0.40576902378646
-5713786879890770045;100;neo4j;2140.0548523206753;2035.003157894737;False;0.40576902378646
-5712143898378332058;500;postgres;1344.5493387589013;2184.9684317718943;True;2.1481481481481484
-5712143898378332058;3000;postgres;2292.1524390243903;3408.755600814664;True;2.1481481481481484
-5695771351640187113;100;neo4j;1444.2850779510022;2720.928888888889;True;0.40576902378646
-5695508271900811649;500;neo4j;1349.9888392857142;1326.4533333333334;False;2.1481481481481484
-5683980667424810681;500;neo4j;1618.570824524313;2674.865263157895;True;0.40576902378646
-5683980667424810681;1000;neo4j;2108.3270042194094;3911.2126315789474;True;0.40576902378646
-5682983035226623821;100;neo4j;1554.221617946975;2213.0114942528735;True;0.40576902378646
-5682983035226623821;1000;neo4j;1368.585117227319;2968.2182741116753;True;0.40576902378646
-5682983035226623821;3000;neo4j;1487.334693877551;3230.600405679513;True;0.40576902378646
-5682983035226623821;9000;neo4j;1378.7942973523423;3964.31845841785;True;0.40576902378646
-5678352338196676757;1000;neo4j;1830.185267857143;2481.0533333333333;True;0.40576902378646
-5667477617883698090;100;postgres;1194.064182194617;1238.1614906832299;True;2.1481481481481484
-5667477617883698090;500;neo4j;1399.7826086956522;1430.935950413223;True;2.1481481481481484
-5667477617883698090;9000;neo4j;1536.3416666666667;3007.9171842650103;True;2.1481481481481484
-5664841436984336662;1000;neo4j;1938.2897959183674;2694.0630081300815;True;0.40576902378646
-5664841436984336662;3000;neo4j;2799.102301790281;4676.524782830864;True;0.40576902378646
-5661161407548451498;1000;postgres;2749.8388429752067;3223.414078674948;True;2.1481481481481484
-5642812060548835485;100;neo4j;1404.1856540084389;2385.5684210526315;True;0.40576902378646
-5642812060548835485;15000;neo4j;1365.0507399577168;3260.701052631579;True;0.40576902378646
-5641823172920587800;500;neo4j;1577.955456570156;1803.5822222222223;True;0.40576902378646
-5639666697648966159;100;neo4j;1825.380501015572;1893.1686909581647;True;0.40576902378646
-5639666697648966159;500;neo4j;2305.548057259714;2335.1176470588234;True;0.40576902378646
-5625330014806647348;500;neo4j;1552.195991091314;2793.6111111111113;True;0.40576902378646
-5620212038768794750;100;postgres;936.7329192546584;1405.0663900414938;True;2.1481481481481484
-5620212038768794750;1000;postgres;1003.3037190082645;1271.297520661157;True;2.1481481481481484
-5620212038768794750;9000;neo4j;1282.0788381742739;1694.2587991718426;True;2.1481481481481484
-5608871831886919204;500;neo4j;2187.663697104677;2591.362222222222;True;0.40576902378646
-5606939739887060778;100;neo4j;1484.2138084632518;2443.9622222222224;True;0.40576902378646
-5598556343628437139;1000;neo4j;1964.810267857143;2912.2733333333335;True;0.40576902378646
-5594982232974545270;100;neo4j;1399.542194092827;2161.6505263157896;True;0.40576902378646
-5594982232974545270;3000;neo4j;1567.2320675105486;3220.458947368421;True;0.40576902378646
-5592647426786851172;100;neo4j;1766.4097995545658;3618.617777777778;True;0.40576902378646
-5592271172756412787;500;neo4j;1344.3964365256124;2073.237777777778;True;0.40576902378646
-5588489618868799521;100;neo4j;1470.329918032787;1674.3591836734695;True;0.40576902378646
-5588489618868799521;1000;neo4j;1331.0006839945281;2129.8557823129254;True;0.40576902378646
-5588489618868799521;3000;neo4j;1297.5204918032787;2775.408163265306;True;0.40576902378646
-5587257885024767239;3000;postgres;2557.08;2693.951111111111;True;0.40576902378646
-5585385935022294898;100;neo4j;1432.397119341564;2057.8973305954823;True;0.40576902378646
-5585385935022294898;500;neo4j;1633.8439425051336;2095.2889344262294;True;0.40576902378646
-5585385935022294898;3000;neo4j;2827.845995893224;3045.6004098360654;True;0.40576902378646
-5573259745841257798;100;neo4j;1890.7383966244727;2085.4273684210525;True;0.40576902378646
-5573259745841257798;1000;neo4j;4235.536585365854;4479.395789473684;True;0.40576902378646
-5569355695355565011;100;postgres;1082.4166666666667;1384.0896130346232;True;2.1481481481481484
-5569355695355565011;500;postgres;1211.469512195122;1558.1422764227643;True;2.1481481481481484
-5569355695355565011;3000;postgres;1778.9643584521384;2789.7344228804905;True;2.1481481481481484
-5569355695355565011;15000;postgres;4414.047764227642;18550.32113821138;True;2.1481481481481484
-5564023198293866649;500;neo4j;1317.3253886010364;1611.8107549120994;True;0.40576902378646
-5564023198293866649;9000;neo4j;1426.3340248962656;2962.6190476190477;True;0.40576902378646
-5560627520849921213;100;neo4j;1627.5263879369431;1690.4196855775804;True;0.40576902378646
-5547326296607645691;1000;postgres;1261.4933333333333;1795.7242152466367;True;2.1481481481481484
-5535326991102345370;100;postgres;1221.4755555555555;1435.7266666666667;True;0.40576902378646
-5531082894168151131;500;neo4j;1538.2782874617737;1516.8568527918783;False;0.40576902378646
-5531082894168151131;1000;neo4j;1968.7698574338085;1989.130831643002;True;0.40576902378646
-5531082894168151131;3000;postgres;4842.014198782961;14238.971602434078;True;0.40576902378646
-5526843765156059105;100;neo4j;1349.9539406345957;1310.676530612245;False;0.40576902378646
-5526843765156059105;500;postgres;1552.8561224489797;1550.5903983656792;False;0.40576902378646
-5526843765156059105;9000;neo4j;4753.773462783171;4749.7673469387755;False;0.40576902378646
-5525961468521724371;3000;neo4j;2825.1183035714284;5568.195555555556;True;0.40576902378646
-5524388099091264314;500;postgres;3344.3684210526317;20772.54661016949;True;2.1481481481481484
-5524388099091264314;1000;postgres;3392.4294736842107;28380.10138248848;True;2.1481481481481484
-5517715926648206197;1000;neo4j;2524.1116071428573;3639.7755555555555;True;0.40576902378646
-5515449036696307416;100;neo4j;1403.7461024498887;1947.92;True;0.40576902378646
-5515223517124398605;9000;neo4j;4653.094285714285;4502.698947368421;False;0.40576902378646
-5513526704211434606;1000;neo4j;3355.3541202672604;7019.314732142857;True;0.40576902378646
-5502574534773065056;1000;neo4j;1884.746887966805;2436.418219461698;True;0.40576902378646
-5502574534773065056;3000;neo4j;2524.4677754677755;3942.813664596273;True;0.40576902378646
-5500746375760375425;100;neo4j;1628.897119341564;3292.3975409836066;True;0.40576902378646
-5500746375760375425;500;neo4j;1503.0658436213992;1647.0553278688524;True;0.40576902378646
-5500746375760375425;9000;neo4j;1277.3765432098764;3499.3675564681726;True;0.40576902378646
-5500746375760375425;15000;neo4j;1426.3909465020577;3727.718685831622;True;0.40576902378646
-5499186085991376364;100;neo4j;1584.719262295082;2131.238775510204;True;0.40576902378646
-5499186085991376364;500;neo4j;1695.6611909650924;2229.1428571428573;True;0.40576902378646
-5499186085991376364;3000;neo4j;2903.841563786008;3707.907142857143;True;0.40576902378646
-5497442397475264705;100;neo4j;1403.4595141700404;1347.3683148335015;False;0.40576902378646
-5497442397475264705;500;neo4j;1264.921052631579;1155.0929292929293;False;0.40576902378646
-5497442397475264705;1000;neo4j;1339.7121901871521;1985.0226928895613;True;0.40576902378646
-5497442397475264705;3000;neo4j;1384.15991902834;2401.3474747474747;True;0.40576902378646
-5497442397475264705;9000;neo4j;1332.3232323232323;2684.9798387096776;True;0.40576902378646
-5497442397475264705;15000;neo4j;1445.264705882353;2758.7252525252525;True;0.40576902378646
-5494516054765786143;100;neo4j;1409.1338797814208;1709.443537414966;True;0.40576902378646
-5494516054765786143;9000;neo4j;1302.4969325153374;3007.2571428571428;True;0.40576902378646
-5494516054765786143;15000;neo4j;1532.84631147541;3347.5061224489796;True;0.40576902378646
-5491781560808473528;100;neo4j;1428.7865853658536;1312.3785425101214;False;0.40576902378646
-5491781560808473528;500;neo4j;1557.9330628803245;2761.490909090909;True;0.40576902378646
-5491781560808473528;1000;neo4j;1415.3866396761134;2523.589898989899;True;0.40576902378646
-5491781560808473528;9000;neo4j;1344.2667342799189;2789.794742163802;True;0.40576902378646
-5491781560808473528;15000;neo4j;1503.1302136317395;3431.928137651822;True;0.40576902378646
-5487083530192151184;9000;neo4j;1399.4608501118569;3090.1955555555555;True;0.40576902378646
-5483397862379750986;100;postgres;1139.0496894409937;1417.0207468879669;True;2.1481481481481484
-5483397862379750986;500;postgres;1844.3809523809523;2212.5403726708073;True;2.1481481481481484
-5469425175976081239;100;neo4j;1445.0658436213992;1369.9137577002055;False;0.40576902378646
-5469425175976081239;15000;neo4j;1386.0787671232877;3796.1387559808613;True;0.40576902378646
-5467056188101367174;1000;postgres;830.0739219712526;1122.9835728952771;True;2.1481481481481484
-5467056188101367174;3000;neo4j;1448.9507186858316;1521.295081967213;True;2.1481481481481484
-5467056188101367174;15000;neo4j;1468.86508753862;1795.3620512820512;True;2.1481481481481484
-5464130279940922008;100;neo4j;1865.5033407572382;2405.991111111111;True;0.40576902378646
-5461920241018718388;500;neo4j;1515.0232067510549;1970.5642105263157;True;0.40576902378646
-5461920241018718388;3000;neo4j;2744.875;3460.8126315789473;True;0.40576902378646
-5460417360495928725;100;postgres;1165.6126315789475;1416.1873684210527;True;2.1481481481481484
-5459529508677784380;100;postgres;1247.5076820307281;1337.6622073578596;True;0.40576902378646
-5459529508677784380;500;neo4j;1375.0004024144869;1430.099077416767;True;0.40576902378646
-5459529508677784380;1000;neo4j;1412.3237657864524;1888.2195820211853;True;0.40576902378646
-5459529508677784380;3000;neo4j;1338.895742541066;1844.2029421598127;True;0.40576902378646
-5459529508677784380;9000;neo4j;1319.467437767161;2504.977181544634;True;0.40576902378646
-5459529508677784380;15000;neo4j;1294.2441314553992;2578.594314381271;True;0.40576902378646
-5455945351047528348;1000;neo4j;1291.0373443983403;3413.2215320910973;True;0.40576902378646
-5455945351047528348;3000;neo4j;1531.6597510373444;3851.4761904761904;True;0.40576902378646
-5455945351047528348;9000;neo4j;1304.4120082815734;3688.4628099173556;True;0.40576902378646
-5451048173845360575;500;neo4j;1539.1804008908687;3069.5622222222223;True;0.40576902378646
-5440275539053613694;500;neo4j;1984.92194092827;2671.778947368421;True;0.40576902378646
-5440275539053613694;1000;neo4j;3258.771186440678;4139.233684210526;True;0.40576902378646
-5438924001466061596;15000;neo4j;1379.195991091314;3379.4355555555558;True;0.40576902378646
-5428759079027337731;500;neo4j;1515.6875;2329.7955555555554;True;0.40576902378646
-5427647888368570886;100;neo4j;1489.985200845666;2442.7768421052633;True;0.40576902378646
-5427647888368570886;500;neo4j;1526.1286919831223;2685.197894736842;True;0.40576902378646
-5411604250872952292;3000;neo4j;2893.496894409938;5089.006198347108;True;0.40576902378646
-5411604250872952292;9000;neo4j;4877.580645161291;6088.577639751553;True;0.40576902378646
-5405851585881233947;100;neo4j;1404.6784232365146;1629.2525879917184;True;0.40576902378646
-5405851585881233947;500;neo4j;1441.545643153527;1826.9503105590063;True;0.40576902378646
-5405851585881233947;3000;neo4j;2882.3796680497926;3492.2727272727275;True;0.40576902378646
-5398439071298040395;100;neo4j;1407.5244897959183;1340.6544715447155;False;0.40576902378646
-5398439071298040395;500;neo4j;1761.439918533605;1678.1217038539553;False;0.40576902378646
-5398439071298040395;1000;postgres;1497.6430020283976;1731.1845841784989;True;0.40576902378646
-5398439071298040395;3000;postgres;2255.447261663286;2661.8077314343846;True;0.40576902378646
-5398439071298040395;9000;postgres;3014.7707910750505;4833.0204081632655;True;0.40576902378646
-5398439071298040395;15000;postgres;3053.4340770791073;18663.33874239351;True;0.40576902378646
-5394753951669411123;100;neo4j;1625.620253164557;1634.1178947368421;True;0.40576902378646
-5384551343859667203;100;neo4j;1534.4894291754756;2237.164210526316;True;0.40576902378646
-5379300466718626006;100;neo4j;1748.109131403118;2183.157777777778;True;0.40576902378646
-5374572761050677881;100;postgres;1196.2336842105262;1452.703157894737;True;0.40576902378646
-5374572761050677881;15000;neo4j;1287.597046413502;2716.6884210526314;True;0.40576902378646
-5370515708455476927;9000;neo4j;4843.931372549019;7457.678571428572;True;0.40576902378646
-5364467522406069715;500;postgres;2403.4333333333334;2849.211111111111;True;2.1481481481481484
-5363780357034106698;100;postgres;903.1085832471562;1436.1778697001034;True;2.1481481481481484
-5363780357034106698;3000;postgres;1311.6190476190477;1314.9627329192547;True;2.1481481481481484
-5359148194983551056;1000;postgres;1546.7494736842104;1663.892177589852;True;2.1481481481481484
-5359148194983551056;9000;postgres;3680.6252631578946;4402.133501259445;True;2.1481481481481484
-5359128119391558564;3000;neo4j;2788.6993318485524;4658.066666666667;True;0.40576902378646
-5348276044281728863;100;neo4j;1620.5946547884187;1892.2222222222222;True;0.40576902378646
-5345513832960369156;100;neo4j;1595.3073496659242;2243.0755555555556;True;0.40576902378646
-5343774759014959695;100;neo4j;1620.2912423625255;2293.180527383367;True;0.40576902378646
-5343774759014959695;500;neo4j;1649.346232179226;2147.3927125506075;True;0.40576902378646
-5343774759014959695;1000;neo4j;2187.7897959183674;2444.838056680162;True;0.40576902378646
-5343774759014959695;3000;neo4j;2651.6183673469386;3854.546558704453;True;0.40576902378646
-5343774759014959695;9000;neo4j;4868.528571428571;8560.954598370197;True;0.40576902378646
-5342707591890649025;500;postgres;1736.451111111111;1811.1466666666668;True;2.1481481481481484
-5342634912139478849;100;neo4j;1454.765625;2150.9933333333333;True;0.40576902378646
-5338533552051012948;100;neo4j;1469.446088794926;2304.6526315789474;True;0.40576902378646
-5329008311052562635;100;postgres;871.4512195121952;1312.44918699187;True;2.1481481481481484
-5329008311052562635;500;postgres;1093.152749490835;1627.6293279022402;True;2.1481481481481484
-5329008311052562635;1000;postgres;1180.0366225839268;1835.365306122449;True;2.1481481481481484
-5329008311052562635;3000;postgres;2016.2362525458248;2838.6543967280163;True;2.1481481481481484
-5329008311052562635;9000;postgres;3675.8943089430895;4899.0;True;2.1481481481481484
-5324451219330851070;100;neo4j;1493.597046413502;2562.8168421052633;True;0.40576902378646
-5324451219330851070;1000;neo4j;1928.75;3034.7305263157896;True;0.40576902378646
-5320608850791703672;100;neo4j;1615.0527426160338;2302.818947368421;True;0.40576902378646
-5314226005153970995;100;postgres;1314.5216952573157;1496.5095862764883;True;2.1481481481481484
-5314226005153970995;500;postgres;1909.3717171717171;2459.1434343434344;True;2.1481481481481484
-5314226005153970995;1000;postgres;1746.3961693548388;1971.9626262626264;True;2.1481481481481484
-5314226005153970995;3000;neo4j;3332.308943089431;4782.486377396569;True;2.1481481481481484
-5309520533253043796;100;neo4j;1517.460970464135;1458.9694736842105;False;0.40576902378646
-5300985780181865069;100;neo4j;1498.5101419878297;1879.3017154389506;True;0.40576902378646
-5300985780181865069;1000;neo4j;2382.122972972973;2696.741089441829;True;0.40576902378646
-5300985780181865069;3000;neo4j;2860.826219512195;3744.4555555555557;True;0.40576902378646
-5300985780181865069;9000;neo4j;4631.694444444444;5484.78061911171;True;0.40576902378646
-5286425961117494141;100;postgres;1605.4360544217686;1742.5617747440274;True;0.40576902378646
-5286425961117494141;500;postgres;2382.2673469387755;3707.36875;True;0.40576902378646
-5285146008176180891;100;neo4j;1407.0886075949368;1991.8694736842106;True;0.40576902378646
-5284401565153653460;1000;neo4j;1755.4427966101696;2233.7115789473683;True;0.40576902378646
-5284401565153653460;3000;neo4j;2601.369978858351;3053.1494736842105;True;0.40576902378646
-5267701289591227711;3000;neo4j;2885.0022321428573;2945.3955555555553;True;0.40576902378646
-5261434466886637283;100;neo4j;1530.3843717001057;1865.0431578947369;True;0.40576902378646
-5252841233912325586;500;neo4j;1632.5233853006682;2697.0911111111113;True;0.40576902378646
-5244360951439217236;100;neo4j;1527.0752032520325;1536.7232323232324;True;0.40576902378646
-5244360951439217236;500;neo4j;1319.6612576064908;1392.6444444444444;True;0.40576902378646
-5244360951439217236;1000;neo4j;1278.5681511470984;1660.5407407407408;True;0.40576902378646
-5244360951439217236;9000;neo4j;1281.206686930091;2125.7353535353536;True;0.40576902378646
-5244360951439217236;15000;neo4j;1496.165991902834;2414.6;True;0.40576902378646
-5235977595726000287;1000;postgres;1431.2884210526315;1803.1431578947368;True;2.1481481481481484
-5226036592603722017;100;neo4j;1310.641425389755;1944.32;True;0.40576902378646
-5224931266997543772;3000;neo4j;1498.7932489451478;3321.8105263157895;True;0.40576902378646
-5224931266997543772;15000;neo4j;1295.360759493671;3277.1094736842106;True;0.40576902378646
-5218472874076861174;100;neo4j;1512.9979423868313;1503.1334702258728;False;0.40576902378646
-5218472874076861174;500;neo4j;1480.9958932238194;2867.8524590163934;True;0.40576902378646
-5218472874076861174;1000;neo4j;1269.8641975308642;1986.016393442623;True;0.40576902378646
-5218472874076861174;9000;neo4j;1370.8168724279835;3991.23613963039;True;0.40576902378646
-5209287720641858121;500;neo4j;1815.162447257384;3850.536842105263;True;0.40576902378646
-5207210836231447793;100;neo4j;1695.340862422998;1916.3673469387754;True;0.40576902378646
-5207210836231447793;500;neo4j;1374.281762295082;1856.477551020408;True;0.40576902378646
-5207210836231447793;9000;neo4j;1312.6045081967213;2271.6285714285714;True;0.40576902378646
-5207210836231447793;15000;neo4j;1401.5655737704917;2989.6408163265305;True;0.40576902378646
-5207149682114104729;100;neo4j;1448.6020408163265;2854.8678861788617;True;0.40576902378646
-5207149682114104729;500;neo4j;1840.321063394683;3060.6991869918697;True;0.40576902378646
-5207149682114104729;3000;neo4j;2745.315573770492;4782.0183299389;True;0.40576902378646
-5207149682114104729;9000;neo4j;4801.57037037037;8534.018867924528;True;0.40576902378646
-5201087425454154880;100;neo4j;1392.7857142857142;1886.591111111111;True;0.40576902378646
-5190626355003573648;3000;postgres;3725.951111111111;18351.906666666666;True;2.1481481481481484
-5178466308555676172;500;neo4j;1515.955456570156;1955.5444444444445;True;2.1481481481481484
-5178108277874210634;1000;neo4j;1834.7750556792873;2571.4644444444443;True;0.40576902378646
-5166758166615889260;500;neo4j;1359.1781737193764;2866.266666666667;True;0.40576902378646
-5160051043232685409;1000;neo4j;1901.549107142857;2715.231111111111;True;0.40576902378646
-5144315344668596618;9000;neo4j;4907.137254901961;8794.424437299036;True;0.40576902378646
-5141935615555527759;100;neo4j;1463.7124316939892;1924.9666666666667;True;0.40576902378646
-5141935615555527759;1000;neo4j;1657.562372188139;2889.9285714285716;True;0.40576902378646
-5135396572485217962;100;postgres;640.2357894736842;1042.2084210526316;True;2.1481481481481484
-5135396572485217962;3000;mongo;1033.9621052631578;995.7831578947369;False;2.1481481481481484
-5131102034679840446;500;neo4j;1530.5264270613109;1559.7810526315789;True;0.40576902378646
-5131102034679840446;1000;neo4j;1601.5138004246285;1812.762105263158;True;0.40576902378646
-5125139397723190836;500;neo4j;1581.0824053452116;2333.471111111111;True;0.40576902378646
-5099680629040393383;3000;neo4j;2673.979910714286;3782.257777777778;True;0.40576902378646
-5097860271646654569;9000;neo4j;4919.785714285715;6404.013333333333;True;0.40576902378646
-5082787786952255498;500;postgres;882.6955555555555;1562.8191964285713;True;2.1481481481481484
-5077009057426912129;100;neo4j;1537.3696615632555;1518.5284569138278;False;0.40576902378646
-5077009057426912129;500;neo4j;1415.4663386267055;1908.0468123049486;True;0.40576902378646
-5077009057426912129;1000;neo4j;1404.301810865191;1828.3380140421264;True;0.40576902378646
-5077009057426912129;3000;neo4j;1407.5303064191455;2516.6714922048996;True;0.40576902378646
-5077009057426912129;9000;neo4j;1323.6184563758388;2955.480280748663;True;0.40576902378646
-5077009057426912129;15000;neo4j;1321.2845651080945;2871.476691729323;True;0.40576902378646
-5071165962017329573;100;postgres;1208.3726315789474;1638.3494736842106;True;2.1481481481481484
-5069385433236695636;100;neo4j;1320.487750556793;1599.24;True;0.40576902378646
-5058371157059503447;500;neo4j;1499.804008908686;1713.1622222222222;True;0.40576902378646
-5056602359699702122;1000;neo4j;1198.9303797468353;1188.8842105263159;False;0.40576902378646
-5056602359699702122;15000;neo4j;1318.8033826638477;2521.261052631579;True;0.40576902378646
-5053831697246900660;100;postgres;1337.2813765182186;1457.0566801619434;True;0.40576902378646
-5053831697246900660;500;neo4j;1526.395918367347;1637.4847870182555;True;0.40576902378646
-5053831697246900660;1000;neo4j;1924.0070993914808;1841.6012145748987;False;0.40576902378646
-5053831697246900660;3000;postgres;2960.269230769231;2979.717766497462;True;0.40576902378646
-5053831697246900660;9000;postgres;4401.95951417004;25062.527114967463;True;0.40576902378646
-5044664517312258266;100;postgres;811.1242236024844;1359.527950310559;True;2.1481481481481484
-5044664517312258266;1000;postgres;1149.9111570247933;1805.8778467908903;True;2.1481481481481484
-5044193782781900929;500;neo4j;1687.7404921700224;2686.568888888889;True;0.40576902378646
-5041754852353699776;100;neo4j;1489.913140311804;2219.5666666666666;True;0.40576902378646
-5040912885430738178;100;neo4j;1452.5274611398963;1681.6814891416752;True;0.40576902378646
-5040912885430738178;3000;neo4j;1368.3941908713693;1728.368530020704;True;0.40576902378646
-5033768322586823505;100;postgres;1402.3904958677685;1911.0723140495868;True;2.1481481481481484
-5033768322586823505;500;postgres;2224.2422360248447;3094.8695652173915;True;2.1481481481481484
-5032019190172518818;100;neo4j;1845.6547884187082;2736.4533333333334;True;0.40576902378646
-5024328514612217296;3000;neo4j;1648.4587973273942;3933.193333333333;True;0.40576902378646
-5024208557582392276;500;neo4j;1589.5558035714287;2512.1844444444446;True;0.40576902378646
-5015120425027576488;100;neo4j;1559.194075587334;2662.4908536585367;True;0.40576902378646
-5015120425027576488;500;neo4j;1422.0480572597137;2571.179043743642;True;0.40576902378646
-5015120425027576488;1000;neo4j;1235.2836734693878;1918.5792682926829;True;0.40576902378646
-5015120425027576488;9000;neo4j;1350.091836734694;3263.2810590631366;True;0.40576902378646
-5011353317799970907;3000;neo4j;1465.0949367088608;3465.2357894736842;True;0.40576902378646
-5011353317799970907;9000;neo4j;1381.6723044397463;3983.8273684210526;True;0.40576902378646
-5008219390423718808;1000;neo4j;2145.3541202672604;2325.633333333333;True;0.40576902378646
-4995478460864369218;100;neo4j;1829.044543429844;1928.4644444444446;True;0.40576902378646
-4991242542706695795;100;postgres;832.8198757763976;1324.167701863354;True;2.1481481481481484
-4986413182667982703;100;neo4j;1681.9513184584177;2780.5151515151515;True;0.40576902378646
-4986413182667982703;500;neo4j;1481.3705583756346;2578.410101010101;True;0.40576902378646
-4986413182667982703;1000;neo4j;1431.510162601626;2539.789898989899;True;0.40576902378646
-4986413182667982703;3000;neo4j;1445.219512195122;3699.967676767677;True;0.40576902378646
-4986413182667982703;9000;neo4j;1363.6330399458361;3488.0053872053873;True;0.40576902378646
-4986413182667982703;15000;neo4j;1315.7505070993914;3218.5555555555557;True;0.40576902378646
-4977701059592049106;500;neo4j;1628.4303797468353;2397.993684210526;True;0.40576902378646
-4977701059592049106;3000;neo4j;3086.1983122362867;3544.52;True;0.40576902378646
-4968887456523623734;1000;neo4j;1957.207039337474;2339.840909090909;True;0.40576902378646
-4961078492920920751;100;neo4j;1513.9487750556793;2562.7644444444445;True;0.40576902378646
-4958342640276341984;100;neo4j;1557.4758995247794;1831.7087837837837;True;0.40576902378646
-4958342640276341984;1000;neo4j;1330.5244399185335;2203.3016194331985;True;0.40576902378646
-4958342640276341984;9000;neo4j;1365.6900406504064;3320.0344129554655;True;0.40576902378646
-4958342640276341984;15000;neo4j;1350.5234215885946;3140.6186612576066;True;0.40576902378646
-4957062178621389345;100;neo4j;1456.662447257384;1357.8673684210526;False;0.40576902378646
-4957062178621389345;500;neo4j;1315.2283298097252;2360.3515789473686;True;0.40576902378646
-4947961311573179947;500;postgres;934.5821355236139;1210.7648870636551;True;2.1481481481481484
-4947961311573179947;3000;neo4j;1400.511293634497;2083.559426229508;True;2.1481481481481484
-4947961311573179947;15000;neo4j;1240.9156378600824;2117.88090349076;True;2.1481481481481484
-4946907198558303490;3000;neo4j;1331.1358574610244;1499.9022222222222;True;2.1481481481481484
-4939588207657506264;100;postgres;1544.3457556935819;1662.9813664596272;True;0.40576902378646
-4939588207657506264;500;neo4j;2133.768115942029;2141.2665289256197;True;0.40576902378646
-4939588207657506264;1000;neo4j;4483.752631578947;4784.338174273859;True;0.40576902378646
-4939410373693120361;500;neo4j;1637.3496659242762;3033.1155555555556;True;0.40576902378646
-4937827706945432852;100;postgres;1184.9466666666667;1418.5511111111111;True;0.40576902378646
-4898283819223492457;100;neo4j;1585.730512249443;2396.7066666666665;True;0.40576902378646
-4897849497684829669;3000;neo4j;2662.161825726141;3935.0248447204967;True;0.40576902378646
-4897849497684829669;9000;neo4j;4888.119047619048;7931.125260960334;True;0.40576902378646
-4893324965547891798;500;neo4j;1695.283950617284;2998.8586065573772;True;0.40576902378646
-4893324965547891798;1000;neo4j;2050.340206185567;4557.039014373717;True;0.40576902378646
-4889068094704126971;3000;postgres;9238.666666666666;15894.76;True;0.40576902378646
-4875547280245400494;500;neo4j;1693.4367088607594;3004.056842105263;True;0.40576902378646
-4875547280245400494;3000;neo4j;2837.778481012658;4570.054736842105;True;0.40576902378646
-4874636633179472494;1000;postgres;3357.342857142857;4108.136752136752;True;2.1481481481481484
-4874252998550178301;100;postgres;1483.1611570247933;1787.4504132231405;True;2.1481481481481484
-4874252998550178301;500;postgres;2447.354037267081;2855.642411642412;True;2.1481481481481484
-4873343804286660286;9000;neo4j;1308.8504464285713;3224.9644444444443;True;0.40576902378646
-4871370053082911399;1000;postgres;1497.4666666666667;2266.628888888889;True;2.1481481481481484
-4861310363441694786;100;neo4j;1409.6258351893096;1861.4733333333334;True;0.40576902378646
-4842461907420003826;9000;neo4j;1283.1049107142858;3030.0466666666666;True;0.40576902378646
-4841957798128054190;1000;neo4j;2024.3846153846155;2522.749482401656;True;0.40576902378646
-4841957798128054190;3000;neo4j;3168.995841995842;3830.3291925465837;True;0.40576902378646
-4829524623674207947;1000;neo4j;1981.8329621380847;3920.5066666666667;True;0.40576902378646
-4827810657882304328;1000;neo4j;1854.075723830735;1863.0266666666666;True;0.40576902378646
-4822507739762896251;100;neo4j;1608.9261517615175;1772.8739042481457;True;0.40576902378646
-4822507739762896251;1000;neo4j;1537.6089613034624;2589.755060728745;True;0.40576902378646
-4822507739762896251;3000;neo4j;1405.8964116452269;2570.653405259609;True;0.40576902378646
-4822507739762896251;9000;neo4j;1337.4103343465047;2743.5383838383837;True;0.40576902378646
-4815062270997185507;100;neo4j;1509.6901076716017;1707.220770519263;True;0.40576902378646
-4815062270997185507;500;neo4j;1424.1656586021506;1692.7847338466688;True;0.40576902378646
-4815062270997185507;1000;neo4j;1301.2732793522266;2400.0180722891564;True;0.40576902378646
-4815062270997185507;9000;neo4j;1344.4459809853067;3076.485370051635;True;0.40576902378646
-4815062270997185507;15000;neo4j;1374.2637583892617;3043.920348058902;True;0.40576902378646
-4796442568503065056;100;neo4j;1527.6489795918367;1831.453807106599;True;0.40576902378646
-4796442568503065056;500;neo4j;1451.469387755102;1914.2545638945232;True;0.40576902378646
-4796442568503065056;1000;neo4j;1482.224032586558;2536.399594320487;True;0.40576902378646
-4796442568503065056;3000;neo4j;1270.5804480651732;2749.711967545639;True;0.40576902378646
-4796442568503065056;9000;neo4j;1343.8268839103869;3072.874239350913;True;0.40576902378646
-4791996957842821846;100;neo4j;1516.610909090909;2533.8769106999193;True;0.40576902378646
-4791996957842821846;500;neo4j;1512.1245791245792;2868.2237106496987;True;0.40576902378646
-4791996957842821846;1000;neo4j;1428.0605652759084;2204.500670241287;True;0.40576902378646
-4791996957842821846;3000;neo4j;1498.9493927125507;3227.7303822937624;True;0.40576902378646
-4791996957842821846;9000;neo4j;1382.0323232323233;3720.509383378016;True;0.40576902378646
-4791996957842821846;15000;neo4j;1372.5696266397579;3417.1537688442213;True;0.40576902378646
-4785997821961319168;100;postgres;1256.8336842105264;1325.417372881356;True;0.40576902378646
-4785997821961319168;1000;neo4j;1693.0464135021098;3485.513684210526;True;0.40576902378646
-4779864208395615380;500;neo4j;1412.3544041450778;1845.1840744570839;True;0.40576902378646
-4779864208395615380;1000;neo4j;1359.201244813278;1278.5258799171843;False;0.40576902378646
-4776776821262256735;100;neo4j;1312.1247216035636;2398.831111111111;True;0.40576902378646
-4761852614843918681;1000;neo4j;2090.964365256125;3453.9266666666667;True;0.40576902378646
-4761428702208833957;100;neo4j;1398.467706013363;2099.7733333333335;True;0.40576902378646
-4749000791284578302;100;postgres;1081.0378947368422;1295.566596194503;True;2.1481481481481484
-4749000791284578302;500;postgres;1248.7494736842104;1500.717894736842;True;2.1481481481481484
-4747473398088409065;100;neo4j;1403.9799554565702;1947.8377777777778;True;0.40576902378646
-4740475439702323037;100;postgres;1429.1115618661258;1438.9269776876267;True;0.40576902378646
-4740475439702323037;500;postgres;1709.1869918699188;2000.3428571428572;True;0.40576902378646
-4740475439702323037;1000;postgres;1691.8083164300203;1782.1258883248731;True;0.40576902378646
-4740475439702323037;9000;neo4j;4910.870967741936;5125.267748478702;True;0.40576902378646
-4740390881742014702;1000;neo4j;1299.552338530067;2296.197777777778;True;0.40576902378646
-4739814946804750818;100;neo4j;1438.9261603375528;2152.997894736842;True;0.40576902378646
-4739814946804750818;500;neo4j;1593.2848101265822;2404.8884210526317;True;0.40576902378646
-4739166284935712582;500;postgres;1435.871111111111;1430.7066666666667;False;2.1481481481481484
-4735798919015313814;500;neo4j;1614.218262806236;2993.0755555555556;True;0.40576902378646
-4733555193103343079;1000;neo4j;1825.9487750556793;2123.0644444444442;True;0.40576902378646
-4732975980012026065;1000;neo4j;2306.3095768374164;4460.695555555556;True;0.40576902378646
-4729826751658225643;100;postgres;1466.9094736842105;1548.132911392405;True;0.40576902378646
-4729826751658225643;1000;neo4j;1548.1518987341772;3141.1936842105265;True;0.40576902378646
-4714327134776533845;100;neo4j;1489.7126948775056;2654.728888888889;True;0.40576902378646
-4693117103401591086;100;neo4j;1340.0647482014388;1954.9025641025642;True;0.40576902378646
-4693117103401591086;500;neo4j;1477.2185567010308;2722.287474332649;True;0.40576902378646
-4693117103401591086;15000;neo4j;1397.8827160493827;3362.7131147540986;True;0.40576902378646
-4689343579589988006;500;neo4j;1482.5357142857142;1702.2911111111111;True;0.40576902378646
-4684883608728383880;500;neo4j;1326.7795100222718;2302.0066666666667;True;0.40576902378646
-4683466733528029984;9000;neo4j;4756.275862068966;8197.618221258135;True;0.40576902378646
-4676788807481445879;100;neo4j;1618.0991561181434;2793.7536842105264;True;0.40576902378646
-4676788807481445879;500;neo4j;1668.0824524312895;3252.315789473684;True;0.40576902378646
-4673353206667825060;500;postgres;3400.004210526316;3608.404255319149;True;0.40576902378646
-4672469192043385743;100;neo4j;1755.157786885246;2656.7922606924644;True;0.40576902378646
-4672469192043385743;500;neo4j;1430.9632277834526;2327.163617886179;True;0.40576902378646
-4672469192043385743;1000;neo4j;1424.5938775510203;2552.278455284553;True;0.40576902378646
-4672469192043385743;9000;neo4j;1390.8894575230297;3710.782299084435;True;0.40576902378646
-4668990062350755570;1000;neo4j;1389.995867768595;1638.5893223819303;True;2.1481481481481484
-4668990062350755570;9000;neo4j;1304.2880658436213;2026.8174358974359;True;2.1481481481481484
-4668990062350755570;15000;neo4j;1309.59670781893;2001.75;True;2.1481481481481484
-4667005679283095670;3000;neo4j;3059.6213808463253;4401.915555555555;True;0.40576902378646
-4666993633576113566;100;neo4j;1488.6200204290092;1501.5071138211383;True;0.40576902378646
-4666993633576113566;3000;neo4j;1434.047034764826;1998.6191446028513;True;0.40576902378646
-4666993633576113566;9000;neo4j;1301.3636363636363;2720.3252032520327;True;0.40576902378646
-4666993633576113566;15000;neo4j;1407.688524590164;2622.682281059063;True;0.40576902378646
-4666257582748138611;500;neo4j;3028.926339285714;4051.628888888889;True;0.40576902378646
-4664614301531584127;100;neo4j;1812.427293064877;2690.0644444444442;True;0.40576902378646
-4659922606055819979;3000;neo4j;1477.8459915611813;3261.5263157894738;True;0.40576902378646
-4659922606055819979;15000;neo4j;1331.675105485232;3194.1431578947368;True;0.40576902378646
-4658160888114092108;1000;neo4j;1874.4584199584199;2298.896480331263;True;0.40576902378646
-4657876557125563350;1000;postgres;3739.693333333333;4673.166037735849;True;0.40576902378646
-4645752574217179241;100;postgres;1305.055900621118;1382.4854771784233;True;2.1481481481481484
-4645752574217179241;3000;postgres;2249.028925619835;2898.390041493776;True;2.1481481481481484
-4645752574217179241;9000;postgres;3623.0020703933747;4620.224880382775;True;2.1481481481481484
-4637814915460662614;500;neo4j;4274.219839142092;4708.013363028953;True;0.40576902378646
-4637300342170756678;3000;neo4j;2757.2433035714284;4311.937777777778;True;0.40576902378646
-4637268725182035375;9000;neo4j;4338.773170731707;4282.775555555556;False;0.40576902378646
-4634561863237665433;100;neo4j;1741.236607142857;2274.2266666666665;True;0.40576902378646
-4632284199320475386;100;neo4j;1631.6828752642707;2089.3473684210526;True;0.40576902378646
-4632284199320475386;500;neo4j;1432.5864978902953;2269.858947368421;True;0.40576902378646
-4630655326080260094;9000;neo4j;4818.938016528926;6291.717777777778;True;0.40576902378646
-4626393923207072780;3000;neo4j;3001.9866071428573;5722.9111111111115;True;0.40576902378646
-4624562881615697265;15000;neo4j;1348.7550111358576;3921.7533333333336;True;0.40576902378646
-4618564456874863468;100;neo4j;1628.9395833333333;2443.2691511387166;True;0.40576902378646
-4618564456874863468;1000;neo4j;1393.079002079002;2031.48033126294;True;0.40576902378646
-4618564456874863468;15000;neo4j;1453.438923395445;3205.5971074380163;True;0.40576902378646
-4603056426283545470;100;neo4j;1311.3296213808462;2133.9977777777776;True;0.40576902378646
-4599372613788020815;100;postgres;1305.6714579055442;1375.9425051334701;True;0.40576902378646
-4599372613788020815;3000;neo4j;1425.1378600823045;1651.1209016393443;True;0.40576902378646
-4599372613788020815;9000;neo4j;1369.4259259259259;2755.094455852156;True;0.40576902378646
-4599372613788020815;15000;neo4j;1312.5133470225874;2402.1782786885246;True;0.40576902378646
-4597655321726496462;100;neo4j;1409.117525773196;2001.7515400410678;True;0.40576902378646
-4597655321726496462;3000;neo4j;2468.078350515464;2960.9118852459014;True;0.40576902378646
-4597655321726496462;9000;neo4j;4576.541139240507;7070.965020576132;True;0.40576902378646
-4594047624188458402;100;neo4j;1458.6542185338865;2149.6441379310345;True;0.40576902378646
-4593083999969587264;100;neo4j;1497.5337552742617;1539.6463157894736;True;0.40576902378646
-4593083999969587264;500;neo4j;1393.2330508474577;1704.1452631578948;True;0.40576902378646
-4590448825784698352;100;postgres;1187.25;1308.2113821138212;True;0.40576902378646
-4590448825784698352;500;neo4j;1574.6646216768916;2523.8024439918536;True;0.40576902378646
-4590448825784698352;1000;neo4j;1188.775967413442;1472.6707317073171;True;0.40576902378646
-4590448825784698352;9000;neo4j;1401.594833446635;3115.0122033898306;True;0.40576902378646
-4581676286138909315;3000;neo4j;2693.6962025316457;3771.662447257384;True;0.40576902378646
-4581676286138909315;9000;neo4j;4799.404624277457;7081.345991561181;True;0.40576902378646
-4575919560628637170;100;neo4j;1363.432735426009;2368.193333333333;True;0.40576902378646
-4563863516680787554;3000;neo4j;2918.9599109131404;7776.408775981524;True;0.40576902378646
-4557772878703724449;500;neo4j;1515.5701559020044;3381.4355555555558;True;0.40576902378646
-4544565475870946460;1000;postgres;2015.1782786885246;2094.283367556468;True;2.1481481481481484
-4544565475870946460;3000;postgres;3784.921971252567;15777.41683778234;True;2.1481481481481484
-4544565475870946460;9000;neo4j;4920.6;6562.710769230769;True;2.1481481481481484
-4542195951841501067;100;postgres;1026.2008281573499;1685.6514522821576;True;2.1481481481481484
-4542195951841501067;3000;postgres;3070.496894409938;9629.979296066253;True;2.1481481481481484
-4534274549723910168;100;postgres;1071.5452631578946;1621.1326315789474;True;2.1481481481481484
-4517731257819290313;500;neo4j;1611.3552361396303;1847.8872950819673;True;0.40576902378646
-4517731257819290313;1000;neo4j;1630.5546391752578;2227.1806981519508;True;0.40576902378646
-4510627770206247755;3000;neo4j;2639.6463963963965;3567.3888888888887;True;0.40576902378646
-4509811322892460617;1000;neo4j;3228.155902004454;5009.944444444444;True;0.40576902378646
-4504737725421766912;100;postgres;1644.5859213250517;2052.807453416149;True;2.1481481481481484
-4502187227123282337;100;neo4j;1449.318565400844;1451.7442105263158;True;0.40576902378646
-4502071029324830737;9000;neo4j;4532.317679558011;4825.213333333333;True;0.40576902378646
-4494945511878696896;100;neo4j;1468.1670378619153;2185.702222222222;True;0.40576902378646
-4493625856504543006;100;neo4j;1480.52489626556;1683.9276859504132;True;0.40576902378646
-4493625856504543006;500;neo4j;1629.8609958506224;2061.5424430641824;True;0.40576902378646
-4493625856504543006;1000;neo4j;2018.8041666666666;2494.337474120083;True;0.40576902378646
-4486138919262733324;100;neo4j;1457.945020746888;2171.7373319544986;True;0.40576902378646
-4486138919262733324;9000;neo4j;1320.6742738589212;3304.3975155279504;True;0.40576902378646
-4477668623603539460;100;postgres;723.7714285714286;1354.2938775510204;True;2.1481481481481484
-4477668623603539460;500;postgres;952.6102040816327;1605.838445807771;True;2.1481481481481484
-4477668623603539460;3000;postgres;1820.2795918367347;3090.5389344262294;True;2.1481481481481484
-4477668623603539460;9000;postgres;4962.319018404908;11561.710204081633;True;2.1481481481481484
-4477668623603539460;15000;postgres;3961.6632653061224;17506.72244897959;True;2.1481481481481484
-4471523665514559964;500;neo4j;1953.5982142857142;2897.8155555555554;True;0.40576902378646
-4471366908169490886;100;neo4j;1517.6169560776302;1843.8362156663275;True;0.40576902378646
-4471366908169490886;500;neo4j;1498.4795918367347;2122.0711382113823;True;0.40576902378646
-4471366908169490886;3000;neo4j;1367.0733197556008;2961.829268292683;True;0.40576902378646
-4471366908169490886;9000;neo4j;1276.4918367346938;2620.2668024439918;True;0.40576902378646
-4471366908169490886;15000;neo4j;1417.6680244399186;2885.9654471544713;True;0.40576902378646
-4462751613962044385;100;postgres;1125.3915662650602;1498.6368209255534;True;2.1481481481481484
-4462751613962044385;500;postgres;1384.758032128514;1374.8724899598394;False;2.1481481481481484
-4462751613962044385;1000;postgres;1262.8150753768844;1284.3158953722334;True;2.1481481481481484
-4462751613962044385;3000;neo4j;1326.3364674278039;1595.7669122572004;True;2.1481481481481484
-4462751613962044385;9000;neo4j;1328.3459404942007;2206.964285714286;True;2.1481481481481484
-4462751613962044385;15000;neo4j;1388.0598721829801;2444.5177733065057;True;2.1481481481481484
-4457535041426753831;100;neo4j;1590.2076843198338;2137.567735263702;True;0.40576902378646
-4457535041426753831;500;neo4j;3171.1597510373444;3498.24016563147;True;0.40576902378646
-4453776190590330885;500;neo4j;1531.2240663900416;3404.821946169772;True;0.40576902378646
-4453776190590330885;1000;neo4j;1330.0662525879918;3475.7293388429753;True;0.40576902378646
-4453776190590330885;3000;neo4j;1399.3879668049792;4206.532091097309;True;0.40576902378646
-4432531465376682328;100;postgres;1271.9577777777777;1330.5222222222221;True;2.1481481481481484
-4432424045426456829;500;postgres;3435.3184855233853;4310.3399503722085;True;0.40576902378646
-4431082177255906247;15000;neo4j;1336.9933035714287;3692.4777777777776;True;0.40576902378646
-4428546229654696322;1000;neo4j;1313.605156037992;1774.074374577417;True;2.1481481481481484
-4428546229654696322;3000;neo4j;1384.8885496183207;2235.2120750887875;True;2.1481481481481484
-4427128417070892903;500;neo4j;1695.4613800205973;2713.6369230769233;True;0.40576902378646
-4425194853357473311;100;neo4j;1514.7484787018257;2340.373737373737;True;0.40576902378646
-4425194853357473311;500;neo4j;1493.6361788617887;2896.995951417004;True;0.40576902378646
-4425194853357473311;1000;neo4j;1503.9430894308944;3607.2105263157896;True;0.40576902378646
-4425194853357473311;3000;neo4j;1491.8379065040651;3545.1628730399593;True;0.40576902378646
-4425194853357473311;9000;neo4j;1320.0547667342798;3381.391919191919;True;0.40576902378646
-4401867878209090829;500;postgres;676.0673684210526;1279.56;True;14.280303030303031
-4401867878209090829;3000;postgres;922.8947368421053;1295.1818181818182;True;14.280303030303031
-4396994413191877738;500;neo4j;1344.8589211618257;1339.7971014492753;False;0.40576902378646
-4396994413191877738;3000;neo4j;1509.702590673575;2934.88107549121;True;0.40576902378646
-4396915826490272159;500;postgres;1046.849173553719;2464.213250517598;True;14.280303030303031
-4396915826490272159;1000;postgres;908.335403726708;2089.625;True;14.280303030303031
-4396915826490272159;15000;postgres;4873.538302277433;28298.559556786702;True;14.280303030303031
-4390679353671524992;100;postgres;1472.9363449691991;1465.2587268993839;False;0.40576902378646
-4390679353671524992;1000;neo4j;1388.5808444902164;2912.4164102564105;True;0.40576902378646
-4390679353671524992;9000;neo4j;1312.552361396304;3179.7725409836066;True;0.40576902378646
-4388999584927429525;100;neo4j;1452.9837398373984;1498.1425682507584;True;0.40576902378646
-4388999584927429525;500;neo4j;1440.8099593495936;2185.746963562753;True;0.40576902378646
-4388999584927429525;1000;neo4j;1429.8192893401015;2058.1434343434344;True;0.40576902378646
-4388999584927429525;3000;neo4j;1333.4756097560976;1601.759109311741;True;0.40576902378646
-4388999584927429525;15000;neo4j;1418.408536585366;2795.2;True;0.40576902378646
-4388232172985298679;100;neo4j;1342.574610244989;2885.048888888889;True;0.40576902378646
-4375952734133586295;100;neo4j;1698.2821576763486;2225.809523809524;True;0.40576902378646
-4375952734133586295;500;neo4j;4230.008532423209;5387.551759834369;True;0.40576902378646
-4367850737831274143;1000;neo4j;1796.2115812917596;3077.468888888889;True;0.40576902378646
-4346322136789032671;100;neo4j;1699.6434599156119;2370.6126315789475;True;0.40576902378646
-4346322136789032671;500;neo4j;3431.987288135593;3922.2694736842104;True;0.40576902378646
-4344835905014448078;1000;neo4j;2006.0801781737193;3496.0644444444442;True;0.40576902378646
-4342709722299994492;1000;neo4j;1270.9548254620124;2373.43237704918;True;0.40576902378646
-4342709722299994492;3000;neo4j;1414.15210688592;2656.2923076923075;True;0.40576902378646
-4342709722299994492;9000;neo4j;1279.275720164609;2630.030800821355;True;0.40576902378646
-4341571513054630966;3000;neo4j;2996.40625;4903.7555555555555;True;0.40576902378646
-4339959230632978770;9000;neo4j;4873.986111111111;7942.775784753363;True;0.40576902378646
-4328232644936007029;100;neo4j;1635.1003167898627;1917.32;True;0.40576902378646
-4323890691125576478;3000;neo4j;2627.4653243847874;3022.7733333333335;True;0.40576902378646
-4321868154511745046;100;neo4j;1439.86859688196;2236.3155555555554;True;0.40576902378646
-4311169317778515006;3000;neo4j;1429.661469933185;3164.4755555555557;True;0.40576902378646
-4309258218497228630;100;neo4j;1395.6568228105907;1749.841093117409;True;0.40576902378646
-4309258218497228630;500;neo4j;1740.40733197556;2372.4908722109535;True;0.40576902378646
-4309258218497228630;1000;neo4j;2088.1159715157683;2451.570850202429;True;0.40576902378646
-4309258218497228630;3000;neo4j;3117.9888097660223;3409.7064777327937;True;0.40576902378646
-4287670792887575561;3000;postgres;1809.5755555555556;2663.0476190476193;True;2.1481481481481484
-4283686439890580155;100;neo4j;1444.347438752784;2025.3044444444445;True;0.40576902378646
-4281030541591401725;100;neo4j;1422.9487750556793;2318.6311111111113;True;0.40576902378646
-4274838038606700592;3000;neo4j;2741.422818791946;4994.391111111111;True;0.40576902378646
-4274085375623645413;500;neo4j;1562.008908685969;1715.2244444444445;True;0.40576902378646
-4272104453127532454;100;neo4j;1825.4376321353066;2185.124210526316;True;0.40576902378646
-4272104453127532454;3000;neo4j;4895.958333333333;6181.46835443038;True;0.40576902378646
-4271893115755735177;9000;neo4j;4698.470989761092;8471.495215311004;True;0.40576902378646
-4271048459967372044;100;neo4j;1455.5123042505593;1550.2688888888888;True;0.40576902378646
-4270487615053959352;500;neo4j;1673.5995850622407;2874.204968944099;True;0.40576902378646
-4270487615053959352;1000;neo4j;1975.7583333333334;3140.4462809917354;True;0.40576902378646
-4259932546269520393;500;postgres;905.7088888888889;1280.1377777777777;True;14.280303030303031
-4259197431112688208;500;neo4j;1310.2731006160163;1563.2151639344263;True;2.1481481481481484
-4259197431112688208;1000;neo4j;1241.1806981519508;1776.5573770491803;True;2.1481481481481484
-4259197431112688208;3000;neo4j;1163.3979381443298;1265.8316221765913;True;2.1481481481481484
-4259197431112688208;9000;neo4j;1233.2654320987654;1945.6201232032854;True;2.1481481481481484
-4248631598481604956;100;neo4j;1465.016913319239;2405.103157894737;True;0.40576902378646
-4248631598481604956;1000;neo4j;2226.8985200845664;3617.932631578947;True;0.40576902378646
-4240769881951139420;100;neo4j;1445.9556962025317;2134.357894736842;True;0.40576902378646
-4240769881951139420;3000;neo4j;2814.0127388535034;4121.932631578948;True;0.40576902378646
-4233727445142011005;100;postgres;956.6;1393.803680981595;True;2.1481481481481484
-4233727445142011005;500;postgres;911.4326530612245;1188.9550561797753;True;2.1481481481481484
-4233727445142011005;15000;neo4j;1268.2389743589742;2150.248979591837;True;2.1481481481481484
-4230844380626341797;1000;neo4j;1842.6536430834212;2499.295789473684;True;0.40576902378646
-4229832352331061512;100;neo4j;1582.1447661469933;2376.3088888888888;True;0.40576902378646
-4228723970955965392;100;neo4j;1638.977728285078;3042.882222222222;True;0.40576902378646
-4225576333149071977;100;neo4j;1417.619153674833;1516.4711111111112;True;0.40576902378646
-4218507756455058698;100;neo4j;1388.0314401622718;1822.3870967741937;True;0.40576902378646
-4218507756455058698;500;neo4j;1492.8484848484848;1760.3858585858586;True;0.40576902378646
-4218507756455058698;1000;neo4j;2023.8297872340424;2502.5231854838707;True;0.40576902378646
-4218507756455058698;3000;neo4j;2924.561949898443;3225.07723304231;True;0.40576902378646
-4218507756455058698;9000;neo4j;4919.25;6416.61583011583;True;0.40576902378646
-4217367478877096021;3000;neo4j;2515.050739957717;2630.002105263158;True;0.40576902378646
-4217367478877096021;9000;neo4j;4841.3015873015875;4913.008421052632;True;0.40576902378646
-4217330062552593323;1000;neo4j;1340.2144329896907;1551.6673511293634;True;0.40576902378646
-4217330062552593323;3000;neo4j;1406.1581108829569;2678.590163934426;True;0.40576902378646
-4217330062552593323;9000;neo4j;1336.24049331963;2688.785641025641;True;0.40576902378646
-4217316725329100546;100;neo4j;1387.4810690423162;1851.1955555555555;True;0.40576902378646
-4212642039506505994;100;neo4j;1492.482233502538;1464.2945344129555;False;0.40576902378646
-4212642039506505994;1000;neo4j;1305.410542321338;2185.447421638018;True;0.40576902378646
-4212642039506505994;9000;neo4j;1308.0770791075051;2212.7044534412958;True;0.40576902378646
-4212642039506505994;15000;neo4j;1348.7035532994923;2586.051515151515;True;0.40576902378646
-4199547168227325811;100;neo4j;1351.5134586084307;1722.1531850353892;True;0.40576902378646
-4199547168227325811;500;neo4j;1602.6072874493927;2052.589898989899;True;0.40576902378646
-4199547168227325811;3000;neo4j;2371.325865580448;3236.246963562753;True;0.40576902378646
-4199547168227325811;9000;neo4j;4700.757085020243;5100.297570850203;True;0.40576902378646
-4196162389349588621;100;neo4j;1336.3719376391982;1442.2422222222222;True;0.40576902378646
-4194781619237670529;100;neo4j;1575.9124681933843;1815.0678824721379;True;0.40576902378646
-4194781619237670529;500;neo4j;1320.5569105691056;1464.921052631579;True;0.40576902378646
-4194781619237670529;1000;neo4j;1523.725971370143;2944.135627530364;True;0.40576902378646
-4194781619237670529;9000;neo4j;1293.1768292682927;3187.9372469635628;True;0.40576902378646
-4194781619237670529;15000;neo4j;1354.1710794297353;3792.613360323887;True;0.40576902378646
-4192314133527059247;100;neo4j;1563.1337386018238;2242.925327951564;True;0.40576902378646
-4192314133527059247;500;neo4j;1405.5476029709655;1773.1809011432415;True;0.40576902378646
-4192314133527059247;1000;neo4j;1456.334008097166;2649.0866935483873;True;0.40576902378646
-4192314133527059247;3000;neo4j;1435.2787633046123;2927.1438667339726;True;0.40576902378646
-4192314133527059247;9000;neo4j;1434.1930894308944;3203.8888888888887;True;0.40576902378646
-4186372680884589851;1000;neo4j;1681.497767857143;2334.8088888888888;True;0.40576902378646
-4182458807829078718;1000;neo4j;1509.8817427385893;3309.460743801653;True;0.40576902378646
-4182458807829078718;3000;neo4j;1327.195020746888;3799.536231884058;True;0.40576902378646
-4182458807829078718;9000;neo4j;1389.2453222453223;3641.273291925466;True;0.40576902378646
-4180846409515872312;100;neo4j;1444.9557613168724;1702.359342915811;True;0.40576902378646
-4180846409515872312;500;neo4j;1323.8110882956878;1932.9118852459017;True;0.40576902378646
-4180846409515872312;15000;neo4j;1300.028747433265;3236.5204918032787;True;0.40576902378646
-4174274780149230036;9000;neo4j;4816.1287128712875;7481.731981981982;True;0.40576902378646
-4173144961721650055;100;postgres;960.1581067472306;2115.445115810675;True;14.280303030303031
-4173144961721650055;500;postgres;2773.0496644295304;4664.541666666667;True;14.280303030303031
-4173144961721650055;1000;postgres;5077.053985872855;18694.430761369444;True;14.280303030303031
-4168103656108952337;3000;neo4j;2816.6673728813557;3637.2463157894736;True;0.40576902378646
-4168103656108952337;9000;postgres;7044.928421052631;25194.688421052633;True;0.40576902378646
-4164981979049335581;15000;postgres;2477.5777777777776;17952.004444444443;True;2.1481481481481484
-4164812585361712580;500;postgres;1053.3431578947368;1216.5400843881857;True;2.1481481481481484
-4164812585361712580;15000;neo4j;1348.507399577167;2053.778947368421;True;2.1481481481481484
-4160275119538064612;100;neo4j;1652.2426160337552;2807.76;True;0.40576902378646
-4160275119538064612;1000;neo4j;1469.0991561181434;2683.995789473684;True;0.40576902378646
-4152894270729049852;100;neo4j;1521.8335588633288;1972.7021563342319;True;0.40576902378646
-4152894270729049852;500;neo4j;1337.9817073170732;2155.323886639676;True;0.40576902378646
-4152894270729049852;1000;neo4j;1353.158215010142;1236.5485829959514;False;0.40576902378646
-4152894270729049852;3000;neo4j;1444.1965552178317;2370.504550050556;True;0.40576902378646
-4152894270729049852;15000;neo4j;1339.3985801217038;2844.367037411527;True;0.40576902378646
-4152049086685398138;9000;neo4j;4909.804347826087;8889.830985915492;True;0.40576902378646
-4143105066502186803;1000;neo4j;1379.8463251670378;2079.56;True;0.40576902378646
-4132544216340459806;500;neo4j;1346.9050632911392;1312.2547368421053;False;0.40576902378646
-4132544216340459806;1000;neo4j;1334.6012658227849;1475.522105263158;True;0.40576902378646
-4131517150752057350;3000;neo4j;2515.2917594654787;3199.866666666667;True;0.40576902378646
-4128749846351716576;3000;neo4j;3323.7645739910313;5351.728888888889;True;0.40576902378646
-4124322171561077089;100;postgres;1325.578135479544;1471.266129032258;True;0.40576902378646
-4124322171561077089;500;neo4j;1380.4596231493942;1480.0241448692152;True;0.40576902378646
-4124322171561077089;1000;neo4j;1296.4683714670255;1325.6954042267696;True;0.40576902378646
-4124322171561077089;9000;neo4j;1254.510101010101;2275.7786720321933;True;0.40576902378646
-4124322171561077089;15000;neo4j;1312.612121212121;2553.9818731117825;True;0.40576902378646
-4117919015360381592;500;neo4j;1737.549180327869;4437.463265306123;True;0.40576902378646
-4117919015360381592;1000;neo4j;1790.563524590164;3160.219387755102;True;0.40576902378646
-4117872328883684516;100;neo4j;1377.6160164271048;1787.0204918032787;True;0.40576902378646
-4117872328883684516;3000;neo4j;2519.827657378741;2754.6102564102566;True;0.40576902378646
-4117872328883684516;9000;neo4j;4767.957894736842;5100.384773662551;True;0.40576902378646
-4112643593091320477;100;neo4j;1492.2611398963732;1885.5625646328851;True;0.40576902378646
-4112643593091320477;500;neo4j;1332.759336099585;2449.3933747412007;True;0.40576902378646
-4112216471776591082;100;neo4j;1455.9774590163934;1989.3673469387754;True;0.40576902378646
-4112216471776591082;500;neo4j;1719.7602459016393;2813.326530612245;True;0.40576902378646
-4112216471776591082;1000;neo4j;1807.4405737704917;2919.2897959183674;True;0.40576902378646
-4106589167222585693;100;postgres;1371.585961342828;1432.676860346585;True;0.40576902378646
-4106589167222585693;500;neo4j;1569.2942973523423;1545.2418699186992;False;0.40576902378646
-4106589167222585693;3000;postgres;2305.163951120163;2614.0746421267895;True;0.40576902378646
-4099632399018224270;500;neo4j;1718.4825765575501;3094.4894736842107;True;0.40576902378646
-4098722152038689726;100;neo4j;1484.0378619153676;1863.4355555555555;True;0.40576902378646
-4090361968613381126;1000;neo4j;1690.8839285714287;1831.631111111111;True;2.1481481481481484
-4073926486776313084;100;postgres;1117.2575331458418;1453.037037037037;True;2.1481481481481484
-4073926486776313084;500;neo4j;1419.9244332493702;1342.7127071823204;False;2.1481481481481484
-4073926486776313084;1000;neo4j;1328.2070528967254;1508.3306532663316;True;2.1481481481481484
-4073926486776313084;3000;neo4j;1444.4650772330424;2082.9279973208304;True;2.1481481481481484
-4073926486776313084;9000;neo4j;1558.6096579476862;3356.0341365461845;True;2.1481481481481484
-4073926486776313084;15000;neo4j;1251.0745216515609;2035.3845381526105;True;2.1481481481481484
-4071759940405210904;500;neo4j;1567.924276169265;1923.1355555555556;True;0.40576902378646
-4064790898001820650;100;neo4j;1370.2299578059071;2025.3684210526317;True;0.40576902378646
-4060150288907580103;500;neo4j;1510.2872008324662;2846.1469979296066;True;0.40576902378646
-4060150288907580103;3000;neo4j;1334.7116182572613;3501.568181818182;True;0.40576902378646
-4058312743012287302;100;postgres;1207.5978915662652;1471.2751509054326;True;2.1481481481481484
-4058312743012287302;500;postgres;1274.4703517587939;1320.5251509054326;True;2.1481481481481484
-4058312743012287302;1000;neo4j;1268.3266129032259;1808.4638554216867;True;2.1481481481481484
-4058312743012287302;3000;neo4j;1437.662638469285;1975.7751004016063;True;2.1481481481481484
-4058312743012287302;9000;neo4j;1326.9172831203766;2295.5544388609715;True;2.1481481481481484
-4058312743012287302;15000;neo4j;1297.4498740554156;2154.715361445783;True;2.1481481481481484
-4051520265842123441;100;neo4j;1602.2175290390708;4726.266596417281;True;0.40576902378646
-4048913558334126270;100;neo4j;1524.4721603563473;1999.1555555555556;True;0.40576902378646
-4044290608458691151;3000;neo4j;2557.4209354120267;3715.5946547884187;True;0.40576902378646
-4043607590788593819;500;postgres;2392.317805383023;3396.2542372881358;True;2.1481481481481484
-4042728677307257254;100;neo4j;1493.447204968944;2191.8388429752067;True;0.40576902378646
-4042728677307257254;9000;neo4j;4897.285714285715;7819.923728813559;True;0.40576902378646
-4036618108666552957;500;postgres;2080.5826446280994;3314.991718426501;True;2.1481481481481484
-4022752367078306175;100;postgres;838.9077079107506;1322.5857868020305;True;2.1481481481481484
-4022752367078306175;500;postgres;894.8113590263691;1419.1321138211383;True;2.1481481481481484
-4022752367078306175;1000;postgres;1496.5111561866127;1913.224032586558;True;2.1481481481481484
-4022752367078306175;9000;postgres;3487.389847715736;4354.507592190889;True;2.1481481481481484
-4022752367078306175;15000;postgres;6037.685598377282;18242.57809330629;True;2.1481481481481484
-4011441305066784358;9000;neo4j;4447.008522727273;6487.512304250559;True;0.40576902378646
-3994052831580854780;500;postgres;1085.917894736842;1484.2084210526316;True;2.1481481481481484
-3991618333686173333;100;neo4j;1479.1054852320676;1478.2884210526315;False;0.40576902378646
-3991618333686173333;500;postgres;2975.9515789473685;4060.958695652174;True;0.40576902378646
-3987227324518956570;500;postgres;2991.851111111111;3240.25;True;0.40576902378646
-3980062101561761553;500;neo4j;1622.8161434977578;2027.2533333333333;True;0.40576902378646
-3977076585419708292;100;neo4j;1493.035864978903;2291.392631578947;True;0.40576902378646
-3964761055817373891;3000;neo4j;3313.1964285714284;25550.571748878923;True;0.40576902378646
-3947905046597411221;100;postgres;804.1088295687885;1328.652977412731;True;2.1481481481481484
-3947905046597411221;500;postgres;904.1997950819672;1493.1034836065573;True;2.1481481481481484
-3947905046597411221;9000;postgres;1912.611909650924;4665.7959866220735;True;2.1481481481481484
-3944750614836855200;3000;neo4j;3047.131991051454;6398.7733333333335;True;0.40576902378646
-3943202241301625173;100;neo4j;1474.076109936575;1427.821052631579;False;0.40576902378646
-3938749633820036327;100;postgres;735.7844444444445;1142.84;True;2.1481481481481484
-3920016997572014127;500;neo4j;1616.7354260089687;2807.068888888889;True;0.40576902378646
-3918154505880664776;100;neo4j;1678.3804573804573;2445.144927536232;True;0.40576902378646
-3918154505880664776;1000;neo4j;1323.0207039337474;3167.4616977225674;True;0.40576902378646
-3918154505880664776;15000;neo4j;1383.786307053942;3360.8695652173915;True;0.40576902378646
-3902871786790025279;100;neo4j;1381.2067510548522;1555.8105263157895;True;0.40576902378646
-3902871786790025279;9000;postgres;4149.008421052632;4414.790754257908;True;0.40576902378646
-3891314924071610570;500;postgres;2520.026530612245;2543.9200819672133;True;0.40576902378646
-3891314924071610570;1000;neo4j;2137.5462012320327;2142.6510204081633;True;0.40576902378646
-3891052298661084903;3000;neo4j;2720.4754464285716;2753.882222222222;True;0.40576902378646
-3890098727378472595;1000;postgres;1188.0252631578946;1648.0084388185653;True;2.1481481481481484
-3888385733096107310;3000;neo4j;2920.4754464285716;3668.257777777778;True;0.40576902378646
-3881173094021628667;500;neo4j;1660.9506172839506;2553.88295687885;True;0.40576902378646
-3881173094021628667;1000;neo4j;1658.0639175257731;2576.82340862423;True;0.40576902378646
-3881173094021628667;3000;neo4j;2811.6858908341915;3456.155737704918;True;0.40576902378646
-3878145113394675201;1000;neo4j;1941.5569620253164;3551.3915789473685;True;0.40576902378646
-3878145113394675201;9000;neo4j;4811.005780346821;7731.869198312236;True;0.40576902378646
-3877505909532562809;100;neo4j;1590.6361167684997;1888.6417004048583;True;0.40576902378646
-3877505909532562809;500;neo4j;1326.1097560975609;1878.012145748988;True;0.40576902378646
-3877505909532562809;1000;neo4j;1398.1837563451777;1825.4949494949494;True;0.40576902378646
-3877505909532562809;9000;neo4j;1306.4781725888324;2342.8513650151667;True;0.40576902378646
-3877505909532562809;15000;neo4j;1507.081300813008;3105.288888888889;True;0.40576902378646
-3859679604270931723;500;neo4j;2235.447257383966;3201.722105263158;True;0.40576902378646
-3839862497474670759;100;neo4j;1581.6604938271605;2555.9558974358974;True;0.40576902378646
-3839862497474670759;1000;neo4j;1270.2880658436213;3090.9159836065573;True;0.40576902378646
-3839862497474670759;15000;neo4j;1338.9670781893003;3838.6796714579054;True;0.40576902378646
-3839406225160242006;100;postgres;1285.2644628099174;1315.6260330578511;True;0.40576902378646
-3839406225160242006;9000;neo4j;1436.856846473029;3040.103519668737;True;0.40576902378646
-3839406225160242006;15000;neo4j;1420.396265560166;2489.3022774327123;True;0.40576902378646
-3839106192609990989;500;neo4j;1522.168049792531;3016.3333333333335;True;0.40576902378646
-3839106192609990989;9000;neo4j;1279.9482401656314;3440.1404958677685;True;0.40576902378646
-3816488196033164373;500;neo4j;1623.3518930957684;2263.2555555555555;True;0.40576902378646
-3807424651146635724;100;neo4j;1479.5623678646934;2425.9494736842107;True;0.40576902378646
-3792322384223798082;1000;neo4j;1415.857461024499;2560.0355555555557;True;0.40576902378646
-3782807446544081509;100;neo4j;1410.1975642760488;1391.13890761969;False;0.40576902378646
-3782807446544081509;1000;neo4j;1802.0273279352227;2154.2484848484846;True;0.40576902378646
-3782807446544081509;9000;neo4j;4845.737588652482;5237.725985844288;True;0.40576902378646
-3778784913940635780;1000;neo4j;1676.595982142857;2083.331111111111;True;0.40576902378646
-3777480662132073386;1000;postgres;1481.2884210526315;1805.3597046413502;True;2.1481481481481484
-3769780400415518394;500;neo4j;1858.2204899777282;2950.5866666666666;True;0.40576902378646
-3765637595450338383;100;neo4j;1430.3481012658228;1463.762105263158;True;0.40576902378646
-3765637595450338383;500;neo4j;1623.282700421941;1737.341052631579;True;0.40576902378646
-3756366900398102517;1000;neo4j;1754.391982182628;1937.308888888889;True;2.1481481481481484
-3748033292675745743;100;neo4j;1680.218262806236;1681.1933333333334;True;0.40576902378646
-3745502774084088871;500;neo4j;3547.2937219730943;3618.5022222222224;True;0.40576902378646
-3726019920786302422;500;neo4j;1879.3073496659242;3735.4066666666668;True;0.40576902378646
-3721071299473618834;100;neo4j;1307.156378600823;1966.7453798767967;True;0.40576902378646
-3721071299473618834;500;neo4j;1696.7946611909651;2506.2325819672133;True;0.40576902378646
-3721071299473618834;9000;neo4j;4551.144736842105;7242.615226337449;True;0.40576902378646
-3718438776692728370;100;neo4j;1542.9176346356917;1560.8347368421053;True;0.40576902378646
-3715938599462826261;500;neo4j;1523.0805785123966;1911.0553278688524;True;0.40576902378646
-3714618028890911456;500;neo4j;1782.487750556793;2728.882222222222;True;0.40576902378646
-3708019725399023584;500;neo4j;1756.4782608695652;2462.650826446281;True;0.40576902378646
-3708019725399023584;3000;neo4j;2809.2821576763486;4250.066252587992;True;0.40576902378646
-3708019725399023584;9000;neo4j;4757.236842105263;5783.314699792961;True;0.40576902378646
-3702717600198550322;9000;neo4j;4443.952646239554;7877.658426966292;True;0.40576902378646
-3694526509975280144;3000;neo4j;3279.0762331838564;5710.6866666666665;True;0.40576902378646
-3692749767555325211;100;postgres;1383.6188524590164;1394.8172484599588;True;2.1481481481481484
-3692749767555325211;500;neo4j;1843.3148148148148;1778.8069815195072;False;2.1481481481481484
-3690558348516185085;100;neo4j;1440.810975609756;1405.568825910931;False;0.40576902378646
-3690558348516185085;500;postgres;1491.4401622718053;1628.5404858299596;True;0.40576902378646
-3690558348516185085;1000;neo4j;1732.9884823848238;2139.2662162162164;True;0.40576902378646
-3690558348516185085;9000;postgres;6852.452332657201;25706.311608961303;True;0.40576902378646
-3684498814444754832;100;neo4j;1328.8775055679287;1274.8111111111111;False;0.40576902378646
-3683829177405907125;1000;postgres;1067.7888198757764;1837.1413721413721;True;2.1481481481481484
-3683829177405907125;3000;postgres;1564.5532574974147;2559.2145077720206;True;2.1481481481481484
-3683614618455973720;100;neo4j;1652.4446721311476;1625.5061224489796;False;0.40576902378646
-3683614618455973720;500;neo4j;1513.6659836065573;2709.1367346938778;True;0.40576902378646
-3683614618455973720;1000;neo4j;1410.719262295082;2252.6755102040815;True;0.40576902378646
-3683614618455973720;3000;neo4j;1449.7014314928426;2217.5102040816328;True;0.40576902378646
-3683614618455973720;9000;neo4j;1379.562372188139;3100.495918367347;True;0.40576902378646
-3678357943161747135;9000;neo4j;1421.4620535714287;3187.088888888889;True;0.40576902378646
-3676881084074566723;100;neo4j;1590.0337552742617;1910.6273684210526;True;0.40576902378646
-3668655334104939360;100;neo4j;1607.27868852459;2105.9857142857145;True;0.40576902378646
-3668655334104939360;500;neo4j;1411.8350409836066;2225.718367346939;True;0.40576902378646
-3668655334104939360;1000;neo4j;1518.1290983606557;2205.1877551020407;True;0.40576902378646
-3668655334104939360;15000;neo4j;1498.4866529774126;3278.4816326530613;True;0.40576902378646
-3667478027983115739;100;postgres;1020.0155555555556;1360.1422222222222;True;2.1481481481481484
-3660740516772338941;500;neo4j;1790.388392857143;3217.371111111111;True;0.40576902378646
-3652499568536550374;100;neo4j;1462.0864978902953;2341.058947368421;True;0.40576902378646
-3652499568536550374;9000;neo4j;4593.767726161369;8951.481981981982;True;0.40576902378646
-3639911156800034403;1000;neo4j;1963.7254464285713;3298.1644444444446;True;0.40576902378646
-3633339754071656844;500;neo4j;1705.4599589322381;2793.776639344262;True;0.40576902378646
-3633339754071656844;3000;neo4j;2970.2018633540374;5705.127310061602;True;0.40576902378646
-3633339754071656844;9000;neo4j;4581.099415204679;8435.703703703704;True;0.40576902378646
-3631693902268246725;1000;neo4j;1381.0581395348838;2096.432631578947;True;0.40576902378646
-3630920621924141947;500;neo4j;1426.7639198218262;1496.6044444444444;True;0.40576902378646
-3625245890019156948;100;neo4j;1326.8637803590286;1579.7168421052631;True;0.40576902378646
-3622167603476446754;3000;neo4j;2874.1405919661734;4253.7291886196;True;0.40576902378646
-3620129443986684230;500;neo4j;1563.6420274551215;1740.7221052631578;True;0.40576902378646
-3610984402371050600;100;neo4j;1439.766631467793;2200.9894736842107;True;0.40576902378646
-3610598463704526979;100;neo4j;1473.6223628691982;1882.364210526316;True;0.40576902378646
-3610598463704526979;9000;neo4j;4416.793838862559;6534.118143459916;True;0.40576902378646
-3601857904485420187;100;postgres;1518.1572498298162;1582.3006134969326;True;0.40576902378646
-3601857904485420187;500;neo4j;1319.7315573770493;1709.9224489795918;True;0.40576902378646
-3601857904485420187;15000;neo4j;1466.5092024539877;2738.330612244898;True;0.40576902378646
-3600455022819663122;100;neo4j;1448.3006681514476;1533.3777777777777;True;0.40576902378646
-3572135588625160487;100;neo4j;1434.4053452115813;1968.8;True;0.40576902378646
-3570927948634768619;100;postgres;1115.1663244353183;1838.3326488706366;True;14.280303030303031
-3570927948634768619;500;postgres;1577.1434426229507;3106.6160164271046;True;14.280303030303031
-3570927948634768619;1000;postgres;8394.421505376344;20590.133187772924;True;14.280303030303031
-3563833553475103659;100;postgres;1333.9979296066253;2033.2939958592133;True;2.1481481481481484
-3563833553475103659;1000;postgres;3569.549120992761;4143.716738197425;True;2.1481481481481484
-3560998796567577966;1000;neo4j;1963.7676348547718;2575.913223140496;True;0.40576902378646
-3560998796567577966;9000;neo4j;4652.548286604361;8614.425790754258;True;0.40576902378646
-3554138312104682453;100;neo4j;1445.8710359408035;2241.9494736842107;True;0.40576902378646
-3554138312104682453;500;neo4j;1622.1518987341772;3159.103157894737;True;0.40576902378646
-3550299862615340968;500;postgres;3892.2933333333335;24795.204128440368;True;2.1481481481481484
-3549287587287223397;100;neo4j;1459.2806236080178;1763.0155555555555;True;0.40576902378646
-3547496906315114537;100;neo4j;1447.0621118012423;1622.0103305785124;True;0.40576902378646
-3547496906315114537;500;postgres;4089.3623188405795;4448.220125786163;True;0.40576902378646
-3547496906315114537;3000;postgres;7784.806315789474;22437.98128898129;True;0.40576902378646
-3532792092053307707;100;postgres;1081.92;1406.168888888889;True;0.40576902378646
-3531873854146980879;100;postgres;1345.3354037267081;1435.9689440993789;True;0.40576902378646
-3531873854146980879;1000;neo4j;1255.3201663201662;2470.6273291925468;True;0.40576902378646
-3531873854146980879;3000;neo4j;1465.902489626556;2840.190082644628;True;0.40576902378646
-3522997256302151934;100;postgres;545.3954451345755;716.1097308488613;True;14.280303030303031
-3522997256302151934;1000;postgres;971.1136363636364;2197.384297520661;True;14.280303030303031
-3522997256302151934;9000;postgres;4189.345755693582;13691.757763975154;True;14.280303030303031
-3522249324045554673;100;postgres;1164.0822222222223;1248.2093541202673;True;2.1481481481481484
-3517741766059070814;100;neo4j;1542.7589285714287;2214.382222222222;True;0.40576902378646
-3507153991332661974;3000;neo4j;2536.0168776371306;2649.7031578947367;True;0.40576902378646
-3507153991332661974;9000;neo4j;4700.622047244095;4590.26947368421;False;0.40576902378646
-3503367717617922028;100;neo4j;1549.0200445434298;2772.9;True;0.40576902378646
-3500391200928892636;500;neo4j;2513.7254464285716;2800.3933333333334;True;0.40576902378646
-3488431292224007325;100;postgres;1124.0547368421053;1235.8631578947368;True;2.1481481481481484
-3488431292224007325;1000;neo4j;1644.2372881355932;1652.578947368421;True;2.1481481481481484
-3486116257254813095;15000;postgres;1108.9644444444446;1375.6369710467707;True;0.40576902378646
-3484006641078675234;500;neo4j;1598.902004454343;2609.9088888888887;True;0.40576902378646
-3475672386428446748;500;neo4j;1678.3830734966593;2694.688888888889;True;0.40576902378646
-3469481155828456263;500;neo4j;1591.2360801781738;2913.188888888889;True;0.40576902378646
-3466645359788004394;100;postgres;2003.76;2205.0084388185655;True;0.40576902378646
-3466645359788004394;500;postgres;2435.037894736842;2726.8670886075947;True;0.40576902378646
-3466530343922674174;100;postgres;1213.0565656565657;1339.022312373225;True;2.1481481481481484
-3466530343922674174;500;postgres;1030.407482305359;1297.794506612411;True;2.1481481481481484
-3466530343922674174;1000;postgres;1304.5298281092012;1292.841784989858;False;2.1481481481481484
-3466530343922674174;3000;neo4j;1238.6727642276423;1149.5445344129555;False;2.1481481481481484
-3466530343922674174;9000;postgres;1246.5757575757575;1321.2323232323233;True;2.1481481481481484
-3466530343922674174;15000;postgres;1189.6376518218624;1324.1691995947315;True;2.1481481481481484
-3458661152874732570;500;neo4j;1699.6611909650924;2449.6803278688526;True;0.40576902378646
-3458661152874732570;3000;neo4j;2782.4835051546393;2912.708717948718;True;0.40576902378646
-3458661152874732570;9000;neo4j;4796.294797687861;5367.0;True;0.40576902378646
-3456088958917939665;500;neo4j;1411.9844097995547;2173.1222222222223;True;0.40576902378646
-3453207969321372932;500;neo4j;1351.3006681514476;1484.6933333333334;True;0.40576902378646
-3448140023911276759;500;neo4j;1440.2489626556016;2472.8985507246375;True;0.40576902378646
-3448140023911276759;3000;neo4j;1298.2365145228216;2895.938016528926;True;0.40576902378646
-3448140023911276759;9000;neo4j;1283.6452282157677;2611.8757763975154;True;0.40576902378646
-3434524196705491812;1000;neo4j;1898.086859688196;2665.0177777777776;True;0.40576902378646
-3427029874693539698;100;neo4j;1476.3223819301847;1928.3627049180327;True;0.40576902378646
-3427029874693539698;9000;neo4j;4780.335195530726;6561.2669404517455;True;0.40576902378646
-3424549957063609785;1000;neo4j;1825.877232142857;4035.9466666666667;True;0.40576902378646
-3424011050099766293;500;neo4j;1486.4810690423162;2776.9666666666667;True;0.40576902378646
-3420129238593635096;500;neo4j;1420.7435897435898;2456.6642857142856;True;0.40576902378646
-3420129238593635096;15000;neo4j;1341.0095759233925;2769.4768707482995;True;0.40576902378646
-3407600804326062172;1000;neo4j;1466.2116182572613;2121.4844720496894;True;0.40576902378646
-3407600804326062172;15000;neo4j;1382.801867219917;2380.165460186143;True;0.40576902378646
-3405729081373709725;1000;neo4j;1731.2256728778468;2703.123966942149;True;0.40576902378646
-3405729081373709725;9000;neo4j;4862.172413793103;7673.797040169133;True;0.40576902378646
-3405328795977089456;1000;neo4j;3456.175675675676;5692.197777777777;True;0.40576902378646
-3403713236862577217;100;neo4j;1438.640625;2251.8555555555554;True;0.40576902378646
-3403371953495898319;100;neo4j;1446.9754464285713;2476.251111111111;True;0.40576902378646
-3402443354715318271;9000;neo4j;4890.782608695652;5660.917894736842;True;2.1481481481481484
-3399727487980641152;1000;neo4j;1930.8350951374207;2348.016842105263;True;0.40576902378646
-3399727487980641152;3000;neo4j;2830.1606765327697;3650.498947368421;True;0.40576902378646
-3393218265570599300;100;neo4j;1418.944099378882;1819.190082644628;True;0.40576902378646
-3393218265570599300;1000;neo4j;2028.5966735966736;2676.113871635611;True;0.40576902378646
-3393218265570599300;9000;neo4j;4879.5;7431.612033195021;True;0.40576902378646
-3392408947060220694;100;postgres;602.5542046605876;653.950354609929;True;14.280303030303031
-3392408947060220694;500;postgres;830.4320486815416;1011.4117647058823;True;14.280303030303031
-3392408947060220694;1000;postgres;1017.0263157894736;1440.8582995951417;True;14.280303030303031
-3392408947060220694;9000;postgres;3155.241902834008;4878.0;True;14.280303030303031
-3392408947060220694;15000;postgres;6143.095141700405;17424.625506072876;True;14.280303030303031
-3377903988410497297;100;neo4j;1491.9282814614344;2100.098382749326;True;0.40576902378646
-3377903988410497297;500;neo4j;1695.8884381338742;2619.1252525252526;True;0.40576902378646
-3377903988410497297;1000;neo4j;1980.9867617107943;2755.228744939271;True;0.40576902378646
-3377903988410497297;3000;neo4j;2914.557142857143;3717.1234817813765;True;0.40576902378646
-3369626089221044920;100;postgres;1829.5797101449275;1964.5859213250517;True;0.40576902378646
-3365335957668431316;100;neo4j;1638.8691983122362;2564.8273684210526;True;0.40576902378646
-3365335957668431316;500;neo4j;2165.856540084388;3957.446315789474;True;0.40576902378646
-3361468394996372886;100;neo4j;1458.4228329809725;1803.0757894736842;True;0.40576902378646
-3361468394996372886;500;neo4j;1981.0042194092828;2348.1684210526314;True;0.40576902378646
-3353914713027062714;100;neo4j;1418.1135857461024;1830.2222222222222;True;0.40576902378646
-3352887610090032328;100;neo4j;2050.9443207126947;3371.9244444444444;True;0.40576902378646
-3349377567608344314;100;neo4j;1526.423162583519;2391.0933333333332;True;0.40576902378646
-3348447003203175989;100;neo4j;1421.6265560165975;1699.3780991735537;True;0.40576902378646
-3348447003203175989;500;neo4j;1470.259336099585;2015.6211180124224;True;0.40576902378646
-3347165239717756527;100;neo4j;1583.4320712694878;2995.5155555555557;True;0.40576902378646
-3342871886132936201;100;neo4j;1456.4183445190156;1529.2355555555555;True;0.40576902378646
-3340599510936814973;100;neo4j;1403.619153674833;1881.4177777777777;True;0.40576902378646
-3339084642037903925;9000;postgres;3167.2955555555554;4658.11377245509;True;2.1481481481481484
-3321757619841395868;100;neo4j;1275.5278396436527;1259.0111111111112;False;2.1481481481481484
-3320123132674782609;500;neo4j;1654.4355179704016;2404.4652631578947;True;0.40576902378646
-3320123132674782609;1000;neo4j;2041.691983122363;2949.037894736842;True;0.40576902378646
-3307927672604127069;100;postgres;1513.4153742414026;1576.1222972972973;True;0.40576902378646
-3307927672604127069;1000;neo4j;1373.8235294117646;1755.0989898989899;True;0.40576902378646
-3307927672604127069;3000;neo4j;1369.410931174089;2210.379797979798;True;0.40576902378646
-3307927672604127069;9000;neo4j;1321.1299492385788;2181.4924165824063;True;0.40576902378646
-3307927672604127069;15000;neo4j;1394.6917599186165;2683.4716599190283;True;0.40576902378646
-3303363298699957718;100;postgres;856.586912886391;1314.6286173633441;True;2.1481481481481484
-3303363298699957718;500;postgres;1295.3393574297188;1335.7751004016063;True;2.1481481481481484
-3303363298699957718;1000;neo4j;1425.177536231884;1567.452610441767;True;2.1481481481481484
-3303363298699957718;3000;neo4j;1325.0829979879275;1594.928320802005;True;2.1481481481481484
-3303363298699957718;9000;neo4j;1276.5397337636143;2114.8208835341366;True;2.1481481481481484
-3303363298699957718;15000;neo4j;1366.737341772152;2328.983075157774;True;2.1481481481481484
-3303281525399304302;3000;neo4j;3168.245243128964;4668.381052631579;True;0.40576902378646
-3303281525399304302;9000;neo4j;4650.445333333333;8782.210169491525;True;0.40576902378646
-3301930824992744885;100;neo4j;1506.9398340248963;2324.0124481327803;True;0.40576902378646
-3301930824992744885;3000;neo4j;2864.8423236514523;3876.981366459627;True;0.40576902378646
-3300510525255103430;500;neo4j;1811.5033407572382;2895.391111111111;True;0.40576902378646
-3296067642732273707;100;postgres;952.796370967742;1705.6597035040431;True;2.1481481481481484
-3296067642732273707;500;postgres;916.8336693548387;1227.271442986882;True;2.1481481481481484
-3296067642732273707;1000;postgres;1117.9818181818182;1208.9333333333334;True;2.1481481481481484
-3296067642732273707;3000;postgres;998.0947580645161;1248.5668016194331;True;2.1481481481481484
-3296067642732273707;9000;postgres;1096.9344096871846;1223.2133468149646;True;2.1481481481481484
-3296067642732273707;15000;postgres;973.328629032258;1361.9273216689098;True;2.1481481481481484
-3293259676194782427;500;neo4j;1544.761692650334;1907.2955555555557;True;0.40576902378646
-3293249707387605242;500;postgres;764.9444444444445;1280.8355555555556;True;2.1481481481481484
-3281777396123298885;100;postgres;488.9918588873813;691.5312075983718;True;14.280303030303031
-3281777396123298885;1000;postgres;1019.3353658536586;982.3313008130082;False;14.280303030303031
-3281777396123298885;3000;postgres;506.98372329603257;662.1971544715448;True;14.280303030303031
-3275844229428859267;3000;neo4j;1417.4566596194504;2173.1705263157896;True;0.40576902378646
-3275844229428859267;9000;neo4j;1282.8966244725739;2602.4;True;0.40576902378646
-3266941514243669716;100;neo4j;1440.512658227848;1327.6105263157895;False;2.1481481481481484
-3265948048194450142;100;neo4j;1607.1360332294912;2451.7556935817806;True;0.40576902378646
-3265948048194450142;500;neo4j;1474.022774327122;3373.4235537190084;True;0.40576902378646
-3258635834576871254;100;neo4j;1535.2745535714287;3962.608888888889;True;0.40576902378646
-3253181087760982914;100;neo4j;1626.465478841871;1719.2222222222222;True;0.40576902378646
-3252016337469246042;100;neo4j;1917.5902004454342;2627.1866666666665;True;0.40576902378646
-3244572697417268675;100;neo4j;1422.6522633744855;1305.4866529774126;False;0.40576902378646
-3244572697417268675;500;neo4j;1307.858024691358;1198.652977412731;False;0.40576902378646
-3244572697417268675;3000;neo4j;1436.7474332648871;2484.7008196721313;True;0.40576902378646
-3244572697417268675;15000;neo4j;1496.5195071868584;3252.4938524590166;True;0.40576902378646
-3241270081535330322;100;neo4j;1568.1444906444906;2108.0434782608695;True;0.40576902378646
-3241270081535330322;15000;neo4j;1343.9668737060042;3884.7975206611573;True;0.40576902378646
-3221077713252935128;500;neo4j;2292.870535714286;3156.782222222222;True;0.40576902378646
-3218893446209568056;100;neo4j;1914.3763919821827;2200.971111111111;True;0.40576902378646
-3214585510522985765;100;neo4j;1344.6434426229507;1336.108163265306;False;0.40576902378646
-3214585510522985765;1000;postgres;1226.9244897959184;1306.7673469387755;True;0.40576902378646
-3214585510522985765;3000;postgres;1234.2704081632653;1296.0368098159508;True;0.40576902378646
-3214585510522985765;15000;postgres;967.9306122448979;1369.1290983606557;True;0.40576902378646
-3208979975196295882;100;neo4j;1760.0892116182572;1925.3478260869565;True;0.40576902378646
-3208979975196295882;500;postgres;3469.4462809917354;3609.0041753653445;True;0.40576902378646
-3195851809285684582;100;postgres;1395.122105263158;1441.7299578059071;True;0.40576902378646
-3190590634785963684;100;neo4j;1578.6128702757917;1926.2225609756097;True;0.40576902378646
-3190590634785963684;500;neo4j;1439.3779366700714;2322.1322482197356;True;0.40576902378646
-3190590634785963684;3000;neo4j;1335.6523517382414;3551.288617886179;True;0.40576902378646
-3190590634785963684;9000;neo4j;1389.8401639344263;3285.798370672098;True;0.40576902378646
-3186312978222321866;100;neo4j;1658.781737193764;2196.928888888889;True;0.40576902378646
-3182780897600962555;500;neo4j;2843.6604166666666;3100.8592132505178;True;0.40576902378646
-3181795016785207024;100;neo4j;1384.876796714579;2126.1408163265305;True;0.40576902378646
-3181795016785207024;500;neo4j;1313.27868852459;1905.5653061224489;True;0.40576902378646
-3181795016785207024;3000;neo4j;1477.053388090349;2418.430612244898;True;0.40576902378646
-3181795016785207024;15000;neo4j;1388.3801229508197;3264.251020408163;True;0.40576902378646
-3180863263788377465;500;neo4j;2931.0977683315623;3968.7705263157895;True;0.40576902378646
-3179159996648849261;500;neo4j;1848.332627118644;3410.5726315789475;True;0.40576902378646
-3178690273898646873;1000;neo4j;1659.8448979591838;1972.7987804878048;True;0.40576902378646
-3178690273898646873;3000;neo4j;2696.9078812691914;2847.23499491353;True;0.40576902378646
-3178690273898646873;9000;postgres;4705.3380855397145;4709.122580645161;True;0.40576902378646
-3169099412187820852;500;neo4j;1748.2407407407406;2450.4133333333334;True;0.40576902378646
-3169099412187820852;3000;neo4j;2683.047422680412;3530.082135523614;True;0.40576902378646
-3169099412187820852;9000;neo4j;4601.516666666666;7193.234567901234;True;0.40576902378646
-3158041873128310693;500;neo4j;1711.4432071269487;2703.6044444444447;True;0.40576902378646
-3154888016820135248;500;neo4j;3488.832589285714;3557.1;True;0.40576902378646
-3145266493558771926;3000;neo4j;1451.5902004454342;1871.108888888889;True;0.40576902378646
-3144947654514236922;3000;neo4j;2671.1680497925313;3681.3892339544514;True;0.40576902378646
-3144947654514236922;9000;neo4j;4686.109154929577;7282.677765843179;True;0.40576902378646
-3136892053621096306;3000;neo4j;2844.7780126849893;3875.9556962025317;True;0.40576902378646
-3136892053621096306;9000;neo4j;4744.512077294686;6042.654736842105;True;0.40576902378646
-3131549334285417536;15000;neo4j;1454.0378619153676;3347.6066666666666;True;0.40576902378646
-3124908906709483926;500;neo4j;1771.0;2121.608888888889;True;0.40576902378646
-3113581913393171152;100;neo4j;1426.9211618257261;1364.3636363636363;False;2.1481481481481484
-3113581913393171152;1000;neo4j;1834.7448132780082;1825.608695652174;False;2.1481481481481484
-3108025498305334423;100;postgres;1364.3938775510203;1431.5460122699387;True;0.40576902378646
-3108025498305334423;500;neo4j;1284.8527607361964;1233.8530612244897;False;0.40576902378646
-3108025498305334423;3000;neo4j;1443.4439876670092;3358.292857142857;True;0.40576902378646
-3108025498305334423;15000;neo4j;1369.4659793814433;2391.4326530612243;True;0.40576902378646
-3098646952459630062;100;postgres;1237.9136842105263;1320.065400843882;True;0.40576902378646
-3098646952459630062;15000;neo4j;1254.8731501057082;2636.9010526315788;True;0.40576902378646
-3088890563917686328;100;neo4j;1449.4994861253854;1508.446153846154;True;0.40576902378646
-3088890563917686328;500;neo4j;1740.1663244353183;1862.297131147541;True;0.40576902378646
-3088890563917686328;1000;neo4j;2120.0699588477364;2618.7392197125255;True;0.40576902378646
-3087599515705297114;100;postgres;1611.3831578947368;2342.91932059448;True;2.1481481481481484
-3083991999622905120;3000;neo4j;1345.4703476482618;1351.5530612244897;True;2.1481481481481484
-3083991999622905120;9000;neo4j;1375.8565573770493;1745.830612244898;True;2.1481481481481484
-3083991999622905120;15000;neo4j;1394.3504098360656;1500.0336734693878;True;2.1481481481481484
-3083796904901502797;3000;neo4j;2818.9015659955257;3852.0;True;0.40576902378646
-3083367917815956205;100;neo4j;1895.5581395348838;1960.8378947368421;True;0.40576902378646
-3083367917815956205;1000;neo4j;4408.738805970149;4891.41052631579;True;0.40576902378646
-3071608691774656431;1000;postgres;1831.983157894737;1908.1012658227849;True;2.1481481481481484
-3070708722384956656;100;postgres;1176.5706329113923;1333.8769620253165;True;0.40576902378646
-3070708722384956656;500;postgres;1312.5;1540.8117408906883;True;0.40576902378646
-3070708722384956656;9000;postgres;3572.7173252279636;4716.095860566449;True;0.40576902378646
-3065042425106332645;500;neo4j;1562.5956790123457;2152.85641025641;True;0.40576902378646
-3065042425106332645;3000;neo4j;2663.186858316222;3397.8381147540986;True;0.40576902378646
-3048102631505364116;500;neo4j;1324.819502074689;1828.4099378881988;True;0.40576902378646
-3048102631505364116;1000;neo4j;1302.4518134715026;1647.0496380558427;True;0.40576902378646
-3030575409255423798;100;neo4j;1400.4503171247356;2101.1557894736843;True;0.40576902378646
-3027973178064757987;100;postgres;713.6632860040568;1248.3975659229209;True;2.1481481481481484
-3027973178064757987;500;postgres;804.1158536585366;1124.780487804878;True;2.1481481481481484
-3027973178064757987;1000;postgres;628.4705882352941;1121.8194726166328;True;2.1481481481481484
-3027973178064757987;3000;postgres;1026.4421906693713;1304.738336713996;True;2.1481481481481484
-3027973178064757987;9000;postgres;646.3286004056795;1146.9046653144017;True;2.1481481481481484
-3027973178064757987;15000;postgres;902.446247464503;1239.6115618661258;True;2.1481481481481484
-3023546514004782415;100;neo4j;1466.764344262295;2113.342857142857;True;0.40576902378646
-3023546514004782415;1000;neo4j;1927.2397540983607;2628.8551020408163;True;0.40576902378646
-3023546514004782415;3000;neo4j;2594.7268993839834;3347.422448979592;True;0.40576902378646
-3017144945881683176;500;neo4j;2123.2538975501116;2772.011111111111;True;0.40576902378646
-3015889914071122656;1000;neo4j;1293.4050632911392;2870.2736842105264;True;0.40576902378646
-3015889914071122656;9000;neo4j;1264.253164556962;3351.5305263157893;True;0.40576902378646
-3000291476142001502;500;neo4j;2121.042410714286;2063.9377777777777;False;0.40576902378646
-2997971896890458336;100;neo4j;1588.118040089087;2351.402222222222;True;0.40576902378646
-2997100093229795678;500;neo4j;1452.2392344497607;2357.78231292517;True;0.40576902378646
-2997100093229795678;1000;neo4j;1429.7909836065573;2436.4612244897958;True;0.40576902378646
-2997100093229795678;3000;neo4j;1519.4446721311476;3293.3102040816325;True;0.40576902378646
-2995448924509090272;1000;neo4j;1944.3118040089087;3147.82;True;0.40576902378646
-2992329027767932743;100;neo4j;1480.7577639751553;2401.03305785124;True;0.40576902378646
-2992329027767932743;3000;neo4j;2979.746361746362;6169.624481327801;True;0.40576902378646
-2990818102231951408;3000;neo4j;1430.328125;1858.2466666666667;True;0.40576902378646
-2986806035648228175;100;neo4j;1493.2680937818552;2034.6142131979695;True;0.40576902378646
-2986806035648228175;500;neo4j;1502.8718209562564;2725.0436105476674;True;0.40576902378646
-2986806035648228175;1000;neo4j;1587.0794297352343;3476.3042596348882;True;0.40576902378646
-2986806035648228175;3000;neo4j;1457.9227642276423;2155.2839756592293;True;0.40576902378646
-2986806035648228175;9000;neo4j;1350.224032586558;2721.340770791075;True;0.40576902378646
-2982640914438560254;100;neo4j;1587.8392116182572;2203.47259565667;True;0.40576902378646
-2976612325514127951;500;postgres;3754.2955555555554;4006.5198135198134;True;0.40576902378646
-2956734987158443760;9000;neo4j;1321.042531120332;2682.1913133402277;True;0.40576902378646
-2956734987158443760;15000;neo4j;1322.8381742738588;2835.126293995859;True;0.40576902378646
-2956620910149731957;1000;neo4j;2056.3763919821827;3202.3555555555554;True;0.40576902378646
-2946785958391034539;100;postgres;1133.6198791134989;1375.1319865319865;True;2.1481481481481484
-2946785958391034539;500;neo4j;1353.9453441295548;1488.094758064516;True;2.1481481481481484
-2946785958391034539;1000;postgres;953.5211267605633;1311.7479838709678;True;2.1481481481481484
-2946785958391034539;3000;neo4j;1393.8127530364372;1463.6814516129032;True;2.1481481481481484
-2946785958391034539;9000;neo4j;1352.8524258760108;2163.1814516129034;True;2.1481481481481484
-2946785958391034539;15000;neo4j;1440.8402964959569;2348.7681451612902;True;2.1481481481481484
-2944184378851594918;1000;neo4j;1938.4367088607594;2560.3684210526317;True;0.40576902378646
-2940493998422442725;3000;postgres;3861.66;14895.457777777778;True;0.40576902378646
-2937381665289622347;100;postgres;824.0030549898167;1231.3503054989817;True;2.1481481481481484
-2937381665289622347;500;neo4j;1314.0816326530612;1281.6270325203252;False;2.1481481481481484
-2937381665289622347;3000;neo4j;1542.1955193482688;2451.0955284552847;True;2.1481481481481484
-2937381665289622347;15000;neo4j;1356.2889344262296;2144.237804878049;True;2.1481481481481484
-2929846861573373466;100;neo4j;1482.4521158129176;2200.068888888889;True;0.40576902378646
-2925961785290407744;100;neo4j;1436.552338530067;1987.0311111111112;True;0.40576902378646
-2921777886404634018;3000;neo4j;2500.4620535714284;3191.4377777777777;True;0.40576902378646
-2916083665076915082;100;neo4j;1740.3080357142858;2132.317777777778;True;0.40576902378646
-2908511111454022448;100;neo4j;1622.2510548523207;2285.107368421053;True;0.40576902378646
-2908511111454022448;500;postgres;2823.204210526316;2864.7642105263158;True;0.40576902378646
-2906113030669765010;1000;neo4j;1714.3184855233853;1630.7088888888889;False;2.1481481481481484
-2887574797271615051;100;neo4j;1269.9977728285078;1258.5222222222221;False;0.40576902378646
-2881247343325013557;1000;mongo;798.5452631578947;946.7515789473684;True;14.280303030303031
-2881247343325013557;15000;postgres;430.0652631578947;662.4084210526315;True;14.280303030303031
-2878837800110024829;100;postgres;1377.0426829268292;1989.3973577235772;True;2.1481481481481484
-2878837800110024829;500;postgres;2643.602851323829;4145.438177874186;True;2.1481481481481484
-2878837800110024829;1000;postgres;6994.800563777308;28845.75;True;2.1481481481481484
-2876154350468006443;100;neo4j;1580.5055679287304;3837.0644444444442;True;0.40576902378646
-2871297792908950110;100;neo4j;1557.9430051813472;2477.7849017580143;True;0.40576902378646
-2870434648333380819;500;neo4j;1457.0334699453551;2430.973469387755;True;0.40576902378646
-2870434648333380819;1000;neo4j;1452.092213114754;2752.487755102041;True;0.40576902378646
-2870434648333380819;3000;neo4j;1434.8053278688524;3061.1367346938778;True;0.40576902378646
-2865921430745577598;100;neo4j;1471.8602421796165;1591.7498741821842;True;0.40576902378646
-2865921430745577598;500;neo4j;1438.9858728557012;1529.161971830986;True;0.40576902378646
-2865921430745577598;1000;neo4j;1305.8041722745627;1873.3040268456375;True;0.40576902378646
-2865921430745577598;3000;neo4j;1437.6021505376343;2261.275653923541;True;0.40576902378646
-2865921430745577598;9000;neo4j;1344.1036339165546;2736.818791946309;True;0.40576902378646
-2865921430745577598;15000;neo4j;1394.774193548387;3044.913480885312;True;0.40576902378646
-2863248243619485151;3000;neo4j;2639.678646934461;3399.9515789473685;True;0.40576902378646
-2863248243619485151;9000;neo4j;4488.527845036319;6606.189873417721;True;0.40576902378646
-2854405418442449444;500;neo4j;1599.8858921161825;2221.9296066252587;True;0.40576902378646
-2854405418442449444;9000;neo4j;4784.5824915824915;6427.890269151138;True;0.40576902378646
-2844573062851963249;1000;neo4j;1682.1141649048625;2974.258947368421;True;0.40576902378646
-2839499292725179601;100;neo4j;1480.6596194503172;2217.68;True;0.40576902378646
-2836578565749014132;100;neo4j;1319.1035940803383;1387.318947368421;True;2.1481481481481484
-2836150694403063002;100;neo4j;1475.6358921161825;1453.9110651499484;False;0.40576902378646
-2836150694403063002;15000;neo4j;1366.0126050420167;2782.1345755693583;True;0.40576902378646
-2833546460768277607;3000;neo4j;2670.383022774327;4509.977272727273;True;0.40576902378646
-2824490495631783833;100;neo4j;1474.2020408163266;1437.8680203045685;False;2.1481481481481484
-2824490495631783833;9000;neo4j;1302.0193285859614;2808.9391480730224;True;2.1481481481481484
-2824490495631783833;15000;neo4j;1395.9328358208954;2602.719405003381;True;2.1481481481481484
-2819076654114747488;500;neo4j;1687.3541202672607;2772.6911111111112;True;0.40576902378646
-2817916460640071856;15000;mongo;893.6466666666666;1311.8549107142858;True;14.280303030303031
-2808881694951013908;1000;neo4j;2092.051339285714;3582.0644444444442;True;0.40576902378646
-2806692448524173408;9000;neo4j;1313.2583518930958;2487.8844444444444;True;0.40576902378646
-2803706779591232774;100;postgres;298.33061224489796;415.76326530612243;True;14.280303030303031
-2803706779591232774;500;postgres;299.52244897959184;413.2877551020408;True;14.280303030303031
-2803706779591232774;1000;postgres;304.5367346938776;421.37142857142857;True;14.280303030303031
-2803706779591232774;9000;postgres;316.91224489795917;448.87551020408165;True;14.280303030303031
-2793019412465416944;100;neo4j;1302.924276169265;1298.12;False;0.40576902378646
-2790207858170765516;1000;neo4j;1282.1708860759493;1410.64;True;0.40576902378646
-2790207858170765516;3000;neo4j;1481.3417721518988;3176.6357894736843;True;0.40576902378646
-2785659637603282379;100;neo4j;1638.1735537190082;2326.024640657084;True;0.40576902378646
-2785659637603282379;3000;neo4j;1499.6948453608247;1584.2361396303902;True;0.40576902378646
-2785659637603282379;15000;neo4j;1474.186022610483;3268.50512295082;True;0.40576902378646
-2784156708912863147;100;neo4j;1768.8206751054852;2978.6084210526315;True;0.40576902378646
-2784156708912863147;500;neo4j;4624.265027322404;6570.995780590717;True;0.40576902378646
-2781805606403239779;500;neo4j;1614.6898734177216;2877.7136842105265;True;0.40576902378646
-2781805606403239779;9000;neo4j;4882.569620253164;8380.884279475982;True;0.40576902378646
-2766852004021046007;100;neo4j;1425.302564102564;1775.4785714285715;True;0.40576902378646
-2766852004021046007;3000;neo4j;1403.5787321063394;2676.6306122448977;True;0.40576902378646
-2766852004021046007;9000;neo4j;1303.4646153846154;2894.3479591836735;True;0.40576902378646
-2766057866324535103;100;neo4j;1464.6049107142858;1583.4755555555555;True;0.40576902378646
-2765878085214523825;500;neo4j;1670.8008298755187;2776.2939958592133;True;0.40576902378646
-2765878085214523825;1000;neo4j;1858.5352697095436;3039.5123966942147;True;0.40576902378646
-2765878085214523825;9000;neo4j;4762.426877470356;7496.260960334029;True;0.40576902378646
-2755747397067675126;3000;neo4j;1357.4209354120267;3792.688888888889;True;0.40576902378646
-2748512631501562962;100;neo4j;1711.0622362869199;2517.915789473684;True;0.40576902378646
-2748163848039650369;1000;neo4j;1687.966592427617;3061.8044444444445;True;0.40576902378646
-2747453729609688010;100;neo4j;1469.0623608017818;2575.1155555555556;True;0.40576902378646
-2741144795332851552;100;neo4j;1819.6949152542372;3022.966315789474;True;0.40576902378646
-2741144795332851552;3000;neo4j;1485.240506329114;2442.1284210526314;True;0.40576902378646
-2734324657072267647;500;postgres;1062.5755555555556;1529.3133333333333;True;2.1481481481481484
-2728495970187018159;100;neo4j;1608.8776371308018;2990.8905263157894;True;0.40576902378646
-2728495970187018159;3000;neo4j;2619.7763713080167;4377.905263157894;True;0.40576902378646
-2723263709560322935;100;postgres;1064.3416149068323;1459.2033195020747;True;0.40576902378646
-2723263709560322935;3000;neo4j;1396.819689119171;1860.6928645294727;True;0.40576902378646
-2719889291921202371;100;postgres;540.1818181818181;704.1959595959596;True;14.280303030303031
-2719889291921202371;500;mongo;753.4525252525252;721.6316498316498;False;14.280303030303031
-2719889291921202371;1000;postgres;775.39898989899;740.3515151515152;False;14.280303030303031
-2719889291921202371;9000;mongo;1316.680808080808;1458.4397163120568;True;14.280303030303031
-2719889291921202371;15000;mongo;1046.0282828282827;1363.7128412537918;True;14.280303030303031
-2718012122064883133;3000;postgres;1502.9644444444446;2918.024774774775;True;14.280303030303031
-2717619951245037790;100;neo4j;1462.5501113585747;1993.328888888889;True;0.40576902378646
-2717556854464536979;3000;neo4j;2788.58574610245;4462.3533333333335;True;0.40576902378646
-2714998602368320872;100;postgres;1420.504048582996;1414.5598377281947;False;0.40576902378646
-2714998602368320872;500;neo4j;1402.4439918533606;1290.7287449392713;False;0.40576902378646
-2714998602368320872;1000;neo4j;1368.9560216508796;2611.9399865138234;True;0.40576902378646
-2714998602368320872;9000;neo4j;1330.4320486815416;2968.957575757576;True;0.40576902378646
-2714998602368320872;15000;neo4j;1366.6968876860622;3208.4272237196765;True;0.40576902378646
-2712361034082028310;1000;neo4j;1690.845982142857;2210.6355555555556;True;0.40576902378646
-2709058652755598101;100;postgres;1366.5790554414784;1421.2156057494867;True;0.40576902378646
-2709058652755598101;1000;neo4j;1445.897119341564;2460.182751540041;True;0.40576902378646
-2709058652755598101;9000;neo4j;1404.8762886597938;3512.8053278688526;True;0.40576902378646
-2709058652755598101;15000;neo4j;1494.542094455852;3714.34631147541;True;0.40576902378646
-2707747465642361202;100;neo4j;1524.3812731559447;1613.2997987927565;True;0.40576902378646
-2707747465642361202;1000;neo4j;1354.4924471299094;1716.9688442211054;True;0.40576902378646
-2707747465642361202;3000;neo4j;1356.8738255033556;2677.4076305220883;True;0.40576902378646
-2707747465642361202;9000;neo4j;1422.2079757698132;2868.888944723618;True;0.40576902378646
-2707747465642361202;15000;neo4j;1349.6080808080808;2547.419306184012;True;0.40576902378646
-2701213530918112162;100;neo4j;1457.2405345211582;1581.151111111111;True;0.40576902378646
-2699523125284817998;1000;neo4j;1898.9308035714287;2114.24;True;0.40576902378646
-2692603405524539954;100;neo4j;1895.263392857143;2718.5911111111113;True;0.40576902378646
-2692024911108744520;500;neo4j;3029.478813559322;3479.5284210526315;True;0.40576902378646
-2677311226834765389;100;postgres;873.7398785425102;1393.5754812563323;True;2.1481481481481484
-2677311226834765389;500;postgres;1284.2004048582996;1755.0466531440163;True;2.1481481481481484
-2677311226834765389;9000;neo4j;4904.058823529412;5567.928909952607;True;2.1481481481481484
-2668680902333762389;500;neo4j;1659.2025316455697;2177.9578947368423;True;0.40576902378646
-2668680902333762389;1000;neo4j;1688.6434599156119;2380.3747368421054;True;0.40576902378646
-2664133057355673802;1000;neo4j;1877.4792531120331;3170.7701863354037;True;0.40576902378646
-2658033047011429709;100;neo4j;1446.4966592427618;1442.4444444444443;False;0.40576902378646
-2651510607260178200;3000;neo4j;2897.7796610169494;4387.170526315789;True;0.40576902378646
-2636197913029062940;100;neo4j;1416.42194092827;2364.0463157894737;True;0.40576902378646
-2636197913029062940;3000;postgres;7189.050526315789;19354.57805907173;True;0.40576902378646
-2635169691858422041;100;neo4j;1583.815682281059;1715.29179331307;True;0.40576902378646
-2635169691858422041;500;neo4j;1497.5228891149543;2500.3846153846152;True;0.40576902378646
-2635169691858422041;1000;neo4j;1359.263211382114;2518.7365754812563;True;0.40576902378646
-2635169691858422041;9000;neo4j;1270.395537525355;2607.576923076923;True;0.40576902378646
-2635169691858422041;15000;neo4j;1317.399185336049;2745.226720647773;True;0.40576902378646
-2631869997534430466;100;neo4j;1441.184855233853;2253.0733333333333;True;0.40576902378646
-2627516338502745969;1000;postgres;1690.9515789473685;1812.1564482029598;True;2.1481481481481484
-2627516338502745969;3000;postgres;2572.6631578947367;2691.590618336887;True;2.1481481481481484
-2611186425277629673;100;neo4j;1686.7388392857142;2374.3;True;0.40576902378646
-2611151824069505738;500;neo4j;1666.331223628692;2467.938947368421;True;0.40576902378646
-2611151824069505738;1000;neo4j;1907.3601694915253;2739.837894736842;True;0.40576902378646
-2609472562729504114;9000;postgres;5342.1;25697.218997361477;True;0.40576902378646
-2607457006016854014;100;postgres;1283.3333333333333;1411.138211382114;True;2.1481481481481484
-2607457006016854014;500;postgres;1559.7413441955193;1761.2020408163266;True;2.1481481481481484
-2607457006016854014;1000;postgres;1420.2;1715.7476255088195;True;2.1481481481481484
-2607457006016854014;9000;postgres;2650.1382113821137;4386.48291571754;True;2.1481481481481484
-2604234694360545704;100;neo4j;1285.392857142857;1509.9466666666667;True;0.40576902378646
-2595662229810141790;100;postgres;796.2095141700405;1413.7910750507099;True;2.1481481481481484
-2595662229810141790;500;postgres;837.8076923076923;1159.9412955465586;True;2.1481481481481484
-2595662229810141790;1000;neo4j;1425.556345177665;1624.65991902834;True;2.1481481481481484
-2595662229810141790;9000;neo4j;1298.7965412004069;2122.470111448835;True;2.1481481481481484
-2595662229810141790;15000;neo4j;1372.50916496945;2210.2697768762678;True;2.1481481481481484
-2592638182945132307;1000;neo4j;1899.1559020044544;2800.0044543429844;True;0.40576902378646
-2586428021143681650;100;neo4j;1499.391393442623;2265.4020408163265;True;0.40576902378646
-2586428021143681650;1000;neo4j;2068.19262295082;3628.930612244898;True;0.40576902378646
-2586428021143681650;3000;neo4j;2772.7392197125255;4175.779591836735;True;0.40576902378646
-2585917544149042233;100;neo4j;1620.2130801687763;1897.4589473684211;True;0.40576902378646
-2572662091531493257;500;neo4j;1468.8360995850621;1612.167701863354;True;0.40576902378646
-2572662091531493257;1000;neo4j;2205.607476635514;2576.0444674250257;True;0.40576902378646
-2568985926059986554;500;postgres;1057.0547368421053;1657.8042105263157;True;2.1481481481481484
-2568985926059986554;9000;postgres;3324.9115789473685;4737.640167364017;True;2.1481481481481484
-2563742711189158642;500;neo4j;2114.4324894514766;2382.8505263157895;True;0.40576902378646
-2561856897830632792;3000;postgres;1010.5111111111111;1276.54;True;2.1481481481481484
-2559625314131134194;100;postgres;1217.0869565217392;1452.8737060041408;True;0.40576902378646
-2559625314131134194;1000;neo4j;1505.097713097713;2674.5403726708073;True;0.40576902378646
-2559625314131134194;3000;neo4j;1440.536231884058;2683.551652892562;True;0.40576902378646
-2559222448037904339;3000;neo4j;2743.30289532294;3133.637777777778;True;0.40576902378646
-2553393805967597362;100;postgres;1356.8244444444445;1859.5577777777778;True;2.1481481481481484
-2548180345763249486;100;neo4j;1483.5634743875278;2139.7933333333335;True;0.40576902378646
-2539689392805719317;500;neo4j;1435.5876288659795;1840.2238193018482;True;0.40576902378646
-2539689392805719317;3000;neo4j;1377.1913580246915;1521.558521560575;True;0.40576902378646
-2539689392805719317;15000;neo4j;1399.17659137577;2514.7397540983607;True;0.40576902378646
-2534861538726150348;100;neo4j;1481.6518987341772;2669.56;True;0.40576902378646
-2531272331947415437;500;neo4j;2364.8730512249444;2693.1844444444446;True;0.40576902378646
-2530968450542712343;100;postgres;969.2865853658536;1309.5081632653062;True;0.40576902378646
-2530968450542712343;500;neo4j;1436.104081632653;1463.0285132382892;True;0.40576902378646
-2530968450542712343;1000;postgres;1072.7357723577236;1305.0489795918368;True;0.40576902378646
-2530968450542712343;3000;neo4j;1457.0244897959183;1778.9024390243903;True;0.40576902378646
-2530968450542712343;15000;neo4j;1353.8255102040816;2219.7456765005086;True;0.40576902378646
-2526248153524971894;500;neo4j;1658.5421810699588;2070.092213114754;True;0.40576902378646
-2526248153524971894;9000;neo4j;4904.45;6033.318275154004;True;0.40576902378646
-2526193079753697511;3000;neo4j;2901.4754464285716;3787.9955555555557;True;0.40576902378646
-2525549918523340614;500;postgres;1206.43429844098;1236.851111111111;True;0.40576902378646
-2515453411050691590;3000;neo4j;2387.398663697105;3755.1266666666666;True;0.40576902378646
-2513669228355612391;100;neo4j;1405.975359342916;2145.8278688524592;True;0.40576902378646
-2513669228355612391;500;neo4j;1647.1474226804123;2370.6317948717947;True;0.40576902378646
-2513669228355612391;3000;neo4j;2788.3072164948453;4187.445585215606;True;0.40576902378646
-2502606358750552702;1000;neo4j;1237.0848214285713;1725.7288888888888;True;0.40576902378646
-2500061965448855004;100;neo4j;1493.9309576837416;3379.2266666666665;True;0.40576902378646
-2498109516761305073;500;neo4j;1590.416490486258;1849.3936842105263;True;0.40576902378646
-2498109516761305073;1000;neo4j;1840.105708245243;2075.642105263158;True;0.40576902378646
-2492132652619806627;500;neo4j;1393.0571040108769;2040.051525423729;True;0.40576902378646
-2492132652619806627;1000;neo4j;1396.5489795918368;2177.1364562118124;True;0.40576902378646
-2492132652619806627;3000;neo4j;1271.7627811860941;2205.538617886179;True;0.40576902378646
-2492132652619806627;9000;neo4j;1257.3591836734695;2042.9837398373984;True;0.40576902378646
-2491691680243594012;9000;neo4j;4709.188271604939;4654.713333333333;False;2.1481481481481484
-2490098750171211390;9000;neo4j;4900.166666666667;6491.055555555556;True;0.40576902378646
-2479684404196726103;100;neo4j;1430.1837381203802;1846.4884210526316;True;0.40576902378646
-2476119167425695774;100;neo4j;1594.6097046413502;2303.322105263158;True;0.40576902378646
-2474243421088712014;500;neo4j;1505.0401785714287;1903.1622222222222;True;0.40576902378646
-2473466321970047199;100;postgres;1197.96;1313.1923890063424;True;2.1481481481481484
-2473466321970047199;500;postgres;1350.5263157894738;1514.0210526315789;True;2.1481481481481484
-2473133952275352072;100;neo4j;1642.8841870824053;1842.2155555555555;True;0.40576902378646
-2460366365582918487;500;postgres;1458.9234693877552;1509.8416751787538;True;2.1481481481481484
-2460366365582918487;3000;postgres;1637.3;2353.3983572895277;True;2.1481481481481484
-2460366365582918487;9000;postgres;2990.5632653061225;4809.374213836478;True;2.1481481481481484
-2460366365582918487;15000;postgres;4295.136734693878;19002.185714285715;True;2.1481481481481484
-2447161183827422226;1000;neo4j;1618.5134020618557;3013.659137577002;True;0.40576902378646
-2447161183827422226;3000;neo4j;1339.8809034907597;2166.967213114754;True;0.40576902378646
-2447161183827422226;15000;neo4j;1293.9866392600206;2925.768205128205;True;0.40576902378646
-2442219366103423959;1000;neo4j;1938.447661469933;2797.242222222222;True;0.40576902378646
-2429736004923101315;1000;neo4j;1512.1964285714287;2932.0044444444443;True;0.40576902378646
-2427181927202493854;3000;neo4j;3028.6085011185683;3359.0466666666666;True;0.40576902378646
-2422562548704182940;100;neo4j;1492.837416481069;2060.157777777778;True;0.40576902378646
-2413725091312963324;500;postgres;2108.3863636363635;2261.927385892116;True;2.1481481481481484
-2413725091312963324;1000;neo4j;1724.0875;2461.8985507246375;True;2.1481481481481484
-2394122212832927905;9000;neo4j;4819.485875706215;8375.039534883721;True;0.40576902378646
-2388632957523736160;100;postgres;939.5071868583162;1289.5092402464065;True;2.1481481481481484
-2388632957523736160;500;postgres;1168.3811475409836;1491.5368852459017;True;2.1481481481481484
-2388632957523736160;1000;postgres;1418.0739219712525;1823.5720164609054;True;2.1481481481481484
-2388632957523736160;3000;postgres;2373.590163934426;2480.211498973306;True;2.1481481481481484
-2386877530086829807;1000;neo4j;1958.8285077951002;2841.14;True;0.40576902378646
-2378682564792297801;100;neo4j;1399.7278481012659;1484.1136842105263;True;0.40576902378646
-2378682564792297801;9000;neo4j;1352.1987315010572;3138.2526315789473;True;0.40576902378646
-2372400804455694713;9000;neo4j;1387.497767857143;2949.8088888888888;True;0.40576902378646
-2370117466822224111;100;postgres;2365.011111111111;2460.4466666666667;True;0.40576902378646
-2366481354115452249;1000;neo4j;2172.0155902004453;3605.306666666667;True;0.40576902378646
-2365722912682918962;100;neo4j;1597.2174796747968;1637.7451971688574;True;0.40576902378646
-2365722912682918962;500;neo4j;1416.5131845841786;1974.5495951417004;True;0.40576902378646
-2365722912682918962;1000;neo4j;1304.9291497975707;1695.7535353535354;True;0.40576902378646
-2365722912682918962;3000;neo4j;1420.657894736842;1320.2808080808081;False;0.40576902378646
-2365722912682918962;9000;neo4j;1258.2235772357724;2128.831983805668;True;0.40576902378646
-2365722912682918962;15000;neo4j;1428.0265306122449;2772.497975708502;True;0.40576902378646
-2363833932719172136;100;postgres;1175.7088888888889;1437.4610244988864;True;0.40576902378646
-2361268915247699615;1000;neo4j;1748.380846325167;2242.702222222222;True;0.40576902378646
-2359573907541260342;500;neo4j;1647.9216101694915;2089.4652631578947;True;0.40576902378646
-2359573907541260342;1000;neo4j;1893.223628691983;2317.915789473684;True;0.40576902378646
-2359507157190040994;500;neo4j;1577.0712694877507;2370.7533333333336;True;0.40576902378646
-2350813857348316232;100;postgres;1564.8379487179486;1611.358316221766;True;0.40576902378646
-2350813857348316232;500;neo4j;4652.358885017422;4725.690573770492;True;0.40576902378646
-2329111875858135937;1000;postgres;795.7488888888889;1195.4155555555556;True;2.1481481481481484
-2321850361956096217;100;postgres;1614.7926078028747;1792.7119341563787;True;0.40576902378646
-2315334763871060540;100;neo4j;1493.3174273858922;2360.5300207039336;True;0.40576902378646
-2315334763871060540;500;neo4j;1588.9045643153527;2931.5652173913045;True;0.40576902378646
-2315334763871060540;9000;neo4j;4479.165501165501;8530.053691275169;True;0.40576902378646
-2307751624437518829;100;postgres;872.3242105263158;1273.0168776371308;True;0.40576902378646
-2307751624437518829;9000;neo4j;1269.9598308668076;1689.7747368421053;True;0.40576902378646
-2294493723353783153;100;neo4j;1478.4599156118143;1864.4421052631578;True;0.40576902378646
-2294493723353783153;500;postgres;4111.023157894737;4552.096491228071;True;0.40576902378646
-2293713195386313295;100;neo4j;1484.5464646464648;1405.8418932527693;False;0.40576902378646
-2293713195386313295;1000;neo4j;2175.9797160243406;2538.344758064516;True;0.40576902378646
-2293713195386313295;3000;neo4j;2822.151924375422;3427.0785762256546;True;0.40576902378646
-2293713195386313295;9000;neo4j;4879.41592920354;7004.983684568321;True;0.40576902378646
-2287281154508766753;100;neo4j;1335.8870116156284;1528.1347368421052;True;0.40576902378646
-2282878099682577570;100;neo4j;1473.7973273942093;1955.2488888888888;True;0.40576902378646
-2282821879317257870;500;postgres;1137.7622950819673;1610.9610655737704;True;2.1481481481481484
-2282821879317257870;1000;postgres;1419.611909650924;2018.6303901437373;True;2.1481481481481484
-2282821879317257870;3000;postgres;2241.497950819672;3313.4487704918033;True;2.1481481481481484
-2282821879317257870;9000;postgres;3885.041067761807;4819.364016736402;True;2.1481481481481484
-2281199101954446374;100;neo4j;2153.017817371938;2728.4444444444443;True;0.40576902378646
-2280516890771335684;100;postgres;1113.6796714579054;1435.593429158111;True;2.1481481481481484
-2280516890771335684;500;postgres;1493.3958974358975;1491.7956878850102;False;2.1481481481481484
-2280516890771335684;15000;neo4j;1354.0618556701031;2813.2274590163934;True;2.1481481481481484
-2272515555249843981;500;neo4j;1676.4474576271186;2007.2052667116814;True;0.40576902378646
-2272515555249843981;9000;postgres;4197.0716216216215;4688.645833333333;True;0.40576902378646
-2264455898882511178;3000;neo4j;2748.0446428571427;3811.9644444444443;True;0.40576902378646
-2254328874468802996;500;neo4j;1644.9304257528556;1629.7032057911065;False;2.1481481481481484
-2254328874468802996;9000;postgres;4707.277432712215;4819.639639639639;True;2.1481481481481484
-2252596734790495438;500;neo4j;1693.0576662143826;2240.404054054054;True;0.40576902378646
-2252596734790495438;3000;neo4j;2640.983706720978;3633.8724696356276;True;0.40576902378646
-2252596734790495438;9000;neo4j;4649.7621052631575;6127.718623481781;True;0.40576902378646
-2249501303391780954;100;neo4j;1532.9711934156378;1804.0574948665299;True;0.40576902378646
-2249501303391780954;500;neo4j;1626.0824742268042;1893.2546201232033;True;0.40576902378646
-2249501303391780954;1000;neo4j;2025.1273100616017;2552.0102459016393;True;0.40576902378646
-2249501303391780954;9000;neo4j;4904.450980392156;5395.049180327869;True;0.40576902378646
-2242902358044541173;100;neo4j;1292.1308016877638;1409.2021052631578;True;0.40576902378646
-2242902358044541173;500;neo4j;1599.8987341772151;1695.5242105263158;True;0.40576902378646
-2239728505033406305;100;postgres;825.5871313672923;1303.5758389261746;True;2.1481481481481484
-2239728505033406305;500;postgres;1265.9000670690812;1387.317876344086;True;2.1481481481481484
-2239728505033406305;1000;postgres;993.4758713136729;1274.2099262240108;True;2.1481481481481484
-2239728505033406305;3000;postgres;1240.7027162977868;1300.8938097634625;True;2.1481481481481484
-2239728505033406305;9000;neo4j;1260.8982367758185;1887.4316582914573;True;2.1481481481481484
-2239728505033406305;15000;neo4j;1305.7762096774193;2130.79476861167;True;2.1481481481481484
-2236585610138008708;500;neo4j;1699.467706013363;2624.28;True;0.40576902378646
-2235061985917903347;3000;postgres;3273.097777777778;4886.0;True;0.40576902378646
-2227468585668544777;500;postgres;1883.6333333333334;1934.6022222222223;True;2.1481481481481484
-2224482451458984380;100;neo4j;1371.654017857143;1327.4533333333334;False;0.40576902378646
-2216150376932900568;100;neo4j;1824.725971370143;1912.3020408163266;True;0.40576902378646
-2216150376932900568;500;neo4j;1663.2065439672801;1928.3836734693878;True;0.40576902378646
-2216150376932900568;1000;postgres;2511.5204081632655;2602.8278688524592;True;0.40576902378646
-2214069644226296987;100;neo4j;1480.2026726057907;2419.9644444444443;True;0.40576902378646
-2212346967192022625;1000;neo4j;1290.217299578059;2764.5263157894738;True;0.40576902378646
-2212346967192022625;3000;neo4j;1389.5;2859.2;True;0.40576902378646
-2212002541095008200;100;neo4j;1483.0991561181434;2045.6652631578947;True;0.40576902378646
-2212002541095008200;500;neo4j;1812.8752642706131;2328.301052631579;True;0.40576902378646
-2211511155296728805;100;neo4j;1456.1452282157677;1511.670807453416;True;0.40576902378646
-2211511155296728805;3000;neo4j;1487.7323651452282;3186.1718426501034;True;0.40576902378646
-2211511155296728805;9000;neo4j;1326.6169772256728;3333.8636363636365;True;0.40576902378646
-2193589123262849998;500;postgres;1442.2482051282052;1510.4871794871794;True;0.40576902378646
-2193589123262849998;15000;postgres;2965.665297741273;18563.288501026695;True;0.40576902378646
-2184253864351611050;100;neo4j;1520.1138716356108;2048.5578512396696;True;0.40576902378646
-2184253864351611050;1000;neo4j;2071.1597510373444;2896.567287784679;True;0.40576902378646
-2184253864351611050;3000;neo4j;2632.422916666667;3771.271221532091;True;0.40576902378646
-2168950290245615470;500;neo4j;1615.831223628692;2544.9094736842108;True;0.40576902378646
-2168950290245615470;9000;neo4j;4678.494082840237;8271.767741935484;True;0.40576902378646
-2167313672290001832;100;neo4j;1548.892405063291;1959.2526315789473;True;0.40576902378646
-2163735345737031950;100;neo4j;1356.7527839643653;1896.06;True;0.40576902378646
-2160073313449185716;100;neo4j;1615.9177215189873;1546.4589473684211;False;0.40576902378646
-2157811771078368447;500;neo4j;1803.1966173361523;3990.496842105263;True;0.40576902378646
-2146719503866079926;100;neo4j;1480.590717299578;2294.9010526315788;True;0.40576902378646
-2138307860817785056;3000;neo4j;2694.0959821428573;4993.828888888889;True;0.40576902378646
-2124652646841345608;9000;neo4j;1316.475687103594;2243.4505263157894;True;2.1481481481481484
-2124652646841345608;15000;neo4j;1416.4683544303798;2237.5263157894738;True;2.1481481481481484
-2115073278496856356;100;neo4j;1449.2759595959596;1763.1299275945294;True;0.40576902378646
-2115073278496856356;500;neo4j;1645.2696704774714;2075.461126005362;True;0.40576902378646
-2115073278496856356;1000;neo4j;2054.6247478143914;2457.5046916890083;True;0.40576902378646
-2115073278496856356;3000;neo4j;2951.139534883721;3141.436052366566;True;0.40576902378646
-2115073278496856356;9000;neo4j;4776.104247104247;6080.565392354125;True;0.40576902378646
-2101800666867182197;3000;neo4j;3365.5137420718816;4528.953684210526;True;0.40576902378646
-2097149577849111398;500;neo4j;1656.672877846791;2596.059917355372;True;0.40576902378646
-2097149577849111398;3000;neo4j;2899.0933609958506;4620.455486542443;True;0.40576902378646
-2088677723591833123;100;neo4j;1616.9441964285713;2691.76;True;0.40576902378646
-2078414972084297330;3000;neo4j;2775.0313199105144;2890.988888888889;True;0.40576902378646
-2070861517930654852;1000;neo4j;1675.229398663697;3037.968888888889;True;0.40576902378646
-2061286800128394160;100;neo4j;1494.47510373444;1876.3188405797102;True;0.40576902378646
-2061286800128394160;1000;neo4j;1806.329192546584;2526.4256198347107;True;0.40576902378646
-2056523262372144471;3000;neo4j;2514.6584821428573;4827.424444444445;True;0.40576902378646
-2052709122785280996;100;neo4j;1654.1135857461024;1747.2711111111112;True;0.40576902378646
-2050093895247344708;100;postgres;892.6934010152285;1449.0954314720811;True;2.1481481481481484
-2050093895247344708;1000;postgres;1005.6095334685598;1140.4018311291964;True;2.1481481481481484
-2050093895247344708;3000;neo4j;1349.9786585365853;1597.3580121703853;True;2.1481481481481484
-2050093895247344708;15000;neo4j;1760.4918699186992;3613.1075050709937;True;2.1481481481481484
-2033482807439470710;1000;neo4j;1939.484942886812;3294.9979296066253;True;0.40576902378646
-2028843548471971381;100;postgres;1028.248447204969;1429.7385892116183;True;2.1481481481481484
-2028843548471971381;1000;postgres;1760.6487603305786;2102.776859504132;True;2.1481481481481484
-2028843548471971381;3000;postgres;3514.4616977225674;9790.670807453416;True;2.1481481481481484
-2027626163511880585;100;neo4j;1716.546875;2283.74;True;0.40576902378646
-2024085127205405848;100;neo4j;1457.9621380846324;1595.34;True;0.40576902378646
-2021924311826792474;3000;neo4j;2667.278396436526;3700.08;True;0.40576902378646
-2011270478929697698;100;neo4j;1719.3402489626556;1952.3333333333333;True;0.40576902378646
-2011270478929697698;500;postgres;4103.74173553719;4107.006550218341;True;0.40576902378646
-2010625861911557214;1000;neo4j;1370.1786447638603;1661.5368852459017;True;0.40576902378646
-2010625861911557214;3000;neo4j;1428.9279835390946;2701.306981519507;True;0.40576902378646
-2010625861911557214;9000;neo4j;1497.0453608247424;4035.1273100616017;True;0.40576902378646
-2009117548160280328;1000;postgres;2617.411111111111;3815.937078651685;True;2.1481481481481484
-2007028123159912770;100;postgres;799.8163265306123;1606.7530612244898;True;14.280303030303031
-1998734532161289197;500;postgres;718.2422222222223;1189.808888888889;True;14.280303030303031
-1996310669034281617;100;neo4j;1515.7921810699588;1655.6776180698153;True;0.40576902378646
-1996310669034281617;500;neo4j;1353.1378600823045;1731.735655737705;True;0.40576902378646
-1996310669034281617;3000;neo4j;1478.117525773196;3621.23613963039;True;0.40576902378646
-1996310669034281617;15000;neo4j;1555.0924024640658;4411.895491803279;True;0.40576902378646
-1995015254960720404;1000;neo4j;1318.7025316455697;2864.7263157894736;True;0.40576902378646
-1995015254960720404;15000;neo4j;1392.6046511627908;2820.4336842105263;True;0.40576902378646
-1993673301792951122;100;neo4j;1486.8329621380847;2510.0177777777776;True;0.40576902378646
-1990194161503355941;500;postgres;1171.891111111111;1641.628888888889;True;2.1481481481481484
-1981398416571784923;3000;neo4j;2463.5612472160356;5239.022222222222;True;0.40576902378646
-1975748125637613533;500;neo4j;1717.8137154554759;2800.445574771109;True;0.40576902378646
-1975748125637613533;3000;neo4j;2826.3893442622953;4964.3119918699185;True;0.40576902378646
-1975348128262159923;1000;neo4j;1295.3407572383073;3240.297777777778;True;0.40576902378646
-1971516975377010929;100;neo4j;1410.0197505197505;1593.879007238883;True;2.1481481481481484
-1971516975377010929;3000;neo4j;2579.257796257796;3245.904761904762;True;2.1481481481481484
-1960823302128198557;3000;neo4j;1459.3467230443975;1859.4505263157894;True;0.40576902378646
-1960823302128198557;15000;neo4j;1277.535864978903;3274.3473684210526;True;0.40576902378646
-1958701701688886655;100;neo4j;1599.4058704453441;1784.3480885311872;True;0.40576902378646
-1958701701688886655;1000;neo4j;1296.4413430420711;2017.75231574708;True;0.40576902378646
-1958701701688886655;3000;neo4j;1425.0252525252524;2169.045362903226;True;0.40576902378646
-1958701701688886655;9000;neo4j;1396.579797979798;3023.884189325277;True;0.40576902378646
-1958701701688886655;15000;neo4j;1349.6427850655903;2754.2937625754525;True;0.40576902378646
-1958337024384335204;15000;neo4j;1398.71714922049;2054.9866666666667;True;0.40576902378646
-1954236290671977169;100;neo4j;1364.8097251585623;2189.3915789473685;True;0.40576902378646
-1954236290671977169;1000;neo4j;2438.959830866808;3086.941052631579;True;0.40576902378646
-1949043044700079151;100;postgres;832.261569416499;1305.3746223564954;True;2.1481481481481484
-1949043044700079151;500;postgres;764.0231621349446;1103.3867069486405;True;2.1481481481481484
-1949043044700079151;1000;postgres;969.1438631790744;1183.773413897281;True;2.1481481481481484
-1949043044700079151;3000;neo4j;1550.5650857719475;2641.1237424547285;True;2.1481481481481484
-1949043044700079151;9000;neo4j;1392.1672285906945;2554.7186975495133;True;2.1481481481481484
-1949043044700079151;15000;neo4j;1247.189898989899;2172.747983870968;True;2.1481481481481484
-1944310021015993582;1000;neo4j;1711.587973273942;2920.5555555555557;True;0.40576902378646
-1942861049087869311;500;neo4j;1307.643652561247;1419.4466666666667;True;0.40576902378646
-1926093232407215810;100;neo4j;1346.6373056994819;2029.7311271975182;True;0.40576902378646
-1926093232407215810;1000;neo4j;1966.1867219917012;2956.2194616977226;True;0.40576902378646
-1920021398539691648;500;neo4j;1581.3435582822085;2292.957230142566;True;0.40576902378646
-1920021398539691648;3000;neo4j;2689.7852760736196;2978.5914634146343;True;0.40576902378646
-1920021398539691648;9000;neo4j;4795.790816326531;6516.136131013306;True;0.40576902378646
-1916192693791446888;1000;neo4j;2022.8227848101267;2453.6126315789475;True;0.40576902378646
-1916192693791446888;9000;neo4j;4698.204225352113;5453.216842105263;True;0.40576902378646
-1915637386904052378;500;neo4j;1929.6236080178173;2616.04;True;0.40576902378646
-1909062255350704550;500;neo4j;1962.3853006681516;3963.68;True;0.40576902378646
-1893838939607344977;500;neo4j;1504.15611814346;2095.136842105263;True;0.40576902378646
-1893838939607344977;1000;neo4j;1836.6877637130801;2981.5684210526315;True;0.40576902378646
-1891259635261591478;500;neo4j;1791.1210191082803;3119.2905263157895;True;0.40576902378646
-1891259635261591478;9000;neo4j;4708.2624584717605;7693.298728813559;True;0.40576902378646
-1888431145472274022;3000;neo4j;2705.8348214285716;5864.348888888889;True;0.40576902378646
-1885952285704562067;100;neo4j;1439.8735632183907;1997.2567385444745;True;0.40576902378646
-1885952285704562067;1000;neo4j;1800.5345528455284;2427.1477732793524;True;0.40576902378646
-1885952285704562067;3000;neo4j;2913.3649337410807;3184.5844287158748;True;0.40576902378646
-1885952285704562067;9000;neo4j;4938.4;7281.0;True;0.40576902378646
-1869224647772042763;100;neo4j;1473.5055679287304;2258.9555555555557;True;0.40576902378646
-1865730100338779607;500;neo4j;1944.92194092827;2939.6905263157896;True;0.40576902378646
-1858820068631560524;100;neo4j;1331.162447257384;2134.197894736842;True;0.40576902378646
-1858820068631560524;500;neo4j;1599.5590717299579;2486.294736842105;True;0.40576902378646
-1851435750967224438;100;neo4j;1479.571729957806;2483.8;True;0.40576902378646
-1851435750967224438;1000;neo4j;1653.894291754757;3523.9115789473685;True;0.40576902378646
-1843639645334988463;100;neo4j;1486.9430379746836;2287.7094736842105;True;0.40576902378646
-1835018937319001327;3000;neo4j;2784.4362416107383;4382.522222222222;True;0.40576902378646
-1832417558461740835;100;postgres;1352.8654244306417;1424.3374741200828;True;0.40576902378646
-1832417558461740835;1000;neo4j;1586.1954261954263;1900.0227272727273;True;0.40576902378646
-1832417558461740835;3000;postgres;2382.6066252587993;2793.8877338877337;True;0.40576902378646
-1830648821890703589;100;neo4j;1725.142857142857;3135.6555555555556;True;0.40576902378646
-1821161108874144535;100;postgres;1885.9957894736842;2008.26582278481;True;0.40576902378646
-1800341513869000947;100;postgres;1336.453807106599;1377.0264227642276;True;2.1481481481481484
-1800341513869000947;500;neo4j;1507.6272912423626;1940.4685598377282;True;2.1481481481481484
-1800341513869000947;1000;neo4j;1390.0548780487804;1688.0872210953346;True;2.1481481481481484
-1800341513869000947;3000;neo4j;1431.3353658536585;2012.786004056795;True;2.1481481481481484
-1800341513869000947;15000;neo4j;1443.4969325153374;2736.450304259635;True;2.1481481481481484
-1800040906186465766;9000;neo4j;4798.686507936508;5766.462222222222;True;0.40576902378646
-1791448009188052876;1000;neo4j;1876.4743875278396;3405.02;True;0.40576902378646
-1787583064969438898;100;postgres;1478.073469387755;1784.8224489795919;True;0.40576902378646
-1787583064969438898;500;postgres;3111.9285714285716;4329.361111111111;True;0.40576902378646
-1787583064969438898;3000;postgres;4721.851020408163;4900.25;True;0.40576902378646
-1784871458323169704;500;neo4j;1704.4968287526426;2238.5284210526315;True;0.40576902378646
-1784871458323169704;1000;neo4j;1842.2690677966102;2598.5684210526315;True;0.40576902378646
-1761091801583231362;9000;postgres;6334.4;25115.524553571428;True;0.40576902378646
-1746396400544390957;100;neo4j;1469.1551020408162;2224.569105691057;True;0.40576902378646
-1746396400544390957;500;neo4j;1479.6476578411405;2531.2947154471544;True;0.40576902378646
-1746396400544390957;1000;neo4j;1474.8469387755101;3271.7723577235774;True;0.40576902378646
-1746396400544390957;3000;neo4j;1445.4130879345603;4024.867617107943;True;0.40576902378646
-1746396400544390957;9000;neo4j;1290.5720122574055;2978.024415055951;True;0.40576902378646
-1744851439597939055;100;neo4j;1773.2869198312237;2550.587368421053;True;0.40576902378646
-1744851439597939055;1000;neo4j;1412.0696202531647;1769.2105263157894;True;0.40576902378646
-1741671178055945263;100;postgres;1323.8443775100402;1378.2274786109713;True;0.40576902378646
-1741671178055945263;500;neo4j;1382.9741831383622;1460.3017276014464;True;0.40576902378646
-1741671178055945263;1000;neo4j;1168.82092555332;1128.3775100401606;False;0.40576902378646
-1741671178055945263;3000;neo4j;1373.7286769644056;2051.4968174204355;True;0.40576902378646
-1741671178055945263;9000;neo4j;1376.2716733870968;2762.8458835341366;True;0.40576902378646
-1741671178055945263;15000;neo4j;1332.5456989247311;2517.028781793842;True;0.40576902378646
-1735120549682882055;500;neo4j;1612.2448132780082;2823.2422360248447;True;0.40576902378646
-1735120549682882055;9000;neo4j;1352.246887966805;2531.3726708074532;True;0.40576902378646
-1735120549682882055;15000;neo4j;1490.3229813664595;3184.6446280991736;True;0.40576902378646
-1728251763703322130;100;neo4j;1444.6503340757238;2025.0266666666666;True;0.40576902378646
-1726993727960646403;9000;neo4j;4788.908296943231;8716.513432835822;True;0.40576902378646
-1725546785079524455;500;postgres;1327.9803516028956;1498.2688728024818;True;2.1481481481481484
-1725546785079524455;3000;postgres;2293.144927536232;2303.8651452282156;True;2.1481481481481484
-1713056452721807782;1000;neo4j;1793.2075892857142;2253.7;True;0.40576902378646
-1710671758518066422;500;neo4j;1570.6639004149379;2153.0476190476193;True;0.40576902378646
-1710671758518066422;3000;neo4j;2538.385093167702;3766.1177685950415;True;0.40576902378646
-1710671758518066422;9000;neo4j;4684.444126074499;6860.780538302278;True;0.40576902378646
-1706194777670473832;100;neo4j;1510.5443037974683;1999.3557894736841;True;0.40576902378646
-1706194777670473832;500;neo4j;1999.8562367864693;2278.557894736842;True;0.40576902378646
-1705627249398031490;100;postgres;1374.23347107438;1484.857142857143;True;0.40576902378646
-1705627249398031490;9000;postgres;2702.1335403726707;4498.737470167064;True;0.40576902378646
-1699433280926514410;500;neo4j;1618.113924050633;2061.576842105263;True;0.40576902378646
-1699433280926514410;9000;neo4j;4708.434650455927;5396.218947368421;True;0.40576902378646
-1699244005488499831;100;neo4j;1648.2278481012659;1848.2537840565085;True;0.40576902378646
-1699244005488499831;500;neo4j;3325.8106923751097;3776.5699865410497;True;0.40576902378646
-1699244005488499831;3000;neo4j;4900.111111111111;5185.29898989899;True;0.40576902378646
-1694929928793156643;100;neo4j;1537.8641912512717;2088.2096202531648;True;0.40576902378646
-1694929928793156643;1000;neo4j;1437.2052845528456;2472.5141700404856;True;0.40576902378646
-1694929928793156643;3000;neo4j;1454.4252288911496;2983.387031408308;True;0.40576902378646
-1694929928793156643;15000;neo4j;1364.8963414634147;3833.86032388664;True;0.40576902378646
-1676626672733862023;100;neo4j;1778.5189309576838;2500.702222222222;True;0.40576902378646
-1675197142867180288;100;neo4j;1517.892361111111;1530.0648021828104;True;0.40576902378646
-1675197142867180288;500;neo4j;1475.0449897750511;2139.8413021363176;True;0.40576902378646
-1675197142867180288;1000;neo4j;1277.8061224489795;2325.5885947046845;True;0.40576902378646
-1667758683105623158;500;neo4j;1508.723044397463;2997.446315789474;True;0.40576902378646
-1667758683105623158;1000;neo4j;1450.4767932489451;3065.755789473684;True;0.40576902378646
-1659105654470979794;100;neo4j;1461.643652561247;2117.028888888889;True;0.40576902378646
-1647721556896226882;100;neo4j;1446.957683741648;1863.0511111111111;True;0.40576902378646
-1641438488246982060;1000;neo4j;1450.271714922049;3083.9444444444443;True;0.40576902378646
-1633147539068353945;100;neo4j;1453.2204081632653;1497.6476578411405;True;2.1481481481481484
-1633147539068353945;3000;postgres;2474.6036585365855;2770.8224489795916;True;2.1481481481481484
-1633147539068353945;9000;neo4j;4532.425101214575;5891.214395886889;True;2.1481481481481484
-1624285646769042414;500;postgres;1317.5266666666666;1789.9733333333334;True;2.1481481481481484
-1613339134958709081;100;neo4j;1497.5233853006682;1438.9288888888889;False;2.1481481481481484
-1603150502992841560;100;neo4j;1422.0020576131687;1318.5954825462013;False;0.40576902378646
-1603150502992841560;500;neo4j;1398.9958847736625;1350.8073770491803;False;0.40576902378646
-1603150502992841560;3000;neo4j;1366.3168724279835;2849.2728205128205;True;0.40576902378646
-1601412177641468563;100;postgres;1308.3312629399586;1668.790890269151;True;2.1481481481481484
-1601412177641468563;500;postgres;826.2913223140496;1222.2623966942149;True;2.1481481481481484
-1601412177641468563;1000;postgres;1164.1262939958592;1340.3643892339544;True;2.1481481481481484
-1595757443120272267;100;neo4j;1423.1450304259636;1512.3232323232323;True;0.40576902378646
-1595757443120272267;500;postgres;1215.5373737373736;1237.7550607287449;True;0.40576902378646
-1595757443120272267;1000;neo4j;1358.6391251518833;2020.545601291364;True;0.40576902378646
-1595757443120272267;9000;neo4j;1282.3841463414635;3160.8767676767675;True;0.40576902378646
-1595757443120272267;15000;neo4j;1296.3791708796764;2965.3951612903224;True;0.40576902378646
-1586211853011333181;100;postgres;1456.5103305785124;1679.713692946058;True;0.40576902378646
-1585054192346006240;500;postgres;1588.6867388362652;1620.6012186865266;True;2.1481481481481484
-1585054192346006240;1000;neo4j;1867.9928861788617;1841.8539553752535;False;2.1481481481481484
-1585054192346006240;3000;postgres;2906.2799188640975;3002.3217922606923;True;2.1481481481481484
-1580824183314979738;9000;neo4j;4892.3;7740.504524886878;True;0.40576902378646
-1573792320451393056;100;neo4j;1467.2984409799556;1684.7377777777779;True;0.40576902378646
-1572877992067423616;500;neo4j;1594.7639198218262;2212.7555555555555;True;0.40576902378646
-1563927171327311874;100;neo4j;1507.7193763919822;1443.0511111111111;False;2.1481481481481484
-1563432360193507530;500;neo4j;1618.819502074689;2173.9793174767324;True;0.40576902378646
-1563432360193507530;1000;neo4j;1783.8817427385893;2967.734989648033;True;0.40576902378646
-1561458633857057472;100;neo4j;1413.820618556701;1517.4681724845996;True;0.40576902378646
-1561458633857057472;500;postgres;3534.80737704918;3812.5835095137422;True;0.40576902378646
-1557546456096026081;500;neo4j;4775.288732394366;22149.52561247216;True;0.40576902378646
-1554507165358929129;500;neo4j;1442.98755186722;1906.2169421487604;True;0.40576902378646
-1554507165358929129;1000;neo4j;1383.377593360996;1869.6604554865423;True;0.40576902378646
-1554507165358929129;15000;neo4j;1448.4377593360996;2897.0020703933747;True;0.40576902378646
-1554506515955689131;500;neo4j;1436.0535714285713;2176.1666666666665;True;0.40576902378646
-1549210256231273624;100;neo4j;1374.1759465478842;1821.371111111111;True;0.40576902378646
-1544453233239967066;100;postgres;1888.9466666666667;2029.643652561247;True;2.1481481481481484
-1542606408322102479;500;neo4j;1618.2316258351893;2060.688888888889;True;0.40576902378646
-1536450279590851616;500;postgres;853.1533333333333;1144.2688888888888;True;2.1481481481481484
-1525667263991209270;500;neo4j;1755.9086859688196;2674.12;True;0.40576902378646
-1509261703355422284;500;neo4j;1709.402953586498;2892.8842105263157;True;0.40576902378646
-1509261703355422284;1000;neo4j;1984.6490486257928;3155.623157894737;True;0.40576902378646
-1488826422821386386;9000;neo4j;4843.991666666667;7520.120267260579;True;0.40576902378646
-1481568067479354530;3000;neo4j;2649.1014492753625;3872.5971074380163;True;0.40576902378646
-1481568067479354530;9000;neo4j;4732.657480314961;6438.407061266875;True;0.40576902378646
-1473055545607857683;100;neo4j;1364.182628062361;1482.5444444444445;True;0.40576902378646
-1441783554162140748;3000;neo4j;2492.7225950783;4324.148888888889;True;0.40576902378646
-1430533228852714126;100;neo4j;1444.7550111358576;2041.8111111111111;True;0.40576902378646
-1427610732977106879;100;neo4j;1799.661469933185;2207.431111111111;True;0.40576902378646
-1419557097211611717;3000;postgres;1873.7755555555555;2336.682222222222;True;0.40576902378646
-1408389466798581606;500;neo4j;1720.069815195072;3725.842213114754;True;0.40576902378646
-1406448004936380398;500;postgres;1126.2210953346855;1485.9857433808554;True;2.1481481481481484
-1406448004936380398;1000;postgres;1558.9543610547667;1815.5528455284552;True;2.1481481481481484
-1406448004936380398;3000;postgres;2268.430020283976;2589.4969199178645;True;2.1481481481481484
-1406448004936380398;9000;neo4j;4417.960199004975;4362.7707910750505;False;2.1481481481481484
-1404784167605904000;3000;neo4j;1455.641975308642;3452.6045081967213;True;0.40576902378646
-1404784167605904000;9000;neo4j;1444.5555555555557;3359.2584615384617;True;0.40576902378646
-1404784167605904000;15000;neo4j;1567.3876288659794;3336.2751540041068;True;0.40576902378646
-1398124522055334829;9000;neo4j;1335.2672858617132;3729.5010266940453;True;0.40576902378646
-1398124522055334829;15000;neo4j;1397.8362512873327;3820.7274590163934;True;0.40576902378646
-1389568747789579864;100;neo4j;1443.6877637130801;2338.88;True;0.40576902378646
-1389568747789579864;500;neo4j;1661.3776371308018;2418.7936842105264;True;0.40576902378646
-1384190424761786695;100;neo4j;1499.8967168262654;1953.3986394557824;True;0.40576902378646
-1384190424761786695;9000;neo4j;1337.30658436214;2271.089795918367;True;0.40576902378646
-1384190424761786695;15000;neo4j;1484.877049180328;3209.418367346939;True;0.40576902378646
-1382049182286913592;500;neo4j;2197.138084632517;2754.7444444444445;True;0.40576902378646
-1380326174732680875;3000;postgres;2743.508888888889;2802.41425389755;True;0.40576902378646
-1374185655333523060;3000;neo4j;2998.680497925311;4966.107660455486;True;0.40576902378646
-1374185655333523060;9000;neo4j;4591.549342105263;7972.212631578947;True;0.40576902378646
-1367162939048514842;100;neo4j;1483.218274111675;1438.8998988877654;False;0.40576902378646
-1367162939048514842;500;neo4j;1326.010162601626;1472.2064777327935;True;0.40576902378646
-1367162939048514842;1000;neo4j;1383.762677484787;1785.6242424242423;True;0.40576902378646
-1367162939048514842;3000;neo4j;1458.131845841785;3454.327272727273;True;0.40576902378646
-1367162939048514842;9000;neo4j;1389.1300813008131;3520.066756574511;True;0.40576902378646
-1367162939048514842;15000;neo4j;1403.361788617886;3743.657894736842;True;0.40576902378646
-1366006857886691735;500;neo4j;1671.737923946557;2605.654713114754;True;0.40576902378646
-1364420539027505950;100;postgres;1880.0235897435898;1899.4732510288065;True;2.1481481481481484
-1364420539027505950;500;postgres;5466.195071868583;28420.147540983606;True;2.1481481481481484
-1361657041113727222;100;postgres;1282.951111111111;1379.501113585746;True;2.1481481481481484
-1345594660209774617;100;neo4j;1492.454356846473;1808.3964803312629;True;0.40576902378646
-1345594660209774617;1000;neo4j;1812.195020746888;1951.198347107438;True;0.40576902378646
-1342981523981779810;100;neo4j;1533.4610244988864;1475.7;False;2.1481481481481484
-1341758745470569978;100;postgres;1010.3627648839556;1381.6918016194331;True;0.40576902378646
-1341758745470569978;500;postgres;1318.3266129032259;1330.8155241935483;True;0.40576902378646
-1341758745470569978;3000;postgres;1345.8185483870968;1357.632056451613;True;0.40576902378646
-1341758745470569978;9000;neo4j;1314.8512508451656;2097.0188172043013;True;0.40576902378646
-1341758745470569978;15000;neo4j;1413.949290060852;2203.298387096774;True;0.40576902378646
-1335089315095507441;500;neo4j;2629.3207126948773;2888.7555555555555;True;0.40576902378646
-1334037166214330178;500;postgres;1648.5740365111562;1975.5537525354969;True;2.1481481481481484
-1334037166214330178;1000;neo4j;1998.8048780487804;2020.4320486815416;True;2.1481481481481484
-1334037166214330178;3000;neo4j;2828.4897540983607;3995.4330628803245;True;2.1481481481481484
-1325178304634695891;1000;neo4j;2117.948660714286;2506.2955555555554;True;0.40576902378646
-1310165631407369507;100;neo4j;1664.4180327868853;2492.162932790224;True;0.40576902378646
-1310165631407369507;500;neo4j;1427.8875255623723;2196.765784114053;True;0.40576902378646
-1310165631407369507;1000;neo4j;1389.1959183673468;1410.8922764227643;True;0.40576902378646
-1310165631407369507;3000;neo4j;1274.0448979591836;2311.4227642276423;True;0.40576902378646
-1310165631407369507;9000;neo4j;1330.1602040816326;3070.291963377416;True;0.40576902378646
-1309272175266543735;100;neo4j;1897.0;3376.0155555555557;True;0.40576902378646
-1303325678300116417;1000;neo4j;1648.5958762886598;2270.6714579055442;True;0.40576902378646
-1303325678300116417;3000;neo4j;2822.142268041237;2906.969262295082;True;0.40576902378646
-1302905048541662668;3000;neo4j;2825.15144766147;4320.051111111111;True;0.40576902378646
-1301531761954020883;100;neo4j;1376.886075949367;1512.821052631579;True;0.40576902378646
-1301531761954020883;500;neo4j;1540.375;1831.4463157894736;True;0.40576902378646
-1301484730361378037;100;neo4j;1565.1047227926078;1915.172131147541;True;0.40576902378646
-1301484730361378037;500;neo4j;1513.7747933884298;2865.264887063655;True;0.40576902378646
-1301484730361378037;3000;neo4j;1494.3930041152264;1953.0390143737166;True;0.40576902378646
-1301297254704677002;100;postgres;1450.2525252525252;1702.0862533692723;True;2.1481481481481484
-1301297254704677002;500;postgres;1896.441750841751;2185.9305929919137;True;2.1481481481481484
-1300831433226011196;1000;neo4j;2038.663697104677;2739.402222222222;True;0.40576902378646
-1291215617970060793;500;neo4j;1465.3766632548618;2178.1081632653063;True;0.40576902378646
-1291215617970060793;1000;neo4j;1226.9836400817996;1660.0102040816328;True;0.40576902378646
-1291215617970060793;9000;neo4j;1362.408393039918;2541.3326530612244;True;0.40576902378646
-1284151286954756014;100;neo4j;1326.443505807814;1493.1157894736841;True;0.40576902378646
-1282560662279443740;9000;neo4j;4759.280632411067;5723.733333333334;True;0.40576902378646
-1282510367994906480;100;neo4j;1568.5077951002227;1987.68;True;0.40576902378646
-1282396922315895454;100;neo4j;1328.553417721519;1262.6067642604746;False;0.40576902378646
-1282396922315895454;500;neo4j;1573.6180344478216;1460.1644803229062;False;0.40576902378646
-1282396922315895454;3000;neo4j;2510.612576064909;2392.4122983870966;False;0.40576902378646
-1282396922315895454;9000;neo4j;4551.982233502538;4508.866935483871;False;0.40576902378646
-1281172931481335592;100;neo4j;1541.8864142538976;2711.153333333333;True;0.40576902378646
-1280356115095216296;100;neo4j;1392.5285714285715;1616.5918644067797;True;0.40576902378646
-1280356115095216296;500;neo4j;1594.3510204081633;1990.7581300813008;True;0.40576902378646
-1280356115095216296;1000;neo4j;1721.2142857142858;2200.1181262729124;True;0.40576902378646
-1280356115095216296;3000;neo4j;2480.8588957055213;2926.2926829268295;True;0.40576902378646
-1277837148899482197;9000;neo4j;1313.3496659242762;3755.173333333333;True;0.40576902378646
-1275009963540448219;1000;postgres;1597.1515789473685;2765.35586061246;True;14.280303030303031
-1274683139898931224;500;neo4j;1607.6744186046512;2168.3810526315788;True;0.40576902378646
-1274683139898931224;1000;neo4j;1765.7822410147992;2534.52;True;0.40576902378646
-1270775026250410433;500;neo4j;1443.033407572383;2626.4422222222224;True;0.40576902378646
-1266462508769765441;100;neo4j;1285.0210970464136;1645.6063157894737;True;0.40576902378646
-1266462508769765441;1000;neo4j;1868.0507399577168;2383.9873684210525;True;0.40576902378646
-1262681611626735380;100;neo4j;1403.9367219917012;1298.3205791106516;False;0.40576902378646
-1262681611626735380;9000;neo4j;4683.337662337663;5112.5859213250515;True;0.40576902378646
-1257208105912944907;3000;neo4j;2961.140625;3153.193333333333;True;0.40576902378646
-1257060556545671225;100;postgres;1098.8407445708376;1395.5863495346432;True;2.1481481481481484
-1257060556545671225;3000;neo4j;3003.8523908523907;3598.246376811594;True;2.1481481481481484
-1252144122924932230;100;postgres;1427.056842105263;1424.6926315789474;False;0.40576902378646
-1252144122924932230;500;neo4j;1545.0801687763712;1484.2673684210527;False;0.40576902378646
-1243585957331624032;100;postgres;650.8911495422177;1174.649033570702;True;2.1481481481481484
-1243585957331624032;500;postgres;840.3340122199593;1410.8938775510203;True;2.1481481481481484
-1243585957331624032;1000;postgres;871.1260162601626;1577.8795918367348;True;2.1481481481481484
-1243585957331624032;3000;postgres;1283.4837398373984;2423.80206185567;True;2.1481481481481484
-1243585957331624032;15000;postgres;2364.0914634146343;20113.33943089431;True;2.1481481481481484
-1232941133641981219;100;neo4j;1458.9135021097047;1740.3263157894737;True;0.40576902378646
-1232941133641981219;3000;neo4j;2750.042283298097;3014.0715789473684;True;0.40576902378646
-1229807527270756024;3000;neo4j;2673.9933184855236;3821.822222222222;True;0.40576902378646
-1226004613452889364;100;postgres;502.1431578947368;674.6926315789474;True;14.280303030303031
-1226004613452889364;15000;postgres;3771.581052631579;20299.6906779661;True;14.280303030303031
-1198660050556180889;100;postgres;1096.2496598639457;1868.6394001363326;True;2.1481481481481484
-1198660050556180889;500;neo4j;2464.59509202454;2456.6663265306124;False;2.1481481481481484
-1186302153172792635;500;neo4j;1499.7055084745762;2228.4;True;0.40576902378646
-1186302153172792635;1000;neo4j;1864.1645569620252;2425.642105263158;True;0.40576902378646
-1181655708163936728;500;neo4j;1655.467706013363;2721.4377777777777;True;0.40576902378646
-1178802131553019457;100;neo4j;1505.501519756839;2536.936491935484;True;0.40576902378646
-1178802131553019457;500;neo4j;1482.2130815913688;2432.66644295302;True;0.40576902378646
-1178802131553019457;3000;neo4j;1441.5627530364372;3509.542885973764;True;0.40576902378646
-1178802131553019457;9000;neo4j;1336.981725888325;3530.4243951612902;True;0.40576902378646
-1178802131553019457;15000;neo4j;1341.8673417721518;3732.922883064516;True;0.40576902378646
-1171417445788865595;100;neo4j;1413.2204081632653;1364.5417515274949;False;0.40576902378646
-1171417445788865595;1000;neo4j;1918.6244897959184;1910.3597560975609;False;0.40576902378646
-1164875004444016445;100;postgres;1525.1022222222223;1660.4355555555555;True;2.1481481481481484
-1163225176108269525;100;neo4j;1752.142857142857;2543.811111111111;True;0.40576902378646
-1162206770566412425;100;postgres;664.3355555555555;758.3533333333334;True;14.280303030303031
-1161149510275607283;100;postgres;1635.06;1936.5917721518988;True;0.40576902378646
-1160332040732524336;9000;neo4j;4914.558823529412;4798.1866666666665;False;0.40576902378646
-1155144216831261604;3000;postgres;2305.5555555555557;2704.4665178571427;True;2.1481481481481484
-1154564160911596242;500;neo4j;3597.474683544304;3641.6884210526314;True;0.40576902378646
-1147786320482881259;100;neo4j;1443.0864978902953;1764.2084210526316;True;0.40576902378646
-1147786320482881259;3000;postgres;2525.7094736842105;2600.0526315789475;True;0.40576902378646
-1147427650133624562;500;neo4j;1950.8091286307053;2862.913043478261;True;0.40576902378646
-1147427650133624562;3000;neo4j;2943.3788819875776;4395.047520661157;True;0.40576902378646
-1142806706128653399;3000;neo4j;3146.1870824053453;3855.362222222222;True;2.1481481481481484
-1139035755361484990;500;neo4j;1631.9836400817996;1829.0142857142857;True;0.40576902378646
-1139035755361484990;1000;postgres;1939.5;1923.329918032787;False;0.40576902378646
-1139035755361484990;3000;postgres;2770.5367346938774;2903.721881390593;True;0.40576902378646
-1139035755361484990;9000;postgres;4356.0204081632655;4836.518518518518;True;0.40576902378646
-1138670312123838500;500;neo4j;1932.56570155902;2713.0933333333332;True;0.40576902378646
-1138583354255454768;9000;neo4j;4894.8378378378375;5692.575555555555;True;0.40576902378646
-1133666134339386689;100;neo4j;1407.77868852459;2514.2744897959183;True;0.40576902378646
-1133666134339386689;500;neo4j;1663.0430327868853;2815.214285714286;True;0.40576902378646
-1133666134339386689;1000;neo4j;1939.624229979466;3237.455102040816;True;0.40576902378646
-1133666134339386689;9000;neo4j;4803.406374501992;8212.375796178343;True;0.40576902378646
-1117996510351194316;100;neo4j;1484.4188911704312;2029.6516393442623;True;0.40576902378646
-1117996510351194316;1000;neo4j;1961.111570247934;3195.1683778234087;True;0.40576902378646
-1117996510351194316;3000;neo4j;2864.2123711340205;4649.360655737705;True;0.40576902378646
-1117996510351194316;9000;neo4j;4918.428571428572;8936.40909090909;True;0.40576902378646
-1116646742328492647;100;neo4j;1396.4699331848553;1845.8333333333333;True;0.40576902378646
-1105912045595790768;100;neo4j;1420.318565400844;1722.5978947368421;True;0.40576902378646
-1105912045595790768;3000;postgres;2803.835789473684;3201.5443037974683;True;0.40576902378646
-1102119628411974236;100;neo4j;1385.6412601626016;1642.9452332657202;True;0.40576902378646
-1102119628411974236;500;neo4j;1595.8895705521472;1711.6361788617887;True;0.40576902378646
-1102119628411974236;9000;neo4j;4645.78223495702;4760.075050709939;True;0.40576902378646
-1099182290545768373;3000;postgres;935.4357894736842;2499.518479408659;True;14.280303030303031
-1094314109542553440;100;neo4j;1394.8511087645195;2383.558947368421;True;0.40576902378646
-1092728409132368592;100;neo4j;1386.0871369294605;2878.399585921325;True;0.40576902378646
-1092728409132368592;3000;neo4j;1436.7365145228216;3775.6384297520663;True;0.40576902378646
-1092728409132368592;15000;neo4j;1491.5145228215767;3705.1573498964804;True;0.40576902378646
-1066283094928762422;100;neo4j;1850.30549898167;1976.867139959432;True;0.40576902378646
-1062834293453104512;1000;neo4j;2155.4113924050635;4875.621052631579;True;2.1481481481481484
-1060510342248940710;500;postgres;1344.851111111111;1472.7844444444445;True;2.1481481481481484
-1058932256941506053;100;neo4j;1536.9177215189873;2202.5747368421053;True;0.40576902378646
-1058932256941506053;3000;postgres;4357.581052631579;4877.7163120567375;True;0.40576902378646
-1057225652520132560;100;neo4j;1477.6059919436052;1455.5382301328655;False;0.40576902378646
-1057225652520132560;500;neo4j;1523.4293193717278;2135.0268968285827;True;0.40576902378646
-1057225652520132560;1000;neo4j;1450.2350276799195;2248.3122489959837;True;0.40576902378646
-1057225652520132560;3000;neo4j;1401.0943168077388;2749.3124749298036;True;0.40576902378646
-1057225652520132560;9000;neo4j;1311.4484702093398;2878.514033680834;True;0.40576902378646
-1057225652520132560;15000;neo4j;1365.7526421741318;2975.978947368421;True;0.40576902378646
-1041163284904308633;100;postgres;1643.8357289527721;1906.3545081967213;True;2.1481481481481484
-1038672730964159000;3000;neo4j;3004.9471458773783;4811.65052631579;True;0.40576902378646
-1038672730964159000;9000;neo4j;4919.714285714285;8902.189743589744;True;0.40576902378646
-1015176070002537863;1000;neo4j;1743.8995535714287;2435.051111111111;True;0.40576902378646
-1011705502904244685;9000;neo4j;1250.8307349665924;1139.6755555555555;False;2.1481481481481484
-1005999689980963900;100;neo4j;2004.204899777283;2095.5044444444443;True;0.40576902378646
-1005036532248870835;500;neo4j;1745.674107142857;2488.157777777778;True;0.40576902378646
-999662701872284303;1000;postgres;1829.0452631578946;2055.899894625922;True;2.1481481481481484
-997680069722330455;500;postgres;2213.751111111111;3092.456570155902;True;2.1481481481481484
-988486435997465584;1000;neo4j;1817.0825892857142;3945.268888888889;True;0.40576902378646
-982923286628806194;100;neo4j;1643.5724043715848;2367.5761904761903;True;0.40576902378646
-982923286628806194;500;postgres;5834.9488752556235;24191.18144329897;True;0.40576902378646
-980900924742861384;100;neo4j;1421.4596273291925;1842.9752066115702;True;0.40576902378646
-980900924742861384;3000;neo4j;3226.970893970894;3653.3002070393377;True;0.40576902378646
-980900924742861384;9000;neo4j;4904.365853658536;6572.579710144928;True;0.40576902378646
-980586427626818000;1000;postgres;3520.4070247933882;4575.019867549669;True;0.40576902378646
-980081605682327130;9000;neo4j;4951.75;8716.984894259818;True;0.40576902378646
-958716564305523346;100;postgres;455.2336842105263;1023.6863157894737;True;14.280303030303031
-956958556399154076;100;postgres;1638.4233097880929;1754.1166666666666;True;0.40576902378646
-956958556399154076;500;postgres;2957.3951612903224;3385.828125;True;0.40576902378646
-951867557279280905;100;neo4j;1458.3112627986347;2199.4380952380952;True;0.40576902378646
-951867557279280905;500;neo4j;1677.6632443531828;2451.0510204081634;True;0.40576902378646
-951548361852289622;500;postgres;2138.1666666666665;2172.683741648107;True;0.40576902378646
-948298255490516979;100;neo4j;1376.9643652561247;1613.2222222222222;True;2.1481481481481484
-946987447466547686;3000;neo4j;1449.0207468879669;2036.9192546583852;True;0.40576902378646
-946987447466547686;9000;neo4j;1347.2931392931393;2763.74173553719;True;0.40576902378646
-946987447466547686;15000;neo4j;1366.8921161825726;3072.503105590062;True;0.40576902378646
-937303043881024454;500;neo4j;1682.180497925311;2080.9751552795033;True;0.40576902378646
-937303043881024454;3000;neo4j;2833.3679833679835;3762.5103305785124;True;0.40576902378646
-935989585016573881;100;neo4j;1400.0738396624472;1339.743157894737;False;0.40576902378646
-935989585016573881;1000;postgres;1871.6421052631579;1887.8147368421053;True;0.40576902378646
-927218716151091781;15000;neo4j;1434.5256124721604;3070.5733333333333;True;0.40576902378646
-926503039785092662;100;neo4j;1411.712141882674;1590.3374149659865;True;0.40576902378646
-926503039785092662;3000;neo4j;2383.3367556468174;3551.0;True;0.40576902378646
-904736880637141719;100;neo4j;1400.9293873312565;2461.6966873706006;True;0.40576902378646
-904736880637141719;500;neo4j;1626.2053941908714;2775.6363636363635;True;0.40576902378646
-904584677280862342;15000;neo4j;1286.5611814345991;3074.205263157895;True;0.40576902378646
-886666454737913978;1000;postgres;704.3831578947369;947.0968421052631;True;2.1481481481481484
-886666454737913978;9000;neo4j;1361.0864978902953;1996.6084210526317;True;2.1481481481481484
-886348599410472089;100;neo4j;1380.8816964285713;2077.98;True;0.40576902378646
-876203789336077986;100;neo4j;1447.4846884899682;2097.0147368421053;True;0.40576902378646
-868554760229265647;1000;neo4j;2074.5949367088606;3707.547368421053;True;0.40576902378646
-864801177655640342;1000;neo4j;1795.8752783964364;1951.0066666666667;True;2.1481481481481484
-861170935330533380;1000;neo4j;2894.931392931393;3471.1614906832297;True;0.40576902378646
-861170935330533380;9000;neo4j;4839.422222222222;8461.577586206897;True;0.40576902378646
-860610073248486863;100;neo4j;1467.3788819875776;1409.2727272727273;False;0.40576902378646
-860610073248486863;1000;neo4j;1331.5758835758836;1837.4337474120082;True;0.40576902378646
-850787889858782036;3000;neo4j;2799.4271047227926;2754.216326530612;False;0.40576902378646
-850787889858782036;9000;neo4j;4528.203497615263;5724.489795918367;True;0.40576902378646
-846944826254059170;100;neo4j;1348.3875278396436;2114.4577777777777;True;0.40576902378646
-845312719791041569;100;neo4j;1485.1135857461024;1784.8644444444444;True;0.40576902378646
-838837378139975782;100;neo4j;1936.5902004454342;2694.768888888889;True;0.40576902378646
-838525581036616800;500;neo4j;1843.6026785714287;2850.4944320712693;True;0.40576902378646
-833408029171626823;500;neo4j;1614.478841870824;2947.9622222222224;True;0.40576902378646
-825698979634363711;1000;neo4j;1483.8291139240507;2247.1052631578946;True;0.40576902378646
-825698979634363711;15000;neo4j;1323.2351694915253;2203.637894736842;True;0.40576902378646
-825665939864897028;500;postgres;1196.7866666666666;1622.3407572383073;True;2.1481481481481484
-820555431689515143;100;neo4j;1356.1835443037974;2585.8442105263157;True;0.40576902378646
-820555431689515143;1000;neo4j;1709.5296610169491;3057.44;True;0.40576902378646
-812649424073779382;100;neo4j;1519.7974683544303;2530.3747368421054;True;0.40576902378646
-812649424073779382;9000;neo4j;4676.595441595442;8362.755605381166;True;0.40576902378646
-809769926997623909;3000;neo4j;2696.234375;3300.4644444444443;True;0.40576902378646
-806896306229536840;500;postgres;1320.877894736842;1501.867088607595;True;2.1481481481481484
-806896306229536840;9000;postgres;4231.793684210526;4586.789893617021;True;2.1481481481481484
-799480849859012961;100;postgres;998.1293634496919;1243.8501026694046;True;2.1481481481481484
-799480849859012961;500;postgres;1158.482546201232;1481.958762886598;True;2.1481481481481484
-799480849859012961;3000;postgres;1982.889344262295;2440.340206185567;True;2.1481481481481484
-799480849859012961;9000;postgres;3283.9241803278687;4666.696202531645;True;2.1481481481481484
-788012020680796868;500;neo4j;1346.5165975103735;2173.9026915113873;True;0.40576902378646
-788012020680796868;9000;neo4j;1313.4170124481327;3082.4477766287487;True;0.40576902378646
-786944327308176392;100;neo4j;1496.0379464285713;2940.108888888889;True;0.40576902378646
-768942943594687045;500;neo4j;1555.6371049949032;2082.002028397566;True;0.40576902378646
-768942943594687045;1000;neo4j;2007.2408163265306;3425.212981744422;True;0.40576902378646
-768942943594687045;3000;neo4j;2955.944217687075;3711.975642760487;True;0.40576902378646
-762537106096969326;3000;postgres;4105.277894736842;4912.166666666667;True;0.40576902378646
-754649393949767036;100;postgres;872.5533333333333;1056.848888888889;True;14.280303030303031
-734300358027829356;100;neo4j;1382.9449152542372;1621.677894736842;True;0.40576902378646
-720759650088013854;100;neo4j;1439.7240663900416;1442.2768595041323;True;0.40576902378646
-720759650088013854;500;neo4j;1406.2245322245321;2778.8509316770187;True;0.40576902378646
-720759650088013854;3000;neo4j;1448.4760914760914;1838.6811594202898;True;0.40576902378646
-717309087279289976;100;postgres;933.6577777777778;1287.4543429844098;True;2.1481481481481484
-715299219599024243;100;neo4j;1512.0349794238682;1780.1601642710473;True;0.40576902378646
-715299219599024243;3000;neo4j;2690.8033126293994;3528.989733059548;True;0.40576902378646
-715299219599024243;9000;postgres;4466.6557377049185;4662.417445482866;True;0.40576902378646
-713455792700484488;100;neo4j;1409.639175257732;1630.6899383983573;True;0.40576902378646
-713455792700484488;500;neo4j;1483.6509240246407;2248.618069815195;True;0.40576902378646
-713455792700484488;9000;neo4j;1319.232510288066;3420.6495901639346;True;0.40576902378646
-713455792700484488;15000;neo4j;1445.6399176954733;3555.983572895277;True;0.40576902378646
-702205980756045710;500;neo4j;1737.4207188160676;3375.0105263157893;True;0.40576902378646
-702205980756045710;3000;neo4j;2674.133192389006;5126.835789473685;True;0.40576902378646
-698097641641718618;9000;neo4j;1357.9746300211416;3672.8642105263157;True;0.40576902378646
-692562246734684061;1000;neo4j;1880.457805907173;2382.642105263158;True;0.40576902378646
-692562246734684061;9000;neo4j;4624.209090909091;6515.130526315789;True;0.40576902378646
-685680277932629972;500;neo4j;1671.0676532769555;4277.482105263158;True;0.40576902378646
-685680277932629972;3000;neo4j;3454.443496801706;4552.738947368421;True;0.40576902378646
-683833268483829410;500;neo4j;1702.312757201646;2139.776180698152;True;0.40576902378646
-683833268483829410;1000;neo4j;1846.6262833675564;2390.315573770492;True;0.40576902378646
-676524237274392942;100;neo4j;1317.0044543429844;1794.5844444444444;True;0.40576902378646
-672679351817544965;3000;neo4j;2957.9170403587445;3219.168888888889;True;2.1481481481481484
-671720453024294149;500;neo4j;1431.9357798165138;2668.5975609756097;True;0.40576902378646
-671720453024294149;1000;neo4j;1298.3482688391039;3202.3569979716026;True;0.40576902378646
-671720453024294149;3000;neo4j;1488.3340122199593;3572.2758620689656;True;0.40576902378646
-671720453024294149;9000;neo4j;1354.4847250509165;3708.419878296146;True;0.40576902378646
-671720453024294149;15000;neo4j;1331.5071283095724;3763.993914807302;True;0.40576902378646
-668162802569951284;100;neo4j;1613.4063136456211;1778.4751773049645;True;0.40576902378646
-668162802569951284;500;neo4j;1376.75;1331.2555780933062;False;0.40576902378646
-668162802569951284;3000;neo4j;1457.119057293783;2739.413765182186;True;0.40576902378646
-667023484916216473;100;neo4j;1685.817371937639;2003.2488888888888;True;0.40576902378646
-663959119880159562;100;neo4j;1429.4498977505114;1342.5714285714287;False;0.40576902378646
-663959119880159562;500;neo4j;1399.1002044989775;2435.522448979592;True;0.40576902378646
-663959119880159562;1000;neo4j;1362.950819672131;1638.7;True;0.40576902378646
-663959119880159562;15000;neo4j;1339.9059304703476;2716.579591836735;True;0.40576902378646
-650535156121947178;100;neo4j;1552.955357142857;2228.9444444444443;True;0.40576902378646
-649275921769806741;100;neo4j;1596.0486815415823;2274.2323232323233;True;0.40576902378646
-649275921769806741;500;neo4j;1451.2484848484848;1876.1028225806451;True;0.40576902378646
-649275921769806741;1000;neo4j;1453.8016194331983;2106.1935483870966;True;0.40576902378646
-649275921769806741;3000;neo4j;1387.0173877881116;2221.180314643001;True;0.40576902378646
-649275921769806741;9000;neo4j;1280.9291497975707;2695.3467741935483;True;0.40576902378646
-649275921769806741;15000;neo4j;1283.498985801217;2684.1975806451615;True;0.40576902378646
-646934847537396402;100;neo4j;1578.56570155902;2010.6155555555556;True;0.40576902378646
-634323770002774154;100;neo4j;1543.097713097713;2144.64182194617;True;0.40576902378646
-626347549977314207;100;neo4j;1560.7371937639198;2013.4466666666667;True;0.40576902378646
-625412731657493661;9000;neo4j;4747.774919614148;5229.541052631579;True;0.40576902378646
-625057257957658654;3000;neo4j;2968.3825503355706;5367.395555555556;True;0.40576902378646
-623562049912430588;100;neo4j;1488.641425389755;1602.2377777777779;True;0.40576902378646
-620929178760929530;100;postgres;1479.687755102041;1730.8548057259713;True;2.1481481481481484
-620929178760929530;500;postgres;3067.816326530612;4230.651416122005;True;2.1481481481481484
-617254561896405400;100;neo4j;1588.360655737705;2167.6448979591837;True;0.40576902378646
-617254561896405400;1000;neo4j;1873.924180327869;2620.0455782312924;True;0.40576902378646
-615180719405501910;500;postgres;4095.2231578947367;20581.713080168778;True;2.1481481481481484
-608101593959131118;100;neo4j;1685.5701559020044;2828.331111111111;True;0.40576902378646
-605701124795670244;500;postgres;3706.4733333333334;3719.8859060402683;True;0.40576902378646
-590476832650313023;100;neo4j;1540.4097995545658;2109.8288888888887;True;0.40576902378646
-587320557263378781;100;neo4j;1460.7521097046413;2322.6484210526314;True;0.40576902378646
-582445372750389800;100;neo4j;1398.5936863543789;1661.0396341463415;True;0.40576902378646
-582445372750389800;1000;neo4j;1854.4703476482618;1995.9634146341464;True;0.40576902378646
-582445372750389800;3000;neo4j;2685.316973415133;2695.2545824847252;True;0.40576902378646
-582445372750389800;9000;neo4j;4617.957386363636;5146.166666666667;True;0.40576902378646
-577948604998728801;500;postgres;1564.4555555555555;3394.051224944321;True;14.280303030303031
-576904222660268632;100;neo4j;1565.860759493671;1740.9284210526316;True;0.40576902378646
-576904222660268632;500;neo4j;1898.1564482029598;2473.044210526316;True;0.40576902378646
-572372410351709424;100;neo4j;1320.5223214285713;1890.2377777777779;True;0.40576902378646
-561311154760784585;500;neo4j;1589.080357142857;1937.04;True;0.40576902378646
-556305337681428603;500;neo4j;1728.5010351966873;3107.5475206611573;True;0.40576902378646
-556305337681428603;3000;neo4j;2777.4253112033193;4790.256728778468;True;0.40576902378646
-550419488999605943;100;neo4j;1506.4894514767932;2298.668776371308;True;0.40576902378646
-550419488999605943;500;neo4j;1524.2130801687763;2647.7873684210526;True;0.40576902378646
-549531212040157439;500;neo4j;1827.6325167037862;2390.3155555555554;True;0.40576902378646
-538411094949865799;1000;neo4j;1943.2895322939867;4744.266666666666;True;0.40576902378646
-534695858185029386;1000;neo4j;1952.3125;3150.6955555555555;True;0.40576902378646
-530081266796103014;100;neo4j;1553.4632516703787;2498.66;True;0.40576902378646
-527562961117850576;500;neo4j;1559.1113585746102;2116.277777777778;True;0.40576902378646
-523799415667217518;500;neo4j;1410.4017857142858;1970.151111111111;True;0.40576902378646
-520597336239082261;1000;neo4j;1931.200892857143;3203.2444444444445;True;0.40576902378646
-517031666257435008;100;neo4j;1501.3245436105476;1943.689898989899;True;0.40576902378646
-517031666257435008;500;neo4j;1401.663959390863;2274.4363636363637;True;0.40576902378646
-517031666257435008;1000;neo4j;1418.8356997971603;2109.0686868686867;True;0.40576902378646
-517031666257435008;3000;neo4j;1500.428919577579;2684.878787878788;True;0.40576902378646
-511470964265651158;9000;neo4j;4742.4;7362.592427616926;True;0.40576902378646
-496889103183574071;100;neo4j;1410.9100204498977;1828.2317073170732;True;0.40576902378646
-496889103183574071;500;neo4j;1481.5511247443762;2053.3625254582485;True;0.40576902378646
-496889103183574071;1000;neo4j;1851.8326530612244;2626.7398373983738;True;0.40576902378646
-496889103183574071;9000;neo4j;4887.091743119266;6178.2703252032525;True;0.40576902378646
-484428940663733261;100;neo4j;1774.7371937639198;2576.8555555555554;True;0.40576902378646
-482516043077965790;100;neo4j;1599.6570155902004;2012.0266666666666;True;0.40576902378646
-481379052557260490;100;neo4j;1491.548523206751;2044.7326315789473;True;0.40576902378646
-481379052557260490;3000;neo4j;2965.1455696202534;3582.006315789474;True;0.40576902378646
-471621837324455169;100;neo4j;1362.0801781737193;2065.2733333333335;True;0.40576902378646
-470555950724741090;100;neo4j;1294.649789029536;1554.8084210526315;True;0.40576902378646
-470555950724741090;3000;neo4j;2514.731343283582;2611.033684210526;True;0.40576902378646
-466587019627091675;3000;neo4j;2769.2460850111856;4240.142222222222;True;0.40576902378646
-466354075266607078;1000;neo4j;1755.7683741648107;2723.733333333333;True;0.40576902378646
-465475944412454114;1000;neo4j;2040.86859688196;3401.222222222222;True;0.40576902378646
-465007406534964700;500;postgres;1266.6293995859214;1259.3706004140786;False;0.40576902378646
-465007406534964700;1000;neo4j;1291.6784232365146;2660.2603305785124;True;0.40576902378646
-465007406534964700;9000;neo4j;1203.585062240664;2632.656314699793;True;0.40576902378646
-462084867582288005;100;neo4j;1455.0273279352227;1379.0100908173563;False;0.40576902378646
-462084867582288005;500;neo4j;1415.083164300203;2076.9314516129034;True;0.40576902378646
-462084867582288005;1000;neo4j;1419.5916919959473;2039.9455095862766;True;0.40576902378646
-462084867582288005;3000;neo4j;1286.8733535967579;2045.521212121212;True;0.40576902378646
-462084867582288005;9000;neo4j;1257.1288798920377;2124.1318977119786;True;0.40576902378646
-462084867582288005;15000;neo4j;1246.6295546558704;2036.2439516129032;True;0.40576902378646
-461641511560889927;100;postgres;1179.4045174537987;1421.8008213552362;True;0.40576902378646
-461641511560889927;1000;postgres;2088.122950819672;2093.1723076923076;True;0.40576902378646
-461641511560889927;3000;postgres;2459.950718685832;2900.127572016461;True;0.40576902378646
-461248594621337422;100;neo4j;1578.3407572383073;2025.3844444444444;True;0.40576902378646
-458674988903639283;100;neo4j;1537.9369406021156;1416.7884537747275;False;2.1481481481481484
-458674988903639283;500;neo4j;1565.8395560040362;1978.4733131923465;True;2.1481481481481484
-458674988903639283;1000;neo4j;1508.5777777777778;2268.747983870968;True;2.1481481481481484
-458674988903639283;9000;neo4j;1271.7105263157894;2599.2862903225805;True;2.1481481481481484
-458674988903639283;15000;neo4j;1335.0227502527805;2705.747607052897;True;2.1481481481481484
-458597930885644573;100;postgres;921.5362903225806;1211.0807265388496;True;2.1481481481481484
-458597930885644573;500;postgres;1134.578629032258;1475.6389452332658;True;2.1481481481481484
-458597930885644573;1000;postgres;1362.0987903225807;1868.960606060606;True;2.1481481481481484
-458597930885644573;3000;postgres;2227.8467741935483;2711.986504723347;True;2.1481481481481484
-458597930885644573;9000;postgres;3667.4703504043127;4712.563329312425;True;2.1481481481481484
-457687612228832777;100;neo4j;1484.3236607142858;2554.3577777777778;True;0.40576902378646
-455523543713398416;1000;postgres;1815.56;1815.8270042194092;True;0.40576902378646
-455523543713398416;9000;postgres;4158.360759493671;4811.300751879699;True;0.40576902378646
-452865757161756819;500;postgres;1361.8547368421052;1525.5263157894738;True;2.1481481481481484
-448423979179807019;1000;neo4j;1323.0746887966804;1345.513457556936;True;0.40576902378646
-448423979179807019;3000;neo4j;1409.9296066252589;1374.7169421487604;False;0.40576902378646
-448423979179807019;9000;neo4j;1229.6486486486488;1191.327122153209;False;0.40576902378646
-428178919660219369;9000;neo4j;1377.0245535714287;3791.9755555555557;True;0.40576902378646
-427237297978106495;100;neo4j;1451.596881959911;2782.8866666666668;True;0.40576902378646
-419140903170904598;100;neo4j;1406.955456570156;1961.5;True;0.40576902378646
-419122866998631468;3000;neo4j;3059.3942093541204;5309.74;True;0.40576902378646
-418254811949825438;100;neo4j;1635.812917594655;1857.6422222222222;True;0.40576902378646
-410374789153668853;1000;neo4j;1914.6926503340758;2577.1;True;0.40576902378646
-399534151784418069;100;neo4j;1863.710970464135;2562.2805907172997;True;0.40576902378646
-398378841008639226;100;postgres;822.2778947368421;1401.4294736842105;True;2.1481481481481484
-398378841008639226;500;postgres;529.9515789473684;904.6505263157894;True;2.1481481481481484
-397197836751117986;100;neo4j;1445.6659242761693;1861.6822222222222;True;0.40576902378646
-382367704045985936;500;neo4j;1678.8037974683543;2114.616842105263;True;0.40576902378646
-382367704045985936;1000;neo4j;2014.1540084388187;2666.536842105263;True;0.40576902378646
-364415697452410789;100;neo4j;1977.924276169265;2428.428888888889;True;0.40576902378646
-354141664031981590;100;neo4j;1421.391480730223;1681.2040404040404;True;0.40576902378646
-354141664031981590;500;neo4j;1622.6018237082067;2161.8215725806454;True;0.40576902378646
-354141664031981590;1000;neo4j;1863.067005076142;2261.196770938446;True;0.40576902378646
-354141664031981590;3000;neo4j;2767.162271805274;3151.684210526316;True;0.40576902378646
-354141664031981590;9000;neo4j;4840.592;6827.23273480663;True;0.40576902378646
-354029295299657776;500;neo4j;1721.4097995545658;2430.4066666666668;True;0.40576902378646
-350198810894283870;500;neo4j;1660.8708240534522;2603.4755555555557;True;0.40576902378646
-348103487528742732;100;neo4j;1472.4714587737844;2691.103157894737;True;0.40576902378646
-348103487528742732;9000;neo4j;4870.241379310345;8711.786184210527;True;0.40576902378646
-343326838841243641;100;neo4j;1546.8786639400137;1513.5538983050847;False;0.40576902378646
-343326838841243641;1000;neo4j;1354.4448979591837;1863.7357723577236;True;0.40576902378646
-343326838841243641;9000;neo4j;1269.4755102040817;3040.979674796748;True;0.40576902378646
-343326838841243641;15000;neo4j;1373.4887525562372;3250.804480651731;True;0.40576902378646
-337597371140235294;100;neo4j;1606.34996582365;2054.9149659863947;True;0.40576902378646
-331443925577116998;100;postgres;1068.262105263158;1694.308016877637;True;0.40576902378646
-317441495434257212;100;neo4j;1378.819502074689;1579.309917355372;True;0.40576902378646
-317441495434257212;1000;neo4j;1838.4066390041494;2245.4057971014495;True;0.40576902378646
-317441495434257212;3000;neo4j;2324.0041841004186;3270.5652173913045;True;0.40576902378646
-317387764582358453;100;neo4j;1529.8440979955456;2636.1222222222223;True;0.40576902378646
-303432801253302717;9000;neo4j;4635.479274611399;5033.48;True;0.40576902378646
-290972776070374872;9000;neo4j;4492.901960784314;9022.5;True;0.40576902378646
-290220819521966770;500;postgres;2841.7755555555555;2924.8396436525613;True;0.40576902378646
-283422899342197380;500;neo4j;1780.638392857143;3019.8044444444445;True;0.40576902378646
-277753507893058776;500;neo4j;1301.0506329113923;2444.633684210526;True;0.40576902378646
-277753507893058776;15000;neo4j;1254.5611814345991;2495.705263157895;True;0.40576902378646
-266524265600946630;1000;neo4j;1533.103734439834;3622.4886128364387;True;0.40576902378646
-266524265600946630;3000;neo4j;1321.1159420289855;3216.0185950413224;True;0.40576902378646
-266524265600946630;15000;neo4j;1492.2266112266113;3838.7722567287783;True;0.40576902378646
-246801436883014674;500;neo4j;1549.2544642857142;3442.4622222222224;True;0.40576902378646
-246001255999645660;100;postgres;971.36;1392.66;True;2.1481481481481484
-241425858211006117;500;neo4j;1356.1372141372142;1303.3146997929607;False;0.40576902378646
-241425858211006117;9000;neo4j;1398.6687370600414;2870.6962809917354;True;0.40576902378646
-241425858211006117;15000;neo4j;1319.914760914761;2684.8033126293994;True;0.40576902378646
-238865806560541738;100;neo4j;1611.8549107142858;1545.431111111111;False;0.40576902378646
-233770229532936674;500;neo4j;1530.1369294605809;2778.086956521739;True;0.40576902378646
-233770229532936674;9000;neo4j;1245.7329192546583;3113.5702479338843;True;0.40576902378646
-233770229532936674;15000;neo4j;1523.4241164241164;4186.4865424430645;True;0.40576902378646
-230870765191498583;500;neo4j;1647.2486104092977;2026.1550855991943;True;0.40576902378646
-230870765191498583;1000;neo4j;1975.006066734075;2360.16918429003;True;0.40576902378646
-230870765191498583;3000;neo4j;3101.9412955465586;3966.8767676767675;True;0.40576902378646
-229540045068107337;3000;neo4j;2767.7897091722593;4779.326666666667;True;0.40576902378646
-222351038864903952;3000;neo4j;2879.055928411633;3748.608888888889;True;0.40576902378646
-219643762026423677;100;postgres;1177.537745604964;1393.2308488612837;True;0.40576902378646
-219643762026423677;500;postgres;1194.03933747412;1329.3706004140786;True;0.40576902378646
-210588630405208782;3000;neo4j;3055.0044742729306;4658.195555555556;True;0.40576902378646
-210505075524916099;100;neo4j;1515.4627371273714;2154.897574123989;True;0.40576902378646
-210505075524916099;3000;neo4j;1345.6991210277215;3290.324123989218;True;0.40576902378646
-210505075524916099;9000;neo4j;1308.3434959349593;3693.589068825911;True;0.40576902378646
-210505075524916099;15000;neo4j;1382.5010204081632;3337.59008097166;True;0.40576902378646
-209323759840863446;100;neo4j;1530.661469933185;1633.0977777777778;True;0.40576902378646
-207721613753010951;100;neo4j;1451.8245243128963;1701.5284210526315;True;0.40576902378646
-207721613753010951;500;neo4j;1571.801687763713;2022.6568421052632;True;0.40576902378646
-200115574970390025;1000;neo4j;1761.726057906459;3407.34;True;0.40576902378646
-192549819336644918;100;postgres;1330.7494824016562;1469.48033126294;True;0.40576902378646
-192549819336644918;500;neo4j;1446.091286307054;2257.9462809917354;True;0.40576902378646
-192549819336644918;3000;neo4j;1372.5062240663901;2873.430641821946;True;0.40576902378646
-190574955427962001;100;neo4j;1254.6308016877638;1179.056842105263;False;2.1481481481481484
-190574955427962001;500;postgres;1369.6547368421052;1532.8463157894737;True;2.1481481481481484
-190069003866816928;100;neo4j;1440.4075723830736;2086.291111111111;True;0.40576902378646
-188946110895000965;500;postgres;551.3788819875776;1100.2049689440994;True;14.280303030303031
-188946110895000965;9000;postgres;626.6095041322315;1409.9106029106028;True;14.280303030303031
-188946110895000965;15000;postgres;728.8029045643153;1668.804979253112;True;14.280303030303031
-178955440572685079;100;postgres;1319.7333333333333;1420.0711111111111;True;0.40576902378646
-177579081297321619;100;postgres;1000.8090349075975;1403.8621399176955;True;2.1481481481481484
-177579081297321619;3000;postgres;2333.625;2733.304526748971;True;2.1481481481481484
-177579081297321619;9000;postgres;3444.848049281314;4459.356132075472;True;2.1481481481481484
-166297005415469509;100;neo4j;1401.2924107142858;1728.8555555555556;True;0.40576902378646
-163214882111700806;500;neo4j;4328.19298245614;5000.806666666666;True;0.40576902378646
-161673237611990535;100;neo4j;1532.877232142857;1640.431111111111;True;0.40576902378646
-156080587126985948;100;neo4j;1604.015625;1808.4377777777777;True;0.40576902378646
-154629916319403428;1000;neo4j;1466.5296523517382;3336.1191446028515;True;0.40576902378646
-154629916319403428;3000;neo4j;1471.0561224489795;3773.4211597151575;True;0.40576902378646
-154629916319403428;9000;neo4j;1277.4195519348268;2856.7276422764226;True;0.40576902378646
-154629916319403428;15000;neo4j;1437.5244897959183;3491.9044715447153;True;0.40576902378646
-148782878555390425;9000;neo4j;4689.480286738351;6410.453333333333;True;0.40576902378646
-147018835580887759;1000;neo4j;1346.2736625514403;2338.2628336755647;True;0.40576902378646
-147018835580887759;3000;neo4j;1322.0927835051546;2710.1437371663246;True;0.40576902378646
-147018835580887759;15000;neo4j;1453.7880658436213;3691.5522540983607;True;0.40576902378646
-133064584206998065;3000;postgres;2500.3318485523387;2684.4555555555557;True;0.40576902378646
-131922105061207877;100;neo4j;1435.553497942387;1659.7535934291582;True;0.40576902378646
-131922105061207877;500;neo4j;1485.6020618556702;1859.7782340862423;True;0.40576902378646
-131922105061207877;1000;neo4j;1986.2238193018482;1915.985655737705;False;0.40576902378646
-113989919693148287;15000;neo4j;1273.599109131403;3157.7755555555555;True;0.40576902378646
-99519943041115125;100;neo4j;1360.84375;1956.568888888889;True;0.40576902378646
-98785862471909174;100;neo4j;1703.8672199170123;2634.3379310344826;True;0.40576902378646
-98624059311581746;100;neo4j;1352.1793248945148;1867.8631578947368;True;0.40576902378646
-98624059311581746;1000;neo4j;1975.9260042283297;2324.1705263157896;True;0.40576902378646
-97824124323916450;100;neo4j;1301.8672199170123;1453.0496894409937;True;2.1481481481481484
-97824124323916450;3000;postgres;2625.4430641821946;2636.577639751553;True;2.1481481481481484
-88358986606102469;3000;neo4j;2995.651785714286;4584.897777777778;True;0.40576902378646
-84351002558133935;500;postgres;2196.7241025641024;2239.803076923077;True;0.40576902378646
-74083701468800201;500;neo4j;1501.8181818181818;3124.3607594936707;True;0.40576902378646
-74083701468800201;9000;neo4j;1374.204641350211;3806.294736842105;True;0.40576902378646
-65857146176232050;3000;neo4j;2811.831223628692;3337.6505263157896;True;0.40576902378646
-58807584850226995;1000;neo4j;1912.1138392857142;2430.7444444444445;True;0.40576902378646
-46412961072352623;500;neo4j;1727.1559020044544;3389.2844444444445;True;0.40576902378646
-46146791877617245;100;neo4j;1491.881959910913;2054.346666666667;True;0.40576902378646
-43942694157641021;100;neo4j;1466.3604531410917;1662.5169230769231;True;0.40576902378646
-43942694157641021;1000;neo4j;1362.652977412731;2790.0758196721313;True;0.40576902378646
-43942694157641021;9000;neo4j;1263.141975308642;2591.652977412731;True;0.40576902378646
-41039363517434150;100;neo4j;1408.831950207469;1992.983436853002;True;0.40576902378646
-41039363517434150;1000;neo4j;1907.2551867219918;2729.248447204969;True;0.40576902378646
-41039363517434150;3000;neo4j;2844.3104166666667;3718.9523809523807;True;0.40576902378646
-28721297025428128;1000;neo4j;2016.3875278396436;3130.6066666666666;True;0.40576902378646
-28414817254969043;100;postgres;1157.407867494824;1305.570539419087;True;0.40576902378646
-28414817254969043;500;neo4j;1321.7308488612837;1703.7644628099174;True;0.40576902378646
-28414817254969043;3000;neo4j;1385.1784232365146;2121.48033126294;True;0.40576902378646
-26275185089862004;100;postgres;604.1487603305785;794.1301652892562;True;14.280303030303031
-26275185089862004;3000;postgres;721.8674948240166;727.9068322981367;True;14.280303030303031
-26275185089862004;9000;mongo;933.0931677018633;1220.1283643892339;True;14.280303030303031
-26019162020834691;15000;neo4j;1339.9955456570156;2907.6244444444446;True;0.40576902378646
-21110876835005195;1000;neo4j;1933.720982142857;2778.583518930958;True;0.40576902378646
-20489772213607730;500;neo4j;2925.543429844098;3843.548888888889;True;0.40576902378646
-19498224542677218;500;neo4j;1707.5454545454545;2273.237894736842;True;0.40576902378646
-19498224542677218;1000;neo4j;2318.2510548523205;3963.202105263158;True;0.40576902378646
-16060888547024929;500;neo4j;1543.3122362869199;1622.6484210526316;True;0.40576902378646
-16060888547024929;1000;postgres;1712.8147368421053;1819.9511677282378;True;0.40576902378646
-12691401629138590;1000;neo4j;1753.5801687763712;4219.7621052631575;True;0.40576902378646
-12691401629138590;3000;neo4j;2908.4936440677966;6401.315789473684;True;0.40576902378646
-4479627821460623;100;neo4j;2128.1215644820295;2638.9010526315788;True;0.40576902378646
-3865811228107998;15000;neo4j;1448.4298440979956;3055.951111111111;True;0.40576902378646
220234770526988;100;neo4j;1623.9158110882956;2050.18237704918;True;0.40576902378646
220234770526988;500;neo4j;1620.859793814433;2662.4640657084187;True;0.40576902378646
220234770526988;1000;neo4j;1339.8086419753085;2139.974358974359;True;0.40576902378646
765635123294869;1000;neo4j;2849.15144766147;3612.802222222222;True;0.40576902378646
778453150526408;100;neo4j;1434.3105590062112;1362.840909090909;False;0.40576902378646
778453150526408;1000;neo4j;1442.1247401247401;2794.55900621118;True;0.40576902378646
778453150526408;15000;neo4j;1331.51244813278;3183.053830227743;True;0.40576902378646
14515925934050544;1000;neo4j;1466.3763919821827;2391.7355555555555;True;0.40576902378646
24292029224103532;100;neo4j;1421.484439834025;2361.658385093168;True;0.40576902378646
24292029224103532;9000;neo4j;4696.866197183099;8101.037974683544;True;0.40576902378646
31621440109336445;100;postgres;1421.14;1411.1333333333334;False;2.1481481481481484
31783551850831752;100;neo4j;1239.704641350211;1179.0315789473684;False;2.1481481481481484
31783551850831752;9000;postgres;4855.585263157895;4871.88524590164;True;2.1481481481481484
35130999116599943;1000;neo4j;1326.6906779661017;1466.6631578947367;True;2.1481481481481484
35130999116599943;15000;neo4j;1265.843220338983;1910.1031578947368;True;2.1481481481481484
48824298147340786;500;neo4j;1588.8017817371938;2334.4177777777777;True;0.40576902378646
50684139167807982;100;postgres;1299.9046653144017;1548.2729124236253;True;0.40576902378646
50684139167807982;1000;neo4j;1352.2474541751528;1287.65415821501;False;0.40576902378646
50684139167807982;3000;neo4j;1448.725050916497;1610.1077235772357;True;0.40576902378646
50684139167807982;9000;neo4j;1384.6199186991869;2679.0892494929008;True;0.40576902378646
50684139167807982;15000;neo4j;1384.8982706002034;2103.583164300203;True;0.40576902378646
55621005251156460;500;neo4j;1557.746887966805;2683.623188405797;True;0.40576902378646
55621005251156460;1000;neo4j;1886.0726141078837;2236.3084886128363;True;0.40576902378646
69965469543567790;500;neo4j;1311.0041493775934;1324.351966873706;True;2.1481481481481484
69965469543567790;1000;postgres;1106.5300207039338;1278.0683229813665;True;2.1481481481481484
69965469543567790;3000;postgres;745.1756198347107;1143.904958677686;True;2.1481481481481484
71761511155842919;100;neo4j;1850.3942093541202;2569.7066666666665;True;0.40576902378646
73845720636440095;100;neo4j;1465.3291139240507;1967.7978947368422;True;0.40576902378646
73845720636440095;500;neo4j;1666.8206751054852;2214.2673684210527;True;0.40576902378646
81519984447899441;500;neo4j;1814.734439834025;3364.9214876033056;True;0.40576902378646
81519984447899441;9000;neo4j;4777.978448275862;8883.945736434109;True;0.40576902378646
86213027746613746;500;neo4j;1550.0910973084885;2149.778925619835;True;0.40576902378646
86213027746613746;3000;neo4j;2498.325;3320.5797101449275;True;0.40576902378646
86213027746613746;9000;neo4j;4470.740566037736;5879.037267080746;True;0.40576902378646
89066815405866784;100;postgres;1210.5122448979591;1259.5051124744377;True;2.1481481481481484
89066815405866784;500;postgres;919.8244897959183;1199.9530612244898;True;2.1481481481481484
89066815405866784;9000;neo4j;1406.299180327869;2638.9408163265307;True;2.1481481481481484
89066815405866784;15000;neo4j;1274.398773006135;2072.1755102040815;True;2.1481481481481484
90896676295319176;1000;neo4j;1644.2579281183932;3985.0274261603377;True;0.40576902378646
90896676295319176;9000;neo4j;4615.435443037974;8824.88679245283;True;0.40576902378646
109055709707097422;100;neo4j;1842.8017817371938;2374.837777777778;True;0.40576902378646
113094063037578259;500;postgres;1429.1053719008264;1780.0185950413222;True;2.1481481481481484
113094063037578259;1000;neo4j;3894.92177589852;4207.023809523809;True;2.1481481481481484
116562657665866286;100;postgres;941.921052631579;1291.1805273833672;True;0.40576902378646
116562657665866286;500;postgres;1194.2962213225371;1272.8286099865047;True;0.40576902378646
116562657665866286;1000;neo4j;1286.3630831643002;1466.828282828283;True;0.40576902378646
116562657665866286;9000;neo4j;1233.6937119675456;2298.322874493927;True;0.40576902378646
116562657665866286;15000;neo4j;1436.0060975609756;2742.419028340081;True;0.40576902378646
122345333946523605;100;neo4j;1481.781737193764;1980.1222222222223;True;0.40576902378646
127658213382634400;100;neo4j;1460.511387163561;1769.9938016528927;True;0.40576902378646
127658213382634400;3000;neo4j;2602.4137214137213;2977.8509316770187;True;0.40576902378646
127658213382634400;9000;neo4j;4524.775342465753;5091.55486542443;True;0.40576902378646
130004579459825462;1000;neo4j;1899.3296213808462;2908.9466666666667;True;0.40576902378646
145396509579989882;100;neo4j;1539.6687370600414;2530.301652892562;True;0.40576902378646
145396509579989882;1000;neo4j;1960.213692946058;3117.768115942029;True;0.40576902378646
145396509579989882;3000;neo4j;2752.4300626304803;4792.333333333333;True;0.40576902378646
154762076167983203;100;neo4j;1657.529531568228;1964.7621951219512;True;0.40576902378646
154762076167983203;500;neo4j;1499.4361593462718;2020.969481180061;True;0.40576902378646
154762076167983203;1000;neo4j;1291.6293279022402;2714.1747967479673;True;0.40576902378646
154762076167983203;9000;neo4j;1407.0265306122449;2710.9144602851325;True;0.40576902378646
154762076167983203;15000;neo4j;1336.7433808553972;2915.701219512195;True;0.40576902378646
160880577866574195;100;postgres;1023.4863157894737;1345.2494736842104;True;0.40576902378646
169020085276254000;100;neo4j;1461.3691983122362;1362.0905263157895;False;0.40576902378646
171992246172382490;1000;neo4j;2054.138084632517;3036.5777777777776;True;0.40576902378646
189453191465587307;1000;postgres;1737.8666666666666;2045.812917594655;True;2.1481481481481484
196204178423726517;100;neo4j;1541.3108808290156;2355.071354705274;True;0.40576902378646
196204178423726517;500;neo4j;1761.4636174636175;2848.6770186335402;True;0.40576902378646
198385241727043463;100;postgres;1606.9876033057851;1623.861570247934;True;2.1481481481481484
198385241727043463;500;postgres;2284.6252587991717;2407.8983402489625;True;2.1481481481481484
198385241727043463;1000;postgres;3857.360248447205;4729.210526315789;True;2.1481481481481484
205102982441293824;100;postgres;968.630303030303;1487.5333333333333;True;2.1481481481481484
205102982441293824;500;postgres;1189.8768920282544;2021.7171717171718;True;2.1481481481481484
205102982441293824;1000;postgres;1738.0343434343433;2123.3373737373736;True;2.1481481481481484
205102982441293824;3000;postgres;2365.5470430107525;3023.1685772083615;True;2.1481481481481484
205102982441293824;9000;postgres;6390.979797979798;28873.425925925927;True;2.1481481481481484
216066959344576262;100;neo4j;1594.8262626262626;1895.9476861167002;True;0.40576902378646
216066959344576262;500;neo4j;1400.1390293225481;1928.7019133937563;True;0.40576902378646
216066959344576262;1000;neo4j;1357.730303030303;2438.5442655935612;True;0.40576902378646
216066959344576262;3000;neo4j;1366.8886639676114;2687.1046277665996;True;0.40576902378646
216066959344576262;9000;neo4j;1281.0565656565657;2890.0382293762577;True;0.40576902378646
216066959344576262;15000;neo4j;1390.6279069767443;3015.4461228600203;True;0.40576902378646
224220800015987504;100;postgres;1444.5739219712525;1740.1603288797533;True;0.40576902378646
261597305119200377;100;neo4j;1457.9054470709148;1758.188717948718;True;0.40576902378646
261597305119200377;9000;neo4j;4509.723032069971;5719.008213552362;True;0.40576902378646
262677537877632232;3000;neo4j;2927.7477678571427;5364.98;True;0.40576902378646
269281139764885068;3000;neo4j;2761.6473214285716;4287.68;True;0.40576902378646
279850790422375921;100;postgres;1022.5293172690763;1414.2222668810289;True;2.1481481481481484
279850790422375921;500;neo4j;1421.137676292814;1360.411528150134;False;2.1481481481481484
279850790422375921;1000;neo4j;1445.304312777106;1669.2963409730598;True;2.1481481481481484
279850790422375921;3000;neo4j;1383.9221460266238;1886.393646964214;True;2.1481481481481484
279850790422375921;9000;neo4j;1394.4297269969666;2376.612449799197;True;2.1481481481481484
279850790422375921;15000;neo4j;1257.3299798792757;2109.3333333333335;True;2.1481481481481484
284898153821570014;100;postgres;1486.8487282463186;1649.6463496316142;True;2.1481481481481484
284898153821570014;500;postgres;951.9141515761235;1229.371983914209;True;2.1481481481481484
284898153821570014;1000;neo4j;1318.4569603227976;1426.7139028475713;True;2.1481481481481484
284898153821570014;3000;neo4j;1374.0;1423.3112449799196;True;2.1481481481481484
284898153821570014;9000;neo4j;1341.233870967742;2251.6136820925553;True;2.1481481481481484
284898153821570014;15000;neo4j;1402.6806451612904;2188.1109770808202;True;2.1481481481481484
291435979607624138;100;neo4j;1464.2634854771784;2156.0683229813662;True;0.40576902378646
291435979607624138;500;neo4j;1682.1138716356108;2607.026859504132;True;0.40576902378646
291435979607624138;3000;neo4j;2581.0435684647305;4384.351966873706;True;0.40576902378646
298595583207991329;100;postgres;1207.7102040816326;2053.0714285714284;True;2.1481481481481484
298595583207991329;1000;postgres;5708.148261758692;28714.48717948718;True;2.1481481481481484
299361657169361136;500;neo4j;1480.5506329113923;2543.541052631579;True;0.40576902378646
299361657169361136;3000;neo4j;1281.2088607594937;2402.7326315789473;True;0.40576902378646
301876092220321866;100;neo4j;1391.4471544715448;1489.1902834008097;True;0.40576902378646
301876092220321866;1000;neo4j;1998.9512195121952;2159.7186234817814;True;0.40576902378646
301876092220321866;3000;neo4j;2881.695829094608;3015.306060606061;True;0.40576902378646
301876092220321866;9000;neo4j;4884.637426900585;5221.460188933873;True;0.40576902378646
304097774186092443;100;neo4j;1489.412195568577;1577.2505470459519;True;0.40576902378646
304097774186092443;500;neo4j;1378.0508328546812;1746.2931232091692;True;0.40576902378646
304097774186092443;1000;neo4j;1424.4825737265417;2103.3923796791446;True;0.40576902378646
304097774186092443;3000;neo4j;1435.6579476861168;2602.6961059815335;True;0.40576902378646
304097774186092443;9000;neo4j;1319.0824617860017;2663.9322101885277;True;0.40576902378646
304097774186092443;15000;neo4j;1370.4419852448023;2796.2473262032086;True;0.40576902378646
308162024531195583;9000;neo4j;4856.66;8811.034934497817;True;0.40576902378646
317286058574969493;100;neo4j;1333.2004219409282;1700.5431578947369;True;0.40576902378646
317286058574969493;3000;neo4j;1235.5254237288136;1888.3663157894737;True;0.40576902378646
323692559288206343;500;neo4j;1522.9587737843551;2332.797894736842;True;0.40576902378646
329151663944448143;500;postgres;1361.418947368421;1525.4008438818566;True;2.1481481481481484
329151663944448143;9000;postgres;3522.4778947368422;4712.157692307693;True;2.1481481481481484
336549245393134503;1000;postgres;625.44;648.4177777777778;True;14.280303030303031
342978303977375831;100;neo4j;1438.3184855233853;2482.7066666666665;True;0.40576902378646
344095167307157100;100;postgres;961.1242105263158;1230.8357894736841;True;2.1481481481481484
346416045918984180;3000;neo4j;1399.2160356347438;3165.008888888889;True;0.40576902378646
348182224927877444;100;postgres;633.5344129554655;965.7955465587045;True;2.1481481481481484
348182224927877444;500;postgres;1258.2941176470588;1487.810975609756;True;2.1481481481481484
348182224927877444;1000;postgres;862.5485829959514;881.1163967611336;True;2.1481481481481484
348182224927877444;3000;postgres;1424.5679513184584;1462.9391480730224;True;2.1481481481481484
348182224927877444;15000;neo4j;1407.1305818673884;1880.5364372469635;True;2.1481481481481484
352134611303073693;100;neo4j;1697.7463002114164;2601.9073684210525;True;0.40576902378646
352905326162789826;100;neo4j;1637.7004219409282;1751.276842105263;True;0.40576902378646
362945847240383480;500;neo4j;1542.447661469933;2442.6244444444446;True;0.40576902378646
379805405681127987;100;neo4j;1480.9096509240246;2027.0737704918033;True;0.40576902378646
379805405681127987;500;neo4j;1653.798353909465;2717.936344969199;True;0.40576902378646
379805405681127987;1000;neo4j;1870.388090349076;2655.1147540983607;True;0.40576902378646
381080849618286075;100;postgres;866.9915789473685;1421.2694736842104;True;2.1481481481481484
391547727805288058;500;neo4j;1589.935412026726;2206.902222222222;True;0.40576902378646
404347370846090296;100;neo4j;1598.3503797468354;2064.1889168765742;True;0.40576902378646
404347370846090296;500;neo4j;1448.7171717171718;2095.800804828974;True;0.40576902378646
404347370846090296;1000;neo4j;1327.406882591093;2307.109879032258;True;0.40576902378646
404347370846090296;3000;neo4j;1421.3630229419703;3119.1169354838707;True;0.40576902378646
404347370846090296;9000;neo4j;1340.0334685598377;3234.84375;True;0.40576902378646
404347370846090296;15000;neo4j;1389.3326572008114;3085.3548387096776;True;0.40576902378646
414336757615280431;500;neo4j;1334.2721518987341;1580.4694736842105;True;0.40576902378646
414336757615280431;3000;neo4j;1363.698312236287;3901.5621052631577;True;0.40576902378646
414807045963464707;1000;neo4j;1316.8716632443532;1974.0235655737704;True;0.40576902378646
414807045963464707;3000;neo4j;1515.3979381443298;3437.963039014374;True;0.40576902378646
414807045963464707;15000;neo4j;1338.857731958763;2428.7371663244353;True;0.40576902378646
420793949386833617;100;neo4j;1455.8864142538976;1916.5533333333333;True;0.40576902378646
421813618953015950;100;neo4j;1423.1714922048998;2012.891111111111;True;0.40576902378646
432923968139421101;1000;neo4j;1720.107822410148;2259.2863157894735;True;0.40576902378646
434976712988593884;3000;neo4j;2949.6723044397463;4339.376842105263;True;0.40576902378646
446082632477242252;1000;mongo;905.4821052631579;942.6768421052632;True;14.280303030303031
450111746268530078;100;neo4j;1464.879746835443;1878.7515789473684;True;0.40576902378646
451107429500455202;1000;neo4j;1997.9372197309417;3521.5177777777776;True;0.40576902378646
452835052595440373;1000;postgres;1705.7684210526315;1786.2105263157894;True;2.1481481481481484
452835052595440373;3000;neo4j;2365.9198312236285;2462.4652631578947;True;2.1481481481481484
461907301796001958;9000;neo4j;4798.520089285715;5507.720930232558;True;0.40576902378646
464614326349322068;500;neo4j;1615.4915611814347;2269.1494736842105;True;0.40576902378646
464614326349322068;3000;neo4j;2822.7303609341825;4561.178947368421;True;0.40576902378646
467117702599375475;1000;neo4j;2265.7633928571427;3983.768888888889;True;0.40576902378646
472276104792498011;100;postgres;978.7305263157895;1395.0273684210526;True;2.1481481481481484
472276104792498011;9000;postgres;3492.202105263158;4532.168797953964;True;2.1481481481481484
472754285631005677;100;neo4j;1679.7906458797327;1920.371111111111;True;0.40576902378646
477190216694263929;1000;neo4j;1424.5679287305122;2736.188888888889;True;0.40576902378646
492480190192452627;1000;neo4j;1717.9004237288136;2907.837894736842;True;0.40576902378646
492480190192452627;3000;neo4j;2501.778481012658;3814.322105263158;True;0.40576902378646
499293259869532627;1000;neo4j;1774.2974683544303;2058.0821052631577;True;2.1481481481481484
500012930986694444;100;postgres;1997.5347368421053;2287.2631578947367;True;2.1481481481481484
500012930986694444;500;postgres;3660.6463157894736;4416.798004987531;True;2.1481481481481484
501531815956227038;100;neo4j;1442.1390041493776;1883.6907962771459;True;0.40576902378646
501531815956227038;1000;neo4j;1924.9004149377593;2332.4741200828157;True;0.40576902378646
503337790243898993;3000;neo4j;2595.257796257796;4348.080578512397;True;0.40576902378646
519247055886916772;100;neo4j;1576.512249443207;2151.248888888889;True;0.40576902378646
523569322275171621;100;neo4j;1574.7457805907172;2316.372631578947;True;0.40576902378646
529357289428057073;500;postgres;3398.4355555555558;4576.05574912892;True;2.1481481481481484
532459917383678850;100;postgres;979.0142276422764;1191.5569105691056;True;2.1481481481481484
532459917383678850;1000;postgres;1322.7558494404882;1710.5940996948118;True;2.1481481481481484
532459917383678850;3000;postgres;1838.239837398374;2407.0450819672133;True;2.1481481481481484
532459917383678850;9000;postgres;3366.2403258655804;4821.041958041958;True;2.1481481481481484
534558442269524382;500;neo4j;1509.7126948775056;2535.771111111111;True;0.40576902378646
536291892245051489;15000;neo4j;1427.2326621923937;3716.733333333333;True;0.40576902378646
537487025181692291;100;neo4j;1721.8619153674833;2533.1066666666666;True;0.40576902378646
540897163100036440;100;neo4j;1529.2692713833158;2109.7936842105264;True;0.40576902378646
541958686418023372;500;postgres;998.48033126294;1295.2525879917184;True;2.1481481481481484
541958686418023372;1000;neo4j;1368.707468879668;1546.5289256198348;True;2.1481481481481484
541958686418023372;3000;neo4j;1391.5446985446986;1870.399585921325;True;2.1481481481481484
546253624952219151;15000;neo4j;1528.2338530066816;2147.282222222222;True;2.1481481481481484
546450313911305658;100;neo4j;1535.1962025316457;2807.2884210526317;True;0.40576902378646
551503524306605506;9000;neo4j;4521.788029925187;8349.891454965358;True;0.40576902378646
555810284822535545;3000;neo4j;2665.4241071428573;4177.16;True;0.40576902378646
555894838874132227;100;postgres;1356.1662180349933;1486.6781144781144;True;0.40576902378646
555894838874132227;500;neo4j;1492.259109311741;1874.608870967742;True;0.40576902378646
555894838874132227;1000;neo4j;1292.2651821862348;1230.3905146316852;False;0.40576902378646
555894838874132227;3000;neo4j;1348.9353535353534;1871.9203629032259;True;0.40576902378646
555894838874132227;9000;neo4j;1323.48987854251;2704.070707070707;True;0.40576902378646
555894838874132227;15000;neo4j;1470.0243654822334;2865.2515151515154;True;0.40576902378646
571323860803538148;100;postgres;928.16;1369.6666666666667;True;2.1481481481481484
571649642927370185;100;postgres;696.0833333333334;792.3821138211382;True;14.280303030303031
571649642927370185;500;postgres;1180.10162601626;1756.0548780487804;True;14.280303030303031
571649642927370185;1000;postgres;1526.1971544715448;2532.910569105691;True;14.280303030303031
571649642927370185;3000;postgres;1638.417515274949;2748.560327198364;True;14.280303030303031
571649642927370185;9000;postgres;4526.761710794297;13084.43584521385;True;14.280303030303031
571649642927370185;15000;postgres;6170.837398373984;28781.844444444443;True;14.280303030303031
574045781432188866;9000;neo4j;4734.580357142857;8846.887029288702;True;0.40576902378646
574058482254279801;100;neo4j;1785.9821826280624;6034.444444444444;True;0.40576902378646
574100122439552409;500;neo4j;3609.9101123595506;5402.984444444444;True;0.40576902378646
577967302292120497;100;neo4j;1319.138392857143;2230.4044444444444;True;0.40576902378646
578251888895364054;500;postgres;1197.3627152988854;1301.025354969574;True;2.1481481481481484
578251888895364054;1000;neo4j;1651.8356997971603;2177.1477732793524;True;2.1481481481481484
578251888895364054;3000;neo4j;1398.1068158697863;1698.3805668016194;True;2.1481481481481484
578251888895364054;9000;neo4j;1284.1227951153323;1993.9020931802836;True;2.1481481481481484
578463988515721045;1000;postgres;1286.397894736842;1656.2283298097252;True;2.1481481481481484
578463988515721045;3000;postgres;1951.4442105263158;2538.1758474576272;True;2.1481481481481484
579891964443763564;100;postgres;1112.0124223602484;1322.7759336099584;True;2.1481481481481484
579891964443763564;500;postgres;1306.0020661157025;1525.391304347826;True;2.1481481481481484
579891964443763564;3000;neo4j;2353.83367983368;2584.472049689441;True;2.1481481481481484
584385028264445970;100;postgres;565.4464070654356;1869.0859092733842;True;14.280303030303031
584385028264445970;500;postgres;1393.447391885867;3639.6051618745755;True;14.280303030303031
584385028264445970;1000;postgres;2418.858935742972;4649.424242424242;True;14.280303030303031
591457710187147916;3000;neo4j;2890.9933184855236;5713.553333333333;True;0.40576902378646
592098668111574451;100;neo4j;1332.8841870824053;2319.302222222222;True;0.40576902378646
595984656418740831;100;postgres;1327.2125506072875;1356.3367139959432;True;0.40576902378646
595984656418740831;1000;neo4j;1411.5553299492385;2149.639029322548;True;0.40576902378646
595984656418740831;3000;neo4j;1316.5341909275558;2638.2562373567093;True;0.40576902378646
595984656418740831;9000;neo4j;1316.48125633232;3108.3832153690596;True;0.40576902378646
595984656418740831;15000;neo4j;1321.7079107505072;2934.30101010101;True;0.40576902378646
610439811260925795;100;neo4j;1545.1118568232662;2543.8155555555554;True;0.40576902378646
612069711136148679;3000;neo4j;3690.285393258427;5414.0;True;0.40576902378646
616692867258240645;500;neo4j;1775.2449888641424;3143.168888888889;True;0.40576902378646
625867593058149322;100;neo4j;1796.8310880829015;2148.7786970010343;True;0.40576902378646
630993574768687092;100;neo4j;1929.0256937307297;2106.9210256410256;True;0.40576902378646
630993574768687092;500;postgres;5759.01024590164;22170.002049180326;True;0.40576902378646
631903631023055486;500;neo4j;1818.1581291759464;3022.2555555555555;True;0.40576902378646
638724923650942432;100;neo4j;1462.80997949419;1695.725850340136;True;0.40576902378646
638724923650942432;3000;neo4j;2914.6769547325102;3975.965306122449;True;0.40576902378646
644710201368662322;100;neo4j;1447.1603375527427;1674.8947368421052;True;0.40576902378646
644710201368662322;500;neo4j;1670.0422832980973;1959.8926315789474;True;0.40576902378646
644992069957152118;100;neo4j;1458.417106652587;2465.656842105263;True;0.40576902378646
660258847720122551;500;neo4j;1614.0539419087138;1583.0455486542444;False;0.40576902378646
660258847720122551;1000;neo4j;2403.52489626556;2321.6066252587993;False;0.40576902378646
660258847720122551;9000;neo4j;4929.742857142857;5895.859504132231;True;0.40576902378646
663958971997491345;100;neo4j;1637.743271221532;2212.4772727272725;True;0.40576902378646
663958971997491345;1000;neo4j;1397.7583333333334;2715.2298136645963;True;0.40576902378646
663958971997491345;15000;neo4j;1399.2116182572613;3428.159420289855;True;0.40576902378646
666837293074761061;1000;neo4j;1909.09375;3274.2444444444445;True;0.40576902378646
667240083722010687;100;postgres;1594.3094736842106;1702.3726315789474;True;2.1481481481481484
674835182984831971;3000;neo4j;2606.858744394619;3612.34;True;0.40576902378646
675848341813823045;100;postgres;1326.84;1547.8044444444445;True;2.1481481481481484
685541436957367618;1000;neo4j;1634.2410714285713;2610.78;True;0.40576902378646
692923801389120410;100;postgres;1430.65003417635;1811.2693096377307;True;2.1481481481481484
695561264036356355;100;neo4j;1447.9174107142858;2797.4177777777777;True;0.40576902378646
696792148691169892;100;postgres;767.5244897959184;1061.7204081632653;True;14.280303030303031
696792148691169892;500;postgres;942.7408163265306;1278.1367346938775;True;14.280303030303031
701806793089666002;500;neo4j;1344.639198218263;1648.14;True;0.40576902378646
702120818418443809;100;neo4j;1512.6729957805908;1829.8526315789475;True;0.40576902378646
702449647868112313;100;postgres;1176.5776397515529;1425.2028985507247;True;2.1481481481481484
702449647868112313;500;postgres;1366.2505175983438;1493.3850931677018;True;2.1481481481481484
702449647868112313;3000;postgres;2022.0867768595042;2580.4360587002097;True;2.1481481481481484
702707616975188689;1000;neo4j;2081.619153674833;5431.697777777777;True;0.40576902378646
704576258559910110;100;neo4j;1591.7294238683128;2379.436344969199;True;0.40576902378646
704576258559910110;500;neo4j;4144.298701298701;4845.774590163935;True;0.40576902378646
705857345076947779;500;neo4j;2898.2067510548522;3550.2273684210527;True;0.40576902378646
709714851240357095;500;neo4j;1334.0848214285713;2334.2355555555555;True;0.40576902378646
710066153261140959;100;neo4j;1496.6086497890296;2014.003157894737;True;0.40576902378646
713639260851148059;100;neo4j;1591.017029972752;2433.7898305084746;True;0.40576902378646
713639260851148059;1000;neo4j;1420.9061224489797;2277.018292682927;True;0.40576902378646
713639260851148059;3000;neo4j;1376.1714285714286;3489.6524390243903;True;0.40576902378646
713639260851148059;9000;neo4j;1328.918200408998;3122.3951120162933;True;0.40576902378646
715526251058155140;100;neo4j;1395.4810690423162;1704.5244444444445;True;0.40576902378646
719053761332066191;3000;neo4j;2651.9957805907175;5477.951578947368;True;0.40576902378646
720121612753188864;100;neo4j;1505.1991701244813;2976.1801242236024;True;0.40576902378646
720121612753188864;500;neo4j;1442.3871635610767;1587.6880165289256;True;0.40576902378646
720121612753188864;9000;neo4j;1365.9417879417879;3708.712215320911;True;0.40576902378646
727293615200937896;500;neo4j;1439.8650306748466;1840.7820773930753;True;0.40576902378646
727293615200937896;1000;neo4j;1423.2183673469387;2354.9268292682927;True;0.40576902378646
727293615200937896;3000;neo4j;1425.8467824310521;2733.760935910478;True;0.40576902378646
727293615200937896;9000;neo4j;1344.1510204081633;2703.418699186992;True;0.40576902378646
728651541046469923;100;neo4j;1480.2320675105486;2340.341052631579;True;0.40576902378646
728651541046469923;500;neo4j;1725.4894514767932;4132.785263157894;True;0.40576902378646
732749034716642520;100;neo4j;1460.4228329809725;2192.68;True;0.40576902378646
739276447270787241;100;postgres;1225.2782258064517;1384.8343434343435;True;2.1481481481481484
739276447270787241;500;postgres;1353.444556451613;1526.3107971745712;True;2.1481481481481484
739276447270787241;1000;postgres;1640.7973154362417;1812.1093959731543;True;2.1481481481481484
739276447270787241;3000;neo4j;2497.310088016249;2414.628360215054;False;2.1481481481481484
739276447270787241;9000;postgres;4721.199596774193;4769.895348837209;True;2.1481481481481484
748118726363390543;3000;neo4j;4322.394014962593;5845.711111111111;True;2.1481481481481484
770283466765960222;500;neo4j;1866.970464135021;4659.711578947368;True;0.40576902378646
770283466765960222;1000;neo4j;1952.590717299578;3414.6526315789474;True;0.40576902378646
771711346146492937;500;neo4j;1579.968819599109;2580.1133333333332;True;0.40576902378646
778577796266662606;100;neo4j;1555.9500509683996;2141.2512664640326;True;0.40576902378646
778577796266662606;500;neo4j;1510.6361788617887;3218.070850202429;True;0.40576902378646
778577796266662606;1000;neo4j;1451.292980671414;3791.273279352227;True;0.40576902378646
778577796266662606;3000;neo4j;1370.5173116089613;3891.557809330629;True;0.40576902378646
778577796266662606;9000;neo4j;1313.9817073170732;3225.0445344129553;True;0.40576902378646
778577796266662606;15000;neo4j;1371.9103869653768;3536.1882591093117;True;0.40576902378646
779957869093870285;100;neo4j;1471.4620535714287;2148.4777777777776;True;0.40576902378646
784477388852730419;500;postgres;6432.082222222222;19726.59465478842;True;0.40576902378646
791467191652943023;100;neo4j;1648.02868852459;2842.291836734694;True;0.40576902378646
791467191652943023;500;neo4j;1338.545081967213;2527.9857142857145;True;0.40576902378646
791467191652943023;9000;neo4j;1318.1149897330595;3169.5530612244897;True;0.40576902378646
791467191652943023;15000;neo4j;1417.4024640657085;3154.5183673469387;True;0.40576902378646
793237766005492046;100;postgres;959.7287784679089;1294.5631469979296;True;2.1481481481481484
793237766005492046;1000;postgres;1250.0743801652893;1802.5185950413222;True;2.1481481481481484
810478841380607058;1000;neo4j;1887.9308035714287;2619.3244444444445;True;0.40576902378646
820279755359982521;3000;neo4j;2786.4675615212527;2888.2355555555555;True;0.40576902378646
827258738557331255;1000;neo4j;1845.7461139896373;2906.134436401241;True;0.40576902378646
827258738557331255;3000;neo4j;2646.908523908524;4218.780538302278;True;0.40576902378646
841443722960668080;100;postgres;1439.5606162089753;1473.0610738255034;True;2.1481481481481484
841443722960668080;500;neo4j;1319.883361344538;1287.0867671691792;False;2.1481481481481484
841443722960668080;1000;neo4j;1275.1725529767912;1658.7005025125627;True;2.1481481481481484
841443722960668080;3000;neo4j;1382.5280161534579;2015.059798994975;True;2.1481481481481484
841443722960668080;9000;neo4j;1432.424832214765;3304.817146684528;True;2.1481481481481484
841443722960668080;15000;neo4j;1272.4712411705348;2492.894366197183;True;2.1481481481481484
841623167744017229;3000;neo4j;2801.8571428571427;3916.2844444444445;True;0.40576902378646
844072058332395339;1000;postgres;940.1428571428571;1062.5238095238096;True;2.1481481481481484
844072058332395339;9000;neo4j;1212.3850931677018;1729.1095041322315;True;2.1481481481481484
844072058332395339;15000;neo4j;1388.6597510373444;2565.944099378882;True;2.1481481481481484
850840742481327360;500;neo4j;1329.6316964285713;1905.1888888888889;True;0.40576902378646
851620494779174381;100;neo4j;1366.751677852349;1459.0577777777778;True;0.40576902378646
860892702388395162;1000;postgres;1756.9873684210527;1766.5833333333333;True;0.40576902378646
863151931467042775;100;postgres;1329.8333333333333;1374.1866666666667;True;0.40576902378646
866816578257378487;100;neo4j;1445.21875;2079.8244444444445;True;0.40576902378646
868794215893605913;100;neo4j;1490.9813278008298;2265.0;True;0.40576902378646
868794215893605913;9000;neo4j;4912.9473684210525;9004.942307692309;True;0.40576902378646
883025930476208538;3000;neo4j;3040.85201793722;2987.1711111111113;False;0.40576902378646
884969185107227811;500;neo4j;1413.3688524590164;2424.3142857142857;True;0.40576902378646
884969185107227811;1000;neo4j;1413.3357215967246;2031.6704081632654;True;0.40576902378646
884969185107227811;9000;neo4j;1288.5132924335378;2666.6091836734695;True;0.40576902378646
885736626129999021;500;neo4j;1308.2474012474013;2269.0766045548653;True;0.40576902378646
885736626129999021;1000;neo4j;1348.036307053942;2337.4601861427095;True;0.40576902378646
892596341944618525;100;postgres;1443.393541876892;1534.3720930232557;True;0.40576902378646
892596341944618525;500;neo4j;1320.8060606060606;1301.1159274193549;False;0.40576902378646
892596341944618525;1000;neo4j;1352.0446247464504;1686.1391129032259;True;0.40576902378646
892596341944618525;9000;neo4j;1368.0983827493262;2491.1075268817203;True;0.40576902378646
892596341944618525;15000;neo4j;1537.7335359675785;3037.2752016129034;True;0.40576902378646
894610186173888786;3000;neo4j;2913.2447257383965;4102.814736842105;True;0.40576902378646
894811393929770784;1000;neo4j;1326.9487750556793;1807.7666666666667;True;0.40576902378646
906410208746516722;3000;neo4j;2868.859688195991;3939.9844444444443;True;0.40576902378646
908040430437087314;100;neo4j;1479.8879668049792;2128.544513457557;True;0.40576902378646
908040430437087314;1000;neo4j;1838.0373443983403;2728.2919254658386;True;0.40576902378646
908040430437087314;9000;neo4j;4438.6937354988395;8518.654101995566;True;0.40576902378646
922987097739956310;500;neo4j;1644.21875;1974.7222222222222;True;0.40576902378646
924430201589061782;500;neo4j;1516.2157676348547;2534.178053830228;True;0.40576902378646
924430201589061782;1000;neo4j;2051.8070539419086;3909.6008273009306;True;0.40576902378646
928034772859449220;500;neo4j;1585.5379464285713;1817.5977777777778;True;0.40576902378646
934033264968957075;100;neo4j;1579.6193757600324;1699.2943548387098;True;0.40576902378646
934033264968957075;500;postgres;1206.3015446608463;1282.2447881640887;True;0.40576902378646
934033264968957075;1000;neo4j;1352.9252525252525;1806.1391129032259;True;0.40576902378646
934033264968957075;3000;neo4j;1445.4072825354012;2420.56077904634;True;0.40576902378646
934033264968957075;9000;neo4j;1249.931174089069;2483.0201612903224;True;0.40576902378646
936109814944659244;100;neo4j;1365.2901785714287;1646.4644444444446;True;0.40576902378646
939072347979899171;100;postgres;1008.5377777777778;1337.0333333333333;True;2.1481481481481484
941578832741102879;100;neo4j;1391.4815573770493;1760.726530612245;True;0.40576902378646
941578832741102879;1000;neo4j;1943.325819672131;2371.887755102041;True;0.40576902378646
941578832741102879;3000;neo4j;3157.592213114754;3180.526530612245;True;0.40576902378646
942884485302015840;3000;neo4j;1445.5501113585747;2126.988888888889;True;0.40576902378646
943174070164045574;100;postgres;1208.5389344262296;1804.6147540983607;True;2.1481481481481484
944641628550881975;100;postgres;1190.9312977099237;1863.7522088353414;True;14.280303030303031
944641628550881975;500;postgres;3963.5194700923325;13659.825352112675;True;14.280303030303031
944641628550881975;1000;postgres;8937.163375224416;20721.103813559323;True;14.280303030303031
945228569708136545;1000;neo4j;1750.1745379876797;3135.7663934426228;True;0.40576902378646
945228569708136545;3000;neo4j;2957.2;5741.9342915811085;True;0.40576902378646
945228569708136545;9000;neo4j;4789.833333333333;7943.381974248927;True;0.40576902378646
947346635220761434;500;neo4j;1836.2041237113401;3745.963039014374;True;0.40576902378646
947346635220761434;1000;neo4j;1934.8357289527721;3120.3053278688526;True;0.40576902378646
947533190914524242;100;neo4j;1327.0357142857142;1536.6577777777777;True;0.40576902378646
950010022006984728;3000;mongo;880.0231578947369;1063.602105263158;True;14.280303030303031
950010022006984728;15000;mongo;723.4526315789474;1234.710970464135;True;14.280303030303031
952660895531099633;500;postgres;1752.8545081967213;1752.3326488706366;False;0.40576902378646
952660895531099633;3000;neo4j;3178.8948453608245;3356.874743326489;True;0.40576902378646
952660895531099633;9000;neo4j;4954.0;5487.525667351129;True;0.40576902378646
966278925912315269;3000;neo4j;2622.4040178571427;4389.9;True;0.40576902378646
976780217932779086;100;neo4j;1386.9969262295083;1360.0785714285714;False;0.40576902378646
976780217932779086;3000;neo4j;1408.135523613963;1698.3081632653061;True;0.40576902378646
976780217932779086;15000;neo4j;1401.8427543679343;2824.280612244898;True;0.40576902378646
980987944792705654;100;neo4j;1392.423162583519;1787.3555555555556;True;0.40576902378646
982283969931344316;100;neo4j;1292.6517857142858;2116.6;True;0.40576902378646
986834840907361064;500;neo4j;1719.1724845995893;3448.6306122448977;True;0.40576902378646
986834840907361064;1000;neo4j;1942.5400410677619;3816.7244897959185;True;0.40576902378646
986834840907361064;3000;neo4j;2877.5728952772074;8526.258660508083;True;0.40576902378646
990959519800614164;500;neo4j;1316.5147679324893;2461.0315789473684;True;0.40576902378646
990959519800614164;15000;neo4j;1510.1033755274261;3832.4294736842107;True;0.40576902378646
996214500070654972;100;neo4j;1427.0474226804124;1741.2628336755647;True;0.40576902378646
996214500070654972;500;neo4j;1660.494866529774;2134.7561475409834;True;0.40576902378646
1001113396833123475;1000;neo4j;2518.9933184855236;4803.797777777778;True;0.40576902378646
1003997077660890209;500;postgres;3284.317098445596;3514.39248434238;True;2.1481481481481484
1006115099566102738;100;neo4j;1316.8953229398664;2258.133333333333;True;0.40576902378646
1008367685215887102;100;neo4j;1340.8062360801782;2125.282222222222;True;0.40576902378646
1017719584948036457;100;postgres;1004.079107505071;1241.448275862069;True;2.1481481481481484
1017719584948036457;500;postgres;1527.0588235294117;1607.1886409736308;True;2.1481481481481484
1017719584948036457;1000;postgres;1257.3715736040608;1289.0091463414635;True;2.1481481481481484
1017719584948036457;9000;neo4j;1300.296636085627;1416.2667342799189;True;2.1481481481481484
1017719584948036457;15000;neo4j;1465.977596741344;1625.3651115618661;True;2.1481481481481484
1019220999000052943;100;neo4j;1487.4054054054054;2173.4368530020706;True;0.40576902378646
1019220999000052943;500;neo4j;2105.151767151767;2792.6066252587993;True;0.40576902378646
1019220999000052943;9000;neo4j;4736.867549668874;7943.439075630252;True;0.40576902378646
1024439070495996524;100;postgres;796.186475409836;1358.172131147541;True;2.1481481481481484
1024439070495996524;500;postgres;829.4907597535935;1296.8932238193017;True;2.1481481481481484
1024439070495996524;9000;neo4j;1301.5756951596293;1960.6964102564102;True;2.1481481481481484
1031963741124383336;100;postgres;1239.4955570745044;1377.7558139534883;True;2.1481481481481484
1031963741124383336;500;postgres;1382.0636550308009;1520.9156378600824;True;2.1481481481481484
1044890140955998032;3000;neo4j;2425.129175946548;4129.204899777283;True;0.40576902378646
1052200557843376719;1000;neo4j;2065.2170022371365;2489.44;True;0.40576902378646
1058109469347465380;100;neo4j;1459.160768452983;1765.1097683786506;True;0.40576902378646
1058109469347465380;500;neo4j;1407.8562753036438;1870.6236559139784;True;0.40576902378646
1058109469347465380;1000;neo4j;1391.8785425101214;2317.8245967741937;True;0.40576902378646
1058109469347465380;3000;neo4j;1396.2945344129555;2240.4977329974813;True;0.40576902378646
1058109469347465380;9000;neo4j;1323.8747474747474;3230.5201612903224;True;0.40576902378646
1058109469347465380;15000;neo4j;1342.1244939271255;3011.5272177419356;True;0.40576902378646
1058427436752790349;100;neo4j;1497.8381742738588;2440.2194616977226;True;0.40576902378646
1058427436752790349;1000;neo4j;1820.900207900208;3514.6190476190477;True;0.40576902378646
1058427436752790349;9000;neo4j;4590.9047619047615;8761.373655913978;True;0.40576902378646
1061550679335091760;100;neo4j;1555.0131712259372;2069.3239152371343;True;0.40576902378646
1061550679335091760;500;neo4j;1383.187711006077;1975.1466039004708;True;0.40576902378646
1061550679335091760;1000;neo4j;1329.1812627291242;2383.836363636364;True;0.40576902378646
1061550679335091760;3000;neo4j;1436.9368635437881;2710.1131313131314;True;0.40576902378646
1061550679335091760;9000;neo4j;1310.2834008097166;3127.0403225806454;True;0.40576902378646
1061550679335091760;15000;neo4j;1406.6774847870183;3289.6181818181817;True;0.40576902378646
1063590212119669211;100;neo4j;1478.7973273942093;2319.322222222222;True;0.40576902378646
1064070546250850038;1000;neo4j;1627.2650103519668;3283.440082644628;True;0.40576902378646
1064070546250850038;9000;neo4j;4835.646616541353;8069.824267782426;True;0.40576902378646
1079853038159629685;100;neo4j;1490.9383983572895;1357.2090163934427;False;0.40576902378646
1079853038159629685;500;neo4j;1395.7749229188078;2147.726153846154;True;0.40576902378646
1079853038159629685;3000;neo4j;1404.469135802469;3488.718685831622;True;0.40576902378646
1091559841481006654;100;neo4j;1477.9620253164558;3048.682105263158;True;0.40576902378646
1091559841481006654;1000;neo4j;1944.934599156118;3757.037894736842;True;0.40576902378646
1091761124864821958;100;neo4j;1509.180040232454;1490.837879968823;False;0.40576902378646
1091761124864821958;500;neo4j;1409.2963376507369;1812.9485637942553;True;0.40576902378646
1091761124864821958;1000;neo4j;1318.776883266245;1931.7589464643572;True;0.40576902378646
1091761124864821958;3000;neo4j;1441.3977900552486;2557.3461923847694;True;0.40576902378646
1091761124864821958;9000;neo4j;1283.9028686462002;2973.619739478958;True;0.40576902378646
1091761124864821958;15000;neo4j;1344.0065392354124;3239.0060120240482;True;0.40576902378646
1096266053513768534;100;neo4j;1337.580357142857;2717.548888888889;True;0.40576902378646
1105372132697064547;15000;postgres;4115.708888888889;17831.862222222222;True;2.1481481481481484
1105819212810472252;100;neo4j;1491.45495951417;1758.516129032258;True;0.40576902378646
1105819212810472252;500;neo4j;1509.3906882591093;2603.497983870968;True;0.40576902378646
1105819212810472252;3000;neo4j;1367.474645030426;2524.731584258325;True;0.40576902378646
1105819212810472252;9000;neo4j;1317.2140445644834;3540.3147276395425;True;0.40576902378646
1105819212810472252;15000;neo4j;1461.413967611336;3613.827620967742;True;0.40576902378646
1107012126207592050;100;neo4j;1322.1835443037974;1986.016842105263;True;0.40576902378646
1107012126207592050;1000;neo4j;1767.9112050739957;3310.861052631579;True;0.40576902378646
1110987757642066515;500;postgres;1206.103305785124;2747.659090909091;True;14.280303030303031
1110987757642066515;3000;postgres;5021.412008281573;28863.425;True;14.280303030303031
1123998492227682002;100;neo4j;1528.779381443299;1543.2238193018482;True;0.40576902378646
1123998492227682002;3000;neo4j;1351.988694758479;2952.372950819672;True;0.40576902378646
1123998492227682002;15000;neo4j;1314.7716049382716;3185.9034907597534;True;0.40576902378646
1129444051888013986;100;neo4j;1444.9887983706722;1814.127789046653;True;0.40576902378646
1129444051888013986;1000;neo4j;1891.9789545145961;2454.3035835023666;True;0.40576902378646
1129444051888013986;3000;neo4j;2874.3020408163266;4515.494929006085;True;0.40576902378646
1148471543107984423;100;neo4j;2086.1223628691982;2550.1557894736843;True;0.40576902378646
1150651606152735991;100;neo4j;1443.158482142857;1329.828888888889;False;0.40576902378646
1165458953488540869;100;postgres;1375.4294736842105;1438.4315789473685;True;0.40576902378646
1165458953488540869;9000;neo4j;1319.1588983050847;3168.0947368421052;True;0.40576902378646
1170618604290476525;3000;neo4j;2798.75;3401.4977777777776;True;0.40576902378646
1174486356289274692;1000;neo4j;1420.2637130801688;2994.8126315789473;True;0.40576902378646
1174486356289274692;9000;neo4j;1314.2008456659619;2864.242105263158;True;0.40576902378646
1180045122745345662;15000;neo4j;1437.0178173719376;2878.9866666666667;True;0.40576902378646
1184582857010550870;100;postgres;644.6585365853658;1007.3638211382114;True;2.1481481481481484
1184582857010550870;500;postgres;784.79633401222;1448.3285714285714;True;2.1481481481481484
1184582857010550870;1000;postgres;828.9623601220753;1758.8788187372709;True;2.1481481481481484
1184582857010550870;3000;postgres;1369.30081300813;2548.560327198364;True;2.1481481481481484
1184582857010550870;9000;postgres;1742.479674796748;4634.482456140351;True;2.1481481481481484
1192458518372942788;3000;neo4j;2858.866525423729;4849.755789473684;True;0.40576902378646
1192466059122394115;100;neo4j;1569.68345323741;1675.302564102564;True;0.40576902378646
1192466059122394115;500;postgres;3803.1774358974358;3934.3611111111113;True;0.40576902378646
1196898599040711063;100;postgres;1669.5077441077442;1718.1707152496626;True;0.40576902378646
1196898599040711063;500;neo4j;2380.81993896236;2582.725529767911;True;0.40576902378646
1197418899183458150;100;neo4j;1508.322713257965;1874.5435897435898;True;0.40576902378646
1197418899183458150;500;neo4j;2551.178350515464;2604.3282051282054;True;0.40576902378646
1198917728635788491;100;neo4j;1534.7062841530055;2031.7530612244898;True;0.40576902378646
1198917728635788491;3000;neo4j;2884.7418032786886;3989.7591836734696;True;0.40576902378646
1205950391028914172;100;neo4j;1557.80572597137;2131.4433898305083;True;0.40576902378646
1205950391028914172;500;neo4j;1365.217213114754;1426.1910569105692;True;0.40576902378646
1205950391028914172;1000;neo4j;1262.659137577002;1799.5336048879838;True;0.40576902378646
1205950391028914172;15000;neo4j;1325.7505112474437;3167.717479674797;True;0.40576902378646
1207091471046834000;1000;neo4j;1517.6413502109704;1800.4126315789474;True;0.40576902378646
1207091471046834000;3000;neo4j;1443.2362869198312;2694.922105263158;True;0.40576902378646
1210508000477463450;100;postgres;282.5073684210526;553.7242105263158;True;14.280303030303031
1210508000477463450;500;postgres;369.78315789473686;913.2442105263158;True;14.280303030303031
1214764517525893179;500;postgres;895.56;1510.9050632911392;True;2.1481481481481484
1214764517525893179;3000;postgres;1845.7915789473684;2496.3354430379745;True;2.1481481481481484
1216857385186861346;3000;neo4j;2858.3568464730292;6542.644373673036;True;0.40576902378646
1217987404552529599;1000;neo4j;2083.1036585365855;2332.1886409736308;True;0.40576902378646
1217987404552529599;9000;neo4j;4813.335570469799;6068.848206071757;True;0.40576902378646
1224761702047800647;100;neo4j;1673.2901785714287;2009.8066666666666;True;0.40576902378646
1224801279248777517;3000;postgres;2630.3288888888887;2802.8370535714284;True;2.1481481481481484
1234668911638465037;1000;postgres;1466.5177777777778;1791.6592427616927;True;2.1481481481481484
1235605563547606794;500;neo4j;1717.9177215189873;2790.204210526316;True;0.40576902378646
1240305265040232137;100;neo4j;1412.5765903307888;1342.1780821917807;False;0.40576902378646
1240305265040232137;500;neo4j;1563.2871690427698;1564.4340770791075;True;0.40576902378646
1240305265040232137;3000;postgres;2327.3245436105476;2434.9573170731705;True;0.40576902378646
1240305265040232137;9000;postgres;3930.5508130081303;4336.204225352113;True;0.40576902378646
1247822760208748346;100;neo4j;1623.2606924643585;2556.160243407708;True;0.40576902378646
1247822760208748346;1000;neo4j;1379.8309572301425;2481.8762677484788;True;0.40576902378646
1247822760208748346;9000;neo4j;1396.2235772357724;3379.635902636917;True;0.40576902378646
1247822760208748346;15000;neo4j;1369.0794836956522;2895.3443843031123;True;0.40576902378646
1250577393356769475;500;postgres;1031.0273684210526;1318.1852631578947;True;0.40576902378646
1250577393356769475;9000;neo4j;1247.4852320675107;2614.418947368421;True;0.40576902378646
1254063499522762898;100;postgres;1595.5886075949368;1956.9642105263158;True;0.40576902378646
1254063499522762898;3000;neo4j;3494.8212765957446;4099.53052631579;True;0.40576902378646
1255375134081242730;500;neo4j;1713.2405345211582;2696.6022222222223;True;0.40576902378646
1260268606450345231;1000;neo4j;1920.7330623306234;2450.02024291498;True;0.40576902378646
1260268606450345231;3000;neo4j;2948.8533604887984;3918.15991902834;True;0.40576902378646
1260268606450345231;9000;neo4j;4689.486725663717;6808.423832092079;True;0.40576902378646
1267619242023312148;100;neo4j;1629.2611607142858;2923.98;True;0.40576902378646
1274112401804631222;3000;neo4j;2814.941964285714;4347.508888888889;True;0.40576902378646
1283830801827014687;3000;neo4j;2637.9955456570156;4116.144444444444;True;0.40576902378646
1285593015819318607;500;neo4j;4779.388157894737;6914.584444444445;True;0.40576902378646
1296663213432021271;100;neo4j;1301.6182572614107;1555.5031055900622;True;0.40576902378646
1296663213432021271;500;neo4j;1620.2759336099584;2093.9256198347107;True;0.40576902378646
1296663213432021271;1000;neo4j;1652.286307053942;2279.1387163561076;True;0.40576902378646
1298828997764405831;100;neo4j;1505.0690423162584;2840.326666666667;True;0.40576902378646
1300558329237860451;500;neo4j;1483.008908685969;2644.0;True;0.40576902378646
1306266163645734090;100;neo4j;1481.0684647302905;1811.8423236514523;True;0.40576902378646
1306266163645734090;500;neo4j;1471.8916666666667;2367.821946169772;True;0.40576902378646
1306266163645734090;1000;neo4j;1845.4057971014493;3080.471074380165;True;0.40576902378646
1317909952453965209;500;neo4j;1728.1358574610244;2794.133333333333;True;0.40576902378646
1319060920957222650;100;neo4j;1529.8651452282159;2762.96066252588;True;0.40576902378646
1319060920957222650;1000;neo4j;1468.5414937759335;2978.2316442605998;True;0.40576902378646
1320927311701068674;100;postgres;1034.3295918367346;1290.1103166496425;True;2.1481481481481484
1320927311701068674;500;neo4j;1662.9509202453987;1907.2122448979592;True;2.1481481481481484
1320927311701068674;1000;postgres;1032.404081632653;1256.8714285714286;True;2.1481481481481484
1320927311701068674;9000;neo4j;1364.4118852459017;2512.195918367347;True;2.1481481481481484
1323114184584579285;9000;neo4j;4507.351351351352;6869.94;True;0.40576902378646
1331249161984034190;3000;neo4j;1356.0244988864142;1954.6155555555556;True;2.1481481481481484
1333707329423800120;100;postgres;1411.404761904762;1474.731884057971;True;0.40576902378646
1333707329423800120;500;postgres;1022.8654244306418;1212.7060041407867;True;0.40576902378646
1336726014856782946;100;neo4j;1376.8975501113587;1757.2377777777779;True;0.40576902378646
1341103690676261251;100;postgres;848.8336842105264;1134.6884210526316;True;14.280303030303031
1347883061730129623;500;postgres;2914.2355371900826;3700.6173361522197;True;2.1481481481481484
1349459455890926656;100;neo4j;2108.0712694877507;2292.8444444444444;True;0.40576902378646
1351281421635700200;500;neo4j;1625.7012711864406;2267.294736842105;True;0.40576902378646
1356836463227298037;100;postgres;971.8423194303153;1382.9796541200408;True;2.1481481481481484
1356836463227298037;500;postgres;1384.525940996948;1851.995918367347;True;2.1481481481481484
1356836463227298037;9000;neo4j;4879.0;4779.367886178862;False;2.1481481481481484
1359086945570788338;500;neo4j;1624.3340757238307;2100.52;True;0.40576902378646
1366651016783804805;500;neo4j;1270.3309426229507;1610.8897959183673;True;0.40576902378646
1366651016783804805;1000;neo4j;1438.9836400817996;2267.587755102041;True;0.40576902378646
1366651016783804805;15000;neo4j;1425.5619242579323;3026.3122448979593;True;0.40576902378646
1376370721144223503;500;postgres;1624.7263157894736;3213.2838983050847;True;14.280303030303031
1377313767990376940;3000;neo4j;1439.34451901566;3908.693333333333;True;0.40576902378646
1382910101992532460;9000;neo4j;4488.496124031008;7117.177777777778;True;0.40576902378646
1383954887380630639;1000;postgres;6811.577777777778;28355.8;True;0.40576902378646
1384780729080607034;100;neo4j;1281.5010570824525;1474.7494736842104;True;0.40576902378646
1384780729080607034;3000;neo4j;2642.6350210970463;3502.6884210526314;True;0.40576902378646
1399816806175798498;500;neo4j;1785.0696202531647;2902.5705263157893;True;0.40576902378646
1420436247092928426;3000;neo4j;3054.0296610169494;5394.0;True;0.40576902378646
1420436247092928426;9000;neo4j;4824.576086956522;8109.437768240344;True;0.40576902378646
1422912377713087727;100;neo4j;1347.7924107142858;1905.691111111111;True;0.40576902378646
1435344616435448106;3000;neo4j;1300.661469933185;3126.42;True;0.40576902378646
1439172101841367227;100;postgres;1351.169387755102;1347.4908163265306;False;0.40576902378646
1439172101841367227;3000;postgres;2614.673469387755;2720.7274590163934;True;0.40576902378646
1439172101841367227;9000;neo4j;4370.339759036145;4796.00612244898;True;0.40576902378646
1443113700463833642;100;neo4j;1519.0736607142858;3093.9266666666667;True;0.40576902378646
1452010747493044424;100;neo4j;1460.7984771573604;1604.0857719475277;True;0.40576902378646
1452010747493044424;500;neo4j;1454.3012170385396;2004.5332661290322;True;0.40576902378646
1452010747493044424;1000;postgres;1258.9637096774193;1329.0222222222221;True;0.40576902378646
1452010747493044424;3000;neo4j;1371.0465587044534;2309.91927346115;True;0.40576902378646
1452010747493044424;15000;neo4j;1478.7375168690958;2874.8225806451615;True;0.40576902378646
1469321756263440472;500;neo4j;1326.7336152219873;1707.0273684210526;True;0.40576902378646
1469321756263440472;1000;neo4j;1377.4135021097047;1717.9452631578947;True;0.40576902378646
1479572852636679391;100;neo4j;1459.3407572383073;2032.5288888888888;True;0.40576902378646
1486210760028573363;500;neo4j;1406.9398663697104;1952.068888888889;True;0.40576902378646
1506404664137565756;100;neo4j;1706.4008438818566;3317.225263157895;True;0.40576902378646
1506404664137565756;1000;neo4j;1380.8523206751054;1741.8;True;0.40576902378646
1517341995874318841;100;neo4j;1748.0861538461538;2184.8438775510203;True;0.40576902378646
1517341995874318841;500;neo4j;4714.488745980708;5109.276639344263;True;0.40576902378646
1532387263848077728;100;neo4j;1445.8218262806236;1639.4911111111112;True;0.40576902378646
1536961433538996972;500;neo4j;1572.1522198731502;2252.4147368421054;True;0.40576902378646
1536961433538996972;1000;neo4j;1905.9281183932346;2120.5515789473684;True;0.40576902378646
1544157272286921624;100;postgres;1391.67091152815;1524.1791946308724;True;0.40576902378646
1544157272286921624;500;neo4j;1396.170229931424;1416.364587525151;True;0.40576902378646
1544157272286921624;1000;neo4j;1343.560606060606;1710.3829145728644;True;0.40576902378646
1544157272286921624;3000;neo4j;1421.6185671039354;1807.2614379084966;True;0.40576902378646
1544157272286921624;9000;neo4j;1319.188971082717;2437.454423592493;True;0.40576902378646
1544157272286921624;15000;neo4j;1475.090909090909;2953.9255533199193;True;0.40576902378646
1545390734418803734;100;postgres;1460.7314049586778;1475.51652892562;True;2.1481481481481484
1548543301448725952;100;neo4j;1501.0084388185653;1703.1263157894737;True;0.40576902378646
1548543301448725952;3000;neo4j;2692.0423728813557;3530.1831578947367;True;0.40576902378646
1549581616649113561;100;neo4j;1482.3273942093542;2119.0444444444443;True;0.40576902378646
1550520271948297705;100;postgres;1253.5467479674796;1445.4878048780488;True;2.1481481481481484
1550520271948297705;500;neo4j;1707.3333333333333;1632.9013224821974;False;2.1481481481481484
1550520271948297705;1000;neo4j;1660.687755102041;1901.2892057026477;True;2.1481481481481484
1551199702030526754;500;neo4j;1640.8169642857142;2630.5266666666666;True;0.40576902378646
1551488042045096015;500;neo4j;2209.1666666666665;3387.5957894736844;True;0.40576902378646
1551488042045096015;1000;neo4j;2307.2911392405063;3487.8315789473686;True;0.40576902378646
1561586235850677378;500;neo4j;1588.03125;2062.0333333333333;True;0.40576902378646
1572446431233414486;9000;neo4j;1316.7857142857142;2804.0822222222223;True;0.40576902378646
1574197128625307796;100;neo4j;1620.8325892857142;1796.14;True;0.40576902378646
1585848835667854762;100;neo4j;1407.3080357142858;2143.248888888889;True;0.40576902378646
1588708903577277077;100;postgres;1139.7396694214876;1410.01652892562;True;2.1481481481481484
1588708903577277077;1000;postgres;1868.5879917184266;1979.5031055900622;True;2.1481481481481484
1589757240955385579;500;neo4j;1873.7879464285713;3479.5422222222223;True;0.40576902378646
1593840043356105979;100;neo4j;1382.2269647696478;1813.2167454422688;True;0.40576902378646
1593840043356105979;500;neo4j;1618.5995934959349;2028.5795339412361;True;0.40576902378646
1593840043356105979;1000;neo4j;1916.2558375634517;2489.7874493927125;True;0.40576902378646
1601693688490054344;500;neo4j;1439.0579064587973;1858.8644444444444;True;0.40576902378646
1604098447104866056;100;neo4j;1578.2552742616033;2010.3431578947368;True;0.40576902378646
1605435379003421491;100;neo4j;1452.8906329113925;1694.9652392947103;True;0.40576902378646
1605435379003421491;500;neo4j;1598.819009100101;1799.296072507553;True;0.40576902378646
1605435379003421491;1000;neo4j;1864.480431848853;2352.2681451612902;True;0.40576902378646
1605435379003421491;3000;neo4j;2726.9858012170384;3264.8487903225805;True;0.40576902378646
1605435379003421491;9000;neo4j;4816.731277533039;5187.490927419355;True;0.40576902378646
1607591716469079271;100;postgres;1057.2102040816326;1476.90368852459;True;2.1481481481481484
1607591716469079271;500;postgres;3042.957765667575;3917.6742243436756;True;2.1481481481481484
1633833737861590706;100;neo4j;1552.118040089087;1728.68;True;0.40576902378646
1633836459440881713;100;neo4j;1673.5715767634854;1744.3267838676318;True;0.40576902378646
1634087082394646356;500;postgres;3236.3642105263157;4286.615560640732;True;2.1481481481481484
1639840190049647370;100;postgres;1638.3896761133603;1741.3343465045593;True;0.40576902378646
1639840190049647370;500;neo4j;2992.479353680431;2925.793731041456;False;0.40576902378646
1640038162004689600;1000;neo4j;1894.2566964285713;2732.4844444444443;True;0.40576902378646
1648361073138611008;100;neo4j;1452.3073496659242;2288.9577777777777;True;0.40576902378646
1651872849558094366;1000;neo4j;3073.6118143459917;3307.36;True;14.280303030303031
1657519836323589944;100;postgres;973.083109919571;1401.534899328859;True;2.1481481481481484
1657519836323589944;500;postgres;1080.7162977867204;1289.0574596774193;True;2.1481481481481484
1657519836323589944;1000;postgres;1244.4179504353651;1362.3636972538513;True;2.1481481481481484
1657519836323589944;3000;neo4j;1368.3208053691276;1288.8935030140656;False;2.1481481481481484
1657519836323589944;9000;neo4j;1326.385973763875;2103.4954773869345;True;2.1481481481481484
1657519836323589944;15000;neo4j;1454.565437089439;2432.1986921529174;True;2.1481481481481484
1664155460377545707;100;postgres;1118.4;1249.6993318485524;True;2.1481481481481484
1670806681553262669;1000;neo4j;1707.0488322717622;1936.2442105263158;True;0.40576902378646
1670806681553262669;3000;neo4j;2919.324894514768;4506.475789473684;True;0.40576902378646
1693831707291403119;1000;neo4j;1899.325892857143;2661.4866666666667;True;0.40576902378646
1694706032511766814;100;postgres;1407.290060851927;1396.9532520325204;False;0.40576902378646
1694706032511766814;500;neo4j;1300.310975609756;1303.7677484787018;True;0.40576902378646
1694706032511766814;1000;neo4j;1323.060975609756;1446.0081135902637;True;0.40576902378646
1694706032511766814;3000;neo4j;1344.5458248472505;2873.723577235772;True;0.40576902378646
1694706032511766814;9000;neo4j;1315.239837398374;2820.103448275862;True;0.40576902378646
1706540686163170054;100;neo4j;1436.7772828507796;1376.808888888889;False;0.40576902378646
1716607502897468017;500;neo4j;2102.386160714286;3298.4555555555557;True;0.40576902378646
1718406927838679076;100;postgres;1066.8386876281613;1384.8585099111415;True;2.1481481481481484
1718406927838679076;1000;postgres;1341.9199178644765;1812.2464065708418;True;2.1481481481481484
1720518224364321299;100;neo4j;1439.2538975501113;2023.2688888888888;True;0.40576902378646
1723319906543505586;1000;postgres;2607.297777777778;2831.510022271715;True;0.40576902378646
1726723007447426020;100;neo4j;1496.3452115812918;1772.431111111111;True;0.40576902378646
1730884936415930028;100;neo4j;1477.0406859448553;1924.417980543442;True;0.40576902378646
1730884936415930028;500;neo4j;1600.9407806191118;2141.996644295302;True;0.40576902378646
1730884936415930028;1000;neo4j;2073.4919191919194;2560.105633802817;True;0.40576902378646
1730884936415930028;3000;neo4j;2796.3225152129817;3468.245472837022;True;0.40576902378646
1730884936415930028;9000;neo4j;4862.414141414141;6638.151413189771;True;0.40576902378646
1736795191242317024;100;neo4j;1450.47510373444;1966.1552795031057;True;0.40576902378646
1736795191242317024;500;neo4j;1466.0579710144928;2395.0020661157023;True;0.40576902378646
1736795191242317024;3000;neo4j;1424.9377593360996;2565.1966873706006;True;0.40576902378646
1740058229889580562;100;neo4j;1441.1130524152106;2453.594871794872;True;0.40576902378646
1740058229889580562;1000;neo4j;1905.661855670103;2018.9098360655737;True;0.40576902378646
1740058229889580562;3000;neo4j;2749.0103519668737;2804.5605749486654;True;0.40576902378646
1753949949084152026;1000;postgres;3748.6266666666666;4589.153153153153;True;0.40576902378646
1757040141546718762;100;neo4j;1426.2916666666667;1430.4675456389452;True;0.40576902378646
1757040141546718762;500;neo4j;1498.7459349593496;1558.9655172413793;True;0.40576902378646
1757040141546718762;1000;neo4j;1907.4857723577236;2088.395537525355;True;0.40576902378646
1757040141546718762;3000;neo4j;2595.173469387755;2660.7687626774846;True;0.40576902378646
1757040141546718762;9000;neo4j;4929.882352941177;5448.363821138211;True;0.40576902378646
1759607453612596626;100;neo4j;1605.0664556962026;2008.0705263157895;True;0.40576902378646
1764446796910666865;100;postgres;1350.4129883307965;1948.9248730964466;True;2.1481481481481484
1767127748645358733;500;neo4j;2687.641425389755;2987.0333333333333;True;0.40576902378646
1768538210307550565;100;neo4j;1731.5567928730513;1737.88;True;0.40576902378646
1781777077478460937;100;postgres;1393.4959349593496;1495.040733197556;True;0.40576902378646
1781777077478460937;1000;neo4j;1331.2731906218144;1990.0995934959349;True;0.40576902378646
1781777077478460937;9000;neo4j;1399.9948979591836;3302.263479145473;True;0.40576902378646
1781777077478460937;15000;neo4j;1323.7063655030802;2666.6680244399186;True;0.40576902378646
1789906248242211168;100;neo4j;1445.8544303797469;2242.8442105263157;True;0.40576902378646
1789906248242211168;3000;neo4j;2564.6673728813557;4383.890526315789;True;0.40576902378646
1790322390662773905;100;neo4j;1401.5701559020044;1346.52;False;0.40576902378646
1791456716324990400;100;neo4j;1599.277551020408;2217.8478701825557;True;0.40576902378646
1791456716324990400;500;neo4j;1600.7761904761905;2110.951318458418;True;0.40576902378646
1791456716324990400;9000;neo4j;4929.307692307692;8145.274345549738;True;0.40576902378646
1791536826426032215;100;neo4j;1508.3890020366598;2081.611336032389;True;0.40576902378646
1791536826426032215;1000;neo4j;2087.148223350254;2570.2082912032356;True;0.40576902378646
1791536826426032215;3000;neo4j;2910.1225323349217;3421.4298245614036;True;0.40576902378646
1794445362784521165;100;neo4j;1714.1663244353183;2128.3340163934427;True;0.40576902378646
1794445362784521165;3000;neo4j;1431.8652263374486;2630.645128205128;True;0.40576902378646
1794445362784521165;15000;neo4j;1376.732510288066;3084.8501026694044;True;0.40576902378646
1796672804654232882;500;neo4j;2458.238839285714;6072.197777777777;True;0.40576902378646
1837667720311484355;500;neo4j;1627.879746835443;2072.4042105263156;True;0.40576902378646
1837667720311484355;3000;neo4j;2502.7579617834394;3138.3873684210525;True;0.40576902378646
1838813442061083112;500;postgres;658.7473684210527;1223.3684210526317;True;14.280303030303031
1838813442061083112;1000;postgres;837.8673684210527;1910.7831578947369;True;14.280303030303031
1847540645866231359;3000;neo4j;2791.9176346356917;4071.963157894737;True;0.40576902378646
1847593386462299368;500;neo4j;1851.8360995850621;2130.026915113872;True;0.40576902378646
1847593386462299368;1000;neo4j;1982.6923076923076;2221.4628099173556;True;0.40576902378646
1847593386462299368;9000;neo4j;4555.469973890339;5052.973084886128;True;0.40576902378646
1855626062595687034;3000;neo4j;2892.683035714286;5476.286666666667;True;0.40576902378646
1856508447361017397;3000;neo4j;1389.5701559020044;1939.2866666666666;True;2.1481481481481484
1866741444884692068;1000;neo4j;1548.5812917594656;2136.428888888889;True;0.40576902378646
1873877654382191983;3000;neo4j;1159.273942093541;1373.5533333333333;True;0.40576902378646
1883719810469011727;1000;postgres;2455.903157894737;3248.0;True;2.1481481481481484
1883719810469011727;3000;neo4j;4037.6724511930584;4112.107368421052;True;2.1481481481481484
1887040470621257809;100;postgres;1291.9536842105263;1422.5515789473684;True;2.1481481481481484
1887040470621257809;9000;neo4j;4915.555555555556;5060.402105263158;True;2.1481481481481484
1889816417550576150;100;postgres;708.3311111111111;1362.7755555555555;True;2.1481481481481484
1890504914675429711;100;neo4j;1466.4660194174758;1390.842741935484;False;0.40576902378646
1890504914675429711;500;neo4j;1510.3375253549696;2123.877369907221;True;0.40576902378646
1890504914675429711;1000;neo4j;1248.7281947261663;2231.7540322580644;True;0.40576902378646
1890504914675429711;9000;neo4j;1340.7894736842106;3292.177777777778;True;0.40576902378646
1892451228872793500;100;postgres;1050.4177869700104;1358.1706308169596;True;2.1481481481481484
1892451228872793500;1000;postgres;1266.863354037267;1304.1946169772257;True;2.1481481481481484
1895128064055001213;1000;neo4j;1845.1893095768373;2832.448888888889;True;0.40576902378646
1901145703407450002;100;neo4j;1390.819502074689;1772.3267838676318;True;0.40576902378646
1901145703407450002;500;neo4j;1566.6257796257796;2168.590062111801;True;0.40576902378646
1901375619194703056;1000;neo4j;1432.251670378619;2549.3688888888887;True;0.40576902378646
1906145296510787395;500;neo4j;1530.5337552742617;2414.6884210526314;True;0.40576902378646
1906145296510787395;9000;neo4j;1328.1733615221988;2822.3936842105263;True;0.40576902378646
1910824650983392745;100;postgres;1464.6;1451.022271714922;False;2.1481481481481484
1915010223075123225;100;neo4j;1756.7388392857142;2321.9177777777777;True;0.40576902378646
1917844029020332135;100;postgres;1511.0321931589538;1541.0503018108652;True;2.1481481481481484
1917844029020332135;500;neo4j;1469.269696969697;2044.0221550855993;True;2.1481481481481484
1917844029020332135;1000;postgres;1228.3931451612902;1253.0646464646466;True;2.1481481481481484
1917844029020332135;3000;neo4j;1399.5389282103135;1960.6270161290322;True;2.1481481481481484
1917844029020332135;9000;neo4j;1310.241902834008;2584.1819556451615;True;2.1481481481481484
1917844029020332135;15000;neo4j;1430.5185434929197;3014.7063172043013;True;2.1481481481481484
1923552200829818935;100;postgres;1001.9957894736842;1341.6947368421052;True;2.1481481481481484
1923552200829818935;3000;postgres;2545.547368421053;2878.004210526316;True;2.1481481481481484
1934584289398945923;1000;postgres;1972.2377777777779;2248.1024498886413;True;2.1481481481481484
1937996089051845946;1000;neo4j;1675.3095768374164;2817.153333333333;True;0.40576902378646
1940582614406398976;100;neo4j;1527.355179704017;2947.705263157895;True;0.40576902378646
1940582614406398976;1000;neo4j;1831.556025369979;3637.402105263158;True;0.40576902378646
1944149983396672111;3000;neo4j;1258.064587973274;2615.1022222222223;True;0.40576902378646
1951232365645848411;1000;neo4j;1415.1223628691982;1999.9936842105262;True;0.40576902378646
1951232365645848411;3000;neo4j;1418.9683544303798;1329.32;False;0.40576902378646
1953988266580220012;500;postgres;804.0061983471074;1078.357438016529;True;14.280303030303031
1953988266580220012;1000;postgres;975.3871635610766;1468.5797101449275;True;14.280303030303031
1959141293707821862;1000;neo4j;3547.446188340807;3958.73719376392;True;0.40576902378646
1963417963905730956;100;postgres;955.4699792960663;1678.4989648033127;True;0.40576902378646
1963417963905730956;9000;neo4j;1366.643153526971;2241.1673553719006;True;0.40576902378646
1963417963905730956;15000;neo4j;1410.0829875518673;2138.1387163561076;True;0.40576902378646
1965229437382233346;9000;neo4j;4668.332268370607;6866.055555555556;True;0.40576902378646
1966310726417236882;100;neo4j;1476.8672199170123;2303.1242236024846;True;0.40576902378646
1966310726417236882;1000;neo4j;1894.81875;2777.3202479338843;True;0.40576902378646
1978240166712151516;100;neo4j;1466.135991820041;2217.3173957273652;True;0.40576902378646
1978240166712151516;500;neo4j;1524.8783231083844;2340.770325203252;True;0.40576902378646
1978240166712151516;3000;neo4j;2608.4755102040817;3157.298780487805;True;0.40576902378646
1989234600680026314;100;neo4j;1679.409282700422;1936.0968421052632;True;0.40576902378646
1989234600680026314;500;neo4j;1466.9915611814347;2037.8713080168777;True;0.40576902378646
1989874574699905090;500;postgres;1215.8622222222223;1516.0288888888888;True;2.1481481481481484
1993119620606420470;1000;neo4j;1212.8164556962026;1308.7978947368422;True;0.40576902378646
1993119620606420470;3000;neo4j;1421.3059071729958;2342.134736842105;True;0.40576902378646
1998264306625965746;500;neo4j;1554.923937360179;2317.4777777777776;True;0.40576902378646
2002603999498611246;100;postgres;1125.8831437435367;1331.0943005181348;True;2.1481481481481484
2002603999498611246;3000;postgres;2352.8592132505178;2401.90625;True;2.1481481481481484
2014085875831355355;100;postgres;1136.277551020408;1316.8811475409836;True;0.40576902378646
2014085875831355355;500;neo4j;1306.2295081967213;1466.1530612244899;True;0.40576902378646
2014085875831355355;1000;neo4j;1234.1983640081799;1637.0265306122449;True;0.40576902378646
2014085875831355355;3000;neo4j;1455.84631147541;1630.5244897959183;True;0.40576902378646
2014085875831355355;9000;neo4j;1324.9038854805726;2985.0714285714284;True;0.40576902378646
2018376262866930162;100;neo4j;1606.1915367483296;2016.0755555555556;True;0.40576902378646
2019035338499799533;100;neo4j;1632.484439834025;1788.17683557394;True;0.40576902378646
2019035338499799533;500;neo4j;2509.0788381742736;2542.1242236024846;True;0.40576902378646
2034554308232627435;100;neo4j;1366.2204899777282;1308.5311111111112;False;0.40576902378646
2038532497899322982;3000;neo4j;3025.1741071428573;4317.695555555556;True;0.40576902378646
2041055530755168668;9000;neo4j;1234.022271714922;3090.5222222222224;True;0.40576902378646
2044629615397661204;100;neo4j;1625.7973273942093;1700.1733333333334;True;0.40576902378646
2045761926092664005;1000;neo4j;1842.536997885835;2665.4484210526316;True;0.40576902378646
2045920304836163584;100;neo4j;1392.5886075949368;1910.901052631579;True;0.40576902378646
2045920304836163584;3000;neo4j;2720.508547008547;3180.294736842105;True;0.40576902378646
2046950954199376615;100;neo4j;1502.6666666666667;1509.3264462809918;True;2.1481481481481484
2046950954199376615;500;neo4j;1712.3534303534304;1990.351966873706;True;2.1481481481481484
2048829351531528041;100;neo4j;1470.4789029535864;2456.2315789473682;True;0.40576902378646
2049459885376794149;100;neo4j;1478.748329621381;1401.1466666666668;False;0.40576902378646
2052091248318190967;100;neo4j;1327.859688195991;1692.888888888889;True;0.40576902378646
2067375006326643056;100;postgres;1192.6510204081633;1305.6523517382414;True;0.40576902378646
2067375006326643056;1000;neo4j;1590.2208588957055;2562.934693877551;True;0.40576902378646
2067375006326643056;3000;neo4j;1423.519427402863;2299.3448979591835;True;0.40576902378646
2067375006326643056;9000;neo4j;1338.239263803681;2518.091836734694;True;0.40576902378646
2071474455994368162;100;neo4j;1515.77048070413;2004.4733648010788;True;0.40576902378646
2071474455994368162;500;neo4j;1751.9532520325204;2384.2537917087966;True;0.40576902378646
2071474455994368162;1000;neo4j;1904.2649746192894;2492.650151668352;True;0.40576902378646
2071474455994368162;3000;neo4j;2991.4338085539716;3608.97975708502;True;0.40576902378646
2071474455994368162;9000;neo4j;4618.877551020408;5866.450505050505;True;0.40576902378646
2074028614184868604;100;neo4j;1703.6294642857142;1960.388888888889;True;0.40576902378646
2081920351230401344;100;neo4j;1623.9790540540541;1958.160726294553;True;0.40576902378646
2081920351230401344;500;neo4j;1506.4847870182555;2502.3252525252524;True;0.40576902378646
2081920351230401344;1000;neo4j;1461.3181357649444;2183.108870967742;True;0.40576902378646
2081920351230401344;3000;neo4j;1471.6538461538462;3009.641129032258;True;0.40576902378646
2081920351230401344;9000;neo4j;1334.787018255578;3347.4112903225805;True;0.40576902378646
2081920351230401344;15000;neo4j;1388.8846153846155;3567.064516129032;True;0.40576902378646
2082657125302087068;3000;neo4j;2623.5383022774326;4517.212809917355;True;0.40576902378646
2089358078329460064;3000;neo4j;2852.668903803132;4768.333333333333;True;0.40576902378646
2090151473270540504;100;neo4j;1484.217273954116;1405.7656145063802;False;0.40576902378646
2090151473270540504;500;neo4j;1347.4147698533131;1632.560201511335;True;0.40576902378646
2090151473270540504;1000;neo4j;1232.3232323232323;1743.406711409396;True;0.40576902378646
2090151473270540504;3000;neo4j;1328.0333333333333;2584.046277665996;True;0.40576902378646
2090151473270540504;9000;neo4j;1392.0304259634888;3405.553319919517;True;0.40576902378646
2090151473270540504;15000;neo4j;1467.468686868687;3220.0965794768613;True;0.40576902378646
2092179689046110778;100;postgres;671.4979591836735;1235.2326530612245;True;2.1481481481481484
2092179689046110778;500;postgres;670.0836734693878;1044.2693877551021;True;2.1481481481481484
2092179689046110778;9000;neo4j;1415.2835209825998;2008.8010204081634;True;2.1481481481481484
2093530430360907404;100;neo4j;1518.1781737193764;2710.7155555555555;True;0.40576902378646
2095315331927981807;9000;neo4j;1273.9285714285713;2080.306666666667;True;0.40576902378646
2098693030226100613;100;neo4j;1651.0041152263375;2037.5749486652978;True;0.40576902378646
2098693030226100613;500;neo4j;1330.4876543209878;2220.4845995893224;True;0.40576902378646
2098693030226100613;3000;neo4j;1339.8151950718686;2731.620901639344;True;0.40576902378646
2100940137091480512;1000;neo4j;1734.0044642857142;2863.3;True;0.40576902378646
2102858635558553962;100;neo4j;1428.6012658227849;2348.113684210526;True;0.40576902378646
2102858635558553962;9000;neo4j;4525.630136986301;6632.930526315789;True;0.40576902378646
2117242822564236007;100;postgres;1478.1611570247933;1479.9128630705395;True;0.40576902378646
2125107236338590207;500;neo4j;1663.2299578059071;2222.2126315789474;True;0.40576902378646
2125107236338590207;3000;neo4j;2737.4533898305085;3173.244210526316;True;0.40576902378646
2132481796706894528;100;neo4j;1506.0122448979591;2269.337398373984;True;0.40576902378646
2132481796706894528;1000;neo4j;1933.9610655737704;2523.046843177189;True;0.40576902378646
2132481796706894528;3000;neo4j;2915.4524053224154;3937.085452695829;True;0.40576902378646
2132481796706894528;9000;neo4j;4794.331632653061;7615.431211498973;True;0.40576902378646
2134320606790372185;1000;neo4j;1942.1607142857142;2382.1555555555556;True;0.40576902378646
2137531360487500395;500;neo4j;1904.3897550111358;2590.511111111111;True;0.40576902378646
2138434062654560545;1000;neo4j;1759.3062302006335;1902.768177028451;True;0.40576902378646
2143831841678049411;500;neo4j;2025.4775784753363;2778.4533333333334;True;0.40576902378646
2146760125764350344;1000;neo4j;1737.5506329113923;3027.3810526315788;True;0.40576902378646
2146760125764350344;3000;neo4j;3176.4630021141647;4146.258947368421;True;0.40576902378646
2151452817663802697;500;postgres;5876.543429844098;25084.424719101124;True;0.40576902378646
2154805681906148668;100;neo4j;1439.5131845841786;2033.9535353535352;True;0.40576902378646
2154805681906148668;500;neo4j;1283.0323886639676;1256.5838383838384;False;0.40576902378646
2154805681906148668;1000;neo4j;1650.1813576494428;3382.1222222222223;True;0.40576902378646
2154805681906148668;3000;neo4j;1343.6113360323886;2193.069696969697;True;0.40576902378646
2154805681906148668;9000;neo4j;1305.1364562118126;2512.242424242424;True;0.40576902378646
2154805681906148668;15000;neo4j;1570.4107505070995;3827.9444444444443;True;0.40576902378646
2159236020344786070;100;postgres;942.271220492215;1502.6644869215293;True;2.1481481481481484
2159236020344786070;500;postgres;958.2547207713941;1288.4957780458383;True;2.1481481481481484
2159236020344786070;1000;postgres;1340.9859437751004;1514.9134808853119;True;2.1481481481481484
2159236020344786070;3000;postgres;1331.2503346720214;1342.3418230563002;True;2.1481481481481484
2159236020344786070;9000;neo4j;1282.1560926485397;1337.6544450025112;True;2.1481481481481484
2159236020344786070;15000;neo4j;1359.0080604534005;1461.1160220994475;True;2.1481481481481484
2161929041151719152;100;neo4j;1301.299107142857;1729.2955555555557;True;0.40576902378646
2177359470296744644;1000;postgres;1954.371111111111;2247.227171492205;True;2.1481481481481484
2182129581729219376;100;postgres;632.3709016393443;1013.6454918032787;True;2.1481481481481484
2182129581729219376;500;postgres;652.1971252566735;940.741273100616;True;2.1481481481481484
2182129581729219376;9000;neo4j;1530.432098765432;2535.936475409836;True;2.1481481481481484
2182129581729219376;15000;neo4j;1213.3835051546391;1628.0903490759754;True;2.1481481481481484
2192872874539957459;500;neo4j;1686.6807610993658;2266.2063157894736;True;0.40576902378646
2195159580678080313;100;neo4j;1472.6325167037862;2006.9466666666667;True;0.40576902378646
2196937443072854578;100;neo4j;1356.679012345679;2117.7967145790553;True;0.40576902378646
2196937443072854578;3000;neo4j;2635.6134020618556;3824.382564102564;True;0.40576902378646
2196937443072854578;9000;neo4j;4944.0;6780.774127310062;True;0.40576902378646
2198089151329978714;500;neo4j;1746.0949367088608;3891.4905263157893;True;0.40576902378646
2198089151329978714;1000;neo4j;2069.135306553911;4258.812631578948;True;0.40576902378646
2208832249592198307;1000;neo4j;1316.6638477801268;1399.7326315789473;True;2.1481481481481484
2208832249592198307;3000;neo4j;1322.318565400844;1348.9094736842105;True;2.1481481481481484
2209580843653095812;500;neo4j;1495.0464135021098;2315.164210526316;True;0.40576902378646
2209580843653095812;15000;neo4j;1480.3691983122362;2669.317894736842;True;0.40576902378646
2221794275631220522;100;postgres;1334.3010526315788;1572.6280295047418;True;0.40576902378646
2229200487106548871;100;neo4j;1575.2575859743763;2051.048257372654;True;0.40576902378646
2229200487106548871;500;neo4j;1483.929435483871;2410.4285714285716;True;0.40576902378646
2229200487106548871;1000;neo4j;1507.2688821752265;2255.738430583501;True;0.40576902378646
2229200487106548871;3000;neo4j;1433.9281678773204;2703.457361222848;True;0.40576902378646
2229200487106548871;9000;neo4j;1369.3929292929292;3241.354124748491;True;0.40576902378646
2229200487106548871;15000;neo4j;1332.892328398385;3244.3018108651913;True;0.40576902378646
2234167526062426894;100;neo4j;1358.494714587738;1551.1957894736843;True;0.40576902378646
2234167526062426894;1000;neo4j;1753.8072033898304;1926.1136842105263;True;0.40576902378646
2237708394730218119;100;neo4j;1428.288590604027;2369.6111111111113;True;0.40576902378646
2238570731320101607;100;neo4j;1285.4743875278396;1389.3066666666666;True;0.40576902378646
2245152646134367618;100;neo4j;1947.1528662420383;2068.8884210526317;True;0.40576902378646
2249930414602789482;100;neo4j;1489.8975501113587;1988.108888888889;True;0.40576902378646
2259444571665923272;1000;neo4j;1507.7577639751553;3071.0578512396696;True;0.40576902378646
2259444571665923272;9000;neo4j;1288.348909657321;3227.8623188405795;True;0.40576902378646
2261158587699928359;3000;postgres;650.8466666666667;1425.6266666666668;True;14.280303030303031
2263923122314911123;100;neo4j;1573.9181910569105;1838.2188449848024;True;0.40576902378646
2268549451465018203;500;neo4j;1612.8097251585623;1962.9536842105263;True;0.40576902378646
2268549451465018203;9000;neo4j;4712.600823045267;5049.2863157894735;True;0.40576902378646
2269390135057037111;1000;neo4j;1389.9364406779662;1644.1284210526317;True;0.40576902378646
2269390135057037111;15000;neo4j;1387.364406779661;2140.225263157895;True;0.40576902378646
2272677085964503740;1000;neo4j;1318.065400843882;1358.8947368421052;True;0.40576902378646
2272677085964503740;9000;neo4j;1273.2257383966244;2539.248421052632;True;0.40576902378646
2273721806058458227;1000;neo4j;1966.8392857142858;3478.3333333333335;True;0.40576902378646
2283307085643402034;9000;neo4j;4617.516320474778;8546.29;True;0.40576902378646
2288234378672859304;100;postgres;1231.3897959183673;1432.3333333333333;True;2.1481481481481484
2288234378672859304;1000;postgres;1530.8173469387755;1827.3483146067415;True;2.1481481481481484
2288234378672859304;9000;postgres;4235.7;4805.681818181818;True;2.1481481481481484
2292279689590805890;100;postgres;932.3305263157895;1353.842105263158;True;2.1481481481481484
2292279689590805890;15000;neo4j;1795.801282051282;3618.96;True;2.1481481481481484
2296644181999688909;3000;neo4j;3264.216035634744;5773.14;True;0.40576902378646
2298239981936239358;1000;neo4j;1831.7075892857142;2495.6555555555556;True;0.40576902378646
2307707590829515963;500;postgres;1307.4294736842105;1562.1557894736843;True;0.40576902378646
2307707590829515963;1000;postgres;1450.9726315789474;1843.392405063291;True;0.40576902378646
2308552826081532396;100;neo4j;1326.0809968847352;1794.7008281573499;True;0.40576902378646
2308552826081532396;1000;neo4j;1951.790890269151;2453.973140495868;True;0.40576902378646
2311658522699135076;1000;neo4j;1918.490486257928;2073.5789473684213;True;0.40576902378646
2323120535790224753;100;neo4j;1723.527484143763;3898.876842105263;True;0.40576902378646
2323819394288308747;100;postgres;1105.5044444444445;1347.34;True;2.1481481481481484
2328634512611387566;9000;neo4j;4669.977272727273;7191.764210526316;True;0.40576902378646
2328711177812360244;100;postgres;1071.4868951612902;1402.8616161616162;True;2.1481481481481484
2328711177812360244;500;neo4j;1330.0587044534414;1410.756393001346;True;2.1481481481481484
2328711177812360244;1000;neo4j;1458.104462474645;1827.0464646464648;True;2.1481481481481484
2328711177812360244;9000;neo4j;1287.219512195122;2720.9375;True;2.1481481481481484
2328711177812360244;15000;neo4j;1415.7466216216217;3225.606325706595;True;2.1481481481481484
2329891204480368535;3000;neo4j;2580.1286307053942;2888.153050672182;True;0.40576902378646
2334845781125134036;1000;neo4j;2110.2650334075724;2894.9088888888887;True;0.40576902378646
2343106573888751061;500;neo4j;1574.9866369710467;2467.748888888889;True;0.40576902378646
2348061783544198262;3000;postgres;1712.9644444444446;2616.9352678571427;True;2.1481481481481484
2353924280960454152;500;postgres;1238.7459595959597;1388.8161616161617;True;2.1481481481481484
2353924280960454152;1000;postgres;1280.4323232323231;1384.3243425488874;True;2.1481481481481484
2353924280960454152;3000;neo4j;1362.0506072874493;1537.5;True;2.1481481481481484
2353924280960454152;15000;neo4j;1231.8137651821862;1924.1535353535353;True;2.1481481481481484
2353939831351073230;100;neo4j;1503.5573770491803;2330.842857142857;True;0.40576902378646
2353939831351073230;500;neo4j;1778.311475409836;3226.7979591836734;True;0.40576902378646
2353939831351073230;1000;neo4j;1910.6045081967213;3050.034693877551;True;0.40576902378646
2353939831351073230;3000;neo4j;2746.061475409836;4176.402040816327;True;0.40576902378646
2367951398487800945;1000;neo4j;1936.521158129176;2040.2044444444443;True;0.40576902378646
2374138813102168574;100;postgres;2274.8063157894735;2626.1603375527425;True;0.40576902378646
2376698756268890053;3000;neo4j;2981.4598214285716;5742.693333333334;True;0.40576902378646
2381118063726409067;1000;neo4j;1903.345982142857;2524.71714922049;True;0.40576902378646
2381151030915309745;100;neo4j;1608.0668151447662;2635.4;True;0.40576902378646
2383373375731000140;100;neo4j;1417.5714285714287;2083.1444444444446;True;0.40576902378646
2387020442539211262;100;neo4j;1477.7327394209353;2283.68;True;0.40576902378646
2389516077109816015;100;postgres;1102.9938524590164;1748.438524590164;True;2.1481481481481484
2389516077109816015;1000;postgres;3384.6690647482014;3889.558886509636;True;2.1481481481481484
2402756770401555775;100;neo4j;1520.4958847736625;1682.9034907597536;True;2.1481481481481484
2403660444816062527;100;neo4j;1719.4506172839506;2128.2340862423;True;0.40576902378646
2403660444816062527;500;neo4j;1371.4814814814815;1800.0758974358973;True;0.40576902378646
2403660444816062527;1000;neo4j;1362.1252566735113;1801.891393442623;True;0.40576902378646
2411597394295810775;500;neo4j;1578.681434599156;1944.9368421052632;True;0.40576902378646
2411597394295810775;3000;neo4j;1311.5147679324893;2086.9178947368423;True;0.40576902378646
2411990202450327137;500;postgres;970.9422222222222;1435.5155555555555;True;2.1481481481481484
2420125548069914849;3000;postgres;2090.628062360802;3865.3206278026905;True;2.1481481481481484
2420561863598133121;100;postgres;1299.2244444444445;1441.1666666666667;True;0.40576902378646
2433368473768577996;100;neo4j;1361.0764525993884;1276.8204868154157;False;2.1481481481481484
2433368473768577996;3000;neo4j;1619.5723014256619;2569.6176470588234;True;2.1481481481481484
2433368473768577996;9000;neo4j;1366.7278287461775;2940.603045685279;True;2.1481481481481484
2433368473768577996;15000;neo4j;1427.7560975609756;3189.176470588235;True;2.1481481481481484
2445965536954995854;100;neo4j;1528.1817562968006;1775.0033829499323;True;0.40576902378646
2445965536954995854;500;neo4j;1411.6517311608961;1969.4645030425963;True;0.40576902378646
2445965536954995854;3000;neo4j;1446.429735234216;2090.1399594320487;True;0.40576902378646
2445965536954995854;9000;neo4j;1292.625383828045;2520.9269776876267;True;0.40576902378646
2448541284934001314;3000;neo4j;1460.1224944320713;2875.2444444444445;True;0.40576902378646
2453777987905094367;100;postgres;1336.8142857142857;1480.642126789366;True;2.1481481481481484
2453777987905094367;3000;neo4j;3502.724279835391;3583.5938775510203;True;2.1481481481481484
2454022727241841914;100;neo4j;1481.018262987013;1497.6063786838918;True;0.40576902378646
2454022727241841914;3000;neo4j;1400.9029322548029;2852.6300403225805;True;0.40576902378646
2454022727241841914;9000;neo4j;1295.2968591691997;2996.2282828282828;True;0.40576902378646
2454022727241841914;15000;neo4j;1342.286004056795;2952.380423814329;True;0.40576902378646
2456874762257196296;1000;neo4j;1398.1490683229813;1665.0888429752067;True;0.40576902378646
2456874762257196296;3000;neo4j;1362.033195020747;2339.2060041407867;True;0.40576902378646
2466492766491423154;1000;neo4j;1384.2557172557172;2225.2028985507245;True;0.40576902378646
2466492766491423154;9000;neo4j;1276.1701244813278;2443.575569358178;True;0.40576902378646
2466492766491423154;15000;neo4j;1375.3188405797102;2958.0929752066118;True;0.40576902378646
2472888668371180062;100;neo4j;1797.4855233853007;2294.0133333333333;True;0.40576902378646
2478679994006575032;100;neo4j;1613.9584751531654;2189.6169491525425;True;0.40576902378646
2478679994006575032;1000;neo4j;1470.7489795918368;3145.1932858596133;True;0.40576902378646
2478679994006575032;9000;neo4j;1384.4836734693877;3298.997963340122;True;0.40576902378646
2480471100766463939;100;postgres;1695.0489795918368;1863.6448979591837;True;0.40576902378646
2480471100766463939;500;neo4j;2205.8596837944665;3106.0508130081303;True;0.40576902378646
2486246695190771505;100;neo4j;1494.279792746114;2057.959669079628;True;0.40576902378646
2486246695190771505;15000;neo4j;1436.130705394191;3315.349896480331;True;0.40576902378646
2491548280293304218;100;neo4j;1470.2320675105486;2087.785263157895;True;0.40576902378646
2491548280293304218;500;neo4j;1754.957805907173;2776.2968421052633;True;0.40576902378646
2494744367975933711;3000;neo4j;2965.184855233853;4570.155555555555;True;0.40576902378646
2494814407738302880;100;neo4j;1487.5885521885523;2135.0033534540576;True;0.40576902378646
2494814407738302880;500;neo4j;1629.9475806451612;1892.6599597585514;True;0.40576902378646
2494814407738302880;1000;neo4j;1807.4822150363784;2569.7807723250203;True;0.40576902378646
2494814407738302880;3000;neo4j;2756.2537112010796;4110.813002680965;True;0.40576902378646
2494814407738302880;9000;neo4j;4855.5;6689.343018563358;True;0.40576902378646
2499808841690280408;500;neo4j;1685.5567928730513;3361.3933333333334;True;0.40576902378646
2500972548703369190;100;neo4j;1582.1450892857142;2278.9977777777776;True;0.40576902378646
2502536247828245921;100;neo4j;1475.042531120332;1696.0754912099276;True;0.40576902378646
2502536247828245921;500;neo4j;1564.9625;2003.4596273291925;True;0.40576902378646
2506748581057725363;500;neo4j;1592.619153674833;1497.8733333333332;False;0.40576902378646
2523563029624436543;500;neo4j;1670.57805907173;2699.181052631579;True;0.40576902378646
2529026594324953526;3000;neo4j;1483.3073496659242;3102.3533333333335;True;0.40576902378646
2534595067014822379;3000;neo4j;1470.8418708240536;2200.2155555555555;True;0.40576902378646
2542112639557913679;100;neo4j;1387.948012232416;1360.8204868154157;False;0.40576902378646
2542112639557913679;500;postgres;1197.583164300203;1281.9532520325204;True;0.40576902378646
2542112639557913679;3000;neo4j;1415.0967413441956;2092.4655172413795;True;0.40576902378646
2542112639557913679;15000;neo4j;1434.6782786885246;2576.211382113821;True;0.40576902378646
2544455351485087363;1000;neo4j;1923.2738589211617;2652.7665289256197;True;0.40576902378646
2544455351485087363;3000;neo4j;3584.393574297189;4190.866459627329;True;0.40576902378646
2550252111723364382;500;neo4j;1691.0223214285713;2479.1511111111113;True;0.40576902378646
2554567821150524881;100;neo4j;1356.2783964365256;1261.628888888889;False;0.40576902378646
2561357311962086976;100;neo4j;1415.501113585746;1802.608888888889;True;0.40576902378646
2569951289568261990;100;neo4j;1414.6085011185683;1573.6888888888889;True;0.40576902378646
2583943092483506303;100;neo4j;1405.8070539419086;2822.40537745605;True;0.40576902378646
2583943092483506303;1000;neo4j;1992.6473029045644;4134.113871635611;True;0.40576902378646
2587873310709306827;1000;neo4j;1778.6157840083074;3489.0351966873704;True;0.40576902378646
2587873310709306827;9000;neo4j;4548.485365853659;8188.7136842105265;True;0.40576902378646
2589941098968372424;1000;neo4j;1445.9253112033196;2003.8861283643892;True;0.40576902378646
2589941098968372424;9000;neo4j;1310.6120331950208;3314.8676318510857;True;0.40576902378646
2593680323369695361;100;neo4j;1339.662447257384;2340.983157894737;True;0.40576902378646
2593680323369695361;3000;neo4j;2703.3868921775897;5156.336842105263;True;0.40576902378646
2595305705687695207;500;neo4j;1641.4954128440368;2375.9371196754564;True;0.40576902378646
2595305705687695207;1000;neo4j;2176.028513238289;2871.2210953346857;True;0.40576902378646
2595305705687695207;3000;neo4j;2767.54693877551;3521.2839756592293;True;0.40576902378646
2595305705687695207;9000;neo4j;4800.449438202248;7720.5192107995845;True;0.40576902378646
2598741097144539200;100;neo4j;1666.4491701244813;2002.27950310559;True;0.40576902378646
2598741097144539200;500;postgres;3185.8987603305786;3380.337474120083;True;0.40576902378646
2607969487233226446;100;neo4j;1402.3762677484788;1807.3;True;0.40576902378646
2607969487233226446;500;neo4j;1711.5720081135903;2185.0838383838386;True;0.40576902378646
2607969487233226446;1000;neo4j;1989.0670731707316;2753.9449494949495;True;0.40576902378646
2614336428805471147;9000;neo4j;1364.804008908686;3068.411111111111;True;0.40576902378646
2627236521939009719;500;neo4j;1566.612538540596;2355.8697435897434;True;0.40576902378646
2627236521939009719;1000;neo4j;1984.3765432098764;3375.7084188911704;True;0.40576902378646
2627236521939009719;3000;neo4j;3001.9896480331263;5148.350409836065;True;0.40576902378646
2632607418949897107;100;postgres;1234.9604462474645;1444.7449186991869;True;0.40576902378646
2632607418949897107;1000;neo4j;1367.2242609582058;1531.7951318458418;True;0.40576902378646
2632607418949897107;9000;neo4j;1333.238775510204;2550.4898373983738;True;0.40576902378646
2632607418949897107;15000;neo4j;1472.23493360572;3341.132860040568;True;0.40576902378646
2636494108788645033;100;neo4j;1459.0655066530194;1396.4183673469388;False;0.40576902378646
2636494108788645033;500;neo4j;1628.023517382413;1635.4438775510205;True;0.40576902378646
2636494108788645033;3000;neo4j;3278.792181069959;3782.1510204081633;True;0.40576902378646
2641331754462075590;1000;postgres;2634.617777777778;2898.5278396436524;True;0.40576902378646
2648175046005969814;100;neo4j;1401.6905503634475;1640.592132505176;True;0.40576902378646
2648175046005969814;500;neo4j;1533.3581780538302;1875.6528925619834;True;0.40576902378646
2650682697124740569;100;neo4j;1405.7841726618706;1868.391794871795;True;0.40576902378646
2650682697124740569;500;neo4j;1611.6502057613168;2654.2607802874745;True;0.40576902378646
2650682697124740569;9000;neo4j;4671.219718309859;5801.575819672131;True;0.40576902378646
2659359767823655819;500;postgres;702.4658385093168;1259.1635610766045;True;14.280303030303031
2659359767823655819;9000;postgres;532.1074380165289;1279.6273291925465;True;14.280303030303031
2659359767823655819;15000;postgres;519.5383022774328;1393.7027027027027;True;14.280303030303031
2661675469276076208;1000;neo4j;2144.9831223628694;2668.4505263157894;True;0.40576902378646
2661675469276076208;3000;neo4j;2768.323467230444;7380.31289640592;True;0.40576902378646
2665605335134382128;100;neo4j;1395.4362139917696;1495.0903490759754;True;0.40576902378646
2665605335134382128;1000;neo4j;1370.6368312757202;2687.4666666666667;True;0.40576902378646
2665605335134382128;15000;neo4j;1316.05954825462;3642.8196721311474;True;0.40576902378646
2670355998952897387;100;neo4j;1602.1260162601627;2174.599089989889;True;0.40576902378646
2670355998952897387;3000;neo4j;1517.2428861788617;3473.9494438827096;True;0.40576902378646
2670355998952897387;9000;neo4j;1347.3272357723577;3716.663967611336;True;0.40576902378646
2670355998952897387;15000;neo4j;1366.877157360406;3760.0637007077858;True;0.40576902378646
2672809979922878093;500;postgres;1343.3627049180327;1488.2283950617284;True;2.1481481481481484
2672809979922878093;1000;postgres;1575.9897540983607;1763.5;True;2.1481481481481484
2672809979922878093;3000;postgres;2301.010266940452;2443.378099173554;True;2.1481481481481484
2672809979922878093;9000;postgres;4391.039014373717;4725.354545454546;True;2.1481481481481484
2673075412890015621;500;neo4j;1475.704641350211;1665.92;True;0.40576902378646
2673075412890015621;9000;neo4j;1364.4524312896406;3500.002105263158;True;0.40576902378646
2682754095962584671;100;neo4j;1372.3318485523384;1545.871111111111;True;0.40576902378646
2687882624001527167;500;postgres;1202.322105263158;1548.6642105263159;True;2.1481481481481484
2698649414877154974;500;neo4j;1574.510022271715;3002.9355555555558;True;0.40576902378646
2707226452967486190;100;neo4j;1497.590909090909;2290.8278688524592;True;0.40576902378646
2707226452967486190;500;neo4j;1699.2258726899383;2559.7315573770493;True;0.40576902378646
2707226452967486190;9000;neo4j;4930.5;7922.630480167015;True;0.40576902378646
2707885299155116412;1000;neo4j;1200.064587973274;1495.46;True;0.40576902378646
2712006118668742977;9000;neo4j;4818.4857142857145;7879.474157303371;True;0.40576902378646
2713631113709226102;3000;neo4j;3258.6272321428573;3543.44;True;0.40576902378646
2715419437359324914;1000;neo4j;1861.71875;2716.366666666667;True;0.40576902378646
2719517399381835614;100;neo4j;1444.6510067114093;2127.9666666666667;True;0.40576902378646
2721977679866064612;1000;neo4j;1880.022271714922;3260.3244444444445;True;0.40576902378646
2725273689489815816;100;neo4j;1695.273942093541;1919.2444444444445;True;0.40576902378646
2726105929454303291;100;neo4j;1313.5919661733615;1942.1326315789474;True;0.40576902378646
2726105929454303291;500;neo4j;1575.253164556962;2525.063157894737;True;0.40576902378646
2732621107156706964;100;postgres;363.74897959183676;740.9102040816326;True;14.280303030303031
2732621107156706964;500;postgres;598.1081632653061;1655.6;True;14.280303030303031
2732621107156706964;3000;postgres;1022.1011235955057;3014.2305327868853;True;14.280303030303031
2740847137526126228;3000;neo4j;2830.6190476190477;3078.6452631578945;True;0.40576902378646
2748831041528643275;3000;neo4j;1313.0254506892895;1414.3431578947368;True;2.1481481481481484
2759578265709357889;100;postgres;1019.6406460296097;2422.3580579905597;True;14.280303030303031
2759578265709357889;500;postgres;2801.2481506388704;16991.72113436867;True;14.280303030303031
2764334221547572481;100;neo4j;1539.0611814345991;2122.6189473684212;True;0.40576902378646
2783416536753622163;1000;postgres;2219.7644628099174;4464.553990610329;True;14.280303030303031
2783416536753622163;3000;postgres;7136.023012552301;28726.587719298244;True;14.280303030303031
2786683579865006579;500;postgres;3099.4755555555557;3632.9274376417234;True;0.40576902378646
2787559791205897686;3000;neo4j;3094.7421524663678;5823.457777777778;True;0.40576902378646
2787909025637180517;100;postgres;1545.4446721311476;1640.4814814814815;True;2.1481481481481484
2787909025637180517;500;neo4j;1283.9423868312758;1229.1560574948664;False;2.1481481481481484
2787909025637180517;1000;postgres;1122.5184426229507;1256.5860655737704;True;2.1481481481481484
2787909025637180517;9000;neo4j;1333.2304526748972;2632.3634496919917;True;2.1481481481481484
2789949760202994975;100;neo4j;1363.9198312236288;1827.818947368421;True;0.40576902378646
2790143685763972200;100;neo4j;1621.4621761658032;1945.4519131334023;True;0.40576902378646
2792386092715463662;100;neo4j;1556.4216990788127;2120.0722278738554;True;0.40576902378646
2792386092715463662;500;neo4j;1335.0;1488.1707317073171;True;0.40576902378646
2792386092715463662;1000;neo4j;1404.5591836734693;2526.871951219512;True;0.40576902378646
2792386092715463662;3000;neo4j;1429.6326530612246;3768.1727642276423;True;0.40576902378646
2792386092715463662;9000;neo4j;1326.4621676891616;2970.828920570265;True;0.40576902378646
2797786161768639270;100;neo4j;1592.344398340249;1735.9875776397516;True;0.40576902378646
2797786161768639270;1000;neo4j;1192.7484407484408;1225.2691511387163;True;0.40576902378646
2797786161768639270;9000;neo4j;1314.670807453416;2726.123966942149;True;0.40576902378646
2797963103825822467;100;neo4j;1378.4847870182555;1502.410101010101;True;0.40576902378646
2797963103825822467;500;neo4j;1633.3607723577236;1949.8696969696969;True;0.40576902378646
2797963103825822467;1000;neo4j;1905.8640284119735;2354.8611111111113;True;0.40576902378646
2797963103825822467;3000;neo4j;3226.541379310345;3998.340404040404;True;0.40576902378646
2798755672638114246;100;neo4j;1475.358574610245;1918.9266666666667;True;0.40576902378646
2805340125163131457;100;neo4j;1567.772828507795;2020.7444444444445;True;0.40576902378646
2806256729314048797;100;neo4j;1752.1991701244813;2358.444099378882;True;0.40576902378646
2806284670513468435;500;neo4j;1541.0512249443207;1495.1377777777777;False;2.1481481481481484
2808113683800896806;9000;neo4j;4757.176678445229;7339.405345211581;True;0.40576902378646
2809947504448209835;500;neo4j;1325.8118948824342;1687.2910344827587;True;0.40576902378646
2812672674163977290;1000;neo4j;1658.422131147541;2816.8469387755104;True;0.40576902378646
2812672674163977290;3000;neo4j;2690.836587872559;3497.4326530612243;True;0.40576902378646
2812672674163977290;9000;neo4j;4835.627376425856;6127.079591836735;True;0.40576902378646
2814856081328728457;500;postgres;6828.5488888888885;28257.885057471263;True;0.40576902378646
2817182428179761185;100;neo4j;1507.1353065539113;2206.501052631579;True;0.40576902378646
2817182428179761185;500;neo4j;2157.0105485232066;2726.7263157894736;True;0.40576902378646
2819406717366158301;100;neo4j;1498.3484069886947;1775.328893442623;True;0.40576902378646
2819406717366158301;1000;neo4j;1342.432098765432;1528.441478439425;True;0.40576902378646
2819406717366158301;15000;neo4j;1276.7407407407406;2689.1848049281316;True;0.40576902378646
2821082129328769972;100;neo4j;1371.96875;1533.911111111111;True;0.40576902378646
2821916717988921199;100;neo4j;1373.338530066815;1683.0577777777778;True;0.40576902378646
2825718537552896381;100;neo4j;1495.350210970464;2318.936842105263;True;0.40576902378646
2825718537552896381;1000;neo4j;2080.7067510548522;3350.728421052632;True;0.40576902378646
2828570049230106382;9000;neo4j;4745.520202020202;6486.632885211996;True;0.40576902378646
2835182330125126210;100;neo4j;1449.9643652561247;2600.74;True;0.40576902378646
2837081699173891479;100;postgres;1151.368205128205;1436.2;True;2.1481481481481484
2837081699173891479;9000;neo4j;1234.1584362139918;1158.624229979466;False;2.1481481481481484
2837081699173891479;15000;postgres;1097.6147540983607;1379.2566735112937;True;2.1481481481481484
2841819633489578541;100;neo4j;1542.970982142857;2452.968888888889;True;0.40576902378646
2845720777456021134;1000;neo4j;3808.9955156950673;5548.013333333333;True;0.40576902378646
2846925796203800688;500;neo4j;1709.5264270613109;3127.995789473684;True;0.40576902378646
2846925796203800688;1000;neo4j;1805.2911392405063;3104.3073684210526;True;0.40576902378646
2854051505547505281;100;postgres;1500.517797179315;1836.4640215198385;True;2.1481481481481484
2854051505547505281;500;postgres;4508.325604838709;4789.731481481482;True;2.1481481481481484
2861486001489131564;100;neo4j;1297.5602040816327;1237.8067141403865;False;0.40576902378646
2861486001489131564;500;neo4j;1552.2118126272912;1628.8069105691056;True;0.40576902378646
2861486001489131564;9000;neo4j;4592.661616161616;4586.078331637843;False;0.40576902378646
2867704939721572405;9000;postgres;4052.4088888888887;4729.0;True;2.1481481481481484
2870540244752076213;100;neo4j;1419.6547884187082;1854.7866666666666;True;0.40576902378646
2882802387856675306;1000;neo4j;1793.0928270042193;3051.1936842105265;True;0.40576902378646
2886141709556655491;100;neo4j;1536.0512249443207;2128.162222222222;True;0.40576902378646
2886295166452185861;100;neo4j;1545.8983402489628;3121.3623188405795;True;0.40576902378646
2886295166452185861;500;neo4j;1665.287784679089;2869.75;True;0.40576902378646
2886295166452185861;9000;neo4j;4783.288793103448;9004.067567567568;True;0.40576902378646
2887619094078827264;100;neo4j;1421.8070707070708;1301.3521126760563;False;0.40576902378646
2887619094078827264;500;neo4j;1359.8936026936026;1607.356807511737;True;0.40576902378646
2887619094078827264;1000;neo4j;1222.7983870967741;1386.4124748490947;True;0.40576902378646
2887619094078827264;3000;neo4j;1430.8744939271255;1386.3983903420524;False;0.40576902378646
2887619094078827264;9000;neo4j;1347.1572352465644;2712.42045912203;True;0.40576902378646
2887619094078827264;15000;neo4j;1417.3400605449042;2712.0311871227364;True;0.40576902378646
2896936521266450122;500;neo4j;1661.2111801242236;1918.150826446281;True;0.40576902378646
2896936521266450122;3000;neo4j;2802.97920997921;3606.3706004140786;True;0.40576902378646
2897089879746801534;500;neo4j;1459.6570155902004;1565.3266666666666;True;0.40576902378646
2903762015701789770;100;postgres;818.8234501347708;1256.4332884097034;True;2.1481481481481484
2903762015701789770;500;postgres;943.0767676767676;1511.8040404040405;True;2.1481481481481484
2903762015701789770;1000;postgres;1061.8016194331983;1845.356415478615;True;2.1481481481481484
2903762015701789770;9000;postgres;3052.2105263157896;4572.855300859599;True;2.1481481481481484
2912837971764615472;500;neo4j;1516.478841870824;1638.7822222222221;True;0.40576902378646
2918812126481176230;100;neo4j;1524.561475409836;2565.420408163265;True;0.40576902378646
2918812126481176230;500;neo4j;1516.8790983606557;3516.373469387755;True;0.40576902378646
2918812126481176230;1000;neo4j;1381.3302564102564;3584.637755102041;True;0.40576902378646
2918812126481176230;15000;neo4j;1404.4323770491803;3927.5530612244897;True;0.40576902378646
2921144446012485532;9000;neo4j;4532.7775;7154.477678571428;True;0.40576902378646
2922544822425988099;100;neo4j;1676.2427616926504;2354.322222222222;True;0.40576902378646
2924390582220681140;100;neo4j;1859.6203319502074;1846.4332988624612;False;0.40576902378646
2924390582220681140;3000;postgres;7606.611691022965;28964.666666666668;True;0.40576902378646
2926041602926614853;9000;neo4j;1284.2761692650333;2644.511111111111;True;0.40576902378646
2927072493273219488;500;neo4j;1675.0044543429844;2618.0955555555556;True;0.40576902378646
2927265023349389513;3000;postgres;2795.5377777777776;2782.349665924276;False;2.1481481481481484
2933057465778838639;100;postgres;1313.6755102040815;1461.443762781186;True;0.40576902378646
2933057465778838639;3000;neo4j;1325.8534836065573;1600.1061224489797;True;0.40576902378646
2933057465778838639;9000;neo4j;1320.1844262295083;2626.2428571428572;True;0.40576902378646
2940680193263201100;100;neo4j;1475.97131147541;1361.6673469387756;False;0.40576902378646
2940680193263201100;500;neo4j;1463.8934426229507;1870.6163265306122;True;0.40576902378646
2940680193263201100;3000;neo4j;1426.860655737705;3397.5867346938776;True;0.40576902378646
2958485052438315578;100;neo4j;1490.7694641051567;1975.9104177151485;True;0.40576902378646
2958485052438315578;500;neo4j;1809.8353576248312;2193.9073825503356;True;0.40576902378646
2958485052438315578;1000;neo4j;1945.4595141700404;2281.7943548387098;True;0.40576902378646
2958485052438315578;3000;neo4j;2808.2786220871326;3417.002014098691;True;0.40576902378646
2958890442225525276;100;neo4j;1764.422997946612;2429.063524590164;True;0.40576902378646
2958890442225525276;500;neo4j;2054.679381443299;2874.294661190965;True;0.40576902378646
2961852843891267434;100;neo4j;1862.0893042575285;2054.057971014493;True;0.40576902378646
2964585585306549437;100;postgres;1284.7621951219512;1531.1160896130345;True;2.1481481481481484
2964585585306549437;500;neo4j;2404.245398773006;2914.875890132248;True;2.1481481481481484
2966281108889863324;100;neo4j;1569.3065539112051;1915.0926315789475;True;0.40576902378646
2966281108889863324;3000;neo4j;2792.6539278131636;3697.8105263157895;True;0.40576902378646
2976852719259860637;500;neo4j;1605.3192389006342;2434.3494736842104;True;0.40576902378646
2984436085959465646;1000;postgres;1591.1115789473683;1802.3586497890296;True;2.1481481481481484
2996589294423734482;100;neo4j;1451.5501113585747;2456.4844444444443;True;0.40576902378646
3000360462453768381;100;neo4j;1470.9334016393443;1519.7244897959183;True;0.40576902378646
3000360462453768381;500;neo4j;1303.2719836400818;1597.7448979591836;True;0.40576902378646
3000360462453768381;15000;neo4j;1516.6096807415036;2441.0948979591835;True;0.40576902378646
3007201936102381126;100;neo4j;1308.0041407867495;1627.2892561983472;True;0.40576902378646
3007201936102381126;3000;neo4j;2710.7458333333334;3612.527950310559;True;0.40576902378646
3021583100639558046;1000;neo4j;1970.1135857461024;2545.971111111111;True;0.40576902378646
3023036639377030247;100;neo4j;1634.246887966805;1794.6438923395444;True;0.40576902378646
3023036639377030247;1000;neo4j;1424.8817427385893;1305.0826446280992;False;0.40576902378646
3029100555007080868;100;neo4j;1448.2378435517971;2541.5463157894737;True;0.40576902378646
3030584433083973349;500;neo4j;1437.9754464285713;2027.8777777777777;True;0.40576902378646
3036552172266907038;500;neo4j;1619.336302895323;2529.366666666667;True;0.40576902378646
3036647007769181795;100;neo4j;1599.2249443207127;2220.9266666666667;True;0.40576902378646
3044052854995689818;100;postgres;1462.7330595482547;1450.7166324435318;False;0.40576902378646
3044052854995689818;500;neo4j;1458.169578622816;1967.9682051282052;True;0.40576902378646
3044052854995689818;15000;neo4j;1314.5133470225874;3204.9549180327867;True;0.40576902378646
3049302115890307647;15000;neo4j;1402.9263392857142;2283.826666666667;True;0.40576902378646
3067948546089765646;500;neo4j;4595.4857142857145;4747.764210526316;True;0.40576902378646
3068884502999416134;100;neo4j;1462.1434599156119;1578.0463157894737;True;0.40576902378646
3068884502999416134;3000;neo4j;2570.894291754757;3537.6294736842106;True;0.40576902378646
3075880912694805017;100;postgres;956.5828157349896;1326.907867494824;True;2.1481481481481484
3075880912694805017;3000;postgres;2018.9731404958677;2689.9834024896268;True;2.1481481481481484
3081336326414722249;500;neo4j;1285.7848101265822;1179.8926315789474;False;0.40576902378646
3081336326414722249;3000;neo4j;1496.4101479915435;2664.338947368421;True;0.40576902378646
3082745727814781417;500;neo4j;1619.434599156118;2007.158947368421;True;0.40576902378646
3083252748951437207;15000;postgres;3522.16;18431.731111111112;True;2.1481481481481484
3099514774349080749;1000;neo4j;2049.82774049217;2662.6266666666666;True;0.40576902378646
3102016810124254162;100;neo4j;1713.6376518218624;2381.2217741935483;True;0.40576902378646
3102016810124254162;500;neo4j;1482.5947046843178;2162.9828282828285;True;0.40576902378646
3102016810124254162;1000;neo4j;1368.789260385005;3010.885973763875;True;0.40576902378646
3102016810124254162;9000;neo4j;1312.0378890392421;3427.576716016151;True;0.40576902378646
3102016810124254162;15000;neo4j;1413.0710419485792;3652.6772024209818;True;0.40576902378646
3110430455042621465;100;neo4j;1492.5202429149797;2070.1807795698924;True;0.40576902378646
3110430455042621465;500;neo4j;1560.3756756756757;2755.507733691997;True;0.40576902378646
3110430455042621465;1000;neo4j;1437.466565349544;2570.051437216339;True;0.40576902378646
3110430455042621465;9000;neo4j;1400.1246200607902;3865.4445564516127;True;0.40576902378646
3110530943530626179;500;postgres;1341.1122448979593;1900.0987066031314;True;2.1481481481481484
3110530943530626179;1000;postgres;1773.6204081632652;2094.6216768916156;True;2.1481481481481484
3110530943530626179;3000;postgres;2036.6;2862.715163934426;True;2.1481481481481484
3111431919469788237;100;postgres;749.0799180327868;843.8360655737705;True;14.280303030303031
3111431919469788237;1000;postgres;1555.4394250513346;3882.412133891213;True;14.280303030303031
3111431919469788237;3000;postgres;1894.3285420944558;5713.088295687885;True;14.280303030303031
3111431919469788237;9000;postgres;3557.0696721311474;18450.60450819672;True;14.280303030303031
3113581222995154997;9000;neo4j;4552.858974358975;4721.106666666667;True;0.40576902378646
3117835757025244675;1000;neo4j;1700.991091314031;2427.3488888888887;True;0.40576902378646
3120937634698859325;1000;neo4j;1466.9725738396623;2988.073684210526;True;0.40576902378646
3120937634698859325;3000;neo4j;1447.429175475687;3486.3263157894735;True;0.40576902378646
3124511983957626739;3000;neo4j;1183.8325892857142;1635.7333333333333;True;2.1481481481481484
3128038759728618302;100;neo4j;1543.506329113924;1752.9642105263158;True;0.40576902378646
3128038759728618302;500;neo4j;1572.5285412262156;2052.317894736842;True;0.40576902378646
3136419766178649002;100;neo4j;1383.0467706013362;2027.5066666666667;True;0.40576902378646
3140063653330046280;100;neo4j;1366.075819672131;1231.4632653061224;False;0.40576902378646
3140063653330046280;500;postgres;1268.104081632653;1275.2877551020408;True;0.40576902378646
3140063653330046280;3000;neo4j;1446.375;2751.2285714285713;True;0.40576902378646
3140063653330046280;9000;neo4j;1379.5357873210635;2775.1755102040815;True;0.40576902378646
3140063653330046280;15000;neo4j;1455.2719836400818;3242.4795918367345;True;0.40576902378646
3155728295784223437;100;postgres;1376.2295081967213;1380.9959016393443;True;2.1481481481481484
3155728295784223437;500;neo4j;1633.1975308641975;1542.018480492813;False;2.1481481481481484
3155728295784223437;1000;neo4j;1931.8271604938273;2048.051334702259;True;2.1481481481481484
3160328979584970112;100;neo4j;1562.0416666666667;1724.8451417004048;True;0.40576902378646
3160328979584970112;500;neo4j;1334.1006097560976;1585.2790697674418;True;0.40576902378646
3160328979584970112;3000;neo4j;1476.061099796334;2798.224696356275;True;0.40576902378646
3160328979584970112;9000;neo4j;1357.5924170616113;3215.873989218329;True;0.40576902378646
3160328979584970112;15000;neo4j;1333.105476673428;3298.521212121212;True;0.40576902378646
3161340987213804514;9000;postgres;3634.5894736842106;4454.10551558753;True;0.40576902378646
3166443748347896079;100;neo4j;1472.5232067510549;2622.412631578947;True;0.40576902378646
3166443748347896079;9000;neo4j;4688.846905537459;7786.326923076923;True;0.40576902378646
3173076819331554546;100;postgres;1495.6736842105263;1559.4821052631578;True;0.40576902378646
3173076819331554546;3000;neo4j;1415.8966244725739;1566.44;True;0.40576902378646
3176388521757450062;100;postgres;1145.7377777777779;1437.8953229398664;True;0.40576902378646
3190458565385132477;500;neo4j;1628.6347438752784;2791.2933333333335;True;0.40576902378646
3192256760890911401;100;postgres;987.8782961460446;1617.5528455284552;True;2.1481481481481484
3192256760890911401;500;neo4j;1392.413021363174;1420.682233502538;True;2.1481481481481484
3192256760890911401;3000;postgres;1314.6460446247465;1356.7472081218275;True;2.1481481481481484
3192256760890911401;9000;neo4j;1324.5650406504064;1308.740365111562;False;2.1481481481481484
3194785107464614757;1000;neo4j;1913.9732142857142;2982.1155555555556;True;0.40576902378646
3200381190457382989;100;postgres;1213.0310559006211;1428.8985507246377;True;2.1481481481481484
3200381190457382989;3000;neo4j;3067.8319502074687;3103.4534161490683;True;2.1481481481481484
3202211365669527935;3000;neo4j;3064.4519015659957;8149.177725118483;True;0.40576902378646
3215831998296865140;1000;postgres;3486.656842105263;3792.4444444444443;True;0.40576902378646
3221325576274428927;1000;postgres;1147.3777777777777;1836.24;True;2.1481481481481484
3222438904071852770;3000;neo4j;2734.579418344519;4597.8711111111115;True;0.40576902378646
3241814426376271384;500;neo4j;1382.7551867219918;1860.6868965517242;True;0.40576902378646
3248953055685958192;100;postgres;1186.1266666666668;1250.1466666666668;True;0.40576902378646
3259799261017064105;9000;neo4j;4601.256880733945;4620.251111111111;True;2.1481481481481484
3261133048331320170;100;neo4j;1525.4743875278396;2600.971111111111;True;0.40576902378646
3261478348576152721;100;neo4j;1354.2472160356347;1572.5088888888888;True;0.40576902378646
3263614477520229780;100;postgres;335.51020408163265;616.5244897959184;True;14.280303030303031
3263614477520229780;500;postgres;393.77755102040817;916.1673469387755;True;14.280303030303031
3263614477520229780;1000;postgres;554.795918367347;1685.395918367347;True;14.280303030303031
3263614477520229780;3000;postgres;959.2551020408164;3083.219262295082;True;14.280303030303031
3275741986180029854;500;neo4j;2737.5022321428573;3407.4;True;0.40576902378646
3288907717009321313;100;neo4j;1465.0379746835442;2678.4336842105263;True;0.40576902378646
3288907717009321313;3000;neo4j;2857.625;5192.366315789473;True;0.40576902378646
3289357297162308358;100;postgres;688.1317516405855;1230.176173649672;True;2.1481481481481484
3289357297162308358;500;postgres;792.3694481830418;1150.1413189771197;True;2.1481481481481484
3289357297162308358;1000;postgres;599.2923387096774;995.9375;True;2.1481481481481484
3289357297162308358;3000;postgres;719.3760080645161;1192.2270433905146;True;2.1481481481481484
3289357297162308358;9000;postgres;789.4828282828283;1102.139393939394;True;2.1481481481481484
3296617004102873399;3000;neo4j;1317.033482142857;2266.902222222222;True;0.40576902378646
3297153504833265846;100;neo4j;1508.8584428715874;1765.7432024169184;True;0.40576902378646
3297153504833265846;500;neo4j;1424.3409703504044;2594.1188717259906;True;0.40576902378646
3297153504833265846;1000;neo4j;1502.750505731625;2679.0107310529847;True;0.40576902378646
3297153504833265846;3000;neo4j;1461.917004048583;3143.2736418511067;True;0.40576902378646
3297153504833265846;9000;neo4j;1364.1784989858013;3556.127016129032;True;0.40576902378646
3297153504833265846;15000;neo4j;1353.4419703103913;3660.078523489933;True;0.40576902378646
3310718966135253991;500;postgres;1672.4471544715448;2032.1869918699188;True;2.1481481481481484
3310718966135253991;1000;neo4j;1783.5152749490835;1699.997971602434;False;2.1481481481481484
3310718966135253991;9000;neo4j;4856.720430107527;5194.524678837052;True;2.1481481481481484
3317416114657017055;100;postgres;1828.6;1901.0253699788584;True;0.40576902378646
3319170845696506316;500;postgres;1152.661052631579;1446.6421052631579;True;2.1481481481481484
3319170845696506316;9000;postgres;4057.0821052631577;4566.518309859155;True;2.1481481481481484
3326021639852809711;1000;neo4j;1680.1298969072166;3151.879098360656;True;0.40576902378646
3326021639852809711;3000;neo4j;3122.5729166666665;7697.36460554371;True;0.40576902378646
3326021639852809711;9000;neo4j;4905.782608695652;6923.6348684210525;True;0.40576902378646
3334329832290543500;500;neo4j;1432.6181434599157;1826.7726315789473;True;0.40576902378646
3334329832290543500;3000;neo4j;1397.512658227848;1562.9684210526316;True;0.40576902378646
3336185515023949275;100;neo4j;1462.4599156118143;2080.214736842105;True;0.40576902378646
3336185515023949275;500;neo4j;1763.8333333333333;2543.4105263157894;True;0.40576902378646
3347979617050149635;100;neo4j;1657.388392857143;2498.928888888889;True;0.40576902378646
3378795299755823342;100;postgres;1135.3582995951417;1396.5314401622718;True;2.1481481481481484
3378795299755823342;500;postgres;1416.413967611336;1563.1490116573746;True;2.1481481481481484
3378795299755823342;3000;postgres;2452.7064777327937;2806.1477732793524;True;2.1481481481481484
3378795299755823342;9000;postgres;3790.079107505071;4797.494071146245;True;2.1481481481481484
3388857925826367120;100;neo4j;1506.567366283006;1880.8517520215632;True;0.40576902378646
3388857925826367120;500;neo4j;1427.159214092141;3189.310182063385;True;0.40576902378646
3388857925826367120;1000;neo4j;1448.1666666666667;2638.0981781376518;True;0.40576902378646
3388857925826367120;9000;neo4j;1361.4410569105692;3507.5425101214573;True;0.40576902378646
3392805047568212714;1000;neo4j;2173.173719376392;3040.088888888889;True;0.40576902378646
3396907689893065996;500;neo4j;1412.3478260869565;1282.4752066115702;False;0.40576902378646
3396907689893065996;9000;neo4j;1331.8191268191267;3074.790890269151;True;0.40576902378646
3396907689893065996;15000;neo4j;1383.1231732776619;3383.376811594203;True;0.40576902378646
3404394375356235918;15000;neo4j;1324.6473214285713;3325.277777777778;True;0.40576902378646
3414530502045895047;100;postgres;1287.5440729483282;1300.525354969574;True;0.40576902378646
3414530502045895047;500;neo4j;1478.4419551934827;1894.238866396761;True;0.40576902378646
3414530502045895047;3000;neo4j;1423.3387423935092;1848.8805668016194;True;0.40576902378646
3414530502045895047;9000;neo4j;1344.4296346414073;2256.1667792032413;True;0.40576902378646
3414530502045895047;15000;neo4j;1376.4674796747968;2541.4878542510123;True;0.40576902378646
3415663833623047467;9000;neo4j;4500.895561357703;4861.904444444444;True;2.1481481481481484
3417177734816394538;100;postgres;683.1979591836734;1272.9877551020409;True;2.1481481481481484
3417177734816394538;500;postgres;927.5285714285715;1164.9163265306122;True;2.1481481481481484
3417177734816394538;1000;postgres;1228.9979591836734;1252.8591836734695;True;2.1481481481481484
3417177734816394538;3000;postgres;1220.6714285714286;1276.3897959183673;True;2.1481481481481484
3417177734816394538;15000;neo4j;1273.624229979466;1429.9346938775511;True;2.1481481481481484
3420369868108846028;100;neo4j;1451.884109311741;1533.0926952141058;True;0.40576902378646
3420369868108846028;500;neo4j;1432.576923076923;1873.2157258064517;True;0.40576902378646
3420369868108846028;1000;neo4j;1370.0055639858372;1718.5604838709678;True;0.40576902378646
3420369868108846028;3000;neo4j;1348.6986486486487;1984.2155809267965;True;0.40576902378646
3420369868108846028;9000;neo4j;1355.860606060606;2699.703629032258;True;0.40576902378646
3432818947346243940;9000;neo4j;1331.881959910913;2071.202222222222;True;0.40576902378646
3434247539806629820;100;neo4j;1476.1319587628866;1980.0225409836066;True;0.40576902378646
3434247539806629820;3000;neo4j;2864.874614594039;4600.471794871795;True;0.40576902378646
3456433022944572533;3000;neo4j;1384.902004454343;2686.202222222222;True;0.40576902378646
3457446398939683235;100;neo4j;1506.1714922048998;1361.0444444444445;False;0.40576902378646
3471206235656602714;500;postgres;1864.461052631579;1928.4099051633298;True;0.40576902378646
3479431793345632775;100;neo4j;1456.8240534521158;1572.5311111111112;True;0.40576902378646
3481954182564605683;100;neo4j;1699.5062240663901;2912.1838842975208;True;0.40576902378646
3481954182564605683;1000;neo4j;1390.4564315352698;2596.5010351966876;True;0.40576902378646
3481954182564605683;9000;neo4j;1371.0;3514.0;True;0.40576902378646
3487637972446573394;1000;neo4j;1293.5902004454342;2760.213333333333;True;0.40576902378646
3498468880562509946;100;neo4j;1883.3719376391982;2792.177777777778;True;0.40576902378646
3503437238871765212;500;postgres;6883.204899777283;23811.941964285714;True;0.40576902378646
3507682271515106878;100;neo4j;1817.1986607142858;2664.168888888889;True;0.40576902378646
3516194695484753276;100;neo4j;1541.3755274261603;1856.4884210526316;True;0.40576902378646
3516194695484753276;500;postgres;3817.202105263158;3875.4034334763946;True;0.40576902378646
3523963613398988469;500;neo4j;1465.201646090535;2305.9322381930183;True;0.40576902378646
3523963613398988469;3000;neo4j;2922.4588477366256;4959.633196721312;True;0.40576902378646
3523963613398988469;9000;neo4j;4816.3253588516745;7946.804573804574;True;0.40576902378646
3536479365430034037;100;postgres;1729.6837782340863;1986.4558521560575;True;0.40576902378646
3536479365430034037;1000;neo4j;2269.5206611570247;4799.483606557377;True;0.40576902378646
3537782048658173279;9000;neo4j;4916.0;8554.138190954774;True;0.40576902378646
3544126070687975336;15000;neo4j;1384.8285077951002;2206.342222222222;True;2.1481481481481484
3547977486419581169;100;neo4j;1568.4385593220338;2005.122105263158;True;0.40576902378646
3547977486419581169;9000;neo4j;1478.8834745762713;3533.3852631578948;True;0.40576902378646
3550391795970447616;100;neo4j;1431.6367319378799;1589.7888365837257;True;0.40576902378646
3550391795970447616;500;neo4j;1484.579908675799;2221.3424242424244;True;0.40576902378646
3550391795970447616;3000;neo4j;1464.1538461538462;2705.9556451612902;True;0.40576902378646
3550391795970447616;9000;neo4j;1337.6872037914693;3305.696032279758;True;0.40576902378646
3552968137883419888;100;neo4j;1697.8755274261603;2819.8526315789472;True;0.40576902378646
3552968137883419888;500;neo4j;1562.759493670886;3531.4210526315787;True;0.40576902378646
3563909995635615954;100;postgres;1485.5305263157895;1783.6025369978859;True;2.1481481481481484
3563909995635615954;500;postgres;2562.004210526316;3351.0254237288136;True;2.1481481481481484
3564915207424306218;100;neo4j;1422.097995545657;2129.588888888889;True;0.40576902378646
3565401547534179323;3000;neo4j;2786.8649789029537;3358.9094736842108;True;0.40576902378646
3566956409836881143;15000;neo4j;1524.7550111358576;2443.137777777778;True;14.280303030303031
3580708077801495241;100;neo4j;1292.3881856540083;1366.4105263157894;True;2.1481481481481484
3580708077801495241;3000;postgres;2565.5557894736844;2647.4926315789476;True;2.1481481481481484
3585919634432309369;100;neo4j;1781.8084632516704;2540.0244444444443;True;0.40576902378646
3585994923593594701;500;neo4j;1637.2261410788383;2161.9120082815734;True;0.40576902378646
3585994923593594701;3000;neo4j;3403.014522821577;3978.9896694214876;True;0.40576902378646
3586003646949088392;9000;postgres;9155.517857142857;24153.96210526316;True;2.1481481481481484
3590297390973875139;100;neo4j;1459.2544642857142;2646.4222222222224;True;0.40576902378646
3595118456291147895;3000;neo4j;1288.4498886414253;2208.3688888888887;True;0.40576902378646
3606049875013788822;1000;neo4j;4854.098360655737;5989.917777777778;True;0.40576902378646
3607097140598192557;100;postgres;1421.2656565656566;1451.6461071789686;True;0.40576902378646
3607097140598192557;500;neo4j;1555.410931174089;1649.366935483871;True;0.40576902378646
3607097140598192557;1000;neo4j;1715.6622784810127;1844.734879032258;True;0.40576902378646
3607097140598192557;3000;neo4j;2491.611336032389;3141.6;True;0.40576902378646
3607097140598192557;9000;neo4j;4413.274881516588;4548.324596774193;True;0.40576902378646
3608569204972256250;500;neo4j;1782.886075949367;1975.9642105263158;True;2.1481481481481484
3611300418059034857;1000;neo4j;3625.952914798206;5034.211111111111;True;0.40576902378646
3625272256298212169;9000;neo4j;4586.275862068966;9052.0;True;0.40576902378646
3635270747230348872;100;neo4j;1514.1104294478528;2394.2281059063134;True;0.40576902378646
3635270747230348872;500;neo4j;1343.937627811861;1823.3692777212614;True;0.40576902378646
3635270747230348872;1000;neo4j;1392.3561224489797;2344.0955284552847;True;0.40576902378646
3635270747230348872;9000;neo4j;1320.2367346938775;3713.7845528455287;True;0.40576902378646
3643119441653020287;100;neo4j;1451.899091826438;1809.8138832997988;True;0.40576902378646
3643119441653020287;500;neo4j;1805.0036363636364;2230.239629480467;True;0.40576902378646
3643119441653020287;1000;neo4j;2017.4737550471064;2776.4372904091215;True;0.40576902378646
3643119441653020287;3000;neo4j;2773.7256097560976;3152.688128772636;True;0.40576902378646
3643119441653020287;9000;neo4j;4953.75;6981.590296495957;True;0.40576902378646
3643589172838446052;500;neo4j;1385.0560165975103;2238.376811594203;True;0.40576902378646
3643589172838446052;9000;neo4j;1273.9522821576763;3137.7954545454545;True;0.40576902378646
3643589172838446052;15000;neo4j;1418.5966735966736;3258.509316770186;True;0.40576902378646
3647847843154521230;15000;neo4j;1289.7299107142858;3180.2555555555555;True;0.40576902378646
3649897855357838569;100;postgres;1221.7894736842106;1373.94;True;0.40576902378646
3651868906368202484;500;neo4j;1675.4432071269487;2608.208888888889;True;0.40576902378646
3659403081438033165;100;postgres;1158.7473684210527;1485.0947368421052;True;2.1481481481481484
3659403081438033165;3000;neo4j;1419.9429175475686;1349.4863157894738;False;2.1481481481481484
3659613335116451026;1000;neo4j;1820.7194092827003;3282.4673684210525;True;0.40576902378646
3659613335116451026;3000;neo4j;2770.9789029535864;4424.34947368421;True;0.40576902378646
3669152841533124640;100;neo4j;1323.9977628635347;1994.6222222222223;True;0.40576902378646
3675219937821948932;500;neo4j;1549.873417721519;1545.5536842105264;False;2.1481481481481484
3675219937821948932;1000;neo4j;1766.0253699788584;1978.4905263157896;True;2.1481481481481484
3677321723798790293;1000;postgres;1744.6770186335405;1796.7743271221532;True;2.1481481481481484
3677321723798790293;9000;postgres;4687.447204968944;4692.5641025641025;True;2.1481481481481484
3683308172773620903;1000;postgres;830.2577777777777;1158.8733333333332;True;2.1481481481481484
3685572742344822981;100;neo4j;1441.4915611814347;1807.8084210526315;True;0.40576902378646
3685572742344822981;3000;neo4j;2493.896624472574;3127.741052631579;True;0.40576902378646
3695734104761155772;100;neo4j;1471.1572456320657;1666.5046153846154;True;0.40576902378646
3695734104761155772;3000;neo4j;1396.464065708419;2183.934426229508;True;0.40576902378646
3695734104761155772;9000;neo4j;1397.7263374485597;2925.8213552361394;True;0.40576902378646
3696949945884152762;9000;neo4j;4422.600472813238;8994.476744186046;True;0.40576902378646
3712538988608445784;100;postgres;1174.6836734693877;1283.4836734693877;True;0.40576902378646
3712538988608445784;500;neo4j;1341.563524590164;2036.6871165644172;True;0.40576902378646
3712538988608445784;3000;neo4j;1431.3182751540041;1681.8551020408163;True;0.40576902378646
3712538988608445784;15000;neo4j;1379.35457348407;2947.9397959183675;True;0.40576902378646
3718404708143474634;100;neo4j;1694.9843400447428;2261.1155555555556;True;0.40576902378646
3723107069178485897;9000;neo4j;4697.6509433962265;8124.043795620438;True;0.40576902378646
3734783067619274546;100;neo4j;1695.3372093023256;1755.5736842105264;True;0.40576902378646
3739482995729882842;3000;neo4j;1433.2784810126582;3289.8673684210526;True;0.40576902378646
3739482995729882842;15000;neo4j;1310.1627906976744;3147.6189473684212;True;0.40576902378646
3754765572100097232;100;neo4j;1463.927536231884;1981.5206611570247;True;0.40576902378646
3754765572100097232;500;neo4j;1616.259336099585;2109.494824016563;True;0.40576902378646
3754765572100097232;9000;neo4j;4405.520782396088;5375.643892339544;True;0.40576902378646
3754966664134148757;100;neo4j;1737.470982142857;2959.362222222222;True;0.40576902378646
3755526052031903523;500;neo4j;2297.2316258351893;2429.551111111111;True;0.40576902378646
3755955398566322723;500;neo4j;1788.7683741648107;3011.8288888888887;True;0.40576902378646
3769371214912330417;1000;neo4j;4844.142857142857;8693.575079872204;True;0.40576902378646
3781727411837071052;500;neo4j;4149.714964370546;4337.675555555556;True;0.40576902378646
3787301617075373168;100;neo4j;1298.5590200445433;1457.0244444444445;True;0.40576902378646
3789019246174160960;500;neo4j;1681.3073496659242;2695.448888888889;True;0.40576902378646
3796023155283431160;500;neo4j;1561.78125;2986.5822222222223;True;0.40576902378646
3803672197374155933;9000;neo4j;4918.333333333333;9007.9;True;0.40576902378646
3804005052875959276;100;postgres;1528.6733333333334;1545.1977777777777;True;0.40576902378646
3810849906010968994;1000;neo4j;1968.162583518931;3097.5911111111113;True;0.40576902378646
3811033731503242300;3000;postgres;2236.737777777778;2626.846325167038;True;2.1481481481481484
3818089527857838660;100;neo4j;1736.5322245322245;1779.4782608695652;True;0.40576902378646
3819935279415552982;100;postgres;1216.9349593495936;1442.2764227642276;True;2.1481481481481484
3819935279415552982;500;postgres;1340.560975609756;1443.3326530612244;True;2.1481481481481484
3819935279415552982;1000;neo4j;1855.2632653061225;1796.3763987792472;False;2.1481481481481484
3819935279415552982;9000;neo4j;4827.318181818182;6066.059063136457;True;2.1481481481481484
3822478447697777479;3000;neo4j;1469.2672605790647;2296.951111111111;True;0.40576902378646
3833740586251316329;500;neo4j;1482.4957805907172;1464.9347368421052;False;0.40576902378646
3833740586251316329;9000;neo4j;1358.860465116279;3210.6294736842106;True;0.40576902378646
3840424596703495292;100;postgres;1232.4147368421052;1553.1642105263159;True;2.1481481481481484
3840424596703495292;9000;postgres;4262.69052631579;25909.119101123597;True;2.1481481481481484
3851310546134049106;1000;neo4j;1502.6339285714287;3555.673333333333;True;0.40576902378646
3853589610675073559;3000;neo4j;2569.629464285714;3165.6711111111113;True;0.40576902378646
3868155924179058877;500;neo4j;1430.9767441860465;2291.452631578947;True;0.40576902378646
3868155924179058877;9000;neo4j;1371.906976744186;3331.174736842105;True;0.40576902378646
3870236719326081720;3000;neo4j;2535.744394618834;2634.628888888889;True;0.40576902378646
3873748047651230255;100;neo4j;1718.8985507246377;1771.6694214876034;True;0.40576902378646
3873748047651230255;500;postgres;4396.867494824017;4750.121621621622;True;0.40576902378646
3878961557317991262;100;neo4j;1480.521158129176;1783.8022222222223;True;0.40576902378646
3886876946105366297;1000;neo4j;1358.2004219409282;1506.2863157894737;True;0.40576902378646
3886876946105366297;3000;neo4j;1508.137420718816;3319.343157894737;True;0.40576902378646
3889997607173555493;100;postgres;1367.5569105691056;1463.9714867617108;True;0.40576902378646
3889997607173555493;500;neo4j;1415.7034764826176;1929.9166666666667;True;0.40576902378646
3889997607173555493;1000;neo4j;1353.9488752556238;2334.702647657841;True;0.40576902378646
3889997607173555493;9000;neo4j;1307.357873210634;2699.1576805696845;True;0.40576902378646
3889997607173555493;15000;neo4j;1448.5460122699387;3141.8228105906314;True;0.40576902378646
3891656702170846730;100;neo4j;1667.162447257384;3060.778947368421;True;0.40576902378646
3891656702170846730;500;neo4j;1360.3164556962026;2758.6919831223627;True;0.40576902378646
3895722141170587079;500;neo4j;1673.7211934156378;1716.001026694045;True;2.1481481481481484
3895722141170587079;1000;neo4j;2130.117283950617;2239.066598360656;True;2.1481481481481484
3896903176155676309;100;postgres;1446.1218274111675;1526.501525940997;True;0.40576902378646
3896903176155676309;3000;neo4j;1429.6321138211383;1837.4340770791075;True;0.40576902378646
3896903176155676309;9000;neo4j;1317.1545130035697;2565.009639776763;True;0.40576902378646
3899535496863022922;100;neo4j;1462.3340757238307;2324.831111111111;True;0.40576902378646
3904514229250850682;1000;neo4j;1802.423162583519;3586.28;True;0.40576902378646
3913107047435642817;500;neo4j;1307.518417462483;1518.6938775510205;True;0.40576902378646
3913107047435642817;9000;neo4j;1325.0973360655737;2744.773469387755;True;0.40576902378646
3913459189325488870;100;neo4j;1493.7276507276508;2660.4037267080744;True;0.40576902378646
3913459189325488870;500;neo4j;1735.8281573498964;3130.3305785123966;True;0.40576902378646
3913459189325488870;1000;neo4j;1992.2199170124481;4029.7966804979255;True;0.40576902378646
3914216136895944238;100;neo4j;1592.2149274360747;2570.6675862068964;True;0.40576902378646
3918716477406235665;3000;neo4j;2930.8839285714284;3201.008888888889;True;0.40576902378646
3923437832175591519;100;neo4j;1559.0979591836735;2252.7743902439024;True;0.40576902378646
3923437832175591519;500;neo4j;1444.6290983606557;2172.276985743381;True;0.40576902378646
3923437832175591519;9000;neo4j;1292.674180327869;2701.8697863682605;True;0.40576902378646
3923437832175591519;15000;neo4j;1340.919387755102;3177.1158536585367;True;0.40576902378646
3928376022621326975;100;neo4j;1492.5693581780538;2349.688016528926;True;0.40576902378646
3928376022621326975;500;neo4j;1678.6340956340957;2515.786749482402;True;0.40576902378646
3933585818771976907;100;neo4j;1446.501018329939;2079.3678861788617;True;0.40576902378646
3933585818771976907;500;neo4j;1648.3543788187374;2291.9594320486817;True;0.40576902378646
3933585818771976907;1000;neo4j;1965.222448979592;3948.9026369168355;True;0.40576902378646
3933585818771976907;3000;neo4j;2834.4591836734694;4154.413793103448;True;0.40576902378646
3933585818771976907;9000;neo4j;4845.598326359833;7738.965128205128;True;0.40576902378646
3934201656950115060;500;neo4j;1674.4451901565997;2150.682222222222;True;0.40576902378646
3940649039255244552;500;neo4j;1665.4276169265033;2457.233333333333;True;0.40576902378646
3946113611354068527;1000;neo4j;1411.8218262806236;2423.568888888889;True;0.40576902378646
3948472410549915612;100;neo4j;1324.0895983522141;1710.482581967213;True;0.40576902378646
3948472410549915612;500;neo4j;1612.353305785124;1739.2422997946612;True;0.40576902378646
3948472410549915612;1000;neo4j;1848.1876288659794;2319.4147843942505;True;0.40576902378646
3956536916856180610;100;neo4j;2216.672916666667;2444.3788819875776;True;0.40576902378646
3956536916856180610;500;postgres;2364.6322314049585;2567.1652892561983;True;0.40576902378646
3963482031086955647;3000;neo4j;3335.5491071428573;4545.7733333333335;True;0.40576902378646
3965299800942593653;100;neo4j;1726.325167037862;2289.4133333333334;True;0.40576902378646
3992328409672396940;100;neo4j;1479.9398663697104;2118.8977777777777;True;0.40576902378646
4005390956225853129;9000;postgres;4169.246666666667;4384.371501272265;True;2.1481481481481484
4016867799604547100;100;neo4j;1470.7151639344263;1983.9734693877551;True;0.40576902378646
4016867799604547100;500;neo4j;1686.954871794872;2200.4173469387756;True;0.40576902378646
4016867799604547100;1000;neo4j;1872.90368852459;2527.058163265306;True;0.40576902378646
4031863119841526644;9000;neo4j;4661.094915254237;7547.946547884187;True;0.40576902378646
4032305653960327814;100;postgres;941.0822222222222;1401.3466666666666;True;2.1481481481481484
4038818657726882960;100;postgres;2043.780991735537;2075.973084886128;True;0.40576902378646
4038818657726882960;500;postgres;3419.1718426501034;3717.968487394958;True;0.40576902378646
4039916875983072751;100;postgres;1010.1115702479339;1491.2086776859503;True;2.1481481481481484
4039916875983072751;3000;postgres;2552.8923395445136;4383.266055045871;True;2.1481481481481484
4049235939914529055;3000;neo4j;2506.1158129175947;3956.54565701559;True;0.40576902378646
4062941903455482520;500;neo4j;1872.2737913486005;1902.9989868287742;True;0.40576902378646
4066493230910611264;1000;neo4j;1471.533195020747;2237.053830227743;True;0.40576902378646
4066493230910611264;3000;neo4j;1317.300518134715;2287.812823164426;True;0.40576902378646
4071450458474756222;500;postgres;2993.6293995859214;3152.304347826087;True;2.1481481481481484
4078292495643720816;100;neo4j;1506.2756866734487;2114.352583586626;True;0.40576902378646
4078292495643720816;500;neo4j;1370.7145762711864;1708.0742741390952;True;0.40576902378646
4078292495643720816;1000;neo4j;1214.0425963488844;1221.5222672064776;True;0.40576902378646
4078292495643720816;9000;neo4j;1318.7589013224822;2684.995951417004;True;0.40576902378646
4100463526053598080;100;neo4j;1368.347438752784;1680.46;True;0.40576902378646
4102101010025821740;100;neo4j;1415.9302325581396;1328.399193548387;False;0.40576902378646
4102101010025821740;500;neo4j;1828.648448043185;1843.8629032258063;True;0.40576902378646
4102101010025821740;1000;neo4j;1890.3800813008131;1847.4666666666667;False;0.40576902378646
4102101010025821740;3000;neo4j;2910.917966101695;2970.4915938130466;True;0.40576902378646
4112994323536552978;1000;postgres;1670.780991735537;1733.679089026915;True;2.1481481481481484
4112994323536552978;3000;postgres;2713.7805383022774;2905.2308488612834;True;2.1481481481481484
4134404560654942603;100;neo4j;1560.5412026726058;2150.702222222222;True;0.40576902378646
4140399047001701858;100;neo4j;1302.2942386831276;1522.570841889117;True;0.40576902378646
4140399047001701858;1000;neo4j;1866.8865979381444;1956.599589322382;True;0.40576902378646
4140399047001701858;3000;neo4j;2734.0205549845837;2849.9211065573772;True;0.40576902378646
4141464553976602275;3000;neo4j;1368.872767857143;1900.4466666666667;True;0.40576902378646
4150100612492736095;100;postgres;1369.4867617107943;1379.1897959183673;True;2.1481481481481484
4150100612492736095;500;postgres;1988.1097560975609;1997.6361788617887;True;2.1481481481481484
4150100612492736095;1000;neo4j;2302.1510204081633;2361.464430894309;True;2.1481481481481484
4150100612492736095;3000;neo4j;3040.4477459016393;3294.0844354018313;True;2.1481481481481484
4151741773157995536;3000;neo4j;2625.859375;4044.197777777778;True;0.40576902378646
4158197619097622581;500;postgres;1016.6708074534162;1484.734439834025;True;2.1481481481481484
4158197619097622581;1000;postgres;1299.7080745341616;1655.927536231884;True;2.1481481481481484
4159541923464136344;500;neo4j;1604.310267857143;2135.44;True;0.40576902378646
4165058049501326344;500;postgres;1414.0325203252032;1606.0020366598778;True;0.40576902378646
4165058049501326344;1000;postgres;1582.4562118126273;1853.0244399185335;True;0.40576902378646
4165058049501326344;3000;postgres;2395.349593495935;2945.059426229508;True;0.40576902378646
4165058049501326344;9000;postgres;3499.3252032520327;4717.276729559749;True;0.40576902378646
4165749284448927646;500;neo4j;1626.9265033407573;1994.4955555555555;True;0.40576902378646
4168402147445921470;100;neo4j;1614.7235772357724;2434.1907008086255;True;0.40576902378646
4168402147445921470;500;neo4j;1448.059620596206;2491.5408507765023;True;0.40576902378646
4168402147445921470;3000;neo4j;1317.868154158215;3802.1656565656567;True;0.40576902378646
4168402147445921470;9000;neo4j;1346.916835699797;3329.638383838384;True;0.40576902378646
4168402147445921470;15000;neo4j;1430.877800407332;3228.1882591093117;True;0.40576902378646
4192931489984148803;100;neo4j;1470.8687179487179;2035.4030612244899;True;0.40576902378646
4192931489984148803;500;neo4j;1506.0266393442623;1946.1734693877552;True;0.40576902378646
4192931489984148803;3000;neo4j;3089.8565573770493;3491.365306122449;True;0.40576902378646
4204695989499575757;9000;neo4j;1419.4097995545658;3419.2244444444445;True;0.40576902378646
4215647407607905754;1000;neo4j;1912.138392857143;3025.6133333333332;True;0.40576902378646
4227704896290288189;500;neo4j;2470.712694877506;3699.6244444444446;True;0.40576902378646
4229265125445942484;100;neo4j;1411.4599156118143;1532.1178947368421;True;0.40576902378646
4229265125445942484;1000;neo4j;2221.293868921776;2601.734736842105;True;0.40576902378646
4236377137475107287;100;neo4j;1411.2260692464358;1531.8488843813388;True;0.40576902378646
4236377137475107287;500;neo4j;1311.1734693877552;2021.8397565922921;True;0.40576902378646
4236377137475107287;1000;neo4j;1344.187755102041;1224.2312373225152;False;0.40576902378646
4236377137475107287;3000;neo4j;1361.4310520939734;1837.0507614213197;True;0.40576902378646
4236377137475107287;15000;neo4j;1492.0591836734693;3127.4338085539716;True;0.40576902378646
4250279004740819190;100;neo4j;1966.9725738396623;1840.4252631578947;False;0.40576902378646
4250279004740819190;3000;neo4j;4427.212938005391;4934.781052631579;True;0.40576902378646
4254761336031490237;100;postgres;739.2054380664653;853.5770392749245;True;14.280303030303031
4254761336031490237;1000;postgres;995.352970795569;1688.1360887096773;True;14.280303030303031
4254761336031490237;3000;postgres;1226.6503026227304;1588.033041132839;True;14.280303030303031
4254761336031490237;9000;neo4j;1499.7059120768065;1791.4544539506794;True;14.280303030303031
4254761336031490237;15000;neo4j;1521.0162271805275;2516.6008064516127;True;14.280303030303031
4256293593172314903;1000;neo4j;1452.0178173719376;2995.068888888889;True;0.40576902378646
4261803482903705334;1000;neo4j;1789.7388392857142;1821.72;True;0.40576902378646
4264482344189581292;100;neo4j;1498.358574610245;2552.173333333333;True;0.40576902378646
4269421408407852474;3000;neo4j;2520.1870824053453;3566.7;True;0.40576902378646
4281891480035973882;1000;neo4j;1364.7303609341825;1638.0442105263157;True;0.40576902378646
4281891480035973882;9000;neo4j;1355.9006342494715;3378.101052631579;True;0.40576902378646
4283305514821440474;500;neo4j;1330.054852320675;1703.0252631578946;True;0.40576902378646
4283424038569623202;100;neo4j;1644.2833675564682;2405.246435845214;True;0.40576902378646
4283424038569623202;1000;neo4j;1538.4744376278118;3136.4065040650407;True;0.40576902378646
4283424038569623202;3000;neo4j;1450.7857142857142;3308.012195121951;True;0.40576902378646
4283424038569623202;9000;neo4j;1394.4448979591837;2728.4451219512193;True;0.40576902378646
4283424038569623202;15000;neo4j;1430.2768130745658;3362.645981688708;True;0.40576902378646
4287381450348421489;100;neo4j;1499.3547717842323;2754.888198757764;True;0.40576902378646
4287381450348421489;500;neo4j;1692.2302904564315;2702.198757763975;True;0.40576902378646
4287381450348421489;3000;neo4j;2916.6273291925468;4594.190082644628;True;0.40576902378646
4292781412878287736;100;neo4j;1394.2291446673707;2151.4873684210525;True;0.40576902378646
4300426865494945845;100;neo4j;1429.5401785714287;1852.0133333333333;True;0.40576902378646
4308072053910303466;100;neo4j;1627.990506329114;2070.258947368421;True;0.40576902378646
4318377509632641096;500;neo4j;1265.8381742738588;1303.095238095238;True;0.40576902378646
4318377509632641096;1000;neo4j;1279.8426501035196;1546.409090909091;True;0.40576902378646
4318377509632641096;9000;neo4j;1647.091286307054;3890.9937888198756;True;0.40576902378646
4341726153114387814;100;neo4j;1513.2088607594937;2198.2;True;0.40576902378646
4341726153114387814;500;neo4j;1698.613924050633;2948.7642105263158;True;0.40576902378646
4347400014211613576;1000;neo4j;1932.016632016632;2357.0124223602484;True;0.40576902378646
4347400014211613576;9000;neo4j;4692.036398467433;7405.549060542798;True;0.40576902378646
4353620601935508200;500;neo4j;1393.4426229508197;2410.069387755102;True;0.40576902378646
4353620601935508200;1000;neo4j;1299.8176229508197;1802.7765306122449;True;0.40576902378646
4353620601935508200;3000;neo4j;1302.8732106339469;2736.308163265306;True;0.40576902378646
4353620601935508200;15000;neo4j;1470.7055214723925;3378.030612244898;True;0.40576902378646
4357046050427091211;500;neo4j;1548.951476793249;1620.2315789473685;True;0.40576902378646
4357046050427091211;3000;neo4j;2516.8813559322034;2932.5789473684213;True;0.40576902378646
4371885988685334114;100;neo4j;1740.2974683544303;1964.3705263157894;True;0.40576902378646
4376435179265440110;100;postgres;786.1947261663286;1290.6957403651115;True;2.1481481481481484
4376435179265440110;500;postgres;926.7441624365482;1193.394923857868;True;2.1481481481481484
4376435179265440110;1000;neo4j;1415.2235772357724;1360.894523326572;False;2.1481481481481484
4376435179265440110;3000;postgres;1036.4563894523326;1308.738336713996;True;2.1481481481481484
4376435179265440110;9000;neo4j;1303.6456211812626;1523.391480730223;True;2.1481481481481484
4376435179265440110;15000;neo4j;1389.0061224489796;1526.866125760649;True;2.1481481481481484
4382755889648527889;100;neo4j;1563.3354037267081;2082.801652892562;True;0.40576902378646
4382755889648527889;500;neo4j;2044.966735966736;2913.1345755693583;True;0.40576902378646
4393729520820948911;1000;neo4j;1825.3236607142858;1784.1333333333334;False;0.40576902378646
4402028814572909973;100;neo4j;1485.987341772152;1874.938947368421;True;0.40576902378646
4402028814572909973;500;neo4j;1706.928270042194;2356.4715789473685;True;0.40576902378646
4408077533316268804;100;postgres;1030.5577777777778;1439.0644444444445;True;2.1481481481481484
4409706447306874890;100;neo4j;1436.388392857143;2737.75723830735;True;0.40576902378646
4415259477754575886;100;neo4j;1562.2551440329219;2686.811475409836;True;0.40576902378646
4415259477754575886;1000;neo4j;1327.8189300411523;3161.098360655738;True;0.40576902378646
4415259477754575886;9000;neo4j;1303.346035015448;3033.9209445585216;True;0.40576902378646
4416432419295674644;100;neo4j;1481.7142857142858;1912.3347107438017;True;0.40576902378646
4416432419295674644;1000;neo4j;1824.8333333333333;2027.424430641822;True;0.40576902378646
4417367993319531843;500;neo4j;2463.7008928571427;2507.242222222222;True;0.40576902378646
4418265955436031880;500;neo4j;1652.3459915611813;2454.3284210526317;True;0.40576902378646
4418265955436031880;9000;neo4j;4845.411764705882;6853.671578947368;True;0.40576902378646
4421801000397892958;3000;neo4j;2599.848214285714;4150.9511111111115;True;0.40576902378646
4422018207048683882;1000;postgres;4264.082222222222;23378.15401785714;True;2.1481481481481484
4431369374423056775;1000;neo4j;1912.8687179487179;3577.0163265306123;True;0.40576902378646
4431369374423056775;3000;neo4j;2803.1454918032787;6015.297959183674;True;0.40576902378646
4431369374423056775;9000;neo4j;4773.795081967213;8876.073015873017;True;0.40576902378646
4440680777437443981;100;postgres;1411.581052631579;1430.565400843882;True;0.40576902378646
4453036992782425065;100;postgres;1219.76;1423.5663157894737;True;0.40576902378646
4453036992782425065;1000;neo4j;1252.198312236287;2491.6905263157896;True;0.40576902378646
4453861910228536379;100;postgres;882.9955555555556;1197.6377777777777;True;2.1481481481481484
4458042409602501047;100;neo4j;1425.1642710472279;1923.6352459016393;True;0.40576902378646
4458042409602501047;1000;neo4j;1851.977319587629;2888.11909650924;True;0.40576902378646
4458042409602501047;9000;neo4j;4769.448529411765;7102.734567901234;True;0.40576902378646
4461123307922673957;500;postgres;992.8977777777778;1506.6155555555556;True;2.1481481481481484
4466978486503613818;500;neo4j;1539.331223628692;1854.6947368421052;True;0.40576902378646
4466978486503613818;1000;neo4j;1878.570824524313;2038.2631578947369;True;0.40576902378646
4495190071245461079;9000;neo4j;1278.850210970464;2337.955789473684;True;0.40576902378646
4495190071245461079;15000;neo4j;1453.5675105485232;3082.9726315789476;True;0.40576902378646
4497556262491918752;100;neo4j;1493.2700421940929;1379.2652631578947;False;0.40576902378646
4497556262491918752;9000;neo4j;1313.5168776371308;3657.8568421052632;True;0.40576902378646
4498095840308661327;100;neo4j;1674.2873051224944;2466.871111111111;True;0.40576902378646
4504773287280016395;9000;postgres;858.9511111111111;1214.7015590200444;True;2.1481481481481484
4509318013151414978;100;postgres;1662.9326315789474;1679.4505263157894;True;0.40576902378646
4509318013151414978;1000;postgres;3524.724210526316;3812.627659574468;True;0.40576902378646
4512211502444576148;500;neo4j;1625.0200445434298;1988.8666666666666;True;0.40576902378646
4515122007691488685;100;postgres;1196.3491422805248;1474.6354903943377;True;2.1481481481481484
4515122007691488685;500;postgres;1359.5080710250202;1421.5359160613398;True;2.1481481481481484
4515122007691488685;1000;neo4j;1264.6214574898786;1477.1838383838383;True;2.1481481481481484
4515122007691488685;3000;postgres;1250.1434343434344;1272.0993914807302;True;2.1481481481481484
4522825983303919137;1000;neo4j;1993.879732739421;3248.94;True;0.40576902378646
4524604628270756295;100;neo4j;1417.4620253164558;1588.3052631578948;True;0.40576902378646
4527243647178999377;100;neo4j;1282.1397959183673;1246.3082400813835;False;0.40576902378646
4527243647178999377;1000;neo4j;1754.223241590214;1854.8921668362157;True;0.40576902378646
4527243647178999377;9000;neo4j;4675.0668789808915;4852.735772357723;True;0.40576902378646
4534946520256716868;100;neo4j;1515.8164556962026;2332.3515789473686;True;0.40576902378646
4534946520256716868;500;neo4j;4099.831111111111;4922.753684210526;True;0.40576902378646
4535940053343985013;100;neo4j;1590.064587973274;2101.137777777778;True;0.40576902378646
4543716116558186567;500;neo4j;2734.15644820296;4467.507368421053;True;0.40576902378646
4547743506895772969;100;neo4j;1489.3037974683543;2349.896842105263;True;0.40576902378646
4567133072829164348;15000;neo4j;1310.5357142857142;3692.0844444444447;True;0.40576902378646
4573362821973780380;9000;neo4j;1357.5501113585747;3215.188888888889;True;0.40576902378646
4575670565821940145;1000;neo4j;1908.6280623608018;3306.3866666666668;True;0.40576902378646
4579276211525586462;500;postgres;1080.635789473684;1672.1097046413502;True;2.1481481481481484
4580247388507946078;500;neo4j;1666.1775510204081;3047.776422764228;True;0.40576902378646
4580247388507946078;1000;neo4j;2028.6216768916156;3751.5;True;0.40576902378646
4580247388507946078;3000;neo4j;2929.559426229508;5345.839430894309;True;0.40576902378646
4589729700629537321;3000;neo4j;1498.9936575052855;3803.926315789474;True;0.40576902378646
4589729700629537321;15000;neo4j;1331.0189873417721;3881.5852631578946;True;0.40576902378646
4589807919407200719;100;neo4j;1560.577202072539;2758.3371251292656;True;0.40576902378646
4610155078393391626;100;neo4j;1357.6157786885246;1702.7918367346938;True;0.40576902378646
4610155078393391626;500;neo4j;1625.2615384615385;2265.026530612245;True;0.40576902378646
4610155078393391626;1000;neo4j;1741.9180327868853;2361.7224489795917;True;0.40576902378646
4623508568691477633;100;neo4j;1482.501113585746;1586.8422222222223;True;0.40576902378646
4633754270469104159;500;postgres;683.218947368421;1343.1663157894736;True;14.280303030303031
4633754270469104159;3000;postgres;1018.4926315789473;2546.1244725738397;True;14.280303030303031
4634248194497132557;1000;neo4j;1733.9265033407573;2882.197777777778;True;0.40576902378646
4639915060332960167;500;neo4j;1547.493670886076;2148.553684210526;True;0.40576902378646
4641244012547269446;100;postgres;898.3779128672745;1395.338399189463;True;2.1481481481481484
4641244012547269446;500;postgres;833.2004048582996;1171.1113360323886;True;2.1481481481481484
4641244012547269446;1000;neo4j;1256.6227180527383;1180.0162271805275;False;2.1481481481481484
4641244012547269446;9000;neo4j;1305.3659531090723;2057.4235055724416;True;2.1481481481481484
4641244012547269446;15000;neo4j;1408.3756345177665;2195.8299595141702;True;2.1481481481481484
4648181644699990419;100;neo4j;1530.5765673175745;2104.5261538461536;True;0.40576902378646
4648181644699990419;3000;neo4j;1551.69341563786;3747.075975359343;True;0.40576902378646
4648181644699990419;9000;neo4j;1368.3552361396303;3762.6004098360654;True;0.40576902378646
4659695156998644845;500;neo4j;1572.148148148148;2391.8562628336754;True;0.40576902378646
4659695156998644845;1000;neo4j;1857.2412371134021;3008.864476386037;True;0.40576902378646
4659695156998644845;3000;neo4j;2878.2345679012346;4283.3401639344265;True;0.40576902378646
4670510045319651098;3000;neo4j;2548.2984409799556;2926.5955555555556;True;0.40576902378646
4677754761264657178;3000;neo4j;2639.2834821428573;3037.48;True;0.40576902378646
4678769539852280662;100;neo4j;1487.76582278481;1573.0210526315789;True;0.40576902378646
4678769539852280662;3000;neo4j;1367.048523206751;3874.2105263157896;True;0.40576902378646
4679084161918376602;100;postgres;1197.3196721311476;1317.4118852459017;True;0.40576902378646
4679084161918376602;500;postgres;1475.1917948717949;1529.753846153846;True;0.40576902378646
4679084161918376602;3000;postgres;2071.2751540041068;2733.414432989691;True;0.40576902378646
4682998484889960232;3000;neo4j;2645.731981981982;4738.897777777778;True;0.40576902378646
4701786301696691982;100;neo4j;1497.6607142857142;1755.9622222222222;True;0.40576902378646
4702342798875794959;3000;neo4j;2739.7661469933187;4114.238307349666;True;0.40576902378646
4710647500810119952;100;postgres;1393.7536231884058;1444.910973084886;True;0.40576902378646
4710647500810119952;9000;postgres;4423.190082644628;4748.134146341464;True;0.40576902378646
4714447974476615794;3000;postgres;1568.9622222222222;2675.5704697986575;True;2.1481481481481484
4727086781211084254;3000;neo4j;1471.2553191489362;2235.966315789474;True;0.40576902378646
4727086781211084254;15000;neo4j;1324.6483050847457;2106.538947368421;True;0.40576902378646
4737959499426007730;500;neo4j;4953.066666666667;6929.006666666667;True;0.40576902378646
4738512377537525548;100;postgres;1210.141052631579;1322.4;True;2.1481481481481484
4743342200235847394;500;postgres;817.9747368421052;1164.3494736842106;True;2.1481481481481484
4743342200235847394;3000;neo4j;1359.0422832980973;1681.2084210526316;True;2.1481481481481484
4753294365454070101;100;neo4j;2092.7884187082404;2460.8888888888887;True;0.40576902378646
4764252504545443827;100;neo4j;1500.6358024691358;1445.0;False;0.40576902378646
4764252504545443827;3000;neo4j;2861.6556701030927;3021.4933333333333;True;0.40576902378646
4767628794932411739;100;postgres;1212.3;1346.92;True;0.40576902378646
4774566024494583485;100;neo4j;1481.537037037037;2286.94045174538;True;0.40576902378646
4774566024494583485;500;neo4j;1358.7535934291582;2129.3586065573772;True;0.40576902378646
4774566024494583485;1000;neo4j;1506.583162217659;2182.5081967213114;True;0.40576902378646
4774566024494583485;9000;neo4j;1310.0061728395062;2783.956878850103;True;0.40576902378646
4777555364182055805;100;neo4j;1424.814732142857;1710.7955555555557;True;0.40576902378646
4788224452306924983;500;neo4j;1928.1113585746102;2886.64;True;2.1481481481481484
4793230121412209949;100;neo4j;1295.8600823045267;1498.7145790554414;True;0.40576902378646
4793230121412209949;500;neo4j;1573.701646090535;1758.4118852459017;True;0.40576902378646
4793230121412209949;9000;neo4j;4419.234567901234;5030.104722792607;True;0.40576902378646
4795694675296039750;100;postgres;1368.7355555555555;1447.62;True;0.40576902378646
4800260931776010204;100;neo4j;1621.2874743326488;1830.25;True;0.40576902378646
4800260931776010204;500;postgres;2827.710769230769;2869.637408568443;True;0.40576902378646
4800260931776010204;1000;neo4j;3538.3711340206187;3721.4825462012323;True;0.40576902378646
4802275196400856029;100;neo4j;1740.350622406639;1774.9565517241379;True;0.40576902378646
4812567371484893431;100;postgres;1264.7288888888888;1507.6035634743876;True;2.1481481481481484
4813352676232280336;100;neo4j;1343.0995850622407;1295.0041407867495;False;2.1481481481481484
4813352676232280336;1000;neo4j;1929.768115942029;2055.4421487603304;True;2.1481481481481484
4813352676232280336;3000;postgres;2387.204968944099;2383.006237006237;False;2.1481481481481484
4824934416699454755;1000;neo4j;1846.1651785714287;3817.4266666666667;True;0.40576902378646
4826821428921132287;500;neo4j;1456.06875;1427.6915113871635;False;2.1481481481481484
4826821428921132287;1000;postgres;2447.1714876033056;3573.725;True;2.1481481481481484
4828303459348883028;3000;neo4j;2651.02004454343;5222.804444444444;True;0.40576902378646
4828973474960432161;100;neo4j;1422.5260469867212;1620.1119023397762;True;0.40576902378646
4828973474960432161;500;neo4j;1731.0936863543789;1958.5934959349593;True;0.40576902378646
4828973474960432161;1000;neo4j;1736.9714867617108;2275.5243902439024;True;0.40576902378646
4828973474960432161;9000;neo4j;4555.652065081352;5355.626653102747;True;0.40576902378646
4835640579109680537;100;neo4j;1431.9328859060402;2051.0466666666666;True;0.40576902378646
4844101236482558609;500;neo4j;1627.4792531120331;2357.896480331263;True;0.40576902378646
4844101236482558609;3000;neo4j;2603.935550935551;3845.51966873706;True;0.40576902378646
4844101236482558609;9000;neo4j;4552.145205479452;6674.952380952381;True;0.40576902378646
4844130484136711114;15000;neo4j;1332.165548098434;3216.5577777777776;True;0.40576902378646
4854780213911673063;100;postgres;1450.4044444444444;1436.1822222222222;False;0.40576902378646
4874894816484915832;500;neo4j;1372.4485596707818;2895.0881147540986;True;0.40576902378646
4874894816484915832;9000;neo4j;1316.6776519052523;3725.7548717948716;True;0.40576902378646
4874894816484915832;15000;neo4j;1413.477366255144;4079.841889117043;True;0.40576902378646
4876818473854518465;500;neo4j;1809.9175946547884;2311.3955555555553;True;0.40576902378646
4882339586454577870;100;neo4j;1543.7053941908714;1440.983436853002;False;2.1481481481481484
4904266080130449660;100;neo4j;1848.360801781737;2116.851111111111;True;0.40576902378646
4905602830088584466;100;neo4j;2236.942917547569;2106.557894736842;False;0.40576902378646
4905602830088584466;1000;postgres;6405.961945031712;28934.0;True;0.40576902378646
4907173806842509547;500;neo4j;1368.249443207127;1845.2155555555555;True;0.40576902378646
4911186353960094092;500;mongo;1003.3488888888888;942.0177777777777;False;14.280303030303031
4917563164768629095;100;neo4j;1628.0;2644.357894736842;True;0.40576902378646
4917563164768629095;1000;neo4j;4461.825242718447;5140.050526315789;True;0.40576902378646
4918280030936636528;500;postgres;758.3263654753878;1097.7296021577883;True;2.1481481481481484
4918280030936636528;1000;postgres;787.9595551061678;1197.607684529828;True;2.1481481481481484
4918280030936636528;3000;postgres;1458.2585858585858;1500.040733197556;True;2.1481481481481484
4918280030936636528;9000;neo4j;1269.0993914807302;1582.4838056680162;True;2.1481481481481484
4918280030936636528;15000;neo4j;1349.5691056910568;1619.2052578361981;True;2.1481481481481484
4918641992477343419;500;neo4j;1420.440488301119;2749.029381965552;True;0.40576902378646
4918641992477343419;1000;neo4j;1387.2662601626016;1747.8562753036438;True;0.40576902378646
4918641992477343419;3000;neo4j;1375.2912423625255;3216.508097165992;True;0.40576902378646
4918641992477343419;15000;neo4j;1361.9521384928717;3675.1984810126582;True;0.40576902378646
4937627862133058739;1000;postgres;2922.277777777778;3119.058035714286;True;2.1481481481481484
4942252356738335392;100;neo4j;1497.1680327868853;1690.7816326530613;True;0.40576902378646
4942252356738335392;500;neo4j;1482.7815384615385;2621.6438775510205;True;0.40576902378646
4942252356738335392;1000;neo4j;1519.1683778234087;3768.3326530612244;True;0.40576902378646
4942252356738335392;15000;neo4j;1417.0081967213114;3882.5367346938774;True;0.40576902378646
4947926941571921986;100;postgres;1437.0486039296795;1533.6608066184074;True;2.1481481481481484
4947926941571921986;500;postgres;1350.3395445134577;1433.486542443064;True;2.1481481481481484
4948081202319746508;100;postgres;1095.071283095723;1369.2057026476577;True;2.1481481481481484
4948081202319746508;500;postgres;1362.3597560975609;1715.2301425661915;True;2.1481481481481484
4948081202319746508;1000;postgres;1365.9979674796748;1609.193482688391;True;2.1481481481481484
4948081202319746508;3000;postgres;1842.3739837398373;2527.770325203252;True;2.1481481481481484
4948081202319746508;9000;postgres;3679.4979674796746;4895.105263157895;True;2.1481481481481484
4948081202319746508;15000;postgres;4938.295315682281;18160.54786150713;True;2.1481481481481484
4950540811177845709;100;postgres;821.0677618069815;1223.8627049180327;True;2.1481481481481484
4950540811177845709;1000;postgres;1028.7078189300412;1156.1334702258728;True;2.1481481481481484
4950540811177845709;9000;neo4j;1297.2327497425335;2051.48;True;2.1481481481481484
4952287512291397032;100;postgres;1331.7642105263158;1495.4050632911392;True;2.1481481481481484
4952287512291397032;15000;neo4j;1404.76008492569;2221.4210526315787;True;2.1481481481481484
4956768400069381178;100;postgres;1207.6947368421052;1446.7642105263158;True;2.1481481481481484
4956768400069381178;500;postgres;1365.4021052631579;1547.7936842105264;True;2.1481481481481484
4961745285941640790;100;neo4j;1427.9045643153527;1973.4120082815734;True;0.40576902378646
4963642270147836011;100;neo4j;1540.8814968814968;1694.6024844720496;True;0.40576902378646
4963642270147836011;500;neo4j;1324.3402489626556;1637.0764462809918;True;0.40576902378646
4963642270147836011;3000;neo4j;1444.7551867219918;3257.175983436853;True;0.40576902378646
4970694818808608384;1000;neo4j;2113.566390041494;3630.960580912863;True;0.40576902378646
4971090868917932865;500;neo4j;1701.5233853006682;2067.766666666667;True;0.40576902378646
4976204784530172824;100;neo4j;1408.482142857143;1722.7088888888889;True;0.40576902378646
4984810063227241945;100;neo4j;1366.1334702258728;2092.1618852459014;True;0.40576902378646
4984810063227241945;500;neo4j;1320.8703703703704;2344.700205338809;True;0.40576902378646
4984810063227241945;1000;neo4j;1396.2751540041068;2264.6004098360654;True;0.40576902378646
4984810063227241945;3000;neo4j;1240.3161157024792;2064.0965092402466;True;0.40576902378646
4985150180654362304;100;neo4j;1461.8857142857144;1988.888211382114;True;0.40576902378646
4985150180654362304;500;neo4j;1485.8755102040816;2050.5375253549696;True;0.40576902378646
4985150180654362304;1000;neo4j;2132.530612244898;2891.789046653144;True;0.40576902378646
4985150180654362304;3000;neo4j;2781.3693877551023;3924.473630831643;True;0.40576902378646
4988318199250381764;100;neo4j;1517.4146838885113;1780.1623815967523;True;0.40576902378646
4988318199250381764;500;neo4j;1305.7810590631364;1231.0385395537526;False;0.40576902378646
4988318199250381764;3000;neo4j;1432.7107942973523;2402.080121703854;True;0.40576902378646
4992939184942049469;1000;neo4j;2128.4775784753365;3479.0911111111113;True;0.40576902378646
4993950888931160425;100;neo4j;1397.7426160337552;2317.684210526316;True;0.40576902378646
4993950888931160425;500;neo4j;1461.972515856237;2389.981052631579;True;0.40576902378646
4994536293403350271;500;neo4j;1677.9151785714287;2727.748888888889;True;0.40576902378646
4994903797601483418;500;neo4j;1562.8930957683742;2401.5155555555557;True;0.40576902378646
5000812701819644021;100;neo4j;1665.4382716049383;2723.158110882957;True;0.40576902378646
5000812701819644021;500;neo4j;1594.3347022587268;3223.7008196721313;True;0.40576902378646
5000812701819644021;1000;neo4j;1409.0308008213553;2659.5143442622953;True;0.40576902378646
5000812701819644021;9000;neo4j;1349.0680412371134;3451.7392197125255;True;0.40576902378646
5001544293929511440;100;neo4j;1307.3229398663698;2027.891111111111;True;0.40576902378646
5003743577581343223;1000;postgres;1043.3263157894737;1288.6252631578948;True;2.1481481481481484
5003743577581343223;9000;neo4j;1305.746835443038;2598.7831578947366;True;2.1481481481481484
5003768501643499907;100;neo4j;1597.5647138964578;2170.4833898305083;True;0.40576902378646
5003768501643499907;1000;neo4j;1448.1590214067278;2449.1617497456764;True;0.40576902378646
5003768501643499907;15000;neo4j;1428.157786885246;2489.4349593495936;True;0.40576902378646
5008626891160969203;100;neo4j;1579.5995934959349;1731.2672064777328;True;0.40576902378646
5008626891160969203;500;neo4j;1395.354096140826;1642.6239027683998;True;0.40576902378646
5008626891160969203;1000;neo4j;1321.60183299389;1786.2462006079027;True;0.40576902378646
5008626891160969203;9000;neo4j;1310.739837398374;2851.6700404858298;True;0.40576902378646
5008626891160969203;15000;neo4j;1420.89837398374;2574.3299595141702;True;0.40576902378646
5013239167240222303;9000;neo4j;1251.6234567901236;1989.3572895277207;True;2.1481481481481484
5013239167240222303;15000;neo4j;1456.9883321894304;2753.561859193438;True;2.1481481481481484
5036536994344787831;100;postgres;1219.994299128102;1416.2621685129238;True;0.40576902378646
5036536994344787831;500;neo4j;1335.7207661290322;1589.036217303823;True;0.40576902378646
5036536994344787831;1000;neo4j;1581.8951612903227;2253.963782696177;True;0.40576902378646
5036536994344787831;3000;neo4j;1299.5605652759084;1810.3447350771294;True;0.40576902378646
5036536994344787831;9000;neo4j;1396.2647849462367;2676.2638981915607;True;0.40576902378646
5036536994344787831;15000;neo4j;1357.051144010767;2339.356329537843;True;0.40576902378646
5038396445364138925;9000;neo4j;4838.869565217391;8557.383248730965;True;0.40576902378646
5039903547457250685;500;neo4j;1550.271714922049;1857.36;True;0.40576902378646
5067314732210816776;100;neo4j;1983.05658436214;2022.3887179487178;True;0.40576902378646
5067314732210816776;500;postgres;5622.513347022587;20420.037037037036;True;0.40576902378646
5068245199112738631;9000;neo4j;4873.6949152542375;5677.118040089087;True;0.40576902378646
5069014671643130431;100;neo4j;1690.4677754677755;2984.7432712215323;True;0.40576902378646
5069014671643130431;500;neo4j;1453.6521739130435;3018.373966942149;True;0.40576902378646
5069014671643130431;3000;neo4j;1335.9564315352698;3948.24016563147;True;0.40576902378646
5071340673001783811;500;postgres;3456.5326315789475;4288.72553699284;True;2.1481481481481484
5078852879163573250;500;postgres;1523.7673469387755;1554.9020408163265;True;2.1481481481481484
5078852879163573250;3000;postgres;2559.8438775510203;2639.574206755374;True;2.1481481481481484
5084209680721016762;100;neo4j;1623.7004219409282;1900.0147368421053;True;0.40576902378646
5086200875250484993;500;neo4j;1670.4521158129176;2413.6711111111113;True;0.40576902378646
5089032977161818952;1000;neo4j;1802.899777282851;2358.1244444444446;True;0.40576902378646
5090683410679505951;500;postgres;911.7349896480331;1279.5010351966873;True;2.1481481481481484
5090683410679505951;9000;neo4j;1238.6645962732919;2007.3512396694214;True;2.1481481481481484
5090683410679505951;15000;neo4j;1343.2723492723492;2487.9937888198756;True;2.1481481481481484
5098196716152230410;9000;neo4j;4613.255384615384;4839.466666666666;True;2.1481481481481484
5098693526405511162;100;postgres;715.4646464646464;1261.0323232323233;True;2.1481481481481484
5098693526405511162;500;postgres;816.260606060606;1419.5182186234817;True;2.1481481481481484
5098693526405511162;1000;postgres;1168.5242261103633;1791.3088829071332;True;2.1481481481481484
5098693526405511162;3000;postgres;1916.7943548387098;2931.3632694248236;True;2.1481481481481484
5098693526405511162;9000;postgres;2420.6881937436933;4800.105590062112;True;2.1481481481481484
5098693526405511162;15000;postgres;4507.916246215944;18176.505549949547;True;2.1481481481481484
5100542165749969500;100;neo4j;1456.552338530067;1713.908888888889;True;0.40576902378646
5107956063525520296;100;postgres;970.3630831643002;1704.653767820774;True;2.1481481481481484
5107956063525520296;500;postgres;1397.4056795131846;1389.4888438133873;False;2.1481481481481484
5107956063525520296;1000;neo4j;1401.9836734693877;1365.0;False;2.1481481481481484
5107956063525520296;3000;neo4j;1331.0580448065173;1453.9847715736041;True;2.1481481481481484
5107956063525520296;9000;neo4j;1408.5977596741345;2639.848884381339;True;2.1481481481481484
5110652671339873797;3000;neo4j;3424.979865771812;4145.511111111111;True;0.40576902378646
5114707729326352490;100;neo4j;1745.4686098654709;2679.1844444444446;True;0.40576902378646
5123573233662941034;500;neo4j;1441.164810690423;2595.0222222222224;True;0.40576902378646
5132217028704022278;1000;neo4j;1872.611909650924;2587.598360655738;True;2.1481481481481484
5132217028704022278;3000;neo4j;3591.9399585921324;4658.069672131148;True;2.1481481481481484
5132217028704022278;9000;neo4j;4680.736526946108;5370.560574948665;True;2.1481481481481484
5140558166930360594;100;postgres;1312.4231578947367;1440.296842105263;True;0.40576902378646
5140558166930360594;1000;neo4j;1393.379746835443;2737.1557894736843;True;0.40576902378646
5145699040459185510;100;neo4j;1753.8266384778012;2396.357894736842;True;0.40576902378646
5156761752207896840;100;neo4j;1332.1825726141078;1874.144927536232;True;0.40576902378646
5156761752207896840;500;neo4j;1553.343685300207;2158.960743801653;True;0.40576902378646
5156761752207896840;3000;neo4j;2608.5302713987476;3037.192546583851;True;0.40576902378646
5171482786720269397;500;neo4j;1512.0121951219512;2756.158746208291;True;0.40576902378646
5171482786720269397;1000;neo4j;1307.2012195121952;3334.846153846154;True;0.40576902378646
5171482786720269397;3000;neo4j;1363.655172413793;2981.561172901921;True;0.40576902378646
5171482786720269397;9000;neo4j;1370.9142857142858;3656.582995951417;True;0.40576902378646
5171482786720269397;15000;neo4j;1404.1572881355933;3702.0903573836817;True;0.40576902378646
5175401758409031451;100;neo4j;1501.195991091314;3100.717777777778;True;0.40576902378646
5185368923685255472;500;neo4j;2870.2048997772827;3156.5666666666666;True;0.40576902378646
5206296607846935853;500;neo4j;1560.7616033755273;1634.1073684210526;True;0.40576902378646
5206296607846935853;1000;neo4j;1885.126582278481;2052.882105263158;True;0.40576902378646
5208293331801981119;100;neo4j;1859.622767857143;3550.8933333333334;True;0.40576902378646
5213096934715077152;500;neo4j;1579.3817427385893;1938.5486542443064;True;0.40576902378646
5213096934715077152;3000;neo4j;2788.735416666667;3870.2676348547716;True;0.40576902378646
5213552895087825586;1000;neo4j;1400.4721603563473;1483.6955555555555;True;0.40576902378646
5223853072882824892;100;neo4j;1580.970464135021;2430.5073684210524;True;0.40576902378646
5238516466910165669;3000;neo4j;1487.6849894291754;1831.8357894736841;True;2.1481481481481484
5238516466910165669;15000;neo4j;1593.620253164557;3280.922105263158;True;2.1481481481481484
5248968730913874096;100;neo4j;1488.8307349665924;2236.7933333333335;True;0.40576902378646
5250211424285324727;100;postgres;1329.4025710419485;1412.214624238321;True;2.1481481481481484
5250211424285324727;500;postgres;1498.1754563894524;1550.8272357723577;True;2.1481481481481484
5251334780437825912;500;neo4j;1798.5190156599554;2926.508888888889;True;0.40576902378646
5253781330196685061;500;neo4j;1593.3830734966593;2210.1466666666665;True;0.40576902378646
5262132187125352066;100;neo4j;1498.9336099585062;2335.1962809917354;True;0.40576902378646
5262180595156701638;500;postgres;807.483076923077;1164.0205128205127;True;2.1481481481481484
5262180595156701638;3000;neo4j;1294.3045267489713;1258.7186858316222;False;2.1481481481481484
5262180595156701638;9000;neo4j;1258.1810699588477;1928.1823770491803;True;2.1481481481481484
5273720711980555008;100;neo4j;1392.1455696202531;2516.044210526316;True;0.40576902378646
5278382984790960961;100;neo4j;1562.5360169491526;1680.877894736842;True;0.40576902378646
5278382984790960961;1000;postgres;4609.9157894736845;4607.866096866097;False;0.40576902378646
5302986612871203940;1000;neo4j;1374.2029769959404;2178.977732793522;True;0.40576902378646
5302986612871203940;3000;neo4j;1470.060081466395;3328.0405268490376;True;0.40576902378646
5302986612871203940;9000;neo4j;1353.277551020408;3041.7241379310344;True;0.40576902378646
5302986612871203940;15000;neo4j;1310.6051020408163;3200.482793522267;True;0.40576902378646
5310330488411565811;500;neo4j;1432.1138716356108;1358.2004132231405;False;0.40576902378646
5310330488411565811;1000;neo4j;1378.918918918919;1680.9710144927535;True;0.40576902378646
5310330488411565811;3000;neo4j;1643.920997920998;3892.935817805383;True;0.40576902378646
5312357934696303765;100;neo4j;1863.9261603375528;2385.4084210526316;True;0.40576902378646
5312357934696303765;1000;neo4j;2004.9894291754756;3944.9284210526316;True;0.40576902378646
5316870681666191450;100;postgres;860.5894736842105;1295.3565400843881;True;2.1481481481481484
5316870681666191450;1000;postgres;1397.9705263157896;1779.7094736842105;True;2.1481481481481484
5319301555773514394;1000;neo4j;1741.3630289532293;3589.8444444444444;True;0.40576902378646
5323825588506649051;100;neo4j;1550.8857142857144;1813.0081300813008;True;0.40576902378646
5323825588506649051;500;postgres;3425.2743902439024;3569.030737704918;True;0.40576902378646
5327695371455149476;100;postgres;881.6317241379311;1299.2532781228433;True;2.1481481481481484
5330466651416252739;1000;neo4j;1359.1982182628062;1642.3466666666666;True;0.40576902378646
5330718611700897910;100;neo4j;1846.1831275720165;2260.3688524590166;True;0.40576902378646
5330718611700897910;500;neo4j;1456.8721649484537;2438.983572895277;True;0.40576902378646
5330718611700897910;3000;neo4j;1459.7057613168724;2360.9076923076923;True;0.40576902378646
5339282866568473281;100;postgres;1305.3078512396694;1331.9421487603306;True;0.40576902378646
5339282866568473281;9000;neo4j;1222.804979253112;2463.608695652174;True;0.40576902378646
5339282866568473281;15000;neo4j;1346.0207468879669;2505.946169772257;True;0.40576902378646
5359736074125503781;3000;neo4j;2606.0412698412697;3649.4726315789476;True;0.40576902378646
5361193217007111717;100;postgres;617.9571428571429;1110.4122448979592;True;14.280303030303031
5361193217007111717;1000;postgres;2296.1551020408165;5083.038775510204;True;14.280303030303031
5364554835927879892;9000;neo4j;1314.595982142857;2625.248888888889;True;0.40576902378646
5376447224146146878;100;neo4j;1562.9750778816199;2472.485507246377;True;0.40576902378646
5376447224146146878;1000;neo4j;2053.4979253112033;4870.293388429752;True;0.40576902378646
5385452811400269000;100;neo4j;1645.2460850111856;2353.568888888889;True;0.40576902378646
5387328610238367396;100;neo4j;1466.3306205493388;1677.2654508611956;True;0.40576902378646
5387328610238367396;1000;neo4j;2337.758130081301;2339.574898785425;True;0.40576902378646
5387328610238367396;3000;neo4j;2872.214285714286;4025.7748478701824;True;0.40576902378646
5387328610238367396;9000;neo4j;4858.557142857143;6127.62677484787;True;0.40576902378646
5389850693796701204;3000;neo4j;2559.5602678571427;4693.64;True;0.40576902378646
5407928157323162812;100;neo4j;1507.4231433506045;1574.29111747851;True;0.40576902378646
5407928157323162812;500;neo4j;1438.9330914953648;2238.1756322761944;True;0.40576902378646
5407928157323162812;1000;neo4j;1406.3925120772947;2088.56678700361;True;0.40576902378646
5407928157323162812;3000;neo4j;1454.808596373405;2147.277406417112;True;0.40576902378646
5407928157323162812;9000;neo4j;1373.143490528013;3301.869286287089;True;0.40576902378646
5407928157323162812;15000;neo4j;1356.1910519951632;3109.6796311146754;True;0.40576902378646
5410294649952048386;100;neo4j;1494.9867075664622;3208.7474541751526;True;0.40576902378646
5410294649952048386;500;neo4j;1666.7075664621677;3070.1382113821137;True;0.40576902378646
5410294649952048386;3000;neo4j;2912.1820040899797;5028.160569105691;True;0.40576902378646
5410294649952048386;9000;neo4j;4622.429032258065;8945.777777777777;True;0.40576902378646
5410385908106914672;100;postgres;812.4555555555555;1612.9733333333334;True;2.1481481481481484
5413671066199565272;100;neo4j;1464.4944320712696;1425.9911111111112;False;0.40576902378646
5415221220816637711;9000;neo4j;4927.285714285715;8694.580110497238;True;0.40576902378646
5416601852897259614;1000;neo4j;2157.5401785714284;3520.4866666666667;True;0.40576902378646
5417465298170475465;100;neo4j;1395.164810690423;2185.0755555555556;True;0.40576902378646
5423020749723056959;100;postgres;574.34;966.8066666666666;True;14.280303030303031
5433453865291437777;100;neo4j;1445.507399577167;1647.3052631578948;True;0.40576902378646
5434615217429814103;100;neo4j;1334.2611607142858;2571.182222222222;True;0.40576902378646
5436961904390642996;3000;neo4j;2970.5959821428573;2924.682222222222;False;2.1481481481481484
5442355129992800342;500;neo4j;3394.9887892376682;3372.3155555555554;False;0.40576902378646
5444454853020086605;9000;postgres;3917.1844444444446;4663.819587628866;True;0.40576902378646
5446068306253880448;500;postgres;1472.4733333333334;1495.6177777777777;True;2.1481481481481484
5454861746150378108;100;neo4j;1344.6612576064908;1742.921052631579;True;0.40576902378646
5454861746150378108;500;neo4j;1573.0700507614213;1744.4028340080972;True;0.40576902378646
5454861746150378108;1000;neo4j;1856.082145281738;2059.0627530364372;True;0.40576902378646
5454861746150378108;9000;neo4j;4530.424778761062;5126.685598377282;True;0.40576902378646
5456936052226783288;15000;neo4j;1313.5233853006682;3538.4622222222224;True;0.40576902378646
5459538003171853369;9000;neo4j;4756.026845637584;8224.868965517242;True;0.40576902378646
5461389132692339064;9000;neo4j;4898.724137931034;7302.525727069351;True;0.40576902378646
5468773637961384141;9000;neo4j;4789.462121212121;8355.098591549297;True;0.40576902378646
5473403024752546956;100;neo4j;1376.9487750556793;1650.0377777777778;True;0.40576902378646
5475078144932870756;3000;neo4j;1416.6215644820295;2331.4947368421053;True;0.40576902378646
5475078144932870756;9000;neo4j;1307.597046413502;2651.698947368421;True;0.40576902378646
5478050461100281106;9000;neo4j;4785.43795620438;4859.153333333334;True;0.40576902378646
5484885789159007185;500;neo4j;1479.515057113188;2472.5511892450877;True;0.40576902378646
5484885789159007185;9000;neo4j;1403.2178423236514;2791.9109730848863;True;0.40576902378646
5486669699480165382;100;neo4j;1515.2694672131147;1947.9897959183672;True;0.40576902378646
5486669699480165382;500;neo4j;1340.954918032787;1627.687755102041;True;0.40576902378646
5486669699480165382;15000;neo4j;1357.906762295082;3683.792857142857;True;0.40576902378646
5493468535583883465;100;neo4j;1451.4915611814347;1588.0147368421053;True;0.40576902378646
5493468535583883465;9000;neo4j;4757.162337662337;4737.688421052631;False;0.40576902378646
5498899749585258179;9000;postgres;2897.653333333333;4666.160337552743;True;14.280303030303031
5500536538076759562;100;neo4j;1564.3184855233853;1479.3022222222223;False;0.40576902378646
5503837698919266075;100;neo4j;1596.4498886414253;1870.2022222222222;True;0.40576902378646
5505496635485408344;100;neo4j;1454.229398663697;2056.8933333333334;True;0.40576902378646
5508967759134792772;100;neo4j;1451.517453798768;1883.091836734694;True;0.40576902378646
5508967759134792772;500;neo4j;1699.5983606557377;2017.4938775510204;True;0.40576902378646
5508967759134792772;1000;neo4j;1856.29012345679;2478.773469387755;True;0.40576902378646
5508967759134792772;3000;neo4j;2662.264887063655;3457.7224489795917;True;0.40576902378646
5508967759134792772;9000;neo4j;4810.372013651877;5101.642857142857;True;0.40576902378646
5510819102807609432;9000;neo4j;1373.4464285714287;3333.36;True;0.40576902378646
5518877400221737153;500;neo4j;1783.4535864978902;2718.7431578947367;True;0.40576902378646
5518877400221737153;9000;neo4j;4794.163841807909;7293.45665961945;True;0.40576902378646
5519077511538053557;100;neo4j;1453.8839662447258;1905.6442105263159;True;0.40576902378646
5519778755691890712;100;neo4j;1520.618069815195;2320.879098360656;True;0.40576902378646
5519778755691890712;1000;neo4j;2085.59587628866;3640.5010266940453;True;0.40576902378646
5519778755691890712;3000;neo4j;2736.166324435318;4059.1475409836066;True;0.40576902378646
5535559360605700569;100;neo4j;1474.4894514767932;2297.461052631579;True;0.40576902378646
5535559360605700569;1000;neo4j;1977.5527426160338;3915.1452631578945;True;0.40576902378646
5538151497547625503;500;neo4j;1557.3254557731264;1816.4747474747476;True;0.40576902378646
5538151497547625503;1000;neo4j;1734.1460446247465;1821.6606060606061;True;0.40576902378646
5538151497547625503;3000;neo4j;2412.6267748478704;2591.9232323232322;True;0.40576902378646
5538151497547625503;9000;neo4j;4437.299270072993;4805.109311740891;True;0.40576902378646
5540782288121118049;100;neo4j;1468.7639198218262;2601.5066666666667;True;0.40576902378646
5546448881229045391;500;neo4j;1572.204899777283;3596.249443207127;True;0.40576902378646
5555959410971175832;3000;neo4j;2864.324384787472;4304.073333333334;True;0.40576902378646
5556366266301609909;100;neo4j;1474.4074844074844;2020.6977225672879;True;0.40576902378646
5556366266301609909;1000;neo4j;1995.8858921161825;2444.714876033058;True;0.40576902378646
5561613688855469990;1000;neo4j;1965.9703389830509;3011.8126315789473;True;0.40576902378646
5567264031995499744;1000;neo4j;1786.3482142857142;3014.9266666666667;True;0.40576902378646
5569223570165696314;100;postgres;1474.382707774799;1459.7446308724832;False;0.40576902378646
5569223570165696314;500;neo4j;1322.4314516129032;1757.9464166108507;True;0.40576902378646
5569223570165696314;1000;neo4j;1391.1779717931497;1826.5160857908847;True;0.40576902378646
5569223570165696314;3000;neo4j;1406.1775983854693;2907.0814070351757;True;0.40576902378646
5569223570165696314;9000;neo4j;1296.7235673930588;2614.0048192771083;True;0.40576902378646
5569223570165696314;15000;neo4j;1309.9144869215293;2654.617469879518;True;0.40576902378646
5583591783156248783;1000;neo4j;2185.350622406639;4213.134575569358;True;0.40576902378646
5583591783156248783;3000;neo4j;2980.8033126293994;5995.56314699793;True;0.40576902378646
5616400302968271686;100;neo4j;1423.9472573839662;2178.0547368421053;True;0.40576902378646
5616400302968271686;3000;neo4j;2963.936440677966;4856.30947368421;True;0.40576902378646
5617510144668734022;500;neo4j;1563.1982182628062;2444.0177777777776;True;0.40576902378646
5639183456721914367;9000;postgres;4813.9;4915.0;True;2.1481481481481484
5639228393184476633;9000;neo4j;4674.48064516129;6921.797777777778;True;0.40576902378646
5643283541426986774;100;neo4j;1456.3630705394191;1881.5031055900622;True;0.40576902378646
5643283541426986774;500;neo4j;1501.7551867219918;1789.638429752066;True;0.40576902378646
5645528311713269004;500;postgres;1233.9684210526316;1246.3852631578948;True;2.1481481481481484
5645528311713269004;3000;neo4j;1398.4767932489451;1580.8;True;2.1481481481481484
5645932708983841900;3000;postgres;1813.3726315789474;2795.040254237288;True;14.280303030303031
5645932708983841900;15000;postgres;4669.686315789474;14043.13052631579;True;14.280303030303031
5646237379063164568;100;neo4j;1437.3065539112051;1902.1515789473685;True;0.40576902378646
5646237379063164568;500;neo4j;1578.0590717299579;2388.0;True;0.40576902378646
5653097961270931210;100;neo4j;1416.659978880676;2033.8863157894737;True;0.40576902378646
5658960865002591843;100;neo4j;1660.3153526970955;2213.5403726708073;True;0.40576902378646
5658960865002591843;9000;neo4j;1292.1481865284975;3100.7983453981387;True;0.40576902378646
5660280600680046639;500;postgres;865.4714285714285;1182.9734151329244;True;0.40576902378646
5660280600680046639;1000;neo4j;1411.4276923076923;1624.2867346938776;True;0.40576902378646
5660280600680046639;3000;postgres;1208.9204081632654;1306.8627049180327;True;0.40576902378646
5660280600680046639;9000;neo4j;1479.4795081967213;2123.9591836734694;True;0.40576902378646
5662321701118212826;100;postgres;626.5173469387755;1042.469387755102;True;14.280303030303031
5662321701118212826;9000;postgres;2995.4632653061226;11868.375510204081;True;14.280303030303031
5662321701118212826;15000;postgres;5834.781186094069;19076.24081632653;True;14.280303030303031
5695366282730021544;100;postgres;863.7631851085832;1407.0796277145812;True;2.1481481481481484
5695366282730021544;3000;postgres;5671.184265010352;28546.0;True;2.1481481481481484
5711066561672110822;100;neo4j;1437.182628062361;2153.971111111111;True;0.40576902378646
5716674029087508827;500;neo4j;1474.3987341772151;2082.4905263157893;True;0.40576902378646
5716674029087508827;15000;neo4j;1294.0549682875264;2608.341052631579;True;0.40576902378646
5716693611716872390;100;neo4j;1390.2489795918368;2458.4959349593496;True;0.40576902378646
5716693611716872390;500;neo4j;1700.1521961184883;3990.1546286876905;True;0.40576902378646
5731059930125300756;100;postgres;1188.7670396744659;1688.2309257375382;True;2.1481481481481484
5735454426847853064;9000;neo4j;4798.837438423645;8781.854251012146;True;0.40576902378646
5742504891104958874;500;neo4j;1539.9356846473029;3268.391304347826;True;0.40576902378646
5742504891104958874;3000;neo4j;1401.0703933747411;2323.8677685950415;True;0.40576902378646
5742504891104958874;15000;neo4j;1301.027027027027;3236.246376811594;True;0.40576902378646
5743147211319887222;1000;neo4j;1879.1223628691982;1869.0336842105264;False;2.1481481481481484
5743147211319887222;9000;neo4j;4908.625;4835.597894736842;False;2.1481481481481484
5755920539766019477;100;neo4j;1504.2898550724638;1344.357438016529;False;0.40576902378646
5755920539766019477;500;neo4j;1512.8670820353063;2459.8643892339546;True;0.40576902378646
5765871667095525341;500;neo4j;2148.988864142539;2646.58;True;0.40576902378646
5771652216708352702;100;neo4j;1595.1964285714287;1924.7844444444445;True;0.40576902378646
5773441925639100410;100;neo4j;1459.1881638846737;1462.7447129909365;True;0.40576902378646
5773441925639100410;500;neo4j;1379.1099899091826;1837.9346076458753;True;0.40576902378646
5773441925639100410;1000;neo4j;1360.979797979798;1856.4728370221328;True;0.40576902378646
5773441925639100410;3000;neo4j;1410.1604439959638;1601.6287726358148;True;0.40576902378646
5773441925639100410;9000;neo4j;1328.5524193548388;2674.6911468812878;True;0.40576902378646
5773441925639100410;15000;neo4j;1362.8580808080808;2922.0518891687657;True;0.40576902378646
5778074154933205916;500;neo4j;1630.3340248962656;2477.1739130434785;True;0.40576902378646
5778074154933205916;1000;neo4j;2091.124481327801;3189.3788819875776;True;0.40576902378646
5778074154933205916;3000;neo4j;2816.817427385892;3853.7975206611573;True;0.40576902378646
5778283478472109328;15000;neo4j;1320.8816964285713;3281.491111111111;True;0.40576902378646
5792613558349454696;100;neo4j;1362.1710794297353;1728.4349593495936;True;0.40576902378646
5792613558349454696;500;neo4j;1640.9551020408164;2051.9979674796746;True;0.40576902378646
5792613558349454696;1000;neo4j;1911.2678207739307;2215.2510162601625;True;0.40576902378646
5792613558349454696;3000;neo4j;2820.79345603272;3380.875763747454;True;0.40576902378646
5792613558349454696;9000;neo4j;4629.829457364341;6138.061099796334;True;0.40576902378646
5794832710217745243;100;neo4j;1339.0489977728284;2577.6844444444446;True;0.40576902378646
5800696778223532823;3000;neo4j;3174.5116279069766;4548.037894736842;True;0.40576902378646
5802402265317097606;100;postgres;1009.2379032258065;1428.4044489383216;True;2.1481481481481484
5802402265317097606;500;postgres;1007.1856710393541;1218.521212121212;True;2.1481481481481484
5802402265317097606;1000;postgres;1478.6975806451612;1507.819374369324;True;2.1481481481481484
5802402265317097606;3000;neo4j;1397.9722972972972;1582.6430976430977;True;2.1481481481481484
5802402265317097606;9000;neo4j;1372.739614994934;1765.0444444444445;True;2.1481481481481484
5804769346532838474;100;neo4j;1697.053452115813;2560.4333333333334;True;0.40576902378646
5807067889361935726;100;neo4j;1525.913140311804;1895.9822222222222;True;0.40576902378646
5817152135548445042;1000;neo4j;1467.0527426160338;2260.4926315789476;True;0.40576902378646
5817152135548445042;3000;neo4j;1449.6856540084389;1980.2084210526316;True;0.40576902378646
5819340622713286740;3000;neo4j;2869.7946428571427;4321.606666666667;True;0.40576902378646
5829886005468403501;100;neo4j;1434.8316008316008;1744.3850931677018;True;0.40576902378646
5829886005468403501;3000;neo4j;1362.0767634854772;3406.75;True;0.40576902378646
5829886005468403501;9000;neo4j;1304.9330543933054;3441.022774327122;True;0.40576902378646
5834342123852753324;9000;neo4j;4728.685039370079;5934.742222222222;True;0.40576902378646
5836632896192132813;500;postgres;724.3333333333334;1392.3830227743272;True;14.280303030303031
5836632896192132813;3000;postgres;1689.4938016528927;2486.79375;True;14.280303030303031
5836632896192132813;9000;postgres;3046.75983436853;4893.148148148148;True;14.280303030303031
5849097989878732809;100;neo4j;1511.7904564315352;2356.422360248447;True;0.40576902378646
5849097989878732809;3000;neo4j;2959.8395833333334;4593.4016563147;True;0.40576902378646
5859182835041635332;3000;postgres;2123.68115942029;2918.2520833333333;True;2.1481481481481484
5859182835041635332;9000;postgres;4905.478260869565;27372.266475644697;True;2.1481481481481484
5859254473806996859;100;neo4j;2108.4441964285716;2016.42;False;0.40576902378646
5860065544297083765;100;postgres;2091.443882709808;2376.1573604060914;True;0.40576902378646
5860065544297083765;500;postgres;4054.823886639676;4518.687845303867;True;0.40576902378646
5860065544297083765;1000;neo4j;4245.921171171171;4543.30839231547;True;0.40576902378646
5862733684318313920;100;neo4j;1660.049896049896;1707.2753623188405;True;0.40576902378646
5862733684318313920;9000;neo4j;1251.5114345114346;2597.2215320910973;True;0.40576902378646
5862733684318313920;15000;neo4j;1318.0786749482402;2556.621900826446;True;0.40576902378646
5868855570061413019;100;neo4j;1453.3273942093542;2068.3955555555553;True;0.40576902378646
5875718575240205075;1000;neo4j;1814.8016443987667;2293.127049180328;True;0.40576902378646
5875718575240205075;3000;neo4j;2901.1714876033056;3080.246406570842;True;0.40576902378646
5885546580582353764;100;neo4j;1943.1580041580041;2514.6356107660454;True;0.40576902378646
5885546580582353764;15000;neo4j;1504.5103734439833;3303.5387797311273;True;0.40576902378646
5886596981376127229;500;postgres;2145.2505133470227;4691.679347826087;True;14.280303030303031
5888878149548264107;1000;neo4j;2159.86859688196;4358.7733333333335;True;0.40576902378646
5891390962599358429;100;neo4j;1360.6331967213114;1275.8285714285714;False;0.40576902378646
5891390962599358429;500;neo4j;1647.877300613497;1668.265306122449;True;0.40576902378646
5891390962599358429;3000;postgres;2709.0;2815.8504098360654;True;0.40576902378646
5891390962599358429;9000;neo4j;4903.706896551724;5004.510204081633;True;0.40576902378646
5893594624922640028;100;neo4j;1360.8435517970402;1420.4294736842105;True;0.40576902378646
5893594624922640028;3000;neo4j;2377.877378435518;2698.067368421053;True;0.40576902378646
5895473172555763567;100;neo4j;1500.5147679324893;2088.936842105263;True;0.40576902378646
5895473172555763567;9000;neo4j;4896.510204081633;7746.111814345992;True;0.40576902378646
5896318729371520181;1000;neo4j;1975.835189309577;2555.5866666666666;True;0.40576902378646
5897379912763917991;100;neo4j;1437.8680089485458;2455.817777777778;True;0.40576902378646
5901670165386940992;15000;neo4j;1357.3763919821827;3666.8088888888888;True;0.40576902378646
5906496958719775160;500;neo4j;1560.904017857143;1480.9911111111112;False;0.40576902378646
5910193922027097194;500;neo4j;1633.7103594080338;3021.728421052632;True;0.40576902378646
5910193922027097194;9000;neo4j;4871.697674418605;8876.552036199095;True;0.40576902378646
5912189776611221043;500;neo4j;1642.0253164556962;2487.538947368421;True;0.40576902378646
5914753639352548704;1000;neo4j;2088.5485232067513;2110.5515789473684;True;0.40576902378646
5918637790316114906;100;neo4j;1443.0890868596882;2592.168888888889;True;0.40576902378646
5921539581227958474;3000;neo4j;2924.2561247216036;3465.351111111111;True;0.40576902378646
5922958655594018315;100;neo4j;1672.2156057494867;3248.0979591836735;True;0.40576902378646
5922958655594018315;1000;neo4j;1524.4651639344263;4232.867346938776;True;0.40576902378646
5922958655594018315;3000;neo4j;1486.9139344262296;3835.3102040816325;True;0.40576902378646
5922958655594018315;9000;neo4j;1314.9630390143736;3604.557142857143;True;0.40576902378646
5922958655594018315;15000;neo4j;1348.858316221766;3773.8244897959185;True;0.40576902378646
5923002263897518223;100;neo4j;1629.5239085239086;2834.5486542443064;True;0.40576902378646
5923002263897518223;500;neo4j;1427.6701244813278;2975.4679089026913;True;0.40576902378646
5923002263897518223;9000;neo4j;1379.399585921325;3731.5475206611573;True;0.40576902378646
5924333401567263561;1000;neo4j;1788.2257383966244;2166.8505263157895;True;0.40576902378646
5924333401567263561;9000;postgres;4637.9073684210525;4921.166666666667;True;0.40576902378646
5925631308366978494;100;neo4j;1450.3174273858922;2218.919254658385;True;0.40576902378646
5925631308366978494;9000;neo4j;4830.887640449439;8281.3282937365;True;0.40576902378646
5933687442628233442;500;neo4j;1662.5478841870824;2249.8955555555553;True;0.40576902378646
5944985292157549540;100;postgres;1245.5422222222223;1458.9333333333334;True;0.40576902378646
5947284626184853258;9000;neo4j;4717.491638795987;7834.4103114930185;True;0.40576902378646
5960114202768520784;3000;postgres;2338.3888888888887;2613.7651006711408;True;2.1481481481481484
5967069896472678376;1000;neo4j;1428.7883817427387;2303.0372670807456;True;0.40576902378646
5967069896472678376;15000;neo4j;1302.3554404145077;3153.572905894519;True;0.40576902378646
5973769856620448192;1000;neo4j;1359.5514403292182;1600.252049180328;True;0.40576902378646
5973769856620448192;3000;neo4j;1464.5802469135801;2193.139630390144;True;0.40576902378646
5973769856620448192;9000;neo4j;1388.2915811088296;3155.409836065574;True;0.40576902378646
5973769856620448192;15000;neo4j;1524.4115226337449;3943.6673511293634;True;0.40576902378646
5974380146517149184;100;neo4j;1634.314031180401;2319.4155555555553;True;0.40576902378646
5977659869415509245;100;neo4j;1596.2118644067796;2166.204210526316;True;0.40576902378646
5977659869415509245;500;neo4j;2704.4820295983086;3886.728421052632;True;0.40576902378646
5980280963167919123;100;neo4j;1837.7484143763213;1979.9452631578947;True;0.40576902378646
5982466854000436152;1000;neo4j;1867.5513392857142;2307.862222222222;True;0.40576902378646
5990245324121103853;100;postgres;1390.0;1427.7977777777778;True;2.1481481481481484
6003749780346662346;100;neo4j;1483.84855233853;2070.8777777777777;True;0.40576902378646
6006906626162987288;1000;neo4j;1535.2214285714285;2340.060975609756;True;0.40576902378646
6006906626162987288;3000;neo4j;1379.8408163265306;2984.3082400813837;True;0.40576902378646
6006906626162987288;9000;neo4j;1281.4918367346938;2546.088504577823;True;0.40576902378646
6035569127364925393;100;neo4j;1556.234693877551;1630.3299389002036;True;0.40576902378646
6035569127364925393;500;neo4j;1438.725971370143;1922.5081300813008;True;0.40576902378646
6035569127364925393;3000;neo4j;1313.957011258956;1611.0396744659206;True;0.40576902378646
6035569127364925393;9000;neo4j;1277.3849287169044;2478.8252032520327;True;0.40576902378646
6035569127364925393;15000;neo4j;1265.2953156822812;2042.2764227642276;True;0.40576902378646
6039915015557696696;9000;neo4j;1312.4855233853007;2648.4622222222224;True;0.40576902378646
6041468693350349300;100;postgres;839.0222672064777;1331.6194331983806;True;2.1481481481481484
6041468693350349300;1000;postgres;1195.0334685598377;1735.0498474059002;True;2.1481481481481484
6041468693350349300;3000;postgres;1885.1451721809588;2749.657394843962;True;2.1481481481481484
6041468693350349300;9000;postgres;2825.3987854251013;4741.351449275362;True;2.1481481481481484
6045321278204704508;500;neo4j;1612.7568710359408;2009.9242105263158;True;0.40576902378646
6045321278204704508;9000;neo4j;4757.107843137255;4866.547368421053;True;0.40576902378646
6045614919224892697;100;neo4j;1445.3477366255145;1386.52977412731;False;0.40576902378646
6045614919224892697;1000;neo4j;1426.8542094455852;1403.247950819672;False;0.40576902378646
6045614919224892697;3000;neo4j;1286.351851851852;2631.6659836065573;True;0.40576902378646
6045614919224892697;9000;neo4j;1333.4897119341563;3418.3511293634497;True;0.40576902378646
6049919751840135324;500;postgres;3295.0022222222224;3391.456570155902;True;0.40576902378646
6059082588762000963;100;neo4j;1688.8552338530067;2025.7755555555555;True;0.40576902378646
6060061873406280289;100;neo4j;1389.9128630705395;1635.0207039337474;True;0.40576902378646
6060061873406280289;500;neo4j;1643.4605809128632;2060.5983436853003;True;0.40576902378646
6060061873406280289;1000;neo4j;2089.600414078675;2359.0206611570247;True;0.40576902378646
6072609984358472914;100;neo4j;1473.2806236080178;1958.1533333333334;True;0.40576902378646
6072704197946584965;100;postgres;1340.1929824561403;1381.8370520622043;True;0.40576902378646
6072704197946584965;3000;neo4j;1470.024415055951;2668.7047522750254;True;0.40576902378646
6072704197946584965;15000;neo4j;1341.6724225495175;3107.9272359777665;True;0.40576902378646
6079944415408147363;100;postgres;1175.4333333333334;1346.3622222222223;True;0.40576902378646
6080560130574856177;100;neo4j;1302.478841870824;2181.74;True;0.40576902378646
6085608012517089869;500;neo4j;2807.7861915367484;2771.72;False;0.40576902378646
6095850063032474994;500;postgres;1368.1705263157894;1453.5949367088608;True;0.40576902378646
6095850063032474994;9000;postgres;4547.871308016877;26014.87315010571;True;0.40576902378646
6099361836995198340;9000;neo4j;1515.590717299578;3851.338947368421;True;0.40576902378646
6099361836995198340;15000;neo4j;1240.1165254237287;2757.338947368421;True;0.40576902378646
6100245412723762295;500;neo4j;1527.0561569688768;1577.0188933873144;True;0.40576902378646
6100245412723762295;1000;neo4j;2169.359756097561;2055.0546558704455;False;0.40576902378646
6100245412723762295;3000;neo4j;2903.3979591836733;2937.182555780933;True;0.40576902378646
6101663781689786793;100;neo4j;1512.4452495974235;1389.1848436246992;False;0.40576902378646
6101663781689786793;500;neo4j;1391.5350241545893;1794.0084235860409;True;0.40576902378646
6101663781689786793;1000;neo4j;1321.3158376005852;1809.1227910366188;True;0.40576902378646
6101663781689786793;3000;neo4j;1415.202213279678;2454.519050802139;True;0.40576902378646
6101663781689786793;9000;neo4j;1369.783309352518;2959.360171919771;True;0.40576902378646
6101663781689786793;15000;neo4j;1341.4497234791352;2850.36122244489;True;0.40576902378646
6108289690992007831;500;neo4j;2420.6392405063293;3494.016842105263;True;0.40576902378646
6110262331357099103;100;neo4j;1571.6371308016878;1750.9642105263158;True;0.40576902378646
6110262331357099103;500;postgres;3719.2863157894735;4299.900485436893;True;0.40576902378646
6113274652996133645;9000;neo4j;4880.324675324675;8700.745042492917;True;0.40576902378646
6123855792281854719;100;neo4j;1620.8641425389756;2659.02;True;0.40576902378646
6125059177722119175;1000;neo4j;1613.075892857143;2920.8155555555554;True;0.40576902378646
6125266700812000818;100;neo4j;1359.037422037422;1243.8115942028985;False;0.40576902378646
6125266700812000818;500;neo4j;1490.068607068607;2556.790890269151;True;0.40576902378646
6125266700812000818;3000;neo4j;1372.393374741201;2520.1962809917354;True;0.40576902378646
6131199456104076946;100;neo4j;1566.042316258352;1597.72;True;0.40576902378646
6142840522258834137;9000;neo4j;4744.688442211055;5842.58;True;0.40576902378646
6143266762331186035;500;mongo;807.7722567287784;869.6045548654245;True;14.280303030303031
6143266762331186035;1000;mongo;673.0;633.0186335403727;False;14.280303030303031
6143266762331186035;15000;mongo;930.7293388429752;1229.0600414078674;True;14.280303030303031
6144479911199903239;500;neo4j;1568.2114164904863;1513.6968421052632;False;2.1481481481481484
6144479911199903239;3000;neo4j;2825.2959830866807;2886.362105263158;True;2.1481481481481484
6148415941960067061;100;neo4j;1460.9887295081967;1465.6979591836734;True;0.40576902378646
6148415941960067061;500;neo4j;1319.360655737705;2066.138775510204;True;0.40576902378646
6148415941960067061;9000;neo4j;1274.597137014315;2521.612244897959;True;0.40576902378646
6148415941960067061;15000;neo4j;1313.0;2542.965306122449;True;0.40576902378646
6150368096895214572;100;neo4j;1442.0020576131687;2440.016427104723;True;0.40576902378646
6150368096895214572;1000;neo4j;1318.8090349075976;1752.875;True;0.40576902378646
6150368096895214572;3000;neo4j;1460.6014418125644;2977.511794871795;True;0.40576902378646
6168051656989246146;100;neo4j;1468.1030303030302;1730.6132930513595;True;0.40576902378646
6168051656989246146;500;neo4j;1614.3175164058557;1987.8626069451434;True;0.40576902378646
6168051656989246146;1000;neo4j;1760.4645030425963;2417.2862903225805;True;0.40576902378646
6168051656989246146;3000;neo4j;2961.5206220419204;3903.476830087307;True;0.40576902378646
6168051656989246146;9000;neo4j;4846.788990825688;7174.621621621622;True;0.40576902378646
6168740178041897396;100;postgres;974.578093306288;1334.2396750169262;True;2.1481481481481484
6168740178041897396;500;postgres;1169.280487804878;1322.459349593496;True;2.1481481481481484
6168740178041897396;1000;postgres;992.239350912779;1306.0649087221095;True;2.1481481481481484
6168740178041897396;3000;postgres;1140.9107505070995;1328.668699186992;True;2.1481481481481484
6168740178041897396;9000;postgres;1027.4016227180527;1276.6247464503042;True;2.1481481481481484
6169347855890187016;100;neo4j;1626.7661469933184;1978.7577777777778;True;0.40576902378646
6169545201980741840;9000;neo4j;4886.51282051282;6858.037861915367;True;0.40576902378646
6173833612598305791;500;postgres;2949.9136842105263;3067.3044397463004;True;0.40576902378646
6173833612598305791;1000;postgres;3923.823157894737;4919.285714285715;True;0.40576902378646
6177503259314778938;9000;neo4j;1392.3652561247216;2299.5644444444442;True;0.40576902378646
6184059470523558657;100;neo4j;1490.4502074688796;2467.2277432712217;True;0.40576902378646
6184059470523558657;1000;neo4j;2081.890041493776;3712.254658385093;True;0.40576902378646
6184059470523558657;3000;neo4j;2998.2821576763486;5051.237603305785;True;0.40576902378646
6187185220356631838;9000;neo4j;1340.9487750556793;3676.968888888889;True;0.40576902378646
6187373095626766966;100;neo4j;1370.8370535714287;1704.7066666666667;True;0.40576902378646
6200439226761143438;100;postgres;914.2684210526315;1293.262105263158;True;2.1481481481481484
6221993639873759947;500;neo4j;1579.1514522821576;1959.5734989648033;True;0.40576902378646
6221993639873759947;1000;neo4j;1897.9647302904564;2669.2595656670114;True;0.40576902378646
6233718223374923264;100;neo4j;1465.6763392857142;2267.9155555555553;True;0.40576902378646
6234908303186164022;100;postgres;765.9406608226568;1088.014834794336;True;2.1481481481481484
6234908303186164022;500;postgres;613.1558704453441;847.0587044534414;True;2.1481481481481484
6234908303186164022;1000;postgres;1348.3259109311741;1457.491902834008;True;2.1481481481481484
6234908303186164022;3000;neo4j;1662.7505070993914;1696.7737373737373;True;2.1481481481481484
6234908303186164022;9000;neo4j;1525.4056795131846;2203.090909090909;True;2.1481481481481484
6234908303186164022;15000;neo4j;1576.0356415478616;1910.3478260869565;True;2.1481481481481484
6235554368285594860;100;neo4j;1605.8435517970402;1727.7915789473684;True;0.40576902378646
6239033509622230920;100;neo4j;1856.681434599156;2490.751578947368;True;0.40576902378646
6247557390256356085;100;neo4j;1663.0691964285713;2726.26;True;0.40576902378646
6249949900317052497;100;neo4j;1512.5239085239086;2875.8033126293994;True;0.40576902378646
6249949900317052497;500;neo4j;1705.122406639004;3234.9792960662526;True;0.40576902378646
6249949900317052497;1000;neo4j;1727.2095435684648;3239.663223140496;True;0.40576902378646
6251330316207379170;100;postgres;1352.076525336091;1381.6532091097308;True;0.40576902378646
6251330316207379170;9000;neo4j;4935.4;5368.985507246377;True;0.40576902378646
6256039240167545991;3000;neo4j;2755.6815144766147;2826.6155555555556;True;0.40576902378646
6256094020817159034;100;neo4j;1446.9957716701904;2404.983157894737;True;0.40576902378646
6256094020817159034;3000;neo4j;2863.5243128964057;4691.772631578948;True;0.40576902378646
6260692276606985163;1000;neo4j;1191.1113585746102;1340.5622222222223;True;0.40576902378646
6261944467058099329;3000;neo4j;1431.1012658227849;2035.2652631578947;True;0.40576902378646
6261944467058099329;9000;neo4j;1292.006329113924;2688.757894736842;True;0.40576902378646
6267148307619687107;100;postgres;1245.861788617886;1401.729674796748;True;2.1481481481481484
6267148307619687107;500;postgres;1411.716463414634;1468.4674134419552;True;2.1481481481481484
6267148307619687107;1000;neo4j;1867.7979591836734;2114.4949083503056;True;2.1481481481481484
6267148307619687107;3000;neo4j;2790.967213114754;3956.8126272912423;True;2.1481481481481484
6271170465901072318;9000;neo4j;4945.181818181818;7491.438478747204;True;0.40576902378646
6277209744862038553;500;postgres;3376.9088888888887;4488.5649867374;True;0.40576902378646
6280426571937034084;1000;postgres;1762.1663157894736;1815.4926315789473;True;2.1481481481481484
6280426571937034084;3000;postgres;2766.4652631578947;2797.966315789474;True;2.1481481481481484
6283829592363211063;100;neo4j;1551.6175869120655;2228.6211812627294;True;0.40576902378646
6283829592363211063;3000;neo4j;1404.6266123557366;2496.7810169491527;True;0.40576902378646
6283829592363211063;9000;neo4j;1429.0938775510203;3873.6158536585367;True;0.40576902378646
6283829592363211063;15000;neo4j;1308.5807770961146;2790.232179226069;True;0.40576902378646
6286048607598540720;100;neo4j;1402.9303797468353;1407.875789473684;True;0.40576902378646
6286048607598540720;15000;neo4j;1350.0211416490486;3357.378947368421;True;0.40576902378646
6289986841115283723;500;postgres;4503.3;4933.0;True;0.40576902378646
6295969277559646253;100;neo4j;1494.3733468972532;1641.031313131313;True;0.40576902378646
6295969277559646253;500;neo4j;1426.8512508451656;2569.7811447811446;True;0.40576902378646
6295969277559646253;1000;neo4j;1456.7079107505072;2369.40202020202;True;0.40576902378646
6295969277559646253;3000;neo4j;1453.51012145749;3086.126262626263;True;0.40576902378646
6295969277559646253;9000;neo4j;1340.0192307692307;3277.018181818182;True;0.40576902378646
6303171249662756917;1000;neo4j;1307.5567928730513;2386.277777777778;True;0.40576902378646
6303255107028490935;3000;neo4j;2564.1054852320676;4195.024210526316;True;0.40576902378646
6311265279055986334;1000;neo4j;1903.2257383966244;2066.2926315789473;True;0.40576902378646
6311265279055986334;9000;neo4j;4840.8286852589645;6313.372631578947;True;0.40576902378646
6314424938776649240;100;neo4j;1383.1793248945148;1755.2336842105262;True;0.40576902378646
6314424938776649240;500;neo4j;1634.4008438818566;2068.4378947368423;True;0.40576902378646
6318616562776186417;3000;neo4j;2547.0168776371306;3586.103157894737;True;0.40576902378646
6324187711132849850;100;postgres;770.3866666666667;1343.5777777777778;True;2.1481481481481484
6326301636553745261;100;postgres;1162.72;1438.7894736842106;True;2.1481481481481484
6326301636553745261;3000;postgres;1630.9705263157896;2636.6244725738397;True;2.1481481481481484
6326302990615755519;3000;neo4j;2933.427983539095;6112.526804123711;True;0.40576902378646
6328275225611674199;100;neo4j;1473.1305007587252;2276.1884130982367;True;0.40576902378646
6328275225611674199;500;neo4j;1463.6060606060605;1569.5010060362174;True;0.40576902378646
6328275225611674199;1000;neo4j;1426.9669365721998;2789.4674714956404;True;0.40576902378646
6328275225611674199;3000;neo4j;1453.2721294891248;3761.826700251889;True;0.40576902378646
6328275225611674199;9000;neo4j;1325.5457317073171;3612.609879032258;True;0.40576902378646
6333738282814291938;1000;neo4j;2028.061203319502;3595.4632885211995;True;0.40576902378646
6333738282814291938;3000;neo4j;2843.4416666666666;3522.726708074534;True;0.40576902378646
6339223741432742184;100;postgres;902.0467796610169;1363.0997286295794;True;2.1481481481481484
6339223741432742184;500;neo4j;1557.9877551020409;1809.290650406504;True;2.1481481481481484
6339223741432742184;3000;neo4j;1577.2632653061225;2429.623601220753;True;2.1481481481481484
6344414612961676944;100;neo4j;1619.1603563474387;2273.24;True;0.40576902378646
6348797976397034655;100;postgres;1019.6178947368421;1308.9072708113804;True;2.1481481481481484
6352040687010451590;100;neo4j;1758.7199170124481;2550.5631469979294;True;0.40576902378646
6352040687010451590;500;postgres;6462.408713692946;27783.42628205128;True;0.40576902378646
6359260740098691462;500;neo4j;1669.271714922049;1990.9288888888889;True;0.40576902378646
6367920086937354966;500;neo4j;1993.249443207127;3045.6;True;0.40576902378646
6382660261821217963;3000;postgres;2229.8673684210526;3089.9113924050635;True;2.1481481481481484
6382660261821217963;9000;neo4j;4788.451851851852;5100.037894736842;True;2.1481481481481484
6390866362114641753;100;postgres;1082.7967479674796;1438.7617107942974;True;0.40576902378646
6390866362114641753;1000;neo4j;1613.7723577235772;2418.2292089249495;True;0.40576902378646
6390866362114641753;3000;neo4j;1421.2953929539296;2076.631507775524;True;0.40576902378646
6390866362114641753;9000;neo4j;1507.3831300813008;2609.8884381338744;True;0.40576902378646
6391729233649087586;1000;neo4j;2006.4564315352698;3802.2194616977226;True;0.40576902378646
6391729233649087586;3000;neo4j;2942.435684647303;4614.520661157025;True;0.40576902378646
6394189367554203785;100;neo4j;1535.9287305122493;2478.128888888889;True;0.40576902378646
6410038533119315912;500;neo4j;1772.8507795100222;2517.1844444444446;True;0.40576902378646
6411574319166152051;100;postgres;1385.8020408163266;1422.9161554192228;True;0.40576902378646
6411574319166152051;1000;neo4j;1368.453893442623;2652.4010204081633;True;0.40576902378646
6411574319166152051;9000;neo4j;1400.1252566735113;4144.70612244898;True;0.40576902378646
6411574319166152051;15000;neo4j;1476.8139059304704;3580.281632653061;True;0.40576902378646
6421599164714961175;1000;neo4j;1417.0623608017818;2588.9287305122493;True;0.40576902378646
6445178872878901031;500;neo4j;2486.1354705274043;3133.4845995893224;True;0.40576902378646
6447843030872828034;500;neo4j;2188.3987341772154;4413.635789473684;True;0.40576902378646
6449890693743718550;3000;neo4j;1448.8278008298755;2241.343685300207;True;0.40576902378646
6449890693743718550;9000;neo4j;1354.3150259067359;3233.688728024819;True;0.40576902378646
6451941728521548721;500;neo4j;1844.529535864979;2044.8273684210526;True;0.40576902378646
6451941728521548721;3000;neo4j;2625.0464135021098;2832.8;True;0.40576902378646
6486231326478176361;100;neo4j;1447.0244988864142;1895.1577777777777;True;0.40576902378646
6493150003484457479;100;neo4j;1410.6782786885246;1435.3051020408163;True;0.40576902378646
6493150003484457479;1000;neo4j;1374.2930327868853;1782.3612244897959;True;0.40576902378646
6493150003484457479;9000;neo4j;1293.7638603696098;2729.2244897959185;True;0.40576902378646
6493150003484457479;15000;neo4j;1465.8459958932237;2671.2755102040815;True;0.40576902378646
6496301240597002292;100;neo4j;1481.3536036036037;2510.7008928571427;True;0.40576902378646
6502829199176474386;1000;neo4j;1954.3213530655391;3155.993684210526;True;0.40576902378646
6502829199176474386;3000;neo4j;2532.6131078224103;4061.44;True;0.40576902378646
6506346987539001533;100;postgres;830.5232323232324;1172.79797979798;True;2.1481481481481484
6506346987539001533;500;postgres;1114.3777777777777;1420.7080808080807;True;2.1481481481481484
6506346987539001533;1000;postgres;903.1353535353535;1180.4171717171716;True;2.1481481481481484
6506346987539001533;3000;neo4j;1356.014184397163;1290.5838383838384;False;2.1481481481481484
6506346987539001533;9000;neo4j;1264.9140148950576;1166.1084175084175;False;2.1481481481481484
6509557777674824088;100;postgres;1284.2223371251293;1305.4347826086957;True;0.40576902378646
6509557777674824088;9000;postgres;3713.258799171843;4719.853174603175;True;0.40576902378646
6512615701195798917;3000;neo4j;2560.9113924050635;3051.797894736842;True;0.40576902378646
6512615701195798917;9000;neo4j;4691.6408163265305;5178.153684210526;True;0.40576902378646
6513625981320547530;500;neo4j;1616.2093541202673;2045.9688888888888;True;0.40576902378646
6522901251238644740;100;neo4j;1627.0103734439833;1462.9213250517598;False;0.40576902378646
6522901251238644740;1000;neo4j;1413.5477178423237;2639.2753623188405;True;0.40576902378646
6522901251238644740;3000;neo4j;1385.3838174273858;3348.3946280991736;True;0.40576902378646
6528462012521620044;100;neo4j;1590.7349665924276;2640.9444444444443;True;0.40576902378646
6535112530896214022;9000;neo4j;4929.5;8915.681818181818;True;0.40576902378646
6537095173671556838;9000;neo4j;1358.3429844097996;3478.8288888888887;True;0.40576902378646
6540301177922409811;3000;neo4j;1272.5357512953367;1817.7962771458117;True;0.40576902378646
6540301177922409811;9000;neo4j;1350.114345114345;3281.695652173913;True;0.40576902378646
6552899473397833164;15000;neo4j;1345.5835189309578;3319.3777777777777;True;0.40576902378646
6558346256756296246;3000;neo4j;1382.1492204899778;2821.228888888889;True;0.40576902378646
6559513867929632046;9000;neo4j;4904.636363636364;6254.582222222222;True;0.40576902378646
6560775341801200185;500;neo4j;1337.2721518987341;1807.82;True;0.40576902378646
6569585492190948236;500;postgres;1113.836032388664;1295.0466058763932;True;2.1481481481481484
6569585492190948236;1000;neo4j;1357.735054347826;1347.2074324324324;False;2.1481481481481484
6569585492190948236;3000;neo4j;1391.4908722109533;1628.3785425101214;True;2.1481481481481484
6569585492190948236;9000;neo4j;1347.8221544715448;2370.755060728745;True;2.1481481481481484
6573411717329715258;100;postgres;324.03024193548384;486.6491935483871;True;14.280303030303031
6573411717329715258;500;postgres;562.2454728370221;991.0905432595573;True;14.280303030303031
6573411717329715258;1000;postgres;509.76663306451616;756.8004032258065;True;14.280303030303031
6573411717329715258;3000;postgres;501.15609264853975;736.1842900302115;True;14.280303030303031
6573411717329715258;9000;postgres;375.2205438066465;514.2527693856999;True;14.280303030303031
6573411717329715258;15000;postgres;338.28269617706235;479.4245472837022;True;14.280303030303031
6579500761435026265;100;postgres;1123.2755555555555;1750.7572383073496;True;2.1481481481481484
6605551749643767128;9000;neo4j;1327.694877505568;2999.342222222222;True;0.40576902378646
6611072465153856650;500;neo4j;1693.1244725738397;2325.1263157894737;True;0.40576902378646
6611072465153856650;3000;neo4j;2941.052742616034;4240.882105263158;True;0.40576902378646
6616207873525727301;500;neo4j;4064.62471395881;4210.995555555555;True;0.40576902378646
6617872096341455819;100;neo4j;1345.7026476578412;1336.6693711967546;False;0.40576902378646
6617872096341455819;500;neo4j;1547.9307535641549;2006.8377281947262;True;0.40576902378646
6617872096341455819;3000;neo4j;1414.2235772357724;1800.6876267748478;True;0.40576902378646
6617872096341455819;9000;neo4j;1310.5118644067798;2178.853856562923;True;0.40576902378646
6617872096341455819;15000;neo4j;1428.2342158859472;2604.2839756592293;True;0.40576902378646
6633615500066057814;500;neo4j;1528.890041493776;2656.2194616977226;True;0.40576902378646
6633615500066057814;1000;neo4j;1944.552795031056;4891.8677685950415;True;0.40576902378646
6633615500066057814;3000;neo4j;2694.5693277310925;5694.650103519669;True;0.40576902378646
6642361558204199206;100;postgres;1290.2778947368422;1639.3968421052632;True;2.1481481481481484
6645597472538920772;100;neo4j;1814.5464135021098;2018.8273684210526;True;0.40576902378646
6645921071018426350;100;neo4j;1492.182628062361;1950.22;True;0.40576902378646
6646076156020530585;9000;neo4j;4629.048913043478;7458.789583333333;True;0.40576902378646
6648117281892177276;500;neo4j;1428.4789311408017;2212.008205128205;True;0.40576902378646
6648117281892177276;3000;neo4j;1306.4835390946503;2621.4394250513346;True;0.40576902378646
6648117281892177276;15000;neo4j;1388.2355371900826;3744.8586065573772;True;0.40576902378646
6649062256857120113;500;neo4j;1557.3565400843881;1648.997894736842;True;0.40576902378646
6649062256857120113;9000;postgres;3633.16;4714.281818181818;True;0.40576902378646
6650713113887104138;500;postgres;2808.591836734694;3996.3991507430997;True;2.1481481481481484
6650713113887104138;1000;postgres;2479.061224489796;3532.9918032786886;True;2.1481481481481484
6654294049969334944;100;postgres;1306.9256198347107;1328.198347107438;True;0.40576902378646
6654294049969334944;500;neo4j;1561.6424116424116;2203.1718426501034;True;0.40576902378646
6654294049969334944;15000;neo4j;1400.1970954356846;2884.053830227743;True;0.40576902378646
6656091326550870156;500;neo4j;1687.2447257383967;2989.338947368421;True;0.40576902378646
6656091326550870156;3000;neo4j;2615.3868921775897;3914.3515789473686;True;0.40576902378646
6675930577918684863;100;neo4j;1645.9657676348547;2803.040330920372;True;0.40576902378646
6675930577918684863;1000;neo4j;1305.1496881496882;3252.3250517598344;True;0.40576902378646
6681866036184840066;3000;neo4j;2760.288981288981;3228.8612836438924;True;0.40576902378646
6681866036184840066;9000;neo4j;4918.0;7785.2468354430375;True;0.40576902378646
6686923937955848699;3000;neo4j;2947.676532769556;3598.8315789473686;True;0.40576902378646
6688321457301195843;1000;neo4j;2216.7053571428573;2239.448888888889;True;2.1481481481481484
6689831521915727449;100;neo4j;1636.0155902004453;1990.7555555555555;True;0.40576902378646
6701351818718900713;100;postgres;866.0688259109312;1401.0969696969696;True;2.1481481481481484
6701351818718900713;500;postgres;659.7232323232323;1083.4424242424243;True;2.1481481481481484
6701351818718900713;1000;postgres;1113.9575757575758;1403.1881321645315;True;2.1481481481481484
6701351818718900713;3000;postgres;964.7838383838384;1228.230303030303;True;2.1481481481481484
6701351818718900713;9000;neo4j;1369.2267206477734;1473.4161616161616;True;2.1481481481481484
6701351818718900713;15000;neo4j;1396.709939148073;1625.525925925926;True;2.1481481481481484
6713014167349696218;3000;neo4j;3244.408988764045;5361.7444444444445;True;0.40576902378646
6717295252140531492;100;neo4j;1389.0298047276465;1711.1823770491803;True;0.40576902378646
6717295252140531492;500;neo4j;1588.0082474226804;1891.0574948665299;True;0.40576902378646
6717295252140531492;1000;neo4j;1934.3257731958763;2308.960985626283;True;0.40576902378646
6717494840143294197;100;neo4j;1454.4789029535864;2111.376842105263;True;0.40576902378646
6717494840143294197;9000;neo4j;4879.424657534247;8219.688841201716;True;0.40576902378646
6718416350717849323;100;neo4j;1303.8708240534522;1784.0333333333333;True;0.40576902378646
6719381451999393753;100;neo4j;1499.5506329113923;2448.538947368421;True;0.40576902378646
6719381451999393753;3000;neo4j;2941.7796610169494;4500.227848101265;True;0.40576902378646
6730369401503643849;500;neo4j;1472.99793814433;1719.2813141683778;True;0.40576902378646
6730369401503643849;1000;neo4j;1912.4423868312758;2092.2397540983607;True;0.40576902378646
6730369401503643849;9000;neo4j;4721.279069767442;5875.141829393628;True;0.40576902378646
6731502890053543086;500;neo4j;1621.5020576131687;2687.4938524590166;True;0.40576902378646
6731502890053543086;3000;neo4j;2774.5975359342915;4999.274590163935;True;0.40576902378646
6733952511934450038;15000;neo4j;1317.890625;3346.46;True;0.40576902378646
6735492487403172990;1000;neo4j;1751.5790645879733;2328.8044444444445;True;0.40576902378646
6738676196440896408;100;neo4j;1618.5850409836066;2080.135714285714;True;0.40576902378646
6738676196440896408;1000;neo4j;1367.655737704918;1365.9102040816326;False;0.40576902378646
6738676196440896408;9000;neo4j;1316.1329243353782;3158.2357142857145;True;0.40576902378646
6752565762017988765;100;postgres;1316.098947368421;1327.7130801687763;True;0.40576902378646
6752565762017988765;9000;neo4j;4398.20506329114;4757.646315789474;True;0.40576902378646
6759193123074634681;100;neo4j;1678.324894514768;3538.486315789474;True;0.40576902378646
6759193123074634681;3000;neo4j;1529.470464135021;3890.0484210526315;True;0.40576902378646
6770192758383095727;9000;neo4j;4894.611111111111;5403.402222222222;True;0.40576902378646
6779073791728776433;100;neo4j;1363.4543429844098;1721.3466666666666;True;0.40576902378646
6785269743222454495;100;postgres;731.3616161616162;1174.9757085020242;True;2.1481481481481484
6785269743222454495;500;postgres;1292.310101010101;1358.7391304347825;True;2.1481481481481484
6785269743222454495;1000;postgres;930.3898989898989;1111.1151515151514;True;2.1481481481481484
6785269743222454495;3000;neo4j;1412.5354251012145;1460.9535353535352;True;2.1481481481481484
6785269743222454495;9000;neo4j;1363.1522327469554;2408.6457912457913;True;2.1481481481481484
6785269743222454495;15000;neo4j;1341.417004048583;2135.0464646464648;True;2.1481481481481484
6790777157275220611;100;postgres;1305.3126293995858;1348.095238095238;True;0.40576902378646
6790777157275220611;1000;neo4j;1319.9420289855072;1424.5619834710744;True;0.40576902378646
6790777157275220611;9000;neo4j;1317.188796680498;3040.271221532091;True;0.40576902378646
6794932373788399675;1000;postgres;1697.6981519507187;1846.437242798354;True;2.1481481481481484
6794932373788399675;3000;postgres;2254.8893442622953;2409.2663934426228;True;2.1481481481481484
6806418340651381205;500;neo4j;1531.013392857143;3174.6155555555556;True;0.40576902378646
6808161814986139354;100;postgres;1618.9928789420142;1613.1266598569969;False;0.40576902378646
6808161814986139354;3000;neo4j;1372.5505617977528;2140.0477642276423;True;0.40576902378646
6808161814986139354;15000;neo4j;1435.1173469387754;2750.3397761953206;True;0.40576902378646
6808285859891611528;100;neo4j;1559.7174796747968;2577.642424242424;True;0.40576902378646
6808285859891611528;500;neo4j;1383.9100743745773;1608.6713804713804;True;0.40576902378646
6808285859891611528;1000;neo4j;1285.8915906788247;1967.5191919191918;True;0.40576902378646
6808285859891611528;3000;neo4j;1352.4271255060728;3129.039393939394;True;0.40576902378646
6808285859891611528;9000;neo4j;1258.1460446247465;2705.7939393939396;True;0.40576902378646
6808285859891611528;15000;neo4j;1323.3097165991903;3192.3151515151517;True;0.40576902378646
6826322663245396868;100;neo4j;1502.324894514768;1792.28;True;0.40576902378646
6831327114562572897;100;neo4j;1384.944320712695;2699.52;True;0.40576902378646
6835931035346480990;100;postgres;2325.0933333333332;2407.5055679287307;True;0.40576902378646
6856741613265116973;500;neo4j;2769.0541795665636;3027.2766818411733;True;0.40576902378646
6856741613265116973;3000;postgres;8925.074441687344;28700.76923076923;True;0.40576902378646
6874137629783320727;100;neo4j;1502.3830734966593;3545.511160714286;True;0.40576902378646
6877062122530207313;100;neo4j;1402.5078915418858;1746.8455022186365;True;0.40576902378646
6877062122530207313;500;neo4j;1586.1893530997304;2019.0221774193549;True;0.40576902378646
6877062122530207313;1000;neo4j;2206.47261663286;2404.2606060606063;True;0.40576902378646
6877062122530207313;9000;neo4j;4624.714508580343;4677.398185483871;True;0.40576902378646
6886741728153381842;100;neo4j;1473.6720977596742;2211.864097363083;True;0.40576902378646
6886741728153381842;500;neo4j;1811.3197556008147;2827.416243654822;True;0.40576902378646
6886741728153381842;1000;neo4j;2157.455102040816;4427.574036511156;True;0.40576902378646
6891435750456311247;500;neo4j;1435.1413721413721;1728.3809523809523;True;0.40576902378646
6891435750456311247;1000;neo4j;1194.7370600414079;1196.944099378882;True;0.40576902378646
6891435750456311247;3000;neo4j;1385.4647302904564;1509.650826446281;True;0.40576902378646
6892347886550699060;500;neo4j;1416.3028953229398;2195.4222222222224;True;0.40576902378646
6897743134406407913;100;neo4j;1323.9937759336099;2141.0103519668737;True;0.40576902378646
6897743134406407913;1000;neo4j;1852.5344467640919;2875.460743801653;True;0.40576902378646
6897743134406407913;9000;neo4j;4680.734177215189;8004.945031712474;True;0.40576902378646
6916223122062731847;100;neo4j;1646.7589285714287;2801.331111111111;True;0.40576902378646
6916229976131609307;100;neo4j;1473.1652892561983;1576.659137577002;True;0.40576902378646
6916229976131609307;500;neo4j;1486.3254376931;2346.996923076923;True;0.40576902378646
6916229976131609307;15000;neo4j;1350.9753086419753;3794.2581967213114;True;0.40576902378646
6918508674184897224;100;postgres;612.3022312373225;945.9290060851927;True;14.280303030303031
6918508674184897224;500;postgres;535.0669371196755;627.0973630831643;True;14.280303030303031
6918508674184897224;1000;postgres;517.4665314401623;620.0933062880324;True;14.280303030303031
6918508674184897224;3000;mongo;696.530487804878;736.9227642276422;True;14.280303030303031
6918508674184897224;9000;mongo;1221.84584178499;1418.7593908629442;True;14.280303030303031
6920728789574406068;100;neo4j;1532.7095435684648;2932.5320910973087;True;0.40576902378646
6920728789574406068;1000;neo4j;1874.6390041493776;4477.81611570248;True;0.40576902378646
6920728789574406068;3000;neo4j;2741.466804979253;4260.5590062111805;True;0.40576902378646
6923286108552797372;3000;neo4j;3426.4040178571427;3455.782222222222;True;0.40576902378646
6924759920109969572;100;postgres;1500.1892166836217;1517.14373088685;True;0.40576902378646
6924759920109969572;500;neo4j;1392.2122448979592;1301.8191056910568;False;0.40576902378646
6924759920109969572;3000;neo4j;1441.4510204081632;2119.5711382113823;True;0.40576902378646
6924759920109969572;15000;neo4j;1354.95;3398.24516785351;True;0.40576902378646
6928965224961782591;3000;neo4j;2947.2639821029084;5838.024498886414;True;0.40576902378646
6933988547591829902;500;neo4j;1299.0;1419.1368421052632;True;0.40576902378646
6933988547591829902;1000;neo4j;1362.7040169133193;1391.6084210526317;True;0.40576902378646
6934291779761673195;3000;neo4j;2496.7245762711864;2599.7536842105264;True;0.40576902378646
6941355212589978942;9000;neo4j;4770.660194174758;6554.343157894737;True;0.40576902378646
6944619809665527286;1000;neo4j;1880.5957671957672;2118.5073684210524;True;0.40576902378646
6951233344159055958;9000;postgres;2362.5866666666666;4651.496527777777;True;2.1481481481481484
6955290752189237719;100;neo4j;1595.3251028806585;2557.913757700205;True;0.40576902378646
6955290752189237719;500;neo4j;1747.0349794238682;2755.0184426229507;True;0.40576902378646
6955290752189237719;1000;neo4j;1927.0123456790122;3911.1211498973307;True;0.40576902378646
6955990833255922179;3000;neo4j;3005.8058035714284;2999.1222222222223;False;0.40576902378646
6957954546553947698;100;neo4j;1457.5256124721604;1870.5644444444445;True;0.40576902378646
6959823792660505874;1000;neo4j;1340.8369039391846;1935.5027586206897;True;0.40576902378646
6963818490678498482;100;neo4j;1474.753164556962;1838.5978947368421;True;0.40576902378646
6963818490678498482;500;neo4j;2471.140425531915;3237.3347368421055;True;0.40576902378646
6963969301241299631;100;neo4j;1308.8996832101373;1218.2905263157895;False;0.40576902378646
6964655324573933129;9000;neo4j;4891.18085106383;7639.022321428572;True;0.40576902378646
6965431344619332755;500;postgres;2711.7663934426228;3909.1085594989563;True;2.1481481481481484
6966956981063676358;100;postgres;1245.2484787018257;1415.7449186991869;True;2.1481481481481484
6966956981063676358;500;neo4j;1373.5772357723577;1671.7018255578093;True;2.1481481481481484
6966956981063676358;1000;neo4j;1480.685210312076;2031.8349120433018;True;2.1481481481481484
6966956981063676358;9000;neo4j;1334.3638211382113;2673.0628803245436;True;2.1481481481481484
6975054252646366377;3000;postgres;1516.9733333333334;2372.9439461883408;True;2.1481481481481484
6981467809402919174;100;neo4j;1586.6236080178173;2824.2955555555554;True;0.40576902378646
6991396919801460314;15000;neo4j;1435.3875278396436;2710.6044444444447;True;0.40576902378646
6993855822822896526;100;postgres;1261.7079107505072;1853.5873983739837;True;2.1481481481481484
6999390392602078999;500;postgres;1101.388090349076;1529.2546201232033;True;2.1481481481481484
6999390392602078999;3000;postgres;1790.4661190965091;2508.911522633745;True;2.1481481481481484
6999390392602078999;9000;postgres;2987.6352459016393;4671.59243697479;True;2.1481481481481484
7001670474862672429;500;neo4j;1661.1729957805908;3604.696842105263;True;0.40576902378646
7019273673230404745;100;neo4j;1622.8118393234672;3137.124210526316;True;0.40576902378646
7023997211398386107;100;postgres;1267.1592554291624;1391.1336787564767;True;0.40576902378646
7023997211398386107;3000;postgres;1661.2774327122154;2592.300626304802;True;0.40576902378646
7024105307023026624;100;neo4j;1395.0105485232068;1285.2526315789473;False;0.40576902378646
7024105307023026624;500;neo4j;1323.801687763713;2286.92;True;0.40576902378646
7026137585052751663;1000;neo4j;2006.5144766146993;3409.5533333333333;True;0.40576902378646
7032653165590605654;100;neo4j;1649.8794926004227;2668.073684210526;True;0.40576902378646
7064942382154644362;500;neo4j;1679.6196319018404;2172.7617107942974;True;0.40576902378646
7064942382154644362;1000;neo4j;1805.0553278688524;2381.1363173957275;True;0.40576902378646
7064942382154644362;3000;neo4j;2646.196319018405;3412.3475609756097;True;0.40576902378646
7064942382154644362;9000;neo4j;4487.35103926097;5181.766260162602;True;0.40576902378646
7074953339264050056;100;neo4j;1527.740506329114;2114.058947368421;True;0.40576902378646
7079622581995693957;100;neo4j;1465.0178173719376;2381.3933333333334;True;0.40576902378646
7081456869338977085;100;neo4j;1552.3028953229398;3256.817777777778;True;0.40576902378646
7083861744864570255;3000;neo4j;2779.002227171492;4380.437777777778;True;0.40576902378646
7088882595890314483;500;postgres;1638.5010351966873;2984.5041493775934;True;2.1481481481481484
7090784894766664535;100;neo4j;1494.5093167701864;2269.8202479338843;True;0.40576902378646
7090784894766664535;500;neo4j;1673.0851505711319;2281.14182194617;True;0.40576902378646
7092268058044733161;100;neo4j;1639.5121436114043;2345.781052631579;True;0.40576902378646
7102054589116163334;3000;neo4j;2992.017817371938;3345.277777777778;True;0.40576902378646
7103939474194307731;100;postgres;991.1088888888889;1350.7555555555555;True;2.1481481481481484
7116810954923767783;500;neo4j;1276.0824053452116;1209.4422222222222;False;0.40576902378646
7118184789286238807;500;neo4j;1659.0880245649948;2025.276985743381;True;0.40576902378646
7118184789286238807;3000;neo4j;2682.3042291950887;3680.2926829268295;True;0.40576902378646
7130876767735522282;500;neo4j;1396.0955806783145;1876.665641025641;True;0.40576902378646
7130876767735522282;9000;neo4j;1409.8168724279835;3671.5338809034906;True;0.40576902378646
7130876767735522282;15000;neo4j;1322.6288659793815;3315.9754098360654;True;0.40576902378646
7133253344475891479;100;neo4j;1579.4631147540983;2268.6408163265305;True;0.40576902378646
7133253344475891479;500;neo4j;1510.5512295081967;2383.659183673469;True;0.40576902378646
7133253344475891479;1000;neo4j;1880.608606557377;3064.469387755102;True;0.40576902378646
7137050689974810421;1000;postgres;4013.343157894737;4621.898692810458;True;0.40576902378646
7150485708328714877;1000;postgres;1576.845918367347;1983.622699386503;True;2.1481481481481484
7150485708328714877;3000;postgres;2393.792517006803;3145.1017471736895;True;2.1481481481481484
7160837301264405624;3000;neo4j;2798.834451901566;3946.511111111111;True;0.40576902378646
7162281709022027790;100;neo4j;1328.140311804009;2184.742222222222;True;0.40576902378646
7166342363427531355;100;neo4j;1740.4851282051281;1926.4806122448979;True;0.40576902378646
7166342363427531355;1000;neo4j;1450.1292307692308;2372.091836734694;True;0.40576902378646
7166342363427531355;9000;neo4j;1286.2628336755647;2698.5;True;0.40576902378646
7166971978966371759;500;postgres;3691.2968421052633;4092.5806451612902;True;0.40576902378646
7168117380502047753;3000;neo4j;2393.195991091314;3295.282222222222;True;0.40576902378646
7169919946765129646;500;neo4j;1621.3095768374164;2070.0666666666666;True;0.40576902378646
7180493025967689598;15000;neo4j;1450.2984409799556;3646.4;True;0.40576902378646
7193081606829572076;100;neo4j;1660.8214285714287;2099.326666666667;True;0.40576902378646
7195516590065718983;100;neo4j;1721.0954356846473;1805.1097308488613;True;0.40576902378646
7195516590065718983;500;neo4j;4570.928571428572;4549.0622406639;False;0.40576902378646
7201513845208385946;100;neo4j;1692.5938144329898;2497.7207392197124;True;0.40576902378646
7201513845208385946;500;neo4j;4091.0897435897436;4385.402464065708;True;0.40576902378646
7203135976160683060;500;neo4j;1303.5738396624472;1455.1326315789474;True;2.1481481481481484
7203135976160683060;9000;neo4j;1340.8181818181818;2703.581052631579;True;2.1481481481481484
7206319879082967727;3000;neo4j;3169.1625282167042;4482.764444444444;True;0.40576902378646
7210960697097646052;500;neo4j;1331.6518987341772;2383.1452631578945;True;0.40576902378646
7210960697097646052;1000;neo4j;1422.740506329114;2599.9284210526316;True;0.40576902378646
7215686585499329261;100;neo4j;1438.6673575129535;1492.4239917269906;True;0.40576902378646
7215686585499329261;500;neo4j;1447.6514522821576;3091.1242236024846;True;0.40576902378646
7218765816327827919;500;neo4j;1885.470982142857;2969.5911111111113;True;0.40576902378646
7219744551829154106;500;neo4j;1723.3318485523384;2856.9443207126947;True;0.40576902378646
7223834057976010290;100;neo4j;1486.6237006237006;1921.2443064182194;True;0.40576902378646
7223834057976010290;500;neo4j;1587.5218295218294;2167.153209109731;True;0.40576902378646
7223834057976010290;9000;neo4j;4959.4;7840.644351464435;True;0.40576902378646
7225340296034766726;100;neo4j;1461.0943005181348;1741.981385729059;True;0.40576902378646
7225340296034766726;500;neo4j;1733.5280665280666;2344.0993788819874;True;0.40576902378646
7227339809588056304;9000;postgres;4649.824444444444;4783.305389221557;True;2.1481481481481484
7230413800350601507;100;neo4j;1532.1404958677685;2385.6016427104723;True;0.40576902378646
7239704071197237017;500;neo4j;1303.8335020242914;1421.5012607160868;True;0.40576902378646
7239704071197237017;1000;neo4j;1408.5757575757575;2080.1149193548385;True;0.40576902378646
7239704071197237017;3000;neo4j;1321.894523326572;2403.1321897073663;True;0.40576902378646
7239704071197237017;9000;neo4j;1312.3690596562185;2638.2389112903224;True;0.40576902378646
7239704071197237017;15000;neo4j;1301.9736842105262;2612.1364247311826;True;0.40576902378646
7249485003278207740;1000;neo4j;1286.2219873150107;2376.3915789473685;True;0.40576902378646
7249485003278207740;15000;neo4j;1341.2974683544303;2680.317894736842;True;0.40576902378646
7254258091620370867;100;neo4j;1416.271714922049;2118.097777777778;True;0.40576902378646
7262283538636734599;100;neo4j;1505.415611814346;2656.757894736842;True;0.40576902378646
7262283538636734599;500;neo4j;1849.477801268499;3870.0;True;0.40576902378646
7269964128757582341;500;neo4j;1450.5560165975103;2872.6211180124224;True;0.40576902378646
7269964128757582341;1000;neo4j;1489.155601659751;3002.268872802482;True;0.40576902378646
7271460581007129364;100;neo4j;1321.957683741648;1837.4933333333333;True;0.40576902378646
7289772492937031987;100;neo4j;1593.4533468559837;2174.5141414141412;True;0.40576902378646
7289772492937031987;500;neo4j;1517.5284552845528;2441.1497975708503;True;0.40576902378646
7289772492937031987;1000;neo4j;1322.6138211382113;2253.7401415571285;True;0.40576902378646
7289772492937031987;3000;neo4j;1462.2134146341464;1871.2449392712551;True;0.40576902378646
7289772492937031987;9000;neo4j;1384.908536585366;3685.6194331983806;True;0.40576902378646
7289772492937031987;15000;neo4j;1400.6467005076142;3449.0242669362992;True;0.40576902378646
7290382544211164749;100;postgres;1054.367182246133;1369.0835016835017;True;2.1481481481481484
7290382544211164749;500;postgres;1464.657930107527;1508.186953597848;True;2.1481481481481484
7290382544211164749;3000;postgres;1265.8184263618023;1261.7508417508418;False;2.1481481481481484
7290382544211164749;9000;neo4j;1298.6244939271255;1999.751008064516;True;2.1481481481481484
7290382544211164749;15000;neo4j;1643.0727272727272;3246.4375;True;2.1481481481481484
7295766255755397120;500;neo4j;3998.475982532751;4079.8947368421054;True;0.40576902378646
7295766255755397120;1000;postgres;5944.2378947368425;27665.090909090908;True;0.40576902378646
7319314336225477525;1000;neo4j;1449.049107142857;2638.882222222222;True;0.40576902378646
7323861348285808901;3000;neo4j;1325.3184855233853;2296.3866666666668;True;0.40576902378646
7325785846958233655;100;neo4j;1634.9003115264798;2038.3975155279504;True;0.40576902378646
7334523721464836294;500;neo4j;1460.1835443037974;2145.0105263157893;True;0.40576902378646
7335319426941232207;100;neo4j;1330.8708240534522;2049.213333333333;True;0.40576902378646
7336185532041334466;1000;neo4j;2167.0337552742617;3333.6736842105265;True;0.40576902378646
7336185532041334466;3000;neo4j;2940.7224576271187;4414.366315789473;True;0.40576902378646
7338120438875108379;500;neo4j;1685.5087358684482;2261.854081632653;True;0.40576902378646
7338120438875108379;1000;neo4j;2022.752049180328;2102.3;True;0.40576902378646
7338120438875108379;3000;neo4j;2660.728952772074;2678.7775510204083;True;0.40576902378646
7347999273263298992;9000;neo4j;1342.3296213808462;2398.1111111111113;True;0.40576902378646
7358393570826298146;9000;neo4j;4558.675840978593;7731.348214285715;True;0.40576902378646
7365661320660538846;100;postgres;372.47722567287786;685.9782608695652;True;14.280303030303031
7372654943741226211;100;neo4j;1424.4110996916752;1941.6697435897436;True;0.40576902378646
7372654943741226211;500;neo4j;1301.637113402062;1327.0677618069815;True;0.40576902378646
7372654943741226211;15000;neo4j;1429.7905544147843;3619.3647540983607;True;0.40576902378646
7377292304080866557;100;postgres;770.6844262295082;1076.3709016393443;True;2.1481481481481484
7377292304080866557;3000;postgres;1196.7597535934292;2241.4896694214876;True;2.1481481481481484
7377292304080866557;9000;postgres;1851.0122950819673;4481.224537037037;True;2.1481481481481484
7377292304080866557;15000;postgres;2479.2156057494867;17387.30595482546;True;2.1481481481481484
7379177825003423233;500;neo4j;1712.058091286307;2869.760621761658;True;0.40576902378646
7379177825003423233;9000;neo4j;4624.11320754717;9037.0;True;0.40576902378646
7383760680730060475;500;neo4j;1661.2316258351893;2607.3888888888887;True;0.40576902378646
7384741138802309211;100;neo4j;1831.8730512249442;2351.3733333333334;True;0.40576902378646
7388019909636183601;500;neo4j;1684.0190274841439;2820.423157894737;True;0.40576902378646
7388832877617495275;100;neo4j;1346.5055679287304;1322.6355555555556;False;0.40576902378646
7390087711129764042;100;postgres;674.7560483870968;917.577620967742;True;14.280303030303031
7390087711129764042;500;mongo;552.9676767676767;634.6484848484848;True;14.280303030303031
7390087711129764042;1000;mongo;1113.0403225806451;1076.6229838709678;False;14.280303030303031
7390087711129764042;3000;mongo;608.8546922300707;834.6538849646821;True;14.280303030303031
7390087711129764042;9000;mongo;967.8378196500673;1379.4097035040431;True;14.280303030303031
7390087711129764042;15000;mongo;1190.4040404040404;1572.763397371082;True;14.280303030303031
7393300876044742663;100;neo4j;1501.2338530066816;2420.871111111111;True;0.40576902378646
7402578400686588454;3000;neo4j;2715.3683035714284;4796.915555555555;True;0.40576902378646
7410298140121884849;3000;neo4j;3149.8881431767336;4164.984444444444;True;0.40576902378646
7412857051013713243;500;postgres;1167.5987590486038;1538.501554404145;True;2.1481481481481484
7412857051013713243;9000;postgres;2979.855072463768;4879.204819277108;True;2.1481481481481484
7414958621765211615;100;neo4j;1707.6674107142858;3001.5733333333333;True;0.40576902378646
7416139204776944113;500;neo4j;2196.8060165975103;4386.982419855222;True;0.40576902378646
7416739564391203102;100;neo4j;1529.3467230443975;2382.5073684210524;True;0.40576902378646
7416739564391203102;1000;neo4j;1887.902953586498;3546.2294736842105;True;0.40576902378646
7419651672170792594;500;neo4j;1351.5530145530145;2557.710144927536;True;0.40576902378646
7419651672170792594;9000;neo4j;1422.8778467908903;3404.2272727272725;True;0.40576902378646
7435906873045652737;3000;postgres;4148.808888888889;4479.686217008798;True;0.40576902378646
7435944757182627551;500;neo4j;4219.423728813559;4083.1428571428573;False;0.40576902378646
7436564832966144642;9000;neo4j;1261.424107142857;3646.1266666666666;True;0.40576902378646
7438884339891250401;3000;postgres;2561.6694736842105;2662.4736842105262;True;0.40576902378646
7438884339891250401;9000;postgres;5501.566315789473;25407.213983050846;True;0.40576902378646
7441963244719407348;100;neo4j;1362.8547717842323;1334.7892561983472;False;0.40576902378646
7441963244719407348;500;neo4j;1641.5530145530145;1586.2173913043478;False;0.40576902378646
7441963244719407348;9000;postgres;7035.006211180124;23985.541493775934;True;0.40576902378646
7443574671000378605;100;postgres;936.9844444444444;1307.7488888888888;True;2.1481481481481484
7447184893484684702;100;neo4j;1600.5572597137013;1500.3163784333672;False;0.40576902378646
7447184893484684702;500;neo4j;1285.2163265306122;1361.0335707019328;True;0.40576902378646
7447184893484684702;9000;postgres;1170.138211382114;1251.6724313326552;True;0.40576902378646
7449632599369639117;100;neo4j;1492.0643153526971;1980.3540372670807;True;0.40576902378646
7449632599369639117;500;postgres;1357.5971074380166;1348.167701863354;False;0.40576902378646
7449632599369639117;3000;neo4j;1439.8291666666667;2769.654244306418;True;0.40576902378646
7454093421781551312;100;postgres;1337.9877800407332;1403.504081632653;True;2.1481481481481484
7454093421781551312;500;postgres;936.9979674796748;1329.5050916496946;True;2.1481481481481484
7454093421781551312;1000;postgres;1147.3930753564155;1272.0365853658536;True;2.1481481481481484
7454093421781551312;3000;neo4j;1431.7393075356415;2026.7581300813008;True;2.1481481481481484
7454093421781551312;15000;neo4j;1315.5408163265306;2238.729674796748;True;2.1481481481481484
7454438584224283616;500;postgres;918.3244444444445;1485.691111111111;True;2.1481481481481484
7455457546118458202;100;neo4j;1433.5696202531647;2248.103157894737;True;0.40576902378646
7455457546118458202;500;neo4j;1859.7004219409282;4121.791578947368;True;0.40576902378646
7463514146013541636;100;neo4j;1466.670081967213;2507.477551020408;True;0.40576902378646
7463514146013541636;1000;neo4j;3530.794238683128;4494.0;True;0.40576902378646
7463514146013541636;3000;neo4j;3478.5308641975307;4049.9612244897958;True;0.40576902378646
7466131081227029273;100;postgres;1641.4421487603306;1710.7355371900826;True;0.40576902378646
7466131081227029273;500;postgres;4358.191511387164;4833.606060606061;True;0.40576902378646
7469140033494620104;9000;neo4j;4475.467787114846;8559.240566037735;True;0.40576902378646
7483759199172463376;500;postgres;3292.3044444444445;4015.552693208431;True;0.40576902378646
7485963406192663527;100;neo4j;1611.6223628691982;2048.641052631579;True;0.40576902378646
7486112999374359057;500;neo4j;1400.3741648106904;1611.9777777777779;True;0.40576902378646
7488422638392939646;100;neo4j;1638.507839127471;2029.7157394843962;True;0.40576902378646
7488422638392939646;500;neo4j;2190.4836734693877;2562.5432349949137;True;0.40576902378646
7488422638392939646;3000;neo4j;3598.4045174537987;5550.010162601626;True;0.40576902378646
7493740809639542951;100;neo4j;1744.9464285714287;2270.551111111111;True;0.40576902378646
7494493814875381508;500;neo4j;1759.6049107142858;3053.0533333333333;True;0.40576902378646
7499152351859159970;1000;neo4j;1783.5401785714287;3214.5444444444443;True;0.40576902378646
7501183493214368543;100;neo4j;1597.8979591836735;1653.4543610547667;True;0.40576902378646
7501183493214368543;500;neo4j;2789.6218144750255;2785.792089249493;False;0.40576902378646
7501183493214368543;1000;neo4j;2547.106339468303;5538.7833163784335;True;0.40576902378646
7507878927214713905;100;neo4j;1478.377232142857;1506.0155555555555;True;0.40576902378646
7509425978543611190;100;neo4j;1413.4192229038854;1733.7515274949083;True;0.40576902378646
7509425978543611190;500;neo4j;1545.773469387755;1869.0365853658536;True;0.40576902378646
7509425978543611190;1000;neo4j;1402.073619631902;2613.0772357723577;True;0.40576902378646
7509425978543611190;3000;neo4j;1497.5676229508197;3039.050916496945;True;0.40576902378646
7509425978543611190;9000;neo4j;1336.0908163265306;3661.4979674796746;True;0.40576902378646
7518376303974920579;1000;postgres;6125.5;28762.166666666668;True;0.40576902378646
7533754097498814268;9000;neo4j;1313.663697104677;3638.9933333333333;True;0.40576902378646
7540689372683472301;100;neo4j;1429.4683544303798;2314.305263157895;True;0.40576902378646
7543667377026905370;500;neo4j;1529.8097251585623;1753.2315789473685;True;2.1481481481481484
7543667377026905370;1000;postgres;1789.9747368421054;1867.7911392405063;True;2.1481481481481484
7545551363097580408;100;neo4j;1454.1032388663969;1725.3717171717171;True;0.40576902378646
7545551363097580408;500;neo4j;1732.3123732251522;2887.9555555555557;True;0.40576902378646
7545551363097580408;1000;neo4j;1831.8089430894308;2386.273279352227;True;0.40576902378646
7545551363097580408;3000;neo4j;2867.8689866939612;4018.1417004048585;True;0.40576902378646
7545551363097580408;9000;neo4j;4780.557213930349;5875.794742163802;True;0.40576902378646
7546705186708086090;500;neo4j;1637.7574206755373;1901.6056910569105;True;0.40576902378646
7546705186708086090;9000;neo4j;4920.75;5794.585714285714;True;0.40576902378646
7549320764247135497;3000;neo4j;2777.0224215246635;4048.662222222222;True;0.40576902378646
7557900307389655720;500;neo4j;1526.8222676200205;2515.680569684639;True;0.40576902378646
7557900307389655720;1000;neo4j;1300.9551934826884;2562.939024390244;True;0.40576902378646
7557900307389655720;15000;neo4j;1422.877300613497;3561.506440677966;True;0.40576902378646
7559034564390017530;500;neo4j;1647.7889344262296;2087.2755102040815;True;0.40576902378646
7559034564390017530;1000;neo4j;1804.0429447852762;3277.420408163265;True;0.40576902378646
7559034564390017530;3000;neo4j;2949.548353909465;4806.562244897959;True;0.40576902378646
7572038563414648476;500;neo4j;1579.0911016949153;2001.0210526315789;True;0.40576902378646
7573621614108211531;500;neo4j;1714.658482142857;2591.6866666666665;True;0.40576902378646
7590920077360219268;9000;neo4j;1282.049107142857;2969.7044444444446;True;0.40576902378646
7597423482031470806;100;neo4j;2148.703125;2410.2933333333335;True;0.40576902378646
7598790591990274638;1000;postgres;3614.1644444444446;4666.072625698324;True;2.1481481481481484
7602163786987469196;1000;neo4j;1337.6835443037974;2457.623157894737;True;0.40576902378646
7602163786987469196;9000;neo4j;1248.259493670886;3109.275789473684;True;0.40576902378646
7604175532727225915;100;neo4j;1474.9510537049625;1526.5525423728814;True;2.1481481481481484
7604175532727225915;1000;neo4j;2158.851020408163;3260.9654471544713;True;2.1481481481481484
7604175532727225915;3000;postgres;3144.920731707317;3941.4057971014495;True;2.1481481481481484
7605618333424473443;100;neo4j;1421.879746835443;1604.2147368421054;True;0.40576902378646
7605618333424473443;3000;neo4j;1491.3523206751054;3631.762105263158;True;0.40576902378646
7606048279799506040;100;postgres;1176.9473684210527;1331.1873684210527;True;0.40576902378646
7606048279799506040;9000;neo4j;1358.608510638298;2695.8694736842103;True;0.40576902378646
7607555325147277506;100;neo4j;1595.1595383570943;1725.9939106901218;True;0.40576902378646
7607555325147277506;500;neo4j;4800.914979757085;5433.47261663286;True;0.40576902378646
7608372997036589439;100;neo4j;1483.053452115813;1818.6822222222222;True;0.40576902378646
7609587362145515038;100;neo4j;1436.5228215767636;1716.8178053830227;True;0.40576902378646
7609587362145515038;15000;neo4j;1433.9006211180124;3240.1425619834713;True;0.40576902378646
7614248818746077525;3000;neo4j;2790.327394209354;3481.7266666666665;True;0.40576902378646
7618586604817474944;100;postgres;946.8154851684263;1415.4796380090497;True;2.1481481481481484
7618586604817474944;500;postgres;1030.5157401205627;1590.5898123324396;True;2.1481481481481484
7618586604817474944;1000;postgres;1672.8492462311558;2317.7633434038266;True;2.1481481481481484
7618586604817474944;3000;postgres;2728.5361930294907;3368.7279511533243;True;2.1481481481481484
7618586604817474944;9000;neo4j;4886.869565217391;4949.687280040222;True;2.1481481481481484
7625970572310186924;9000;postgres;3076.16;4369.158640226628;True;2.1481481481481484
7627634243330493037;100;neo4j;1513.8348214285713;2620.6644444444446;True;0.40576902378646
7643144860366089900;100;postgres;1372.4752873563218;1404.4641932700604;True;0.40576902378646
7643144860366089900;500;neo4j;1450.662369057212;1861.5791800643087;True;0.40576902378646
7643144860366089900;1000;neo4j;1321.7379032258063;1217.9718309859154;False;0.40576902378646
7643144860366089900;3000;neo4j;1423.3767629281397;2285.557563587684;True;0.40576902378646
7643144860366089900;9000;neo4j;1281.718026183283;2628.645582329317;True;0.40576902378646
7643144860366089900;15000;neo4j;1428.3457661290322;2989.214070351759;True;0.40576902378646
7649660162357036019;100;postgres;1022.9197278911564;1425.669167803547;True;2.1481481481481484
7649660162357036019;500;postgres;1139.004081632653;1242.9815950920245;True;2.1481481481481484
7649660162357036019;1000;postgres;870.1591836734694;1185.0593047034765;True;2.1481481481481484
7653243178001675108;100;postgres;1438.034308779011;1436.4489383215368;False;0.40576902378646
7653243178001675108;1000;neo4j;1331.6156186612577;1944.119191919192;True;0.40576902378646
7653243178001675108;3000;neo4j;1273.1805273833672;2046.7353535353536;True;0.40576902378646
7653243178001675108;9000;neo4j;1328.8139888494677;3526.084762865792;True;0.40576902378646
7653243178001675108;15000;neo4j;1385.7576064908721;3646.8366935483873;True;0.40576902378646
7657589701474899006;100;neo4j;1492.3107822410147;2458.524210526316;True;0.40576902378646
7660917291807904298;100;neo4j;1488.176348547718;1919.9026915113873;True;0.40576902378646
7660917291807904298;500;neo4j;1619.8381742738588;2006.6921487603306;True;0.40576902378646
7665538293914006793;100;neo4j;1384.2311418685122;1590.0703448275863;True;0.40576902378646
7670966536050936040;100;neo4j;1575.2170022371365;2548.7955555555554;True;0.40576902378646
7671448998683467364;100;neo4j;1292.534521158129;1719.0622222222223;True;0.40576902378646
7677636386512570970;1000;postgres;1838.172939979654;1947.6065239551478;True;2.1481481481481484
7677636386512570970;9000;postgres;5213.358452138493;28773.41176470588;True;2.1481481481481484
7678570372126106433;100;postgres;1036.2324873096447;1318.9006085192698;True;14.280303030303031
7678570372126106433;500;postgres;3170.4680203045687;4835.976649746193;True;14.280303030303031
7678570372126106433;1000;postgres;6967.664621676891;10158.237322515213;True;14.280303030303031
7685502158203892137;500;neo4j;1721.9398663697104;2993.54;True;0.40576902378646
7690256442500989885;1000;neo4j;1309.1371308016878;2386.3115789473686;True;0.40576902378646
7690256442500989885;3000;neo4j;1384.1350210970463;1954.48;True;0.40576902378646
7695675953913130016;1000;neo4j;2023.216517857143;3095.217777777778;True;0.40576902378646
7702886428339155513;100;neo4j;1632.8930957683742;2521.6244444444446;True;0.40576902378646
7703167561387159713;100;neo4j;2249.0949367088606;2488.4505263157894;True;0.40576902378646
7703167561387159713;500;neo4j;2012.4240506329113;3118.637894736842;True;0.40576902378646
7706472249485051110;500;postgres;3360.0476190476193;4260.501165501166;True;0.40576902378646
7706494380103420494;3000;neo4j;2877.6597510373444;2760.6297828335055;False;2.1481481481481484
7706847723523811402;500;neo4j;1763.8641425389756;2450.0066666666667;True;0.40576902378646
7708758443249116019;500;postgres;569.7639751552795;656.6149068322982;True;14.280303030303031
7708758443249116019;3000;mongo;949.7826086956521;1085.327122153209;True;14.280303030303031
7708758443249116019;15000;neo4j;1842.2298136645963;2108.7314049586776;True;14.280303030303031
7712842238093308421;100;neo4j;1438.913140311804;2083.4666666666667;True;0.40576902378646
7714965275699847724;100;postgres;1126.9536842105263;1566.831223628692;True;2.1481481481481484
7714965275699847724;500;postgres;1758.762105263158;3246.9258474576272;True;2.1481481481481484
7715269961929926759;9000;neo4j;1249.946547884187;2012.2311111111112;True;0.40576902378646
7716678126405782112;500;neo4j;4732.986301369863;5447.793333333333;True;0.40576902378646
7720713218050718227;500;neo4j;1306.7861915367482;1466.13140311804;True;0.40576902378646
7724320098652030824;100;neo4j;1387.2130801687763;1495.6421052631579;True;0.40576902378646
7724320098652030824;1000;neo4j;1793.7733050847457;2267.8;True;0.40576902378646
7728311153807530202;500;postgres;1361.59631147541;1492.1209016393443;True;2.1481481481481484
7728311153807530202;3000;postgres;2570.4953846153844;2635.951596292482;True;2.1481481481481484
7734423266130148812;1000;neo4j;1740.9620535714287;2038.5133333333333;True;0.40576902378646
7737339736405481309;500;neo4j;1531.5790645879733;1861.2577777777778;True;0.40576902378646
7750167969799260466;1000;neo4j;1860.831223628692;3565.4505263157894;True;0.40576902378646
7771309120905509014;500;neo4j;1443.5174234424499;2163.377894736842;True;0.40576902378646
7778649620297756760;500;postgres;1396.4155555555556;1513.1559020044544;True;2.1481481481481484
7787523818165175056;500;postgres;754.938947368421;1091.2778947368422;True;2.1481481481481484
7787523818165175056;15000;neo4j;1252.5042194092828;2106.717894736842;True;2.1481481481481484
7794075152604672764;1000;neo4j;1819.740232312566;2860.0726315789475;True;0.40576902378646
7794422157638965262;3000;neo4j;2865.1004464285716;5895.486666666667;True;0.40576902378646
7800756764645728766;500;neo4j;1550.8049281314168;1562.7551020408164;True;2.1481481481481484
7800756764645728766;1000;postgres;2449.5183673469387;2683.997948717949;True;2.1481481481481484
7800756764645728766;3000;neo4j;2608.4846625766872;2881.191836734694;True;2.1481481481481484
7801391865468764418;100;neo4j;1454.4365256124722;1851.7222222222222;True;0.40576902378646
7804196488754753987;500;neo4j;1654.042316258352;2254.38;True;0.40576902378646
7810575532098302266;500;postgres;2075.2066666666665;2105.5078299776287;True;0.40576902378646
7814797020253106575;100;neo4j;1866.185267857143;2533.5177777777776;True;0.40576902378646
7817635255973720961;100;postgres;1382.8044444444445;1396.6592427616927;True;0.40576902378646
7820486427534166711;100;neo4j;1526.9129464285713;2070.891111111111;True;0.40576902378646
7820748042128337513;3000;neo4j;1355.663697104677;1596.7911111111111;True;2.1481481481481484
7825766597069241617;100;postgres;1298.861052631579;1318.5115789473684;True;2.1481481481481484
7833263001423434748;100;neo4j;1445.7358684480987;1900.5230769230768;True;0.40576902378646
7833263001423434748;9000;neo4j;4887.048128342246;6512.5;True;0.40576902378646
7836930319685189986;100;neo4j;1361.7700421940929;1687.7936842105264;True;0.40576902378646
7836930319685189986;500;neo4j;1573.9746835443038;2055.802105263158;True;0.40576902378646
7847434196279705256;1000;neo4j;1759.957683741648;1694.331111111111;False;2.1481481481481484
7847923517565302487;100;neo4j;1393.945147679325;2226.4336842105263;True;0.40576902378646
7847923517565302487;3000;neo4j;1419.0949367088608;2900.1831578947367;True;0.40576902378646
7855464912634564335;9000;neo4j;1280.109375;1903.0222222222221;True;0.40576902378646
7857336528897483230;3000;neo4j;2439.763919821826;2719.7955555555554;True;0.40576902378646
7879453197154342024;100;postgres;970.5354969574037;1605.266531027467;True;2.1481481481481484
7879453197154342024;500;postgres;1193.872210953347;1397.6916835699797;True;2.1481481481481484
7879453197154342024;1000;postgres;1059.8864097363082;1215.877157360406;True;2.1481481481481484
7879453197154342024;15000;neo4j;1417.2701325178389;2267.3685279187816;True;2.1481481481481484
7881054185804556936;1000;neo4j;1787.207126948775;3247.031111111111;True;0.40576902378646
7889980091822876556;1000;neo4j;1756.9599109131402;2787.7444444444445;True;0.40576902378646
7911839071298462646;100;neo4j;1382.466517857143;1620.1644444444444;True;0.40576902378646
7914490114105234744;500;postgres;1485.64;2488.28;True;14.280303030303031
7924207866924397656;100;neo4j;1711.519374575119;2066.8058186738836;True;0.40576902378646
7924207866924397656;9000;neo4j;1333.2948369565217;3193.952670723462;True;0.40576902378646
7924207866924397656;15000;neo4j;1331.7963340122199;3360.6247464503044;True;0.40576902378646
7934491539954805734;3000;neo4j;1371.3890063424947;1832.9705263157896;True;0.40576902378646
7934491539954805734;9000;neo4j;1247.1419491525423;1837.578947368421;True;0.40576902378646
7934716613387155528;500;neo4j;1498.2012320328543;2646.0367346938774;True;0.40576902378646
7934716613387155528;1000;neo4j;1357.9201637666326;2367.4816326530613;True;0.40576902378646
7934716613387155528;15000;neo4j;1329.062372188139;3266.589795918367;True;0.40576902378646
7937674554515289025;100;postgres;1262.4760620364127;1437.6319350473614;True;2.1481481481481484
7937674554515289025;500;neo4j;1400.6210739614994;1440.4236602628919;True;2.1481481481481484
7937674554515289025;3000;neo4j;1291.7294832826747;1516.7118301314458;True;2.1481481481481484
7937674554515289025;9000;neo4j;1249.3076923076924;1883.1171717171717;True;2.1481481481481484
7937674554515289025;15000;neo4j;1391.6199186991869;1946.431174089069;True;2.1481481481481484
7949162585090740504;500;neo4j;2112.1941964285716;2637.4733333333334;True;0.40576902378646
7951255157451630271;1000;postgres;1698.4757894736842;2096.6736842105265;True;2.1481481481481484
7951255157451630271;9000;postgres;3971.1115789473683;4891.0;True;2.1481481481481484
7954557932981491205;3000;neo4j;2614.6473214285716;3653.3977777777777;True;0.40576902378646
7961861452809362955;500;neo4j;1805.1380846325167;4283.423162583519;True;0.40576902378646
7966613178259251389;100;neo4j;1584.01244813278;2861.544513457557;True;0.40576902378646
7966613178259251389;9000;neo4j;4872.696629213483;8912.333333333334;True;0.40576902378646
7969185099911589695;100;neo4j;1564.5033407572382;2405.826666666667;True;0.40576902378646
7969231653249574758;1000;neo4j;1761.546875;2494.028888888889;True;0.40576902378646
7974865559595738319;100;neo4j;1469.420837589377;1581.3631739572736;True;0.40576902378646
7974865559595738319;500;neo4j;1321.687755102041;2161.317073170732;True;0.40576902378646
7974865559595738319;1000;neo4j;1204.7067209775967;1529.6077235772357;True;0.40576902378646
7974865559595738319;9000;neo4j;1282.1840490797547;2792.2865853658536;True;0.40576902378646
7974865559595738319;15000;neo4j;1351.9323770491803;2912.079429735234;True;0.40576902378646
7977445607510394306;100;postgres;774.5094736842105;1266.3452631578948;True;2.1481481481481484
7981456407909788733;9000;neo4j;4935.25;7284.6308724832215;True;0.40576902378646
7985905215544824736;1000;neo4j;1621.6547884187082;2539.36;True;0.40576902378646
8002107735070813616;100;neo4j;1475.6341463414635;1557.5961538461538;True;0.40576902378646
8002107735070813616;500;postgres;1136.2196356275304;1328.910931174089;True;0.40576902378646
8002107735070813616;1000;postgres;1303.3529411764705;1307.1257606490872;True;0.40576902378646
8002107735070813616;9000;neo4j;1484.8048780487804;2631.6417004048585;True;0.40576902378646
8002107735070813616;15000;neo4j;1350.3993902439024;2130.7375886524824;True;0.40576902378646
8004684252650471178;100;postgres;1274.7122448979592;1468.8997955010225;True;0.40576902378646
8004684252650471178;500;neo4j;1493.6362704918033;2313.684693877551;True;0.40576902378646
8004684252650471178;3000;neo4j;1443.9815573770493;2017.9183673469388;True;0.40576902378646
8004684252650471178;9000;neo4j;1297.8200408997955;2811.0714285714284;True;0.40576902378646
8009479675960637208;3000;neo4j;2769.651785714286;3625.34;True;0.40576902378646
8011044633609515872;100;neo4j;1605.1823834196891;2102.480868665977;True;0.40576902378646
8011044633609515872;500;neo4j;1459.8215767634854;3375.5631469979294;True;0.40576902378646
8012132781248765105;100;postgres;1217.46;1260.9911111111112;True;2.1481481481481484
8017318032695903102;500;postgres;1089.591111111111;1341.6644444444444;True;0.40576902378646
8024740927160817212;100;neo4j;1460.7931382441977;1536.2761044176707;True;0.40576902378646
8024740927160817212;500;neo4j;1362.1063508064517;1788.2956827309238;True;0.40576902378646
8024740927160817212;1000;neo4j;1324.252774974773;2204.6586345381525;True;0.40576902378646
8024740927160817212;3000;neo4j;1382.2820823244551;2711.0670682730924;True;0.40576902378646
8024740927160817212;9000;neo4j;1373.19868885527;3066.4081325301204;True;0.40576902378646
8024740927160817212;15000;neo4j;1331.1959005376343;2880.2439759036147;True;0.40576902378646
8032770572855053139;100;postgres;1088.3540372670807;1296.1946169772257;True;2.1481481481481484
8032770572855053139;500;postgres;1350.438923395445;1504.4927536231885;True;2.1481481481481484
8032770572855053139;9000;postgres;4487.919421487603;4639.252225519288;True;2.1481481481481484
8048113068471940615;500;neo4j;2090.0401785714284;2939.6111111111113;True;0.40576902378646
8048937605057907363;100;neo4j;1752.403118040089;2451.797777777778;True;0.40576902378646
8076852080027342566;500;neo4j;1487.9813278008298;3122.873706004141;True;0.40576902378646
8076852080027342566;3000;neo4j;1362.2676348547718;3905.530991735537;True;0.40576902378646
8076852080027342566;15000;neo4j;1328.3778705636744;3809.144927536232;True;0.40576902378646
8081125232490943779;9000;neo4j;4776.278145695364;7113.503340757238;True;0.40576902378646
8083553919583443561;100;neo4j;1339.5701559020044;2278.871111111111;True;0.40576902378646
8090357232966047723;100;neo4j;1397.8307349665924;1996.5311111111112;True;0.40576902378646
8091176873199077026;1000;neo4j;1963.0636550308009;3188.377049180328;True;0.40576902378646
8093850040479481847;100;neo4j;1476.377232142857;1974.2066666666667;True;0.40576902378646
8101493982957132486;100;postgres;1593.9133333333334;1607.608888888889;True;0.40576902378646
8104036942285947105;100;neo4j;1469.542194092827;2067.5221052631578;True;0.40576902378646
8104036942285947105;1000;neo4j;1915.2832980972516;3165.896842105263;True;0.40576902378646
8105571221077642590;100;postgres;1467.4969737726967;1467.1711590296495;False;2.1481481481481484
8105571221077642590;500;neo4j;1441.1902834008097;1721.4233870967741;True;2.1481481481481484
8105571221077642590;1000;neo4j;1358.6869095816464;1723.271870794078;True;2.1481481481481484
8105571221077642590;3000;neo4j;1210.5294117647059;1494.1575757575758;True;2.1481481481481484
8105571221077642590;15000;neo4j;1388.2279163857047;2619.8681022880214;True;2.1481481481481484
8106696424884874206;100;neo4j;1419.8240534521158;1872.2666666666667;True;0.40576902378646
8106733458892426760;500;neo4j;3226.0089686098654;4095.62;True;0.40576902378646
8112177468357193797;100;postgres;1037.2165991902834;1437.9008097165993;True;2.1481481481481484
8112177468357193797;500;postgres;1094.501012145749;1656.4599797365754;True;2.1481481481481484
8112177468357193797;1000;postgres;1162.849494949495;1665.3562753036438;True;2.1481481481481484
8112177468357193797;3000;postgres;2025.4295347269049;2720.8837837837837;True;2.1481481481481484
8112177468357193797;9000;postgres;3110.8646464646463;4916.5;True;2.1481481481481484
8114030632140888337;100;neo4j;1441.6356275303644;2317.122983870968;True;0.40576902378646
8114030632140888337;500;neo4j;1384.9979674796748;1259.79797979798;False;0.40576902378646
8114030632140888337;1000;neo4j;1203.089068825911;1600.8161616161617;True;0.40576902378646
8114030632140888337;3000;neo4j;1448.1944632005402;3096.688888888889;True;0.40576902378646
8114030632140888337;9000;neo4j;1274.7250673854448;2655.0941492938805;True;0.40576902378646
8114030632140888337;15000;neo4j;1266.0718623481782;2545.720484359233;True;0.40576902378646
8119855050985611855;500;postgres;1951.1094736842106;2295.858350951374;True;2.1481481481481484
8119855050985611855;9000;postgres;6888.313684210526;26726.01502145923;True;2.1481481481481484
8129666619574747232;1000;neo4j;1809.1291759465478;2724.811111111111;True;0.40576902378646
8133011164102318246;500;postgres;1777.0872210953346;3407.372427983539;True;2.1481481481481484
8138448085655749047;3000;neo4j;2451.2991071428573;3224.048888888889;True;0.40576902378646
8144337049445978030;100;neo4j;1392.728285077951;1599.388888888889;True;0.40576902378646
8148081944159702026;500;neo4j;1780.4201853759012;2937.14358974359;True;0.40576902378646
8148081944159702026;1000;neo4j;2002.351851851852;2906.024640657084;True;0.40576902378646
8148081944159702026;3000;neo4j;2796.8230452674898;4595.055327868852;True;0.40576902378646
8153092320714708777;1000;neo4j;1250.2679324894514;2391.785263157895;True;0.40576902378646
8153092320714708777;15000;neo4j;1380.923890063425;3692.1157894736843;True;0.40576902378646
8156985129812777584;500;neo4j;1711.685968819599;4868.688888888889;True;0.40576902378646
8160885765280817874;100;postgres;941.3;1291.3333333333333;True;0.40576902378646
8160885765280817874;500;neo4j;1305.4272540983607;1610.584693877551;True;0.40576902378646
8160885765280817874;1000;postgres;927.2877551020408;1295.467213114754;True;0.40576902378646
8160885765280817874;15000;postgres;957.0612244897959;1352.1273100616017;True;0.40576902378646
8162650708941819408;100;neo4j;1565.6261872455902;2116.4669365721998;True;0.40576902378646
8162650708941819408;1000;neo4j;1436.2020408163266;2225.0649087221095;True;0.40576902378646
8162650708941819408;3000;neo4j;1487.977596741344;1939.4453441295548;True;0.40576902378646
8162650708941819408;9000;neo4j;1366.3761467889908;3743.0567375886526;True;0.40576902378646
8162650708941819408;15000;neo4j;1482.9004065040651;3781.769230769231;True;0.40576902378646
8168728989765962238;100;neo4j;1504.3763919821827;1951.38;True;0.40576902378646
8174801760365560288;500;neo4j;1735.3860369609856;2202.5225409836066;True;0.40576902378646
8174801760365560288;1000;neo4j;1900.955357142857;2398.9384404924763;True;0.40576902378646
8175983140589636519;100;neo4j;1365.7015590200444;2031.2466666666667;True;0.40576902378646
8188579488157438975;500;neo4j;2411.674832962138;5458.7733333333335;True;0.40576902378646
8189660113630321993;3000;neo4j;2948.937639198218;5389.651111111111;True;0.40576902378646
8205447524040328507;100;neo4j;1432.7821576763486;1598.4395036194417;True;0.40576902378646
8205447524040328507;500;neo4j;1537.8215767634854;1775.4315352697095;True;0.40576902378646
8205875377611628785;100;postgres;933.2357894736842;1304.938947368421;True;2.1481481481481484
8205875377611628785;3000;postgres;2194.9052631578948;2654.6919831223627;True;2.1481481481481484
8206122477087000540;500;neo4j;1432.3171247357293;2164.9073684210525;True;0.40576902378646
8206122477087000540;9000;neo4j;1523.3594080338266;2639.2673684210527;True;0.40576902378646
8212931532045528175;3000;neo4j;1516.3407572383073;3154.0444444444443;True;0.40576902378646
8212950357376289511;100;postgres;1504.6921487603306;2309.466804979253;True;2.1481481481481484
8214542636243761800;100;neo4j;1484.9622063329928;1699.59003051882;True;0.40576902378646
8214542636243761800;500;neo4j;1582.437755102041;1896.3689024390244;True;0.40576902378646
8214542636243761800;3000;neo4j;3000.5749486652976;2953.4654471544713;False;0.40576902378646
8214811004226730953;100;postgres;946.472049689441;1426.7193347193347;True;2.1481481481481484
8214811004226730953;500;postgres;1103.9420289855072;1469.48755186722;True;2.1481481481481484
8214811004226730953;3000;postgres;2151.2376033057853;2770.7520661157023;True;2.1481481481481484
8233228015036871977;500;postgres;912.0578512396694;1188.654958677686;True;2.1481481481481484
8233228015036871977;1000;neo4j;1252.4896265560167;1441.9710144927535;True;2.1481481481481484
8233228015036871977;9000;neo4j;1312.7380457380457;2085.3250517598344;True;2.1481481481481484
8235149938687236331;100;neo4j;1543.653376729048;1919.0692588092345;True;0.40576902378646
8235149938687236331;500;neo4j;1350.8711656441717;2478.0649087221095;True;0.40576902378646
8235149938687236331;15000;neo4j;1341.5808748728382;3444.177125506073;True;0.40576902378646
8249255472453823918;100;neo4j;1496.9532293986638;2484.8644444444444;True;0.40576902378646
8253634451158280355;100;postgres;1384.7555555555555;1609.1764705882354;True;0.40576902378646
8253634451158280355;500;neo4j;1315.9522357723577;1378.3846153846155;True;0.40576902378646
8253634451158280355;1000;neo4j;1415.4532520325204;2047.3886639676114;True;0.40576902378646
8253634451158280355;3000;neo4j;1355.1441624365482;1957.3929292929292;True;0.40576902378646
8253634451158280355;9000;neo4j;1281.1534552845528;2398.7047522750254;True;0.40576902378646
8253634451158280355;15000;neo4j;1418.4847250509165;2988.8805668016194;True;0.40576902378646
8257146847875986490;100;neo4j;1594.9882892057026;2250.721518987342;True;0.40576902378646
8257146847875986490;1000;neo4j;1284.6605691056911;2054.7085020242916;True;0.40576902378646
8257146847875986490;9000;neo4j;1384.2899287894202;3765.434650455927;True;0.40576902378646
8257146847875986490;15000;neo4j;1407.0897959183674;4084.6153846153848;True;0.40576902378646
8257418353453479818;100;neo4j;1713.7861915367482;2959.4066666666668;True;0.40576902378646
8258316320189445057;1000;neo4j;1697.446188340807;3330.0177777777776;True;0.40576902378646
8260022640083744436;9000;postgres;7322.354430379747;25586.333333333332;True;0.40576902378646
8267759972787121734;9000;neo4j;4857.650602409639;4791.708888888889;False;0.40576902378646
8269340976754886854;100;neo4j;1443.2489451476793;2070.496842105263;True;0.40576902378646
8269340976754886854;3000;neo4j;2678.3763213530656;4351.871578947368;True;0.40576902378646
8281093260033057697;100;postgres;1129.8852119958635;1447.1242236024846;True;0.40576902378646
8281093260033057697;3000;neo4j;1450.7095435684648;1792.3333333333333;True;0.40576902378646
8287723621987704628;500;neo4j;1514.1940928270042;2544.064210526316;True;0.40576902378646
8289414837227842680;1000;neo4j;1913.9351230425057;2747.3577777777778;True;0.40576902378646
8296388784930078906;500;neo4j;3442.656950672646;3966.66;True;0.40576902378646
8300456357319078326;500;neo4j;1301.6172839506173;1735.977412731006;True;0.40576902378646
8300456357319078326;1000;neo4j;1255.067901234568;1805.94045174538;True;0.40576902378646
8300456357319078326;9000;neo4j;1301.5492813141684;2474.4743852459014;True;0.40576902378646
8301959069264339235;100;neo4j;1556.021582733813;1764.7466666666667;True;0.40576902378646
8301959069264339235;500;neo4j;1465.394250513347;2424.561475409836;True;0.40576902378646
8301959069264339235;15000;neo4j;1411.9094650205761;3827.7453798767965;True;0.40576902378646
8308147744105461042;500;neo4j;1344.5173116089613;2652.0222222222224;True;0.40576902378646
8308147744105461042;1000;neo4j;1446.415650406504;3161.625884732053;True;0.40576902378646
8308147744105461042;3000;neo4j;1452.6012186865266;3666.6709372892783;True;0.40576902378646
8308147744105461042;9000;neo4j;1369.2174796747968;3907.40404040404;True;0.40576902378646
8308147744105461042;15000;neo4j;1396.3296032553408;3828.7925101214573;True;0.40576902378646
8317057491140540170;3000;postgres;2309.86;2425.2863534675616;True;2.1481481481481484
8321230433727214796;100;neo4j;1445.5030800821355;1848.561475409836;True;0.40576902378646
8321230433727214796;500;neo4j;1642.8288659793814;1852.641393442623;True;0.40576902378646
8321230433727214796;1000;neo4j;1786.6704428424305;1968.7915811088296;True;0.40576902378646
8323925667193372719;100;neo4j;1300.2873051224944;1868.5422222222223;True;0.40576902378646
8360294386122036700;100;neo4j;1434.9472573839662;1838.8126315789473;True;0.40576902378646
8363527496076688360;500;neo4j;1748.033482142857;2968.802222222222;True;0.40576902378646
8376299515471442782;100;postgres;1277.0778947368422;1438.9368421052632;True;2.1481481481481484
8376299515471442782;500;neo4j;1547.4831223628692;1531.4252631578947;False;2.1481481481481484
8380466740274136386;500;neo4j;2205.8752783964364;2265.4933333333333;True;0.40576902378646
8393151609384013809;3000;neo4j;2536.8102678571427;2962.0666666666666;True;0.40576902378646
8396192385926769916;15000;neo4j;1449.3236607142858;3538.6755555555555;True;0.40576902378646
8396269078108146250;1000;neo4j;1719.1455696202531;2415.4252631578947;True;0.40576902378646
8396269078108146250;9000;neo4j;4607.5;5282.741052631579;True;0.40576902378646
8402887429041495631;100;neo4j;1380.367088607595;1281.6442105263159;False;0.40576902378646
8402887429041495631;15000;neo4j;1366.3014861995753;3060.3263157894735;True;0.40576902378646
8408992314278671286;500;neo4j;1654.7991543340381;2590.7305263157896;True;0.40576902378646
8409498681106444953;100;postgres;959.734100135318;1287.8071718538565;True;2.1481481481481484
8409498681106444953;500;postgres;1229.421906693712;1502.4056795131846;True;2.1481481481481484
8409498681106444953;9000;postgres;4216.367139959432;4752.801886792453;True;2.1481481481481484
8410331107270442448;500;postgres;1161.8821052631579;1586.5705263157895;True;2.1481481481481484
8410331107270442448;9000;postgres;3375.0273684210524;4675.118971061093;True;2.1481481481481484
8414147943106735390;3000;neo4j;1361.43429844098;2828.7266666666665;True;0.40576902378646
8415020037479111579;100;neo4j;1380.1807718348002;1628.1491228070176;True;0.40576902378646
8415020037479111579;500;neo4j;1784.4329268292684;2509.9412955465586;True;0.40576902378646
8415020037479111579;1000;neo4j;1860.529531568228;2037.1135902636918;True;0.40576902378646
8415020037479111579;3000;neo4j;2591.7775510204083;3590.8803245436106;True;0.40576902378646
8415020037479111579;9000;neo4j;4645.688571428572;4660.6963562753035;True;0.40576902378646
8418011241908249638;500;neo4j;1568.3482328482328;1742.7621509824198;True;2.1481481481481484
8423558151577747481;100;neo4j;1526.3565656565656;1613.9447236180904;True;0.40576902378646
8423558151577747481;500;neo4j;1378.771152296535;1562.4126155082363;True;0.40576902378646
8423558151577747481;1000;neo4j;1460.9476017734785;1902.7737138263665;True;0.40576902378646
8423558151577747481;3000;neo4j;1427.124832214765;2064.380187416332;True;0.40576902378646
8423558151577747481;9000;neo4j;1322.6619661563254;2838.124096385542;True;0.40576902378646
8423558151577747481;15000;neo4j;1362.0705171255877;2649.1987951807228;True;0.40576902378646
8425003814613098514;100;postgres;1464.3355555555556;1526.857461024499;True;0.40576902378646
8429013845431517632;100;neo4j;1472.031180400891;1966.611111111111;True;0.40576902378646
8431874952822939305;100;neo4j;1433.724279835391;1651.3778234086242;True;0.40576902378646
8431874952822939305;500;neo4j;1607.843621399177;1927.053388090349;True;0.40576902378646
8431874952822939305;1000;neo4j;2411.3141683778235;2434.0450819672133;True;0.40576902378646
8431874952822939305;9000;postgres;4581.0942622950815;4844.418300653595;True;0.40576902378646
8434117233957624405;100;postgres;1070.7221052631578;1314.1183932346723;True;2.1481481481481484
8434117233957624405;500;postgres;1369.8947368421052;1548.322105263158;True;2.1481481481481484
8437061596767422494;100;postgres;1450.691111111111;1612.2533333333333;True;2.1481481481481484
8443641335735353288;100;neo4j;1336.4610244988864;1873.0222222222221;True;0.40576902378646
8443675054191713769;100;postgres;1233.9180327868853;1869.6987704918033;True;2.1481481481481484
8443675054191713769;500;postgres;2876.276639344262;4270.063043478261;True;2.1481481481481484
8443675054191713769;1000;postgres;3717.8911704312113;26985.063063063062;True;2.1481481481481484
8444745583364723991;100;neo4j;2232.4553571428573;2707.56;True;0.40576902378646
8447071061916630046;500;neo4j;1726.792531120332;3277.128364389234;True;0.40576902378646
8447071061916630046;1000;neo4j;1913.545643153527;3578.1614906832297;True;0.40576902378646
8448857340700015178;9000;neo4j;4927.761904761905;7322.534850640114;True;0.40576902378646
8451694341713990404;500;postgres;2696.94;2842.3102678571427;True;0.40576902378646
8452036809630686673;100;neo4j;1519.0734966592427;2109.8133333333335;True;0.40576902378646
8456235273847712642;100;postgres;1319.4126016260163;1311.0569105691056;False;2.1481481481481484
8456235273847712642;500;neo4j;1861.1995926680245;1890.1926977687626;True;2.1481481481481484
8456235273847712642;3000;neo4j;3657.4836065573772;3669.2642276422766;True;2.1481481481481484
8456235273847712642;9000;neo4j;4846.333333333333;6699.472222222223;True;2.1481481481481484
8458747794397874220;500;neo4j;2078.7017543859647;4178.673216132368;True;0.40576902378646
8472004466428278807;100;neo4j;1549.704641350211;2231.8547368421055;True;0.40576902378646
8472004466428278807;500;neo4j;1715.7864693446088;2464.12;True;0.40576902378646
8498222033452809729;100;postgres;1652.157786885246;1695.981519507187;True;0.40576902378646
8498222033452809729;1000;neo4j;4675.899696048632;5170.50358974359;True;0.40576902378646
8498222033452809729;3000;neo4j;4933.5;5811.878600823045;True;0.40576902378646
8506827345084879050;100;neo4j;1896.5145228215767;3754.3726708074532;True;0.40576902378646
8506827345084879050;500;neo4j;2784.5343035343035;4992.23602484472;True;0.40576902378646
8506827345084879050;3000;neo4j;4681.561797752809;8654.513440860215;True;0.40576902378646
8522206282596763468;100;neo4j;1504.1416490486258;2098.4778947368422;True;0.40576902378646
8522206282596763468;3000;neo4j;2605.278481012658;3789.463157894737;True;0.40576902378646
8531024681537365356;15000;neo4j;1504.142538975501;3181.42;True;0.40576902378646
8535890679090937799;3000;postgres;1460.3977777777777;3157.0777777777776;True;14.280303030303031
8545964363446465189;500;neo4j;1463.4789029535864;1753.8852631578948;True;0.40576902378646
8557476827597094796;9000;neo4j;4524.277777777777;7931.898876404494;True;0.40576902378646
8560624140887427162;9000;neo4j;1244.378619153675;3136.568888888889;True;0.40576902378646
8577468320924189972;500;postgres;1058.72;1476.0466666666666;True;2.1481481481481484
8582558276962013183;500;postgres;1791.3706720977598;2703.3032786885246;True;2.1481481481481484
8584188565339401657;100;postgres;1184.271442986882;1599.6458123107973;True;2.1481481481481484
8584188565339401657;1000;postgres;1194.0408884401818;1326.3363636363636;True;2.1481481481481484
8584188565339401657;3000;neo4j;1305.5088607594937;1354.9813225643613;True;2.1481481481481484
8584188565339401657;9000;neo4j;1245.820202020202;2207.1814516129034;True;2.1481481481481484
8590601449132935916;1000;neo4j;1780.8364978902953;2206.678947368421;True;0.40576902378646
8594432863740065305;100;neo4j;1546.3834688346883;1626.4737196765498;True;0.40576902378646
8594432863740065305;1000;neo4j;1463.6388606307223;2584.1204453441296;True;0.40576902378646
8594432863740065305;3000;neo4j;1583.4290060851927;3575.9453993933266;True;0.40576902378646
8594432863740065305;9000;neo4j;1276.578947368421;2784.7232323232324;True;0.40576902378646
8594432863740065305;15000;neo4j;1440.5345528455284;3070.344129554656;True;0.40576902378646
8594908021206395210;500;neo4j;1477.734439834025;2414.5942028985505;True;0.40576902378646
8594908021206395210;1000;neo4j;1514.1514522821576;3196.650103519669;True;0.40576902378646
8594908021206395210;3000;neo4j;1503.4190871369294;2792.039256198347;True;0.40576902378646
8595687398230414950;1000;neo4j;1692.8504464285713;3071.3288888888887;True;0.40576902378646
8598074595889583694;100;neo4j;1460.1514522821576;2145.583850931677;True;0.40576902378646
8598074595889583694;500;neo4j;1520.6722338204593;2367.873706004141;True;0.40576902378646
8600907852614497788;9000;neo4j;4887.75;7987.259681093394;True;0.40576902378646
8608597223315634519;9000;neo4j;4661.469879518072;7677.027542372882;True;0.40576902378646
8647174678757329246;500;neo4j;1670.9420935412027;2460.693333333333;True;0.40576902378646
8651568214603415412;3000;neo4j;2540.670378619154;4549.266666666666;True;0.40576902378646
8656310884432374865;1000;neo4j;1260.390625;1302.4488888888889;True;0.40576902378646
8659459269724191954;100;postgres;1189.2901276024177;1435.5572776280324;True;0.40576902378646
8659459269724191954;500;neo4j;1417.4144204851752;1478.1215580926796;True;0.40576902378646
8659459269724191954;1000;neo4j;1397.5668016194331;1999.4314516129032;True;0.40576902378646
8659459269724191954;3000;neo4j;1313.5743174924166;1716.3071500503524;True;0.40576902378646
8659459269724191954;9000;neo4j;1331.4528936742934;2724.7348993288592;True;0.40576902378646
8659459269724191954;15000;neo4j;1310.5278058645097;2759.5307150050353;True;0.40576902378646
8669842003089918082;100;postgres;1152.0020338983052;1290.766779661017;True;2.1481481481481484
8669842003089918082;500;postgres;1314.2281059063137;1483.775967413442;True;2.1481481481481484
8669842003089918082;1000;postgres;1596.1201629327902;1808.5254582484724;True;2.1481481481481484
8670549772380930012;500;postgres;3104.5266666666666;4054.0526315789475;True;2.1481481481481484
8677597585617978523;3000;neo4j;2901.4866071428573;4228.771111111111;True;0.40576902378646
8678764399526992932;100;neo4j;1503.3058035714287;1996.5111111111112;True;0.40576902378646
8680977486174658034;100;neo4j;1618.8316221765913;2560.2397540983607;True;0.40576902378646
8680977486174658034;500;neo4j;1351.991769547325;1394.2197125256673;True;0.40576902378646
8680977486174658034;9000;neo4j;1332.9362139917696;3344.1334702258728;True;0.40576902378646
8680977486174658034;15000;neo4j;1269.2860082304526;3222.217213114754;True;0.40576902378646
8701159403445503925;1000;neo4j;1827.3794642857142;1955.608888888889;True;0.40576902378646
8705865091978635203;500;neo4j;1374.8779822767553;1401.2047619047619;True;0.40576902378646
8705865091978635203;3000;neo4j;1352.676891615542;2120.7632653061223;True;0.40576902378646
8705865091978635203;15000;neo4j;1379.141683778234;2469.238775510204;True;0.40576902378646
8711357562119122254;100;neo4j;1534.2316258351893;2460.231111111111;True;0.40576902378646
8726739986708219218;100;neo4j;1495.4398766700924;1871.2305327868853;True;0.40576902378646
8726739986708219218;9000;neo4j;1364.9588477366256;2745.049281314168;True;0.40576902378646
8726739986708219218;15000;neo4j;1394.7078189300412;2889.123203285421;True;0.40576902378646
8731556128351205172;500;neo4j;1643.1597883597883;2279.2663157894735;True;0.40576902378646
8735203901732896337;3000;neo4j;3194.8501118568233;6714.028953229398;True;0.40576902378646
8736984908825457625;500;neo4j;1284.0648769574943;1260.0377777777778;False;0.40576902378646
8740225905563828685;100;neo4j;1517.264826175869;1534.1871820956255;True;0.40576902378646
8740225905563828685;500;neo4j;1360.3244897959185;2183.369918699187;True;0.40576902378646
8740225905563828685;1000;neo4j;1258.4571428571428;2250.558943089431;True;0.40576902378646
8740225905563828685;3000;neo4j;1445.238775510204;2122.089430894309;True;0.40576902378646
8740225905563828685;15000;neo4j;1418.8016359918201;3136.427698574338;True;0.40576902378646
8742583655934098097;3000;neo4j;2720.7892376681616;3975.7266666666665;True;0.40576902378646
8742729829499830331;100;postgres;1482.2252631578947;1469.1768421052632;False;0.40576902378646
8742729829499830331;1000;neo4j;1222.9789029535864;1782.3284210526315;True;0.40576902378646
8743037925953868264;3000;neo4j;2467.2035794183444;3205.66;True;0.40576902378646
8747979895821206748;100;neo4j;1584.938775510204;1610.69450101833;True;0.40576902378646
8747979895821206748;500;neo4j;2030.1840490797547;2286.8760162601625;True;0.40576902378646
8755334839580773527;9000;neo4j;1378.922048997773;3582.951111111111;True;0.40576902378646
8780722923799491923;100;neo4j;1750.2873051224944;1787.4711111111112;True;0.40576902378646
8788393911435412837;15000;neo4j;1605.3794642857142;4098.173333333333;True;0.40576902378646
8791738825152125374;100;neo4j;1261.831223628692;1217.477894736842;False;0.40576902378646
8791738825152125374;3000;neo4j;2418.068085106383;2310.176842105263;False;0.40576902378646
8794439436530708103;1000;neo4j;1464.6131687242798;1940.6858316221767;True;0.40576902378646
8794439436530708103;3000;neo4j;1452.2250770811922;1843.156762295082;True;0.40576902378646
8794439436530708103;15000;neo4j;1403.0680412371134;2570.0143737166322;True;0.40576902378646
8795005962080040597;100;neo4j;1487.3195355880869;1949.8434826371415;True;0.40576902378646
8795005962080040597;500;neo4j;1690.4459049544994;2068.1710261569415;True;0.40576902378646
8795005962080040597;1000;neo4j;1964.059595959596;2454.59477124183;True;0.40576902378646
8795005962080040597;3000;neo4j;3051.4137931034484;4108.3239436619715;True;0.40576902378646
8795005962080040597;9000;neo4j;4844.580645161291;7222.676767676768;True;0.40576902378646
8795826941933653536;100;neo4j;1397.7904564315352;1681.0434782608695;True;0.40576902378646
8795826941933653536;500;neo4j;1598.1345755693583;2077.460743801653;True;0.40576902378646
8806136256397710669;500;postgres;1011.7231404958678;1183.8260869565217;True;2.1481481481481484
8806136256397710669;9000;neo4j;1473.5103734439833;3401.5403726708073;True;2.1481481481481484
8806136256397710669;15000;neo4j;1237.7717842323652;1879.5507246376812;True;2.1481481481481484
8809754087278947374;9000;neo4j;4768.743902439024;6261.743157894737;True;0.40576902378646
8811335922373119002;100;neo4j;1543.6528497409327;2086.1561530506724;True;0.40576902378646
8811335922373119002;9000;neo4j;4634.212698412698;7904.578616352202;True;0.40576902378646
8819066052731835583;500;neo4j;1571.7455357142858;2194.2444444444445;True;0.40576902378646
8819106869683253407;100;postgres;1345.158602920126;1465.5615141955836;True;0.40576902378646
8819106869683253407;500;neo4j;1357.648425284789;1437.664885326208;True;0.40576902378646
8819106869683253407;1000;neo4j;1303.2863605898124;1545.6338286859243;True;0.40576902378646
8819106869683253407;3000;neo4j;1430.823798208737;2269.7232841798655;True;0.40576902378646
8819106869683253407;9000;neo4j;1314.80091927607;2509.9573432579446;True;0.40576902378646
8819106869683253407;15000;neo4j;1414.8584189370254;2775.801157871298;True;0.40576902378646
8830007316182184432;100;neo4j;1644.2697095435685;2309.5486542443064;True;0.40576902378646
8830007316182184432;500;neo4j;1431.7060041407867;1362.198347107438;False;0.40576902378646
8830007316182184432;15000;neo4j;1331.908713692946;3067.12215320911;True;0.40576902378646
8830403994647853659;500;neo4j;1658.5363825363825;1830.1946169772257;True;0.40576902378646
8830403994647853659;3000;neo4j;2767.989604989605;4008.6749482401656;True;0.40576902378646
8833160505194618735;1000;neo4j;1301.510022271715;2227.202222222222;True;0.40576902378646
8840886348864005235;100;neo4j;1498.2362869198312;2473.941052631579;True;0.40576902378646
8840886348864005235;3000;neo4j;2862.6067653276955;5367.170526315789;True;0.40576902378646
8844845809667442264;100;neo4j;1813.325167037862;2513.262222222222;True;0.40576902378646
8850070104197648684;500;postgres;730.5466666666666;1040.9066666666668;True;2.1481481481481484
8860265615614077117;100;postgres;1094.9565217391305;1319.6770186335405;True;2.1481481481481484
8860265615614077117;1000;postgres;1555.2691511387163;1803.5663900414938;True;2.1481481481481484
8860265615614077117;3000;postgres;2289.3471074380163;2349.1490683229813;True;2.1481481481481484
8861112665549803868;100;neo4j;1610.5632911392406;2702.9284210526316;True;0.40576902378646
8861491253099622633;3000;neo4j;1304.977728285078;1993.2444444444445;True;0.40576902378646
8871537179902423536;1000;neo4j;1444.358574610245;1580.3377777777778;True;2.1481481481481484
8872279482524359855;100;neo4j;1573.1674107142858;1900.851111111111;True;0.40576902378646
8874064694503012311;500;neo4j;1525.3374485596707;1507.2408163265306;False;0.40576902378646
8874064694503012311;1000;neo4j;1213.4045174537987;1181.3836734693878;False;0.40576902378646
8874064694503012311;3000;neo4j;1352.1635991820042;1795.8428571428572;True;0.40576902378646
8874064694503012311;15000;neo4j;1368.478527607362;2147.2897959183674;True;0.40576902378646
8874862737867335744;9000;neo4j;4596.3962848297215;8729.586626139817;True;0.40576902378646
8876748007285764352;500;neo4j;1324.0668151447662;1340.2444444444445;True;0.40576902378646
8893533668912727216;100;neo4j;1631.8769574944072;1535.4533333333334;False;0.40576902378646
8899636642394804462;100;postgres;1236.865641025641;1372.197327852004;True;2.1481481481481484
8899636642394804462;9000;postgres;5268.9692622950815;24805.209445585217;True;2.1481481481481484
8902984046038825296;500;neo4j;1461.6299376299376;2921.6045548654242;True;0.40576902378646
8902984046038825296;1000;neo4j;1410.8198757763976;2610.128099173554;True;0.40576902378646
8902984046038825296;9000;neo4j;1321.6825726141078;3324.6790890269153;True;0.40576902378646
8909037740518159147;100;neo4j;1419.7995545657016;1767.7155555555555;True;0.40576902378646
8913421745053953703;100;neo4j;1325.6473214285713;1618.42;True;0.40576902378646
8915428447504081249;500;postgres;1344.0168598524763;1549.3987341772151;True;0.40576902378646
8925105213045171097;100;neo4j;1594.0813093980992;2634.278947368421;True;0.40576902378646
8930327916756680454;500;neo4j;1475.2283950617284;2938.4702258726898;True;0.40576902378646
8930327916756680454;1000;neo4j;1496.2731006160163;3645.125;True;0.40576902378646
8930327916756680454;3000;neo4j;1500.840909090909;3797.9856262833678;True;0.40576902378646
8930327916756680454;9000;neo4j;1351.7407407407406;4127.668032786885;True;0.40576902378646
8930445657304385959;1000;postgres;3845.3155555555554;4068.7599067599067;True;0.40576902378646
8934546407287326153;100;neo4j;1424.6839916839917;1286.6293995859214;False;0.40576902378646
8934546407287326153;1000;neo4j;1259.8651452282159;2546.181818181818;True;0.40576902378646
8934546407287326153;15000;neo4j;1330.823284823285;3361.7556935817806;True;0.40576902378646
8935742632642017209;100;neo4j;1458.5327695560254;2462.1094736842106;True;0.40576902378646
8935742632642017209;3000;neo4j;2952.2410147991545;5100.421052631579;True;0.40576902378646
8938566542267020118;100;neo4j;1464.231186440678;1818.4206617150573;True;0.40576902378646
8938566542267020118;500;neo4j;1650.50916496945;2240.65991902834;True;0.40576902378646
8938566542267020118;3000;neo4j;2913.626653102747;3242.2206477732793;True;0.40576902378646
8938566542267020118;9000;neo4j;4913.782608695652;5799.30971659919;True;0.40576902378646
8941692186417022645;500;neo4j;1496.876796714579;2500.0102040816328;True;0.40576902378646
8941692186417022645;1000;neo4j;1273.9877300613498;1346.2714285714285;True;0.40576902378646
8941692186417022645;9000;neo4j;1273.869713506139;2307.0850340136053;True;0.40576902378646
8944884728089404509;100;postgres;1125.1438217420662;1616.0411883862255;True;2.1481481481481484
8944884728089404509;500;postgres;2213.182186234818;2943.032586558045;True;2.1481481481481484
8951401630529051155;500;neo4j;1591.8708240534522;1809.9666666666667;True;0.40576902378646
8959091724109977090;100;postgres;1412.3959322033897;1823.6784500339904;True;2.1481481481481484
8959091724109977090;500;postgres;3246.9816887080365;3398.1176470588234;True;2.1481481481481484
8960386008572195050;500;neo4j;1646.710970464135;2254.5073684210524;True;0.40576902378646
8960386008572195050;9000;neo4j;4441.669398907104;6457.96;True;0.40576902378646
8962786697308848151;100;postgres;1250.1487603305786;1435.2851239669421;True;0.40576902378646
8962786697308848151;9000;neo4j;1312.8620331950208;2647.289855072464;True;0.40576902378646
8963442366358863938;100;postgres;1252.2826024648896;1441.0956346927053;True;0.40576902378646
8963442366358863938;500;neo4j;1406.0946308724833;1520.8908969210174;True;0.40576902378646
8963442366358863938;1000;neo4j;1375.581990794016;1760.25272518646;True;0.40576902378646
8963442366358863938;3000;neo4j;1401.9436052366566;1707.8184553660983;True;0.40576902378646
8963442366358863938;9000;neo4j;1328.8063607085346;2500.6654618473895;True;0.40576902378646
8963442366358863938;15000;neo4j;1324.9328408327738;2610.3232931726907;True;0.40576902378646
8970058378905855103;100;neo4j;1638.344398340249;1992.4679089026915;True;0.40576902378646
8970058378905855103;9000;neo4j;4887.101265822785;6342.509316770186;True;0.40576902378646
8981240591022388473;100;postgres;931.8426738690074;1486.320729237002;True;2.1481481481481484
8981240591022388473;500;postgres;1195.1194331983806;1501.2753036437248;True;2.1481481481481484
8981240591022388473;1000;postgres;756.5607287449393;1131.8157894736842;True;2.1481481481481484
8981240591022388473;3000;postgres;855.0728744939271;1268.508097165992;True;2.1481481481481484
8981240591022388473;9000;postgres;1123.9310344827586;1366.1059063136456;True;2.1481481481481484
8981429411013371358;500;neo4j;1941.0042283298096;3087.3747368421054;True;0.40576902378646
8981429411013371358;1000;neo4j;1935.4261603375528;2460.694736842105;True;0.40576902378646
8982554129179380312;100;postgres;1145.1612244897958;1312.5081632653062;True;0.40576902378646
8982554129179380312;500;neo4j;1487.7125256673512;2260.965306122449;True;0.40576902378646
8982554129179380312;1000;neo4j;1464.1288343558283;2300.1448979591837;True;0.40576902378646
8982554129179380312;3000;neo4j;1448.39672801636;2745.4;True;0.40576902378646
8982554129179380312;15000;neo4j;1550.274028629857;3412.308163265306;True;0.40576902378646
8996065119449288265;1000;neo4j;2095.254464285714;3931.5622222222223;True;0.40576902378646
8997629075749111289;100;postgres;963.2688888888889;1252.148888888889;True;2.1481481481481484
8998642927726512543;500;neo4j;1353.734439834025;2598.9026915113873;True;0.40576902378646
8998642927726512543;3000;neo4j;1310.5010351966873;3407.7438016528927;True;0.40576902378646
8998642927726512543;15000;neo4j;1361.2966804979253;3837.430641821946;True;0.40576902378646
9011650695160907212;100;neo4j;1928.6592427616927;2044.111111111111;True;2.1481481481481484
9024540605701094199;100;neo4j;1472.8530066815144;2625.08;True;0.40576902378646
9031508311185911562;100;neo4j;1458.7438752783964;1862.96;True;0.40576902378646
9033801055404887136;100;postgres;993.25;1961.4552845528456;True;2.1481481481481484
9033801055404887136;500;postgres;1288.6713995943205;2517.434693877551;True;2.1481481481481484
9033801055404887136;1000;postgres;3403.7728194726164;20825.221095334684;True;2.1481481481481484
9054268297812994330;500;neo4j;1573.0590717299579;1995.3473684210526;True;2.1481481481481484
9055280571713369888;500;neo4j;1484.798755186722;2037.44099378882;True;0.40576902378646
9055280571713369888;9000;neo4j;4842.114503816794;5512.412008281573;True;0.40576902378646
9061957716070271614;100;neo4j;1342.0289532293987;2355.673333333333;True;0.40576902378646
9068317030731138808;500;neo4j;1979.260579064588;1845.2222222222222;False;0.40576902378646
9071398499884036206;100;neo4j;1669.9198218262807;2414.751111111111;True;0.40576902378646
9075343453913997370;100;neo4j;1531.8049029622064;1843.0925737538148;True;0.40576902378646
9075343453913997370;500;neo4j;1406.4074829931974;1332.6077235772357;False;0.40576902378646
9075343453913997370;3000;neo4j;1459.239263803681;3220.1873727087577;True;0.40576902378646
9076007175678693997;100;neo4j;1618.2360801781738;1654.048888888889;True;0.40576902378646
9078217913552462163;1000;postgres;1474.0778947368422;1798.1642105263159;True;2.1481481481481484
9078217913552462163;3000;postgres;1775.4884210526316;2529.217758985201;True;2.1481481481481484
9090455464562450560;1000;neo4j;1929.065400843882;1937.2442105263158;True;0.40576902378646
9090455464562450560;9000;postgres;4181.742616033755;4686.594594594595;True;0.40576902378646
9091478849225629699;100;neo4j;1366.4135021097047;1363.3073684210526;False;0.40576902378646
9091478849225629699;3000;neo4j;1454.7928118393236;2333.778947368421;True;0.40576902378646
9100978371370653485;100;neo4j;1530.922048997773;1483.6666666666667;False;2.1481481481481484
9111641009135166562;500;neo4j;1520.7461024498887;3647.4977777777776;True;0.40576902378646
9115866093038978973;100;postgres;1276.905935613682;1443.9359879032259;True;0.40576902378646
9115866093038978973;500;postgres;1308.7826086956522;1308.770564516129;False;0.40576902378646
9115866093038978973;1000;postgres;1285.1456375838927;1275.7711409395972;False;0.40576902378646
9115866093038978973;3000;neo4j;1486.9575757575758;1795.692152917505;True;0.40576902378646
9115866093038978973;9000;neo4j;1374.4020202020201;2369.6237424547285;True;0.40576902378646
9115866093038978973;15000;neo4j;1447.1553985872856;2520.5814889336016;True;0.40576902378646
9131808939478792557;1000;postgres;1235.3755555555556;1834.3755555555556;True;2.1481481481481484
9138725239290767154;100;neo4j;1522.0236625514403;2253.9466666666667;True;0.40576902378646
9139451253837142770;9000;neo4j;4925.292682926829;5582.148888888889;True;0.40576902378646
9141388857831991132;100;neo4j;1544.2427616926504;2388.837777777778;True;0.40576902378646
9142645671052267769;500;neo4j;1652.8463251670378;2166.6044444444447;True;0.40576902378646
9151057364614339943;3000;neo4j;2633.577181208054;2610.2555555555555;False;0.40576902378646
9157807758483819474;100;postgres;1446.4694288012872;1471.019758064516;True;0.40576902378646
9157807758483819474;500;neo4j;1444.2903225806451;1816.1997991967871;True;0.40576902378646
9157807758483819474;1000;neo4j;1363.4724091520861;1888.924882629108;True;0.40576902378646
9157807758483819474;3000;neo4j;1422.079354404842;2577.4825737265414;True;0.40576902378646
9157807758483819474;9000;neo4j;1399.0706119704103;3037.85733422639;True;0.40576902378646
9157807758483819474;15000;neo4j;1288.1886031265758;2690.764558232932;True;0.40576902378646
9174086945711262061;500;neo4j;1368.6361607142858;3019.6422222222222;True;0.40576902378646
9182124499267812545;100;postgres;1068.61569416499;1392.780463242699;True;2.1481481481481484
9182124499267812545;500;postgres;1516.5715005035247;1924.4841149773072;True;2.1481481481481484
9182124499267812545;1000;postgres;1375.6941649899397;1828.0885311871227;True;2.1481481481481484
9182124499267812545;3000;postgres;3089.701259445844;3284.051572327044;True;2.1481481481481484
9182124499267812545;9000;neo4j;4932.933333333333;5584.649865591397;True;2.1481481481481484
9184270037968872234;100;neo4j;1513.9376391982182;2070.2155555555555;True;0.40576902378646
9186706996859359259;100;neo4j;1393.3483606557377;1578.3;True;0.40576902378646
9186706996859359259;500;neo4j;1475.958932238193;1786.9979591836734;True;0.40576902378646
9186706996859359259;1000;neo4j;1940.3155737704917;2396.415306122449;True;0.40576902378646
9186706996859359259;9000;neo4j;4558.711340206186;5511.504081632653;True;0.40576902378646
9189435296018933019;1000;neo4j;1606.2536997885836;2207.322105263158;True;2.1481481481481484
9189435296018933019;3000;neo4j;2507.0084388185655;2719.258947368421;True;2.1481481481481484
9191880184226525548;100;neo4j;1944.559196617336;2838.4052631578948;True;0.40576902378646
9193842492896384246;1000;neo4j;1795.4129464285713;2022.1933333333334;True;0.40576902378646
9195685962015932564;500;neo4j;2163.5123042505593;2173.3;True;0.40576902378646
9203205388289554788;100;postgres;2284.991869918699;2330.967413441955;True;2.1481481481481484
9203205388289554788;500;postgres;2918.9144602851325;3544.136082474227;True;2.1481481481481484
9203205388289554788;1000;postgres;3048.532520325203;4021.3131991051455;True;2.1481481481481484
9211970861699437503;1000;neo4j;2007.6645569620252;3312.4084210526316;True;0.40576902378646
9211970861699437503;3000;neo4j;2958.5295358649787;6920.042643923241;True;0.40576902378646
9214582849099619037;9000;neo4j;1375.7566964285713;3636.346666666667;True;0.40576902378646
9220928299843149547;100;neo4j;1422.097046413502;1797.1515789473685;True;0.40576902378646
9220928299843149547;3000;neo4j;3770.6082251082253;5293.214736842106;True;0.40576902378646
9222315175809978640;100;postgres;1455.8631578947368;1441.181052631579;False;0.40576902378646
9222315175809978640;500;postgres;1755.48;1773.2320675105486;True;0.40576902378646
