collection_size;result_size
100;1
100;0
100;0
100;0
100;0
100;1
100;0
100;0
100;0
100;0
100;0
100;0
100;3
100;0
100;0
100;0
100;0
100;0
100;0
100;0
100;2
100;6
100;8
100;0
100;4
100;1
100;8
100;2
100;0
100;0
100;0
100;0
100;0
100;0
100;0
100;0
100;0
100;3
100;0
100;2
100;0
100;0
100;0
100;2
100;0
100;0
100;0
100;0
100;0
100;0
100;0
100;0
100;3
100;0
100;0
100;0
100;0
100;0
100;1
100;0
100;0
100;4
100;0
100;0
100;0
100;0
100;0
100;0
100;3
100;0
100;0
100;0
100;0
100;0
100;1
100;2
100;0
100;0
100;0
100;0
100;3
100;0
100;0
100;1
100;0
100;4
100;0
100;0
100;3
100;0
100;0
100;0
100;0
100;0
100;5
100;0
100;0
100;0
100;3
100;0
100;0
100;0
100;0
100;1
100;0
100;0
100;0
100;0
100;0
100;0
100;0
100;0
100;0
100;0
100;0
100;0
100;1
100;0
100;12
100;0
100;0
100;0
100;0
100;0
100;0
100;0
100;0
100;0
100;0
100;23
100;4
100;0
100;0
100;0
100;0
100;0
100;0
100;0
100;0
100;2
100;0
100;0
100;0
100;0
100;0
100;0
100;6
100;3
100;0
100;0
100;0
100;0
100;2
100;0
100;0
100;0
100;0
100;0
100;0
100;0
100;1
100;0
100;9
100;0
100;0
100;0
100;0
100;0
100;1
100;0
100;0
100;0
100;5
100;0
100;0
100;0
100;5
100;10
100;2
100;0
100;0
100;2
100;0
100;1
100;1
100;0
100;3
100;6
100;2
100;2
100;5
100;4
100;6
100;0
100;4
100;5
100;8
100;7
100;3
100;8
100;0
100;0
100;0
100;0
100;0
100;7
100;0
100;4
100;21
100;10
100;4
100;5
100;6
100;0
100;1
100;0
100;5
100;7
100;7
100;10
100;12
100;0
100;0
100;0
100;3
100;9
100;1
100;8
100;0
100;0
100;3
100;3
100;3
100;6
100;7
100;3
100;1
100;15
100;5
100;2
100;5
100;2
100;0
100;5
100;0
100;18
100;3
100;4
100;7
100;4
100;2
100;0
100;4
100;5
100;5
100;0
100;1
100;2
100;0
100;0
100;0
100;14
100;3
100;4
100;1
100;0
100;5
100;2
100;7
100;2
100;3
100;0
100;1
100;11
100;5
100;2
100;0
100;5
100;9
100;2
100;8
100;12
100;3
100;1
100;8
100;12
100;1
100;6
100;5
100;3
100;0
100;8
100;5
100;12
100;4
100;0
100;6
100;1
100;5
100;8
100;0
100;3
100;3
100;0
100;1
100;0
100;3
100;2
100;1
100;1
100;0
100;0
100;9
100;3
100;9
100;1
100;2
100;11
100;77
100;2
100;1
100;0
100;0
100;0
100;4
100;3
100;12
100;0
100;5
100;10
100;1
100;2
100;3
100;1
100;6
100;2
100;4
100;7
100;3
100;7
100;5
100;13
100;0
100;0
100;9
100;1
100;1
100;0
100;13
100;11
100;11
100;3
100;1
100;0
100;0
100;2
100;39
100;0
100;13
100;9
100;7
100;14
100;5
100;5
100;7
100;15
100;1
100;7
100;27
100;18
100;3
100;43
100;1
100;2
100;2
100;1
100;0
100;4
100;0
100;5
100;12
100;27
100;26
100;28
100;19
100;0
100;27
100;0
100;0
100;14
100;39
100;18
100;0
100;1
100;0
100;2
100;19
100;24
100;15
100;10
100;0
100;0
100;9
100;7
100;1
100;8
100;3
100;3
100;5
100;1
100;6
100;0
100;13
100;13
100;0
100;0
100;0
100;40
100;4
100;1
100;8
100;3
100;4
100;0
100;13
100;0
100;4
100;2
100;1
100;0
100;2
100;1
100;7
100;3
100;2
100;9
100;18
100;3
100;6
100;12
100;14
100;6
100;4
100;23
100;8
100;2
100;2
100;17
100;6
100;3
100;19
100;10
100;8
100;2
100;9
100;8
100;46
100;15
100;11
100;0
100;2
100;3
100;6
100;6
100;15
100;4
100;0
100;16
100;7
100;3
100;0
100;7
100;15
100;18
100;10
100;0
100;27
100;33
100;0
100;2
100;7
100;9
100;12
100;5
100;4
100;0
100;0
100;8
100;0
100;11
100;4
100;13
100;12
100;10
100;0
100;5
100;11
100;2
100;5
100;0
100;3
100;6
100;15
100;0
100;4
100;6
100;18
100;3
100;6
100;12
100;30
100;2
100;10
100;12
100;0
100;16
100;4
100;0
100;0
100;0
100;1
100;0
100;0
100;0
100;0
100;0
100;0
100;0
100;0
100;0
100;3
100;11
100;0
100;3
100;4
100;1
100;0
100;3
100;4
100;3
100;0
100;6
100;0
100;6
100;0
100;0
100;0
100;0
100;0
100;1
100;0
100;0
100;1
100;8
100;0
100;0
100;1
100;2
100;0
100;1
100;0
100;4
100;5
100;6
100;1
100;0
100;0
100;0
100;0
100;0
100;0
100;0
100;0
100;0
100;0
100;0
100;0
100;0
100;4
100;8
100;0
100;18
100;0
100;3
100;0
100;4
100;0
100;0
100;0
100;8
100;0
100;3
100;0
100;1
100;1
100;0
100;2
100;0
100;0
100;0
100;0
100;0
100;0
100;1
100;2
100;2
100;2
100;9
100;0
100;0
100;0
100;10
100;0
100;7
100;0
100;2
100;3
100;0
100;3
100;1
100;0
100;4
100;4
100;4
100;3
100;4
100;3
100;0
100;0
100;0
100;4
100;3
100;0
100;3
100;0
100;0
100;3
100;0
100;0
100;0
100;0
100;0
100;5
100;0
100;4
100;5
100;0
100;0
100;0
100;0
100;0
100;0
100;0
100;3
100;0
100;0
100;0
100;22
100;6
100;0
100;0
100;2
100;0
100;0
100;0
100;0
100;0
100;7
100;14
100;1
100;5
100;0
100;0
100;0
100;5
100;0
100;6
100;0
100;0
100;3
100;1
100;1
100;0
100;1
100;4
100;0
100;0
100;7
100;1
100;0
100;0
100;0
100;0
100;1
100;1
100;0
100;0
100;0
100;0
100;0
100;0
100;0
100;1
100;1
100;3
100;0
100;0
100;2
100;1
100;0
100;0
100;0
100;0
100;1
100;0
100;0
100;1
100;4
100;1
100;0
100;0
100;2
100;0
100;8
100;2
100;0
100;0
100;0
100;2
100;0
100;0
100;1
100;0
100;0
100;7
100;0
100;0
100;0
100;0
100;0
100;0
100;0
100;2
100;0
100;0
100;0
100;12
100;0
100;1
100;0
100;2
100;1
100;1
100;1
100;0
100;0
100;4
100;0
100;0
100;0
100;0
100;0
100;0
100;0
100;0
100;0
100;6
100;0
100;2
100;0
100;3
100;1
100;0
100;0
100;0
100;0
100;3
100;1
100;4
100;0
100;3
100;0
100;0
100;1
100;1
100;0
100;1
100;3
100;4
100;7
100;0
100;0
100;0
100;0
100;2
100;0
100;0
100;0
100;0
100;9
100;2
100;0
100;0
100;2
100;0
100;0
100;0
100;0
100;0
100;2
100;2
100;0
100;0
100;0
100;1
100;3
100;0
100;0
100;3
100;0
100;0
100;0
100;9
100;0
100;0
100;0
100;0
100;0
100;0
100;0
100;0
100;0
100;0
100;2
100;40
100;1
100;0
100;0
100;1
100;0
100;0
100;0
100;0
100;0
100;13
100;0
100;0
100;0
100;0
100;0
100;1
100;12
100;1
100;0
100;0
100;0
100;0
100;0
100;12
100;4
100;1
100;0
100;0
100;0
100;0
100;1
100;0
100;0
100;0
100;0
100;0
100;0
100;2
100;0
100;0
100;0
100;0
100;2
100;1
100;0
100;4
100;0
100;0
100;0
100;0
100;0
100;0
100;0
100;0
100;0
100;0
100;0
100;0
100;0
100;0
100;0
100;1
100;4
100;6
100;0
100;1
100;0
100;0
100;1
100;0
100;0
100;0
100;1
100;2
100;0
100;0
100;0
100;0
100;0
100;3
100;0
100;0
100;0
100;3
100;3
100;0
100;0
100;0
100;2
100;0
100;0
100;0
100;0
100;0
100;0
100;0
100;0
100;0
100;0
100;0
100;0
100;0
100;0
100;0
100;0
100;0
100;0
100;1
100;0
100;2
100;0
100;0
100;0
100;4
100;1
100;0
100;0
100;0
100;1
100;0
100;0
100;0
100;0
100;0
100;0
100;0
100;2
100;0
100;1
100;0
100;1
100;2
100;1
100;3
100;4
100;0
100;0
100;0
100;0
100;3
100;2
100;0
100;2
100;0
100;0
100;0
100;0
100;0
100;0
100;0
100;0
100;0
100;0
100;0
100;4
100;0
100;0
100;0
100;0
100;0
100;0
100;0
100;0
100;0
100;0
100;0
100;2
100;0
100;10
100;0
100;0
100;0
100;1
100;0
100;0
100;0
100;0
100;0
100;1
100;18
100;0
100;0
100;7
100;3
100;0
100;0
100;0
100;0
100;0
100;0
100;0
100;0
100;0
100;0
100;1
100;0
100;2
100;25
100;2
100;1
100;7
100;23
100;15
100;39
100;5
100;9
100;7
100;9
100;2
100;15
100;9
100;22
100;43
100;28
100;19
100;16
100;18
100;24
100;21
100;18
100;16
100;18
100;27
100;34
100;31
100;5
100;8
100;7
100;5
100;1
100;22
100;31
100;19
100;22
100;28
100;24
100;8
100;28
100;29
100;34
100;11
100;24
100;12
100;58
100;25
100;19
100;4
100;7
100;6
100;16
100;46
100;27
100;42
100;4
100;5
100;17
100;26
100;26
100;49
100;3
100;18
100;22
100;23
100;11
100;17
100;30
100;21
100;6
100;6
100;5
100;15
100;20
100;28
100;23
100;3
100;22
100;19
100;16
100;11
100;18
100;29
100;10
100;23
100;24
100;10
100;17
100;26
100;37
100;24
100;17
100;35
100;24
100;23
100;33
100;29
100;32
100;25
100;17
100;18
100;24
100;31
100;21
100;22
100;25
100;30
100;22
100;35
100;15
100;39
100;25
100;18
100;24
100;41
100;8
100;24
100;62
100;16
100;51
100;28
100;39
100;31
100;23
100;19
100;13
100;19
100;20
100;24
100;39
100;56
100;28
100;12
100;21
100;18
100;24
100;26
100;13
100;6
100;13
100;29
100;22
100;43
100;17
100;26
100;14
100;22
100;8
100;15
100;9
100;18
100;16
100;18
100;13
100;5
100;14
100;29
100;9
100;9
100;54
100;17
100;16
100;47
100;28
100;10
100;22
100;37
100;17
100;39
100;19
100;26
100;25
100;6
100;7
100;19
100;30
100;30
100;36
100;10
100;5
100;3
100;14
100;3
100;18
100;5
100;61
100;46
100;19
100;34
100;80
100;34
100;31
100;30
100;27
100;21
100;30
100;16
100;23
100;44
100;3
100;48
100;22
100;7
100;40
100;85
100;13
100;10
100;23
100;64
100;60
100;16
100;55
100;43
100;37
100;9
100;48
100;13
100;53
100;69
100;29
100;14
100;22
100;4
100;0
100;50
100;28
100;73
100;7
100;4
100;21
100;47
100;14
100;38
100;32
100;76
100;83
100;45
100;12
100;12
100;44
100;26
100;13
100;16
100;2
100;48
100;52
100;24
100;73
100;71
100;44
100;15
100;17
100;3
100;25
100;18
100;14
100;17
100;11
100;15
100;38
100;34
100;53
100;45
100;43
100;42
100;68
100;68
100;15
100;15
100;39
100;14
100;37
100;76
100;30
100;72
100;22
100;29
100;79
100;86
100;46
100;62
100;20
100;62
100;58
100;69
100;24
100;30
100;20
100;45
100;97
100;67
100;116
100;29
100;84
100;46
100;45
100;22
100;19
100;23
100;45
100;26
100;72
100;79
100;16
100;8
100;27
100;24
100;63
100;11
100;41
100;53
100;18
100;72
100;43
100;32
100;19
100;23
100;123
100;22
100;22
100;21
100;16
100;5
100;23
100;16
100;93
100;53
100;33
100;21
100;13
100;16
100;56
100;34
100;52
100;119
100;18
100;30
100;14
100;39
100;35
100;84
100;13
100;17
100;24
100;2
100;3
100;5
100;18
100;23
100;17
100;4
100;3
100;1
100;1
100;0
100;13
100;4
100;18
100;19
100;17
100;22
100;23
100;21
100;27
100;13
100;29
100;15
100;19
100;16
100;13
100;18
100;4
100;3
100;10
100;1
100;1
100;27
100;0
100;27
100;17
100;32
100;20
100;17
100;29
100;28
100;25
100;24
100;24
100;24
100;46
100;27
100;27
100;4
100;3
100;8
100;61
100;2
100;11
100;4
100;2
100;1
100;27
100;17
100;14
100;21
100;28
100;10
100;10
100;33
100;14
100;12
100;21
100;12
100;9
100;5
100;9
100;27
100;14
100;21
100;22
100;15
100;22
100;22
100;25
100;14
100;17
100;12
100;17
100;3
100;9
100;5
100;39
100;28
100;22
100;22
100;26
100;15
100;22
100;15
100;22
100;15
100;8
100;19
100;19
100;22
100;9
100;19
100;19
100;12
100;12
100;19
100;22
100;24
100;25
100;13
100;35
100;31
100;13
100;22
100;16
100;16
100;56
100;56
100;27
100;35
100;34
100;34
100;25
100;21
100;17
100;15
100;33
100;33
100;21
100;18
100;50
100;18
100;0
100;35
100;13
100;29
100;17
100;25
100;25
100;23
100;18
100;41
100;20
100;24
100;50
100;19
100;11
100;25
100;19
100;10
100;15
100;20
100;29
100;44
100;29
100;15
100;19
100;10
100;30
100;8
100;8
100;28
100;27
100;35
100;12
100;42
100;27
100;55
100;35
100;22
100;3
100;0
100;0
100;0
100;4
100;4
100;5
100;0
100;0
100;0
100;0
100;1
100;0
100;0
100;3
100;3
100;5
100;0
100;2
100;2
100;12
100;6
100;0
100;0
100;0
100;1
100;0
100;0
100;0
100;0
100;0
100;0
100;0
100;2
100;2
100;6
100;15
100;0
100;0
100;0
100;2
100;3
100;0
100;0
100;0
100;9
100;2
100;0
100;5
100;0
100;0
100;0
100;0
100;0
100;0
100;0
100;0
100;0
100;0
100;3
100;1
100;0
100;0
100;7
100;0
100;0
100;3
100;0
100;6
100;0
100;0
100;0
100;0
100;0
100;16
100;4
100;5
100;10
100;1
100;0
100;0
100;0
100;10
100;3
100;0
100;0
100;14
100;0
100;1
100;0
100;2
100;0
100;1
100;0
100;1
100;1
100;0
100;3
100;4
100;0
100;10
100;0
100;0
100;3
100;0
100;3
100;2
100;4
100;2
100;0
100;0
100;0
100;0
100;0
100;4
100;0
100;0
100;0
100;0
100;1
100;0
100;0
100;4
100;0
100;0
100;0
100;4
100;4
100;0
100;0
100;0
100;0
100;0
100;0
100;3
100;5
100;1
100;3
100;6
100;0
100;0
100;0
100;1
100;0
100;0
100;0
100;0
100;0
100;1
100;3
100;0
100;0
100;0
100;0
100;0
100;0
100;0
100;0
100;0
100;0
100;3
100;0
100;28
100;1
100;12
100;15
100;6
100;6
100;16
100;24
100;5
100;0
100;1
100;0
100;0
100;0
100;0
100;0
100;0
100;0
100;0
100;0
100;0
100;0
100;0
100;0
100;0
100;1
100;0
100;0
100;0
100;2
100;1
100;0
100;0
100;0
100;0
100;0
100;8
100;0
100;0
100;0
100;0
100;0
100;0
100;0
100;0
100;0
100;0
100;0
100;0
100;2
100;1
100;3
100;0
100;0
100;0
100;0
100;0
100;0
100;0
100;0
100;0
100;0
100;0
100;0
100;0
100;0
100;0
100;0
100;3
100;0
100;0
100;0
100;0
100;0
100;0
100;0
100;0
100;3
100;0
100;0
100;0
100;0
100;0
100;0
100;0
100;1
100;0
100;1
100;0
100;0
100;0
100;0
100;1
100;0
100;0
100;0
100;1
100;0
100;3
100;0
100;0
100;0
100;0
100;1
100;0
100;0
100;0
100;0
100;2
100;0
100;0
100;0
100;0
100;0
100;4
100;2
100;0
100;4
100;3
100;0
100;0
100;1
100;0
100;0
100;0
100;0
100;0
100;0
100;1
100;0
100;0
100;1
100;4
100;0
100;0
100;7
100;0
100;3
100;0
100;4
100;0
100;4
100;0
100;3
100;0
100;0
100;0
100;1
100;0
100;0
100;0
100;0
100;0
100;0
100;2
100;0
100;6
100;0
100;1
100;0
100;0
100;0
100;6
100;0
100;0
100;0
100;3
100;0
100;3
100;0
100;0
100;0
100;0
100;2
100;0
100;0
100;0
100;1
100;0
100;0
100;0
100;0
100;60
100;39
100;40
100;22
100;68
100;46
100;45
100;22
100;31
100;27
100;32
100;40
100;66
100;43
100;56
100;51
100;62
100;59
100;56
100;59
100;61
100;62
100;65
100;51
100;53
100;69
100;41
100;73
100;25
100;33
100;52
100;41
100;37
100;66
100;49
100;60
100;62
100;93
100;52
100;64
100;73
100;58
100;64
100;63
100;40
100;71
100;86
100;16
100;48
100;37
100;40
100;33
100;54
100;81
100;59
100;57
100;24
100;30
100;43
100;46
100;54
100;52
100;31
100;46
100;62
100;51
100;60
100;47
100;37
100;23
100;44
100;37
100;59
100;58
100;61
100;57
100;53
100;39
100;55
100;38
100;26
100;26
100;40
100;42
100;42
100;35
100;28
100;27
100;63
100;80
100;85
100;61
100;59
100;49
100;56
100;43
100;37
100;36
100;55
100;32
100;67
100;37
100;33
100;58
100;55
100;68
100;44
100;69
100;74
100;67
100;54
100;78
100;37
100;60
100;59
100;69
100;64
100;60
100;82
100;59
100;80
100;72
100;86
100;56
100;60
100;75
100;42
100;73
100;56
100;56
100;63
100;46
100;48
100;46
100;63
100;61
100;40
100;27
100;54
100;57
100;28
100;39
100;96
100;81
100;26
100;58
100;86
100;51
100;12
100;22
100;30
100;10
100;69
100;49
100;53
100;75
100;33
100;56
100;33
100;21
100;48
100;16
100;99
100;92
100;35
100;31
100;43
100;66
100;48
100;102
100;65
100;63
100;77
100;54
100;44
100;51
100;74
100;57
100;83
100;31
100;54
100;50
100;65
100;39
100;64
100;45
100;42
100;90
100;78
100;78
100;82
100;55
100;97
100;93
100;62
100;78
100;67
100;72
100;93
100;89
100;47
100;67
100;62
100;32
100;45
100;98
100;40
100;58
100;67
100;78
100;85
100;94
100;90
100;78
100;53
100;99
100;63
100;84
100;109
100;70
100;60
100;31
100;72
100;57
100;71
100;63
100;79
100;54
100;44
100;39
100;69
100;34
100;41
100;71
100;73
100;49
100;58
100;51
100;80
100;48
100;45
100;47
100;67
100;45
100;37
100;90
100;66
100;56
100;55
100;40
100;61
100;23
100;31
100;26
100;42
100;58
100;76
100;48
100;15
100;13
100;71
100;95
100;111
100;90
100;91
100;49
100;42
100;55
100;41
100;59
100;86
100;41
100;60
100;54
100;70
100;83
100;99
100;59
100;66
100;72
100;41
100;35
100;64
100;88
100;79
100;96
100;99
100;64
100;70
100;81
100;49
100;80
100;123
100;59
100;42
100;85
100;86
100;61
100;81
100;66
100;61
100;52
100;56
100;99
100;72
100;24
100;79
100;49
100;56
100;36
100;65
100;64
100;47
100;53
100;67
100;79
100;50
100;61
100;82
100;67
100;19
100;51
100;29
100;21
100;106
100;33
100;78
100;119
100;53
100;82
100;43
100;36
100;47
100;31
100;45
100;67
100;53
100;77
100;50
100;52
100;53
100;163
100;69
100;89
100;59
100;35
100;43
100;40
100;64
100;52
100;61
100;29
100;30
100;29
100;33
100;20
100;38
100;41
100;42
100;46
100;63
100;56
100;54
100;62
100;69
100;49
100;69
100;35
100;68
100;67
100;58
100;29
100;29
100;23
100;21
100;23
100;39
100;70
100;37
100;51
100;54
100;59
100;44
100;50
100;57
100;38
100;57
100;62
100;70
100;53
100;96
100;76
100;51
100;28
100;24
100;21
100;49
100;54
100;43
100;35
100;25
100;23
100;44
100;44
100;38
100;71
100;43
100;53
100;53
100;50
100;55
100;57
100;42
100;27
100;47
100;50
100;43
100;86
100;76
100;40
100;50
100;29
100;37
100;37
100;13
100;34
100;35
100;43
100;45
100;27
100;34
100;10
100;75
100;90
100;69
100;81
100;76
100;55
100;59
100;56
100;55
100;44
100;44
100;46
100;57
100;57
100;48
100;58
100;56
100;43
100;60
100;75
100;56
100;67
100;52
100;81
100;68
100;69
100;52
100;53
100;50
100;53
100;79
100;79
100;36
100;65
100;62
100;58
100;79
100;53
100;39
100;67
100;39
100;65
100;63
100;51
100;86
100;33
100;59
100;34
100;40
100;37
100;57
100;66
100;40
100;41
100;74
100;95
100;42
100;51
100;47
100;49
100;10
100;27
100;23
100;12
100;67
100;49
100;67
100;82
100;38
100;68
100;34
100;26
100;29
100;26
100;85
100;84
100;56
100;31
100;46
100;82
100;59
100;112
100;59
100;60
100;1
100;0
100;0
100;0
100;1
100;1
100;0
100;0
100;0
100;1
100;0
100;0
100;12
100;0
100;2
100;0
100;4
100;0
100;0
100;0
100;2
100;4
100;0
100;0
100;2
100;0
100;14
100;0
100;0
100;0
100;0
100;0
100;0
100;2
100;0
100;0
100;0
100;0
100;3
100;0
100;0
100;6
100;0
100;20
100;0
100;1
100;2
100;0
100;3
100;0
100;0
100;0
100;0
100;0
100;10
100;0
100;0
100;0
100;0
100;1
100;2
100;0
100;0
100;3
100;2
100;0
100;0
100;0
100;0
100;1
100;0
100;1
100;0
100;8
100;0
100;0
100;2
100;4
100;0
100;0
100;0
100;0
100;1
100;1
100;0
100;0
100;3
100;0
100;0
100;10
100;3
100;1
100;2
100;0
100;0
100;0
100;1
100;0
100;0
100;17
100;5
100;0
100;1
100;11
100;0
100;0
100;0
100;0
100;0
100;0
100;3
100;0
100;0
100;1
100;1
100;0
100;0
100;2
100;1
100;4
100;0
100;0
100;0
100;1
100;0
100;0
100;10
100;0
100;0
100;1
100;0
100;0
100;2
100;4
100;0
100;0
100;0
100;0
100;0
100;0
100;0
100;0
100;6
100;10
100;2
100;0
100;0
100;0
100;0
100;0
100;1
100;1
100;0
100;0
100;0
100;0
100;1
100;0
100;0
100;0
100;0
100;0
100;0
100;2
100;6
100;1
100;2
100;0
100;0
100;0
100;1
100;4
100;100
100;100
100;100
100;100
500;1
500;0
500;0
500;0
500;1
500;3
500;0
500;0
500;0
500;0
500;0
500;0
500;0
500;0
500;0
500;0
500;1
500;0
500;0
500;0
500;3
500;3
500;0
500;0
500;2
500;0
500;2
500;0
500;0
500;0
500;0
500;0
500;0
500;4
500;0
500;1
500;0
500;1
500;0
500;1
500;0
500;0
500;0
500;3
500;0
500;0
500;0
500;0
500;0
500;0
500;0
500;0
500;0
500;0
500;0
500;0
500;0
500;0
500;4
500;1
500;0
500;0
500;0
500;4
500;0
500;0
500;1
500;0
500;0
500;0
500;0
500;0
500;0
500;0
500;0
500;4
500;0
500;2
500;0
500;0
500;0
500;0
500;2
500;2
500;4
500;0
500;0
500;0
500;2
500;2
500;4
500;1
500;0
500;4
500;2
500;3
500;6
500;0
500;0
500;0
500;0
500;0
500;0
500;0
500;0
500;2
500;2
500;3
500;0
500;0
500;0
500;0
500;0
500;0
500;0
500;0
500;1
500;0
500;0
500;2
500;5
500;2
500;0
500;12
500;0
500;0
500;0
500;0
500;0
500;0
500;6
500;0
500;0
500;0
500;0
500;0
500;0
500;9
500;0
500;0
500;0
500;0
500;0
500;2
500;0
500;0
500;0
500;0
500;0
500;0
500;3
500;0
500;0
500;0
500;0
500;0
500;0
500;0
500;0
500;0
500;0
500;0
500;0
500;0
500;0
500;0
500;0
500;2
500;0
500;0
500;0
500;0
500;25
500;2
500;1
500;0
500;9
500;32
500;33
500;1
500;0
500;0
500;3
500;0
500;23
500;0
500;35
500;51
500;35
500;20
500;28
500;36
500;41
500;44
500;32
500;13
500;37
500;22
500;28
500;14
500;0
500;0
500;7
500;0
500;1
500;62
500;2
500;23
500;40
500;51
500;16
500;37
500;28
500;41
500;44
500;45
500;12
500;83
500;41
500;6
500;79
500;0
500;0
500;0
500;40
500;0
500;30
500;161
500;6
500;0
500;34
500;14
500;14
500;17
500;125
500;42
500;33
500;90
500;50
500;63
500;31
500;29
500;0
500;3
500;0
500;38
500;54
500;23
500;34
500;20
500;36
500;24
500;32
500;23
500;62
500;45
500;17
500;33
500;50
500;40
500;35
500;23
500;34
500;9
500;32
500;63
500;35
500;37
500;27
500;32
500;49
500;7
500;28
500;56
500;31
500;31
500;16
500;36
500;31
500;24
500;16
500;42
500;20
500;17
500;28
500;49
500;45
500;54
500;17
500;14
500;76
500;10
500;13
500;37
500;20
500;26
500;30
500;103
500;22
500;10
500;26
500;34
500;74
500;48
500;55
500;47
500;5
500;46
500;60
500;71
500;31
500;9
500;2
500;6
500;42
500;47
500;149
500;71
500;49
500;33
500;37
500;49
500;29
500;37
500;35
500;133
500;51
500;14
500;47
500;13
500;39
500;4
500;40
500;41
500;50
500;26
500;44
500;61
500;87
500;62
500;44
500;39
500;25
500;15
500;118
500;39
500;6
500;7
500;64
500;118
500;128
500;17
500;260
500;401
500;102
500;23
500;474
500;82
500;172
500;115
500;190
500;166
500;61
500;20
500;30
500;470
500;29
500;158
500;476
500;17
500;427
500;38
500;93
500;74
500;156
500;5
500;5
500;20
500;31
500;156
500;61
500;37
500;36
500;64
500;21
500;106
500;178
500;56
500;572
500;276
500;57
500;96
500;614
500;8
500;94
500;5
500;159
500;50
500;76
500;244
500;43
500;10
500;30
500;47
500;279
500;23
500;19
500;41
500;34
500;598
500;184
500;43
500;692
500;8
500;13
500;49
500;14
500;60
500;287
500;272
500;166
500;39
500;36
500;170
500;57
500;213
500;19
500;450
500;44
500;20
500;44
500;216
500;49
500;157
500;213
500;112
500;187
500;65
500;52
500;83
500;463
500;21
500;395
500;157
500;479
500;168
500;45
500;68
500;33
500;134
500;85
500;135
500;71
500;129
500;142
500;521
500;18
500;430
500;515
500;102
500;151
500;27
500;506
500;52
500;49
500;163
500;57
500;86
500;30
500;156
500;138
500;41
500;46
500;19
500;118
500;258
500;961
500;316
500;305
500;856
500;471
500;70
500;33
500;190
500;94
500;14
500;630
500;73
500;369
500;1177
500;1425
500;74
500;31
500;64
500;7
500;207
500;207
500;59
500;78
500;1012
500;641
500;90
500;43
500;18
500;67
500;58
500;769
500;84
500;34
500;296
500;57
500;84
500;328
500;106
500;243
500;27
500;20
500;2
500;0
500;1
500;18
500;14
500;20
500;0
500;0
500;0
500;0
500;0
500;5
500;0
500;26
500;40
500;12
500;23
500;17
500;0
500;10
500;14
500;15
500;20
500;15
500;8
500;15
500;0
500;0
500;0
500;0
500;0
500;0
500;0
500;0
500;9
500;0
500;0
500;23
500;0
500;69
500;0
500;0
500;14
500;29
500;29
500;7
500;17
500;0
500;0
500;0
500;0
500;0
500;8
500;12
500;0
500;0
500;0
500;0
500;45
500;35
500;36
500;17
500;11
500;54
500;0
500;31
500;47
500;35
500;5
500;0
500;0
500;1
500;26
500;41
500;40
500;0
500;33
500;8
500;21
500;30
500;21
500;0
500;5
500;12
500;0
500;9
500;13
500;18
500;26
500;18
500;24
500;0
500;0
500;32
500;28
500;32
500;18
500;0
500;38
500;0
500;0
500;0
500;8
500;31
500;8
500;8
500;27
500;0
500;24
500;27
500;20
500;11
500;20
500;11
500;8
500;8
500;24
500;12
500;12
500;15
500;8
500;0
500;0
500;0
500;17
500;0
500;42
500;22
500;15
500;14
500;0
500;24
500;33
500;4
500;0
500;0
500;53
500;43
500;0
500;33
500;39
500;26
500;42
500;0
500;11
500;11
500;5
500;24
500;1
500;14
500;87
500;36
500;33
500;27
500;37
500;30
500;19
500;12
500;0
500;25
500;0
500;78
500;13
500;48
500;27
500;33
500;0
500;22
500;27
500;13
500;22
500;2
500;0
500;0
500;0
500;3
500;1
500;5
500;0
500;0
500;0
500;0
500;0
500;1
500;0
500;0
500;47
500;1
500;1
500;0
500;7
500;0
500;3
500;3
500;0
500;55
500;0
500;23
500;33
500;0
500;0
500;0
500;0
500;0
500;3
500;0
500;54
500;13
500;0
500;0
500;0
500;19
500;0
500;0
500;59
500;3
500;0
500;0
500;6
500;0
500;0
500;0
500;0
500;5
500;0
500;4
500;0
500;0
500;0
500;26
500;0
500;0
500;4
500;0
500;0
500;3
500;44
500;4
500;1
500;30
500;0
500;0
500;0
500;0
500;8
500;22
500;0
500;25
500;1
500;0
500;34
500;16
500;3
500;4
500;0
500;47
500;0
500;0
500;0
500;0
500;12
500;8
500;0
500;0
500;2
500;0
500;0
500;13
500;0
500;18
500;0
500;2
500;3
500;0
500;8
500;0
500;6
500;5
500;24
500;1
500;0
500;8
500;10
500;0
500;0
500;0
500;0
500;4
500;0
500;2
500;4
500;10
500;2
500;28
500;31
500;2
500;3
500;0
500;1
500;7
500;3
500;0
500;0
500;1
500;0
500;44
500;6
500;31
500;0
500;0
500;1
500;63
500;0
500;5
500;0
500;2
500;52
500;0
500;0
500;0
500;52
500;0
500;0
500;18
500;60
500;19
500;54
500;20
500;0
500;0
500;0
500;59
500;0
500;0
500;30
500;0
500;0
500;5
500;54
500;0
500;0
500;0
500;8
500;1
500;0
500;0
500;0
500;3
500;1
500;0
500;0
500;0
500;0
500;0
500;0
500;0
500;0
500;1
500;0
500;1
500;1
500;1
500;4
500;5
500;0
500;1
500;1
500;0
500;0
500;0
500;0
500;0
500;0
500;0
500;0
500;0
500;0
500;0
500;0
500;0
500;2
500;0
500;6
500;5
500;0
500;0
500;2
500;3
500;2
500;1
500;0
500;10
500;0
500;0
500;0
500;0
500;0
500;3
500;0
500;0
500;0
500;0
500;0
500;0
500;0
500;0
500;2
500;0
500;0
500;8
500;4
500;0
500;0
500;0
500;0
500;0
500;0
500;0
500;15
500;2
500;0
500;0
500;0
500;0
500;6
500;2
500;0
500;0
500;0
500;0
500;0
500;1
500;12
500;0
500;0
500;0
500;0
500;6
500;1
500;0
500;0
500;0
500;0
500;4
500;0
500;0
500;0
500;0
500;3
500;3
500;2
500;1
500;11
500;0
500;2
500;0
500;3
500;0
500;0
500;0
500;0
500;0
500;0
500;2
500;0
500;0
500;0
500;0
500;3
500;0
500;0
500;0
500;16
500;4
500;0
500;0
500;0
500;1
500;0
500;4
500;10
500;0
500;0
500;0
500;0
500;0
500;2
500;0
500;0
500;0
500;0
500;0
500;0
500;0
500;0
500;0
500;0
500;24
500;0
500;0
500;1
500;0
500;0
500;1
500;0
500;0
500;0
500;0
500;0
500;1
500;0
500;4
500;0
500;0
500;0
500;125
500;35
500;27
500;38
500;115
500;128
500;94
500;28
500;26
500;35
500;22
500;16
500;145
500;55
500;163
500;118
500;113
500;156
500;234
500;122
500;159
500;190
500;102
500;190
500;118
500;156
500;162
500;195
500;34
500;32
500;33
500;32
500;45
500;164
500;50
500;176
500;147
500;222
500;146
500;111
500;195
500;150
500;211
500;233
500;145
500;199
500;279
500;140
500;164
500;37
500;33
500;48
500;210
500;210
500;180
500;392
500;50
500;31
500;147
500;195
500;265
500;310
500;198
500;141
500;178
500;197
500;144
500;231
500;237
500;207
500;43
500;15
500;35
500;184
500;261
500;283
500;127
500;179
500;158
500;206
500;155
500;117
500;175
500;151
500;153
500;169
500;239
500;222
500;91
500;144
500;182
500;141
500;147
500;180
500;142
500;132
500;199
500;218
500;209
500;177
500;99
500;164
500;196
500;104
500;133
500;97
500;148
500;132
500;171
500;154
500;117
500;168
500;145
500;141
500;195
500;158
500;120
500;138
500;160
500;241
500;149
500;168
500;156
500;177
500;168
500;140
500;141
500;130
500;132
500;156
500;165
500;248
500;312
500;297
500;313
500;322
500;170
500;160
500;224
500;191
500;254
500;257
500;237
500;369
500;480
500;356
500;263
500;137
500;169
500;286
500;124
500;77
500;209
500;306
500;351
500;407
500;238
500;141
500;123
500;197
500;245
500;206
500;309
500;195
500;218
500;124
500;221
500;361
500;234
500;332
500;227
500;175
500;404
500;40
500;97
500;93
500;389
500;104
500;351
500;51
500;556
500;217
500;54
500;77
500;286
500;404
500;454
500;144
500;137
500;121
500;457
500;408
500;177
500;162
500;172
500;199
500;658
500;177
500;500
500;545
500;155
500;195
500;57
500;451
500;133
500;157
500;430
500;421
500;597
500;513
500;396
500;471
500;246
500;168
500;241
500;739
500;194
500;229
500;502
500;145
500;298
500;143
500;53
500;182
500;721
500;784
500;1092
500;254
500;351
500;126
500;183
500;211
500;238
500;277
500;870
500;527
500;566
500;777
500;229
500;258
500;360
500;730
500;368
500;141
500;394
500;596
500;740
500;839
500;271
500;193
500;427
500;176
500;333
500;140
500;168
500;652
500;652
500;160
500;631
500;643
500;446
500;145
500;189
500;194
500;664
500;603
500;184
500;178
500;493
500;290
500;269
500;259
500;668
500;116
500;191
500;399
500;459
500;163
500;149
500;207
500;201
500;143
500;190
500;623
500;623
500;623
500;228
500;456
500;164
500;140
500;255
500;273
500;776
500;195
500;550
500;252
500;192
500;553
500;608
500;135
500;266
500;124
500;360
500;573
500;801
500;532
500;271
500;454
500;546
500;789
500;648
500;1026
500;336
500;1030
500;288
500;398
500;527
500;1349
500;1070
500;302
500;523
500;271
500;757
500;756
500;462
500;1051
500;1004
500;1267
500;160
500;714
500;163
500;232
500;312
500;213
500;276
500;241
500;162
500;819
500;441
500;432
500;425
500;354
500;295
500;236
500;119
500;22
500;16
500;39
500;138
500;122
500;67
500;28
500;21
500;25
500;26
500;17
500;165
500;21
500;100
500;100
500;104
500;125
500;163
500;96
500;121
500;115
500;79
500;112
500;118
500;169
500;144
500;184
500;28
500;28
500;16
500;15
500;26
500;132
500;21
500;84
500;97
500;203
500;94
500;78
500;254
500;154
500;177
500;221
500;149
500;198
500;241
500;80
500;176
500;29
500;35
500;34
500;139
500;180
500;221
500;214
500;33
500;18
500;194
500;197
500;217
500;221
500;252
500;180
500;173
500;172
500;227
500;234
500;158
500;270
500;38
500;19
500;21
500;237
500;250
500;269
500;159
500;87
500;136
500;92
500;195
500;205
500;98
500;152
500;102
500;110
500;189
500;186
500;123
500;151
500;101
500;101
500;175
500;187
500;187
500;158
500;112
500;241
500;168
500;168
500;92
500;110
500;125
500;136
500;87
500;158
500;102
500;98
500;140
500;140
500;140
500;166
500;170
500;152
500;99
500;118
500;138
500;118
500;185
500;161
500;176
500;132
500;170
500;182
500;165
500;165
500;114
500;111
500;142
500;173
500;103
500;370
500;281
500;313
500;251
500;372
500;143
500;160
500;315
500;219
500;170
500;351
500;189
500;124
500;266
500;289
500;347
500;113
500;131
500;340
500;193
500;132
500;324
500;384
500;332
500;744
500;278
500;214
500;224
500;173
500;231
500;188
500;320
500;202
500;218
500;225
500;160
500;248
500;336
500;227
500;152
500;252
500;1
500;0
500;0
500;0
500;2
500;0
500;5
500;0
500;0
500;0
500;0
500;0
500;1
500;0
500;5
500;36
500;0
500;24
500;0
500;36
500;0
500;30
500;22
500;0
500;11
500;0
500;14
500;0
500;0
500;1
500;1
500;0
500;0
500;25
500;0
500;32
500;3
500;3
500;1
500;0
500;7
500;34
500;4
500;0
500;12
500;0
500;0
500;0
500;45
500;0
500;0
500;0
500;39
500;1
500;0
500;0
500;0
500;0
500;1
500;36
500;0
500;0
500;0
500;46
500;0
500;36
500;7
500;4
500;0
500;0
500;0
500;0
500;0
500;25
500;22
500;0
500;15
500;3
500;0
500;23
500;0
500;14
500;4
500;0
500;18
500;36
500;16
500;0
500;4
500;3
500;8
500;4
500;3
500;0
500;19
500;0
500;6
500;3
500;66
500;12
500;50
500;2
500;0
500;9
500;9
500;6
500;0
500;1
500;0
500;0
500;0
500;0
500;28
500;4
500;63
500;0
500;11
500;0
500;0
500;30
500;12
500;0
500;0
500;2
500;0
500;0
500;5
500;0
500;0
500;48
500;0
500;66
500;15
500;15
500;0
500;15
500;26
500;0
500;49
500;4
500;0
500;0
500;81
500;0
500;0
500;1
500;0
500;5
500;0
500;0
500;1
500;0
500;29
500;0
500;42
500;7
500;0
500;0
500;10
500;0
500;83
500;1
500;1
500;29
500;6
500;0
500;66
500;0
500;3
500;61
500;0
500;0
500;1
500;0
500;0
500;0
500;4
500;0
500;2
500;0
500;0
500;0
500;0
500;0
500;0
500;0
500;0
500;1
500;2
500;2
500;0
500;0
500;0
500;0
500;0
500;0
500;0
500;0
500;3
500;0
500;0
500;0
500;0
500;0
500;0
500;0
500;0
500;1
500;4
500;2
500;4
500;1
500;0
500;0
500;2
500;0
500;0
500;0
500;0
500;1
500;1
500;0
500;0
500;0
500;0
500;0
500;3
500;0
500;0
500;0
500;1
500;2
500;6
500;0
500;0
500;0
500;0
500;0
500;0
500;3
500;0
500;0
500;0
500;0
500;0
500;14
500;0
500;20
500;0
500;0
500;2
500;0
500;0
500;0
500;1
500;27
500;0
500;0
500;0
500;0
500;0
500;0
500;0
500;0
500;0
500;3
500;0
500;0
500;0
500;0
500;3
500;0
500;0
500;0
500;0
500;0
500;0
500;3
500;0
500;0
500;0
500;0
500;2
500;0
500;0
500;0
500;0
500;0
500;2
500;0
500;0
500;1
500;0
500;0
500;0
500;4
500;0
500;0
500;0
500;3
500;1
500;0
500;0
500;7
500;0
500;0
500;0
500;0
500;0
500;0
500;0
500;0
500;0
500;0
500;2
500;0
500;7
500;0
500;0
500;4
500;0
500;0
500;0
500;0
500;0
500;0
500;0
500;3
500;0
500;0
500;18
500;0
500;0
500;0
500;0
500;0
500;0
500;2
500;0
500;0
500;0
500;0
500;0
500;1
500;300
500;176
500;183
500;185
500;325
500;296
500;320
500;189
500;196
500;274
500;170
500;226
500;424
500;205
500;365
500;380
500;287
500;286
500;370
500;308
500;367
500;354
500;311
500;359
500;413
500;314
500;285
500;421
500;170
500;191
500;180
500;188
500;195
500;336
500;225
500;391
500;326
500;517
500;360
500;383
500;519
500;331
500;473
500;518
500;438
500;461
500;516
500;370
500;494
500;188
500;209
500;274
500;493
500;622
500;644
500;626
500;203
500;204
500;398
500;485
500;598
500;400
500;568
500;441
500;573
500;442
500;503
500;570
500;599
500;580
500;212
500;187
500;226
500;565
500;660
500;556
500;395
500;344
500;366
500;427
500;480
500;470
500;375
500;418
500;379
500;436
500;484
500;533
500;365
500;306
500;355
500;326
500;546
500;341
500;371
500;330
500;310
500;441
500;426
500;406
500;440
500;380
500;486
500;343
500;411
500;355
500;327
500;312
500;333
500;329
500;319
500;398
500;422
500;355
500;358
500;302
500;277
500;324
500;432
500;534
500;422
500;369
500;447
500;401
500;322
500;351
500;372
500;370
500;404
500;416
500;646
500;609
500;786
500;715
500;879
500;921
500;422
500;523
500;429
500;698
500;394
500;666
500;679
500;736
500;677
500;757
500;947
500;464
500;442
500;625
500;485
500;446
500;652
500;767
500;757
500;992
500;434
500;467
500;407
500;557
500;630
500;589
500;770
500;467
500;528
500;583
500;700
500;721
500;695
500;775
500;599
500;501
500;487
500;330
500;488
500;202
500;314
500;488
500;305
500;224
500;374
500;521
500;219
500;571
500;603
500;386
500;353
500;408
500;500
500;511
500;590
500;465
500;385
500;677
500;479
500;558
500;585
500;273
500;358
500;494
500;229
500;333
500;357
500;554
500;246
500;439
500;253
500;599
500;588
500;797
500;438
500;669
500;485
500;407
500;734
500;737
500;361
500;746
500;630
500;648
500;443
500;582
500;583
500;453
500;863
500;919
500;1077
500;599
500;306
500;588
500;421
500;757
500;691
500;862
500;949
500;520
500;734
500;770
500;540
500;847
500;943
500;531
500;562
500;414
500;402
500;786
500;957
500;972
500;609
500;609
500;605
500;470
500;755
500;720
500;358
500;652
500;652
500;705
500;808
500;835
500;379
500;343
500;581
500;581
500;807
500;436
500;603
500;603
500;603
500;463
500;668
500;452
500;459
500;424
500;591
500;532
500;438
500;331
500;543
500;558
500;474
500;432
500;557
500;619
500;601
500;623
500;453
500;380
500;550
500;329
500;776
500;774
500;500
500;695
500;453
500;580
500;400
500;560
500;608
500;608
500;628
500;638
500;866
500;873
500;902
500;744
500;809
500;1215
500;663
500;768
500;473
500;735
500;910
500;1019
500;612
500;1261
500;779
500;853
500;1052
500;729
500;430
500;504
500;412
500;541
500;1020
500;1236
500;1304
500;1578
500;712
500;920
500;758
500;855
500;551
500;657
500;789
500;629
500;822
500;922
500;969
500;737
500;695
500;801
500;925
500;605
500;299
500;169
500;177
500;172
500;300
500;278
500;265
500;154
500;171
500;231
500;170
500;179
500;312
500;198
500;369
500;407
500;293
500;340
500;343
500;291
500;355
500;371
500;302
500;335
500;410
500;283
500;320
500;364
500;154
500;167
500;179
500;182
500;170
500;367
500;232
500;360
500;332
500;421
500;298
500;392
500;444
500;367
500;481
500;471
500;449
500;443
500;560
500;379
500;492
500;182
500;182
500;217
500;523
500;465
500;744
500;643
500;183
500;146
500;423
500;576
500;605
500;717
500;500
500;390
500;434
500;456
500;497
500;539
500;573
500;666
500;199
500;216
500;211
500;502
500;528
500;635
500;357
500;357
500;339
500;424
500;445
500;388
500;383
500;321
500;359
500;406
500;415
500;411
500;404
500;376
500;376
500;337
500;525
500;343
500;414
500;367
500;367
500;468
500;413
500;438
500;420
500;420
500;404
500;349
500;349
500;349
500;380
500;333
500;352
500;350
500;345
500;456
500;413
500;413
500;348
500;318
500;335
500;396
500;523
500;423
500;428
500;399
500;463
500;401
500;383
500;326
500;376
500;274
500;319
500;355
500;501
500;709
500;633
500;675
500;617
500;695
500;435
500;500
500;414
500;595
500;517
500;507
500;542
500;657
500;602
500;900
500;858
500;422
500;420
500;500
500;463
500;461
500;621
500;676
500;861
500;886
500;453
500;595
500;450
500;584
500;648
500;573
500;639
500;495
500;550
500;589
500;513
500;618
500;571
500;728
500;400
500;390
500;5
500;0
500;0
500;0
500;6
500;1
500;20
500;0
500;0
500;3
500;0
500;1
500;0
500;2
500;1
500;25
500;2
500;7
500;31
500;0
500;2
500;38
500;6
500;0
500;0
500;0
500;0
500;0
500;0
500;0
500;0
500;0
500;0
500;6
500;0
500;1
500;9
500;0
500;2
500;0
500;0
500;4
500;6
500;4
500;11
500;2
500;0
500;18
500;12
500;0
500;0
500;0
500;0
500;3
500;0
500;30
500;0
500;0
500;18
500;51
500;6
500;0
500;4
500;8
500;13
500;0
500;0
500;1
500;20
500;0
500;0
500;0
500;0
500;5
500;32
500;0
500;11
500;0
500;0
500;1
500;2
500;21
500;22
500;2
500;0
500;44
500;0
500;0
500;2
500;5
500;2
500;0
500;10
500;0
500;0
500;0
500;0
500;14
500;19
500;2
500;11
500;1
500;3
500;0
500;2
500;3
500;9
500;10
500;4
500;0
500;4
500;0
500;0
500;0
500;1
500;2
500;0
500;2
500;37
500;21
500;13
500;0
500;7
500;15
500;10
500;1
500;1
500;0
500;0
500;17
500;100
500;6
500;102
500;7
500;39
500;80
500;0
500;4
500;0
500;0
500;8
500;0
500;1
500;6
500;14
500;67
500;14
500;0
500;6
500;1
500;4
500;54
500;1
500;0
500;0
500;79
500;1
500;49
500;3
500;12
500;0
500;64
500;1
500;25
500;0
500;1
500;0
500;0
500;0
500;23
500;0
500;44
500;500
500;500
500;500
500;500
1000;1
1000;0
1000;0
1000;0
1000;2
1000;1
1000;0
1000;0
1000;0
1000;0
1000;0
1000;0
1000;1
1000;0
1000;0
1000;0
1000;0
1000;4
1000;0
1000;3
1000;0
1000;0
1000;0
1000;0
1000;0
1000;0
1000;1
1000;0
1000;0
1000;0
1000;0
1000;0
1000;0
1000;0
1000;0
1000;0
1000;3
1000;2
1000;0
1000;2
1000;4
1000;0
1000;2
1000;0
1000;0
1000;0
1000;2
1000;1
1000;0
1000;0
1000;0
1000;0
1000;8
1000;0
1000;0
1000;12
1000;0
1000;0
1000;0
1000;0
1000;0
1000;0
1000;0
1000;0
1000;2
1000;0
1000;0
1000;1
1000;2
1000;9
1000;0
1000;0
1000;0
1000;0
1000;80
1000;7
1000;1
1000;2
1000;0
1000;2
1000;1
1000;0
1000;5
1000;0
1000;0
1000;0
1000;0
1000;4
1000;0
1000;0
1000;1
1000;0
1000;6
1000;2
1000;12
1000;0
1000;0
1000;6
1000;0
1000;0
1000;6
1000;0
1000;0
1000;0
1000;0
1000;4
1000;1
1000;0
1000;0
1000;7
1000;0
1000;0
1000;0
1000;0
1000;0
1000;0
1000;0
1000;1
1000;0
1000;0
1000;0
1000;0
1000;0
1000;0
1000;0
1000;0
1000;0
1000;0
1000;0
1000;0
1000;0
1000;0
1000;0
1000;0
1000;0
1000;0
1000;6
1000;11
1000;6
1000;0
1000;0
1000;0
1000;14
1000;0
1000;8
1000;0
1000;0
1000;0
1000;0
1000;0
1000;5
1000;5
1000;11
1000;25
1000;0
1000;0
1000;0
1000;0
1000;0
1000;0
1000;3
1000;0
1000;0
1000;6
1000;0
1000;4
1000;0
1000;0
1000;11
1000;0
1000;0
1000;0
1000;50
1000;3
1000;1
1000;1
1000;50
1000;35
1000;33
1000;4
1000;4
1000;6
1000;5
1000;3
1000;53
1000;3
1000;88
1000;85
1000;69
1000;71
1000;111
1000;38
1000;64
1000;70
1000;59
1000;73
1000;85
1000;50
1000;63
1000;89
1000;6
1000;2
1000;3
1000;2
1000;2
1000;119
1000;7
1000;74
1000;79
1000;83
1000;79
1000;23
1000;149
1000;99
1000;64
1000;77
1000;81
1000;148
1000;33
1000;105
1000;53
1000;3
1000;6
1000;8
1000;149
1000;135
1000;157
1000;138
1000;2
1000;3
1000;130
1000;52
1000;159
1000;102
1000;176
1000;55
1000;52
1000;128
1000;120
1000;185
1000;214
1000;118
1000;5
1000;7
1000;7
1000;112
1000;172
1000;121
1000;64
1000;88
1000;69
1000;98
1000;122
1000;80
1000;121
1000;62
1000;136
1000;169
1000;150
1000;179
1000;66
1000;32
1000;45
1000;61
1000;162
1000;88
1000;102
1000;58
1000;63
1000;68
1000;118
1000;96
1000;104
1000;236
1000;52
1000;19
1000;58
1000;59
1000;76
1000;77
1000;49
1000;98
1000;57
1000;50
1000;103
1000;50
1000;77
1000;78
1000;68
1000;24
1000;31
1000;62
1000;70
1000;185
1000;80
1000;8
1000;75
1000;64
1000;134
1000;89
1000;61
1000;51
1000;148
1000;186
1000;168
1000;107
1000;400
1000;56
1000;91
1000;126
1000;254
1000;21
1000;119
1000;325
1000;121
1000;272
1000;136
1000;281
1000;499
1000;143
1000;269
1000;34
1000;82
1000;60
1000;194
1000;223
1000;203
1000;229
1000;71
1000;155
1000;209
1000;85
1000;136
1000;95
1000;403
1000;31
1000;142
1000;151
1000;91
1000;94
1000;145
1000;162
1000;172
1000;96
1000;213
1000;0
1000;10
1000;1
1000;284
1000;23
1000;231
1000;200
1000;36
1000;78
1000;49
1000;17
1000;1156
1000;187
1000;350
1000;44
1000;54
1000;272
1000;83
1000;65
1000;447
1000;184
1000;53
1000;378
1000;458
1000;191
1000;441
1000;20
1000;1
1000;1
1000;21
1000;24
1000;216
1000;22
1000;30
1000;430
1000;368
1000;390
1000;303
1000;131
1000;468
1000;484
1000;116
1000;482
1000;46
1000;226
1000;1698
1000;587
1000;442
1000;6
1000;189
1000;164
1000;111
1000;614
1000;38
1000;92
1000;14
1000;14
1000;1701
1000;2131
1000;883
1000;401
1000;938
1000;94
1000;88
1000;143
1000;2064
1000;89
1000;966
1000;16
1000;0
1000;70
1000;15
1000;1445
1000;1633
1000;28
1000;406
1000;38
1000;59
1000;57
1000;1649
1000;68
1000;125
1000;71
1000;1007
1000;68
1000;33
1000;581
1000;277
1000;49
1000;926
1000;280
1000;30
1000;329
1000;132
1000;276
1000;349
1000;1522
1000;73
1000;1133
1000;1270
1000;1447
1000;72
1000;16
1000;28
1000;78
1000;295
1000;34
1000;23
1000;62
1000;1187
1000;123
1000;391
1000;297
1000;59
1000;267
1000;275
1000;348
1000;126
1000;37
1000;332
1000;109
1000;1194
1000;336
1000;246
1000;33
1000;63
1000;54
1000;364
1000;1287
1000;692
1000;1150
1000;227
1000;3431
1000;676
1000;51
1000;65
1000;586
1000;64
1000;2557
1000;971
1000;1054
1000;577
1000;2969
1000;219
1000;584
1000;1273
1000;1453
1000;42
1000;110
1000;880
1000;111
1000;975
1000;228
1000;740
1000;103
1000;162
1000;86
1000;121
1000;240
1000;478
1000;813
1000;209
1000;65
1000;95
1000;244
1000;34
1000;158
1000;609
1000;802
1000;1849
1000;30
1000;46
1000;3
1000;2
1000;3
1000;48
1000;19
1000;33
1000;0
1000;0
1000;0
1000;0
1000;0
1000;47
1000;3
1000;0
1000;64
1000;0
1000;57
1000;66
1000;44
1000;0
1000;37
1000;33
1000;20
1000;45
1000;11
1000;42
1000;71
1000;0
1000;0
1000;0
1000;0
1000;0
1000;0
1000;0
1000;45
1000;60
1000;43
1000;0
1000;55
1000;130
1000;29
1000;0
1000;55
1000;0
1000;82
1000;110
1000;43
1000;112
1000;0
1000;0
1000;0
1000;82
1000;118
1000;45
1000;103
1000;0
1000;0
1000;96
1000;122
1000;153
1000;142
1000;0
1000;0
1000;0
1000;142
1000;0
1000;183
1000;0
1000;135
1000;1
1000;0
1000;0
1000;61
1000;0
1000;158
1000;68
1000;35
1000;65
1000;60
1000;0
1000;33
1000;57
1000;78
1000;0
1000;127
1000;132
1000;67
1000;56
1000;43
1000;56
1000;62
1000;87
1000;0
1000;68
1000;68
1000;0
1000;34
1000;84
1000;0
1000;84
1000;120
1000;152
1000;0
1000;54
1000;47
1000;0
1000;73
1000;75
1000;0
1000;74
1000;76
1000;42
1000;42
1000;42
1000;49
1000;57
1000;39
1000;54
1000;0
1000;0
1000;0
1000;25
1000;97
1000;40
1000;47
1000;85
1000;86
1000;50
1000;20
1000;49
1000;211
1000;152
1000;64
1000;0
1000;0
1000;91
1000;0
1000;159
1000;165
1000;160
1000;0
1000;0
1000;184
1000;165
1000;135
1000;42
1000;121
1000;119
1000;237
1000;0
1000;123
1000;148
1000;0
1000;167
1000;0
1000;90
1000;0
1000;33
1000;118
1000;95
1000;98
1000;0
1000;65
1000;0
1000;110
1000;95
1000;0
1000;150
1000;110
1000;114
1000;112
1000;2
1000;0
1000;0
1000;0
1000;4
1000;1
1000;0
1000;0
1000;0
1000;0
1000;0
1000;0
1000;0
1000;0
1000;89
1000;8
1000;1
1000;3
1000;4
1000;5
1000;33
1000;71
1000;2
1000;19
1000;3
1000;4
1000;22
1000;0
1000;1
1000;0
1000;0
1000;0
1000;0
1000;39
1000;0
1000;24
1000;0
1000;21
1000;0
1000;24
1000;0
1000;28
1000;80
1000;106
1000;60
1000;12
1000;75
1000;2
1000;67
1000;0
1000;0
1000;0
1000;8
1000;17
1000;89
1000;110
1000;0
1000;1
1000;6
1000;36
1000;3
1000;0
1000;0
1000;6
1000;4
1000;0
1000;37
1000;0
1000;307
1000;12
1000;0
1000;0
1000;0
1000;0
1000;15
1000;1
1000;2
1000;107
1000;20
1000;139
1000;0
1000;60
1000;6
1000;7
1000;157
1000;32
1000;1
1000;13
1000;3
1000;0
1000;23
1000;30
1000;2
1000;1
1000;0
1000;0
1000;14
1000;25
1000;87
1000;0
1000;0
1000;5
1000;12
1000;76
1000;4
1000;0
1000;36
1000;0
1000;30
1000;6
1000;0
1000;8
1000;60
1000;9
1000;39
1000;0
1000;0
1000;2
1000;1
1000;33
1000;6
1000;10
1000;1
1000;0
1000;9
1000;0
1000;4
1000;0
1000;7
1000;18
1000;161
1000;0
1000;49
1000;0
1000;0
1000;312
1000;107
1000;211
1000;0
1000;0
1000;156
1000;107
1000;14
1000;28
1000;20
1000;140
1000;140
1000;5
1000;21
1000;116
1000;16
1000;22
1000;3
1000;29
1000;0
1000;43
1000;15
1000;0
1000;4
1000;0
1000;24
1000;0
1000;8
1000;100
1000;0
1000;76
1000;103
1000;21
1000;170
1000;55
1000;130
1000;11
1000;1
1000;0
1000;0
1000;0
1000;0
1000;0
1000;0
1000;0
1000;0
1000;0
1000;0
1000;0
1000;5
1000;0
1000;0
1000;2
1000;0
1000;0
1000;0
1000;0
1000;0
1000;0
1000;0
1000;0
1000;0
1000;0
1000;0
1000;1
1000;0
1000;0
1000;0
1000;0
1000;0
1000;0
1000;0
1000;6
1000;1
1000;2
1000;0
1000;0
1000;0
1000;0
1000;0
1000;4
1000;0
1000;2
1000;1
1000;0
1000;0
1000;0
1000;0
1000;0
1000;6
1000;0
1000;0
1000;0
1000;0
1000;0
1000;0
1000;0
1000;0
1000;0
1000;5
1000;0
1000;0
1000;0
1000;0
1000;0
1000;0
1000;0
1000;0
1000;0
1000;0
1000;0
1000;12
1000;4
1000;4
1000;14
1000;0
1000;0
1000;0
1000;6
1000;5
1000;0
1000;5
1000;0
1000;0
1000;0
1000;7
1000;5
1000;4
1000;1
1000;0
1000;0
1000;4
1000;4
1000;4
1000;0
1000;0
1000;0
1000;0
1000;0
1000;0
1000;0
1000;0
1000;0
1000;1
1000;1
1000;0
1000;2
1000;0
1000;2
1000;3
1000;21
1000;0
1000;0
1000;0
1000;0
1000;0
1000;0
1000;0
1000;0
1000;0
1000;0
1000;0
1000;0
1000;11
1000;0
1000;0
1000;0
1000;0
1000;0
1000;0
1000;0
1000;0
1000;4
1000;0
1000;0
1000;0
1000;0
1000;0
1000;0
1000;0
1000;0
1000;0
1000;0
1000;0
1000;4
1000;0
1000;0
1000;0
1000;7
1000;0
1000;10
1000;0
1000;0
1000;0
1000;79
1000;0
1000;0
1000;0
1000;4
1000;0
1000;12
1000;0
1000;0
1000;0
1000;3
1000;0
1000;2
1000;2
1000;32
1000;250
1000;60
1000;66
1000;63
1000;201
1000;290
1000;252
1000;70
1000;78
1000;74
1000;71
1000;86
1000;368
1000;76
1000;345
1000;397
1000;285
1000;274
1000;369
1000;277
1000;349
1000;449
1000;266
1000;319
1000;336
1000;237
1000;323
1000;241
1000;66
1000;52
1000;75
1000;68
1000;95
1000;317
1000;50
1000;397
1000;306
1000;464
1000;657
1000;312
1000;561
1000;707
1000;601
1000;733
1000;450
1000;390
1000;558
1000;523
1000;489
1000;74
1000;118
1000;149
1000;550
1000;669
1000;724
1000;632
1000;100
1000;112
1000;527
1000;619
1000;661
1000;823
1000;801
1000;433
1000;445
1000;476
1000;523
1000;799
1000;927
1000;926
1000;93
1000;131
1000;56
1000;532
1000;649
1000;704
1000;393
1000;394
1000;417
1000;593
1000;540
1000;615
1000;467
1000;388
1000;365
1000;599
1000;800
1000;571
1000;306
1000;270
1000;355
1000;329
1000;350
1000;405
1000;493
1000;417
1000;392
1000;468
1000;585
1000;409
1000;435
1000;426
1000;517
1000;216
1000;349
1000;270
1000;275
1000;268
1000;348
1000;370
1000;315
1000;379
1000;363
1000;389
1000;438
1000;327
1000;308
1000;390
1000;561
1000;514
1000;352
1000;384
1000;265
1000;425
1000;321
1000;305
1000;390
1000;465
1000;419
1000;181
1000;729
1000;962
1000;1242
1000;1266
1000;1094
1000;1128
1000;515
1000;574
1000;848
1000;967
1000;838
1000;879
1000;777
1000;878
1000;1055
1000;1157
1000;1624
1000;584
1000;788
1000;952
1000;537
1000;693
1000;654
1000;999
1000;1064
1000;1410
1000;563
1000;690
1000;498
1000;688
1000;769
1000;701
1000;857
1000;403
1000;568
1000;621
1000;663
1000;953
1000;774
1000;458
1000;848
1000;415
1000;154
1000;26
1000;117
1000;107
1000;761
1000;201
1000;794
1000;742
1000;271
1000;1580
1000;116
1000;1032
1000;177
1000;128
1000;976
1000;196
1000;162
1000;976
1000;1212
1000;765
1000;998
1000;391
1000;1000
1000;1027
1000;234
1000;271
1000;1066
1000;1542
1000;35
1000;289
1000;234
1000;662
1000;965
1000;1299
1000;35
1000;451
1000;1462
1000;1422
1000;1388
1000;1214
1000;642
1000;295
1000;1330
1000;453
1000;669
1000;275
1000;799
1000;1452
1000;171
1000;339
1000;203
1000;263
1000;1911
1000;404
1000;334
1000;2053
1000;54
1000;311
1000;2072
1000;2570
1000;2058
1000;2485
1000;3244
1000;1385
1000;1252
1000;385
1000;827
1000;411
1000;792
1000;2194
1000;767
1000;233
1000;27
1000;531
1000;406
1000;368
1000;448
1000;248
1000;224
1000;320
1000;729
1000;718
1000;206
1000;554
1000;527
1000;654
1000;1920
1000;2770
1000;163
1000;932
1000;187
1000;918
1000;1545
1000;475
1000;145
1000;234
1000;992
1000;1460
1000;1701
1000;253
1000;209
1000;479
1000;2374
1000;1255
1000;1255
1000;900
1000;170
1000;235
1000;1151
1000;438
1000;1404
1000;113
1000;427
1000;167
1000;253
1000;196
1000;417
1000;145
1000;219
1000;269
1000;1310
1000;598
1000;489
1000;1576
1000;224
1000;972
1000;214
1000;1627
1000;1281
1000;1112
1000;820
1000;1102
1000;3161
1000;1150
1000;523
1000;466
1000;2085
1000;2424
1000;2010
1000;3274
1000;2264
1000;2660
1000;822
1000;520
1000;3512
1000;195
1000;5434
1000;363
1000;1959
1000;501
1000;2013
1000;342
1000;931
1000;909
1000;927
1000;1135
1000;340
1000;476
1000;413
1000;1864
1000;464
1000;386
1000;470
1000;591
1000;746
1000;2590
1000;407
1000;953
1000;1998
1000;404
1000;2574
1000;610
1000;235
1000;51
1000;46
1000;67
1000;242
1000;248
1000;257
1000;53
1000;61
1000;67
1000;46
1000;57
1000;289
1000;40
1000;336
1000;252
1000;198
1000;236
1000;275
1000;295
1000;279
1000;327
1000;239
1000;309
1000;314
1000;222
1000;279
1000;504
1000;53
1000;41
1000;58
1000;65
1000;66
1000;210
1000;73
1000;325
1000;245
1000;468
1000;428
1000;227
1000;323
1000;326
1000;532
1000;303
1000;490
1000;459
1000;327
1000;485
1000;407
1000;70
1000;63
1000;94
1000;422
1000;847
1000;670
1000;625
1000;71
1000;71
1000;501
1000;649
1000;799
1000;707
1000;689
1000;326
1000;423
1000;506
1000;713
1000;566
1000;809
1000;879
1000;61
1000;59
1000;59
1000;528
1000;691
1000;573
1000;356
1000;398
1000;345
1000;494
1000;569
1000;783
1000;282
1000;312
1000;282
1000;568
1000;680
1000;763
1000;358
1000;248
1000;334
1000;327
1000;400
1000;237
1000;341
1000;282
1000;437
1000;520
1000;273
1000;269
1000;367
1000;243
1000;406
1000;246
1000;279
1000;279
1000;360
1000;266
1000;266
1000;358
1000;396
1000;396
1000;253
1000;396
1000;299
1000;250
1000;250
1000;281
1000;359
1000;316
1000;304
1000;370
1000;397
1000;436
1000;240
1000;299
1000;347
1000;347
1000;375
1000;315
1000;549
1000;878
1000;1045
1000;891
1000;1163
1000;1025
1000;519
1000;487
1000;822
1000;935
1000;857
1000;820
1000;784
1000;701
1000;1094
1000;828
1000;508
1000;379
1000;493
1000;559
1000;625
1000;498
1000;492
1000;1030
1000;910
1000;1006
1000;600
1000;499
1000;521
1000;974
1000;582
1000;722
1000;972
1000;349
1000;400
1000;465
1000;519
1000;667
1000;439
1000;631
1000;590
1000;613
1000;1
1000;0
1000;0
1000;0
1000;15
1000;22
1000;6
1000;0
1000;1
1000;3
1000;0
1000;0
1000;0
1000;0
1000;90
1000;0
1000;41
1000;4
1000;18
1000;13
1000;43
1000;0
1000;0
1000;22
1000;9
1000;1
1000;7
1000;3
1000;0
1000;0
1000;0
1000;0
1000;0
1000;0
1000;0
1000;19
1000;7
1000;0
1000;84
1000;2
1000;79
1000;4
1000;0
1000;12
1000;27
1000;0
1000;21
1000;2
1000;52
1000;0
1000;0
1000;0
1000;0
1000;30
1000;43
1000;0
1000;0
1000;1
1000;0
1000;124
1000;139
1000;0
1000;29
1000;3
1000;0
1000;26
1000;252
1000;56
1000;18
1000;90
1000;0
1000;0
1000;0
1000;1
1000;16
1000;0
1000;9
1000;12
1000;4
1000;143
1000;144
1000;0
1000;0
1000;3
1000;32
1000;14
1000;3
1000;61
1000;0
1000;0
1000;0
1000;4
1000;8
1000;13
1000;12
1000;78
1000;0
1000;0
1000;3
1000;16
1000;3
1000;18
1000;98
1000;7
1000;10
1000;17
1000;0
1000;0
1000;2
1000;122
1000;46
1000;45
1000;0
1000;1
1000;4
1000;0
1000;0
1000;12
1000;0
1000;7
1000;10
1000;3
1000;3
1000;106
1000;0
1000;4
1000;17
1000;9
1000;0
1000;57
1000;18
1000;0
1000;0
1000;0
1000;105
1000;136
1000;6
1000;0
1000;18
1000;26
1000;0
1000;3
1000;17
1000;116
1000;4
1000;0
1000;0
1000;10
1000;0
1000;0
1000;95
1000;2
1000;24
1000;212
1000;0
1000;14
1000;127
1000;4
1000;5
1000;28
1000;69
1000;0
1000;96
1000;26
1000;92
1000;0
1000;19
1000;25
1000;10
1000;142
1000;6
1000;0
1000;1
1000;0
1000;0
1000;0
1000;0
1000;1
1000;0
1000;0
1000;0
1000;0
1000;0
1000;0
1000;0
1000;0
1000;0
1000;0
1000;0
1000;0
1000;0
1000;0
1000;0
1000;12
1000;0
1000;0
1000;0
1000;0
1000;2
1000;0
1000;0
1000;0
1000;0
1000;0
1000;0
1000;1
1000;0
1000;0
1000;0
1000;1
1000;4
1000;0
1000;0
1000;0
1000;0
1000;4
1000;3
1000;0
1000;0
1000;0
1000;0
1000;0
1000;0
1000;0
1000;0
1000;0
1000;4
1000;0
1000;0
1000;0
1000;15
1000;0
1000;0
1000;0
1000;0
1000;9
1000;0
1000;0
1000;0
1000;2
1000;0
1000;0
1000;0
1000;0
1000;0
1000;2
1000;5
1000;0
1000;2
1000;0
1000;2
1000;12
1000;0
1000;0
1000;0
1000;0
1000;0
1000;8
1000;4
1000;6
1000;0
1000;0
1000;3
1000;0
1000;0
1000;0
1000;0
1000;0
1000;0
1000;0
1000;0
1000;12
1000;14
1000;0
1000;0
1000;0
1000;0
1000;1
1000;3
1000;8
1000;4
1000;1
1000;9
1000;20
1000;2
1000;0
1000;0
1000;10
1000;0
1000;4
1000;0
1000;4
1000;0
1000;75
1000;2
1000;0
1000;0
1000;2
1000;7
1000;0
1000;0
1000;0
1000;0
1000;138
1000;0
1000;0
1000;0
1000;0
1000;0
1000;0
1000;0
1000;3
1000;6
1000;0
1000;0
1000;0
1000;1
1000;0
1000;40
1000;0
1000;18
1000;0
1000;0
1000;0
1000;6
1000;0
1000;1
1000;0
1000;18
1000;0
1000;0
1000;0
1000;7
1000;9
1000;0
1000;5
1000;0
1000;3
1000;6
1000;0
1000;0
1000;1
1000;0
1000;0
1000;600
1000;364
1000;383
1000;350
1000;593
1000;596
1000;651
1000;366
1000;502
1000;605
1000;354
1000;502
1000;885
1000;396
1000;689
1000;983
1000;626
1000;721
1000;907
1000;628
1000;782
1000;951
1000;616
1000;777
1000;631
1000;622
1000;745
1000;825
1000;360
1000;400
1000;368
1000;534
1000;488
1000;831
1000;662
1000;937
1000;914
1000;1101
1000;945
1000;997
1000;1331
1000;1114
1000;1126
1000;1381
1000;1210
1000;1193
1000;1417
1000;1175
1000;1183
1000;521
1000;447
1000;653
1000;1606
1000;1798
1000;1982
1000;2023
1000;525
1000;516
1000;1228
1000;1523
1000;1944
1000;1722
1000;1901
1000;1055
1000;1039
1000;1304
1000;1732
1000;1969
1000;1843
1000;1921
1000;416
1000;399
1000;522
1000;1230
1000;1526
1000;1624
1000;920
1000;915
1000;936
1000;1270
1000;1362
1000;1481
1000;1029
1000;943
1000;911
1000;1430
1000;1374
1000;1716
1000;765
1000;800
1000;770
1000;819
1000;1235
1000;926
1000;869
1000;862
1000;928
1000;1262
1000;1002
1000;1038
1000;1019
1000;1007
1000;1332
1000;757
1000;762
1000;797
1000;781
1000;891
1000;854
1000;927
1000;737
1000;927
1000;919
1000;955
1000;868
1000;822
1000;759
1000;781
1000;1036
1000;1044
1000;836
1000;978
1000;996
1000;1089
1000;772
1000;794
1000;826
1000;1078
1000;937
1000;957
1000;1621
1000;1993
1000;2585
1000;2423
1000;2822
1000;2548
1000;1273
1000;1335
1000;1464
1000;1968
1000;1970
1000;1809
1000;1846
1000;2337
1000;2041
1000;2705
1000;3628
1000;1358
1000;1658
1000;1704
1000;1582
1000;1668
1000;1787
1000;2309
1000;2599
1000;2639
1000;1174
1000;1462
1000;1674
1000;1390
1000;1835
1000;1796
1000;2034
1000;971
1000;1371
1000;1483
1000;1468
1000;2139
1000;1471
1000;1598
1000;1562
1000;1247
1000;977
1000;334
1000;114
1000;376
1000;980
1000;345
1000;359
1000;320
1000;468
1000;841
1000;976
1000;1222
1000;897
1000;550
1000;1275
1000;581
1000;970
1000;1205
1000;1433
1000;955
1000;374
1000;940
1000;1000
1000;1187
1000;1569
1000;980
1000;1238
1000;504
1000;198
1000;214
1000;1000
1000;269
1000;698
1000;479
1000;1526
1000;1541
1000;533
1000;823
1000;1718
1000;497
1000;2008
1000;1268
1000;1800
1000;1359
1000;1035
1000;586
1000;2354
1000;2006
1000;1953
1000;1250
1000;749
1000;391
1000;1496
1000;2737
1000;1664
1000;3263
1000;540
1000;183
1000;1960
1000;792
1000;1045
1000;3057
1000;1355
1000;1741
1000;976
1000;2074
1000;2694
1000;2893
1000;3275
1000;1162
1000;159
1000;188
1000;439
1000;651
1000;2558
1000;713
1000;898
1000;507
1000;1447
1000;2142
1000;1439
1000;2285
1000;682
1000;677
1000;1708
1000;873
1000;2501
1000;983
1000;474
1000;431
1000;500
1000;415
1000;1937
1000;1358
1000;1407
1000;1481
1000;1413
1000;1958
1000;977
1000;650
1000;1622
1000;1701
1000;810
1000;1252
1000;1228
1000;548
1000;490
1000;1368
1000;788
1000;830
1000;1404
1000;458
1000;538
1000;1447
1000;1505
1000;1226
1000;1171
1000;1240
1000;1487
1000;1647
1000;1025
1000;1534
1000;604
1000;1571
1000;757
1000;1274
1000;394
1000;1619
1000;1637
1000;347
1000;2758
1000;1942
1000;1230
1000;1139
1000;3595
1000;1629
1000;1139
1000;2411
1000;2701
1000;1093
1000;1054
1000;2320
1000;1680
1000;3762
1000;4150
1000;4296
1000;5434
1000;915
1000;2384
1000;2663
1000;1325
1000;2196
1000;2747
1000;1242
1000;1548
1000;4562
1000;633
1000;2383
1000;2566
1000;849
1000;2849
1000;2699
1000;1815
1000;1882
1000;2300
1000;1594
1000;2631
1000;3126
1000;837
1000;463
1000;1443
1000;2004
1000;564
1000;328
1000;314
1000;315
1000;596
1000;594
1000;503
1000;277
1000;368
1000;424
1000;296
1000;401
1000;889
1000;401
1000;720
1000;799
1000;545
1000;778
1000;794
1000;528
1000;702
1000;955
1000;555
1000;811
1000;945
1000;500
1000;980
1000;834
1000;277
1000;296
1000;326
1000;382
1000;400
1000;791
1000;413
1000;843
1000;899
1000;918
1000;1082
1000;1039
1000;950
1000;1129
1000;1092
1000;1329
1000;1233
1000;1027
1000;1496
1000;1158
1000;1176
1000;369
1000;372
1000;539
1000;1513
1000;1295
1000;1761
1000;1957
1000;382
1000;488
1000;1323
1000;1194
1000;1383
1000;2238
1000;1759
1000;953
1000;1054
1000;1328
1000;1642
1000;1872
1000;2004
1000;1774
1000;415
1000;465
1000;415
1000;1114
1000;1579
1000;1637
1000;869
1000;911
1000;869
1000;1200
1000;1565
1000;1529
1000;906
1000;885
1000;885
1000;1368
1000;1758
1000;1608
1000;844
1000;822
1000;822
1000;844
1000;1072
1000;988
1000;912
1000;784
1000;912
1000;1296
1000;1097
1000;1043
1000;965
1000;965
1000;1355
1000;775
1000;672
1000;779
1000;775
1000;858
1000;772
1000;858
1000;772
1000;1031
1000;939
1000;824
1000;984
1000;644
1000;644
1000;700
1000;882
1000;922
1000;873
1000;848
1000;1040
1000;1040
1000;628
1000;612
1000;1021
1000;935
1000;953
1000;964
1000;1476
1000;2387
1000;2569
1000;2511
1000;2538
1000;2501
1000;1263
1000;1503
1000;1277
1000;1944
1000;1467
1000;1784
1000;1841
1000;2117
1000;2496
1000;2153
1000;2582
1000;1327
1000;1354
1000;1929
1000;1370
1000;1352
1000;1794
1000;2379
1000;2554
1000;2930
1000;1251
1000;1545
1000;1688
1000;1614
1000;1820
1000;1707
1000;2068
1000;1161
1000;1487
1000;1613
1000;1426
1000;1953
1000;1313
1000;1528
1000;1546
1000;1229
1000;13
1000;0
1000;0
1000;0
1000;1
1000;0
1000;37
1000;0
1000;0
1000;0
1000;0
1000;0
1000;4
1000;0
1000;31
1000;0
1000;1
1000;15
1000;1
1000;32
1000;0
1000;0
1000;13
1000;22
1000;3
1000;22
1000;3
1000;3
1000;0
1000;0
1000;4
1000;0
1000;1
1000;11
1000;0
1000;35
1000;92
1000;0
1000;90
1000;0
1000;18
1000;0
1000;49
1000;0
1000;0
1000;86
1000;0
1000;0
1000;18
1000;0
1000;0
1000;0
1000;3
1000;0
1000;69
1000;6
1000;0
1000;0
1000;0
1000;9
1000;0
1000;15
1000;0
1000;69
1000;8
1000;127
1000;0
1000;0
1000;0
1000;0
1000;0
1000;0
1000;0
1000;18
1000;58
1000;38
1000;110
1000;19
1000;19
1000;5
1000;0
1000;9
1000;0
1000;11
1000;143
1000;0
1000;158
1000;20
1000;22
1000;0
1000;6
1000;25
1000;2
1000;63
1000;0
1000;5
1000;4
1000;41
1000;17
1000;0
1000;10
1000;2
1000;0
1000;0
1000;29
1000;30
1000;0
1000;80
1000;17
1000;25
1000;0
1000;24
1000;4
1000;12
1000;15
1000;8
1000;0
1000;22
1000;4
1000;0
1000;0
1000;0
1000;0
1000;65
1000;14
1000;7
1000;0
1000;0
1000;0
1000;5
1000;0
1000;150
1000;0
1000;0
1000;6
1000;0
1000;0
1000;11
1000;30
1000;65
1000;255
1000;0
1000;158
1000;0
1000;2
1000;117
1000;105
1000;111
1000;21
1000;249
1000;90
1000;0
1000;184
1000;0
1000;0
1000;172
1000;142
1000;0
1000;0
1000;0
1000;5
1000;0
1000;60
1000;46
1000;3
1000;2
1000;0
1000;0
1000;161
1000;18
1000;87
1000;1
1000;1000
1000;1000
1000;1000
1000;1000
3000;1
3000;0
3000;0
3000;0
3000;1
3000;0
3000;0
3000;0
3000;0
3000;0
3000;0
3000;0
3000;6
3000;0
3000;2
3000;0
3000;0
3000;0
3000;0
3000;0
3000;0
3000;0
3000;0
3000;0
3000;0
3000;0
3000;0
3000;0
3000;0
3000;0
3000;0
3000;0
3000;0
3000;0
3000;0
3000;3
3000;0
3000;0
3000;1
3000;2
3000;0
3000;0
3000;0
3000;5
3000;1
3000;0
3000;0
3000;3
3000;0
3000;0
3000;0
3000;0
3000;0
3000;0
3000;6
3000;4
3000;0
3000;0
3000;0
3000;0
3000;27
3000;0
3000;0
3000;0
3000;0
3000;2
3000;2
3000;12
3000;5
3000;0
3000;0
3000;0
3000;0
3000;0
3000;1
3000;3
3000;0
3000;0
3000;1
3000;0
3000;0
3000;0
3000;2
3000;0
3000;0
3000;0
3000;0
3000;0
3000;1
3000;0
3000;0
3000;0
3000;4
3000;0
3000;2
3000;0
3000;2
3000;0
3000;0
3000;0
3000;0
3000;0
3000;0
3000;0
3000;0
3000;2
3000;0
3000;0
3000;0
3000;0
3000;0
3000;0
3000;0
3000;0
3000;0
3000;0
3000;0
3000;4
3000;0
3000;0
3000;3
3000;0
3000;0
3000;3
3000;0
3000;0
3000;3
3000;0
3000;2
3000;0
3000;0
3000;7
3000;0
3000;0
3000;0
3000;0
3000;0
3000;8
3000;10
3000;4
3000;0
3000;2
3000;1
3000;0
3000;44
3000;4
3000;0
3000;0
3000;0
3000;0
3000;0
3000;0
3000;0
3000;0
3000;0
3000;0
3000;2
3000;0
3000;9
3000;18
3000;0
3000;0
3000;0
3000;0
3000;0
3000;0
3000;0
3000;0
3000;0
3000;4
3000;0
3000;0
3000;150
3000;10
3000;16
3000;8
3000;150
3000;150
3000;140
3000;15
3000;21
3000;8
3000;2
3000;2
3000;289
3000;2
3000;210
3000;238
3000;163
3000;219
3000;231
3000;137
3000;172
3000;202
3000;170
3000;188
3000;292
3000;79
3000;261
3000;402
3000;10
3000;4
3000;9
3000;13
3000;1
3000;148
3000;8
3000;381
3000;222
3000;172
3000;297
3000;376
3000;335
3000;399
3000;514
3000;371
3000;278
3000;208
3000;299
3000;450
3000;586
3000;18
3000;7
3000;14
3000;414
3000;524
3000;631
3000;758
3000;9
3000;21
3000;324
3000;211
3000;557
3000;528
3000;621
3000;434
3000;190
3000;320
3000;609
3000;405
3000;289
3000;609
3000;10
3000;14
3000;7
3000;294
3000;438
3000;705
3000;301
3000;274
3000;218
3000;327
3000;389
3000;586
3000;193
3000;236
3000;289
3000;499
3000;567
3000;451
3000;159
3000;168
3000;210
3000;210
3000;293
3000;210
3000;224
3000;203
3000;229
3000;365
3000;468
3000;307
3000;246
3000;226
3000;397
3000;234
3000;183
3000;221
3000;212
3000;233
3000;124
3000;277
3000;250
3000;193
3000;355
3000;215
3000;183
3000;185
3000;148
3000;138
3000;275
3000;258
3000;366
3000;294
3000;271
3000;318
3000;191
3000;188
3000;87
3000;297
3000;347
3000;260
3000;476
3000;632
3000;529
3000;644
3000;817
3000;1039
3000;260
3000;486
3000;517
3000;582
3000;342
3000;986
3000;559
3000;739
3000;1053
3000;831
3000;1147
3000;387
3000;428
3000;585
3000;520
3000;563
3000;435
3000;706
3000;885
3000;598
3000;270
3000;710
3000;328
3000;421
3000;869
3000;324
3000;248
3000;305
3000;517
3000;372
3000;391
3000;427
3000;643
3000;490
3000;807
3000;406
3000;644
3000;1
3000;10
3000;169
3000;722
3000;79
3000;652
3000;533
3000;6
3000;2876
3000;10
3000;661
3000;107
3000;3
3000;904
3000;1127
3000;28
3000;26
3000;320
3000;41
3000;189
3000;3320
3000;765
3000;915
3000;1151
3000;62
3000;192
3000;908
3000;1
3000;28
3000;10
3000;12
3000;167
3000;53
3000;259
3000;108
3000;88
3000;1343
3000;3859
3000;4376
3000;1529
3000;1600
3000;1687
3000;1401
3000;3990
3000;1545
3000;1733
3000;240
3000;112
3000;20
3000;15
3000;53
3000;1878
3000;201
3000;3082
3000;201
3000;852
3000;249
3000;159
3000;174
3000;2052
3000;3177
3000;819
3000;82
3000;4536
3000;5876
3000;2149
3000;522
3000;1807
3000;11381
3000;29
3000;546
3000;39
3000;1581
3000;126
3000;212
3000;1031
3000;996
3000;63
3000;119
3000;500
3000;210
3000;280
3000;347
3000;1587
3000;6493
3000;2450
3000;487
3000;228
3000;996
3000;816
3000;1016
3000;61
3000;1150
3000;1095
3000;1054
3000;117
3000;1662
3000;3240
3000;3552
3000;1177
3000;1382
3000;1670
3000;47
3000;679
3000;54
3000;924
3000;2755
3000;202
3000;91
3000;39
3000;3431
3000;46
3000;1499
3000;4254
3000;2656
3000;24
3000;20
3000;103
3000;132
3000;1039
3000;101
3000;222
3000;883
3000;3452
3000;55
3000;1457
3000;101
3000;195
3000;241
3000;1829
3000;241
3000;326
3000;320
3000;355
3000;2659
3000;5288
3000;5782
3000;6104
3000;286
3000;536
3000;4088
3000;245
3000;3047
3000;12277
3000;12241
3000;15081
3000;55
3000;1589
3000;100
3000;1680
3000;101
3000;2647
3000;9777
3000;701
3000;187
3000;3931
3000;2119
3000;313
3000;137
3000;2796
3000;156
3000;2901
3000;1297
3000;1923
3000;384
3000;62
3000;7908
3000;1596
3000;88
3000;2679
3000;115
3000;115
3000;7
3000;2
3000;5
3000;79
3000;95
3000;103
3000;0
3000;0
3000;0
3000;0
3000;0
3000;136
3000;0
3000;173
3000;195
3000;129
3000;0
3000;186
3000;142
3000;101
3000;0
3000;104
3000;0
3000;0
3000;96
3000;148
3000;191
3000;0
3000;0
3000;0
3000;0
3000;0
3000;0
3000;0
3000;121
3000;205
3000;186
3000;177
3000;230
3000;302
3000;313
3000;280
3000;246
3000;0
3000;0
3000;213
3000;215
3000;340
3000;3
3000;0
3000;0
3000;315
3000;228
3000;233
3000;306
3000;0
3000;0
3000;182
3000;342
3000;260
3000;329
3000;491
3000;236
3000;0
3000;0
3000;411
3000;0
3000;0
3000;237
3000;0
3000;7
3000;2
3000;173
3000;213
3000;468
3000;139
3000;0
3000;139
3000;242
3000;266
3000;540
3000;227
3000;222
3000;0
3000;0
3000;0
3000;0
3000;180
3000;0
3000;180
3000;180
3000;277
3000;158
3000;0
3000;158
3000;0
3000;0
3000;0
3000;0
3000;0
3000;188
3000;393
3000;109
3000;0
3000;178
3000;0
3000;241
3000;0
3000;199
3000;0
3000;0
3000;341
3000;0
3000;135
3000;0
3000;169
3000;0
3000;140
3000;181
3000;145
3000;0
3000;177
3000;200
3000;102
3000;0
3000;125
3000;125
3000;0
3000;277
3000;0
3000;0
3000;548
3000;484
3000;505
3000;303
3000;222
3000;344
3000;0
3000;547
3000;352
3000;291
3000;312
3000;574
3000;307
3000;408
3000;371
3000;0
3000;303
3000;0
3000;0
3000;467
3000;285
3000;284
3000;201
3000;0
3000;0
3000;0
3000;0
3000;612
3000;0
3000;0
3000;462
3000;367
3000;363
3000;372
3000;330
3000;0
3000;0
3000;303
3000;323
3000;0
3000;1
3000;0
3000;0
3000;0
3000;29
3000;37
3000;41
3000;0
3000;0
3000;0
3000;0
3000;2
3000;6
3000;0
3000;24
3000;216
3000;1
3000;93
3000;233
3000;0
3000;9
3000;0
3000;7
3000;0
3000;4
3000;1
3000;30
3000;0
3000;0
3000;1
3000;0
3000;1
3000;2
3000;7
3000;0
3000;18
3000;155
3000;36
3000;0
3000;1
3000;56
3000;1
3000;0
3000;91
3000;87
3000;44
3000;69
3000;66
3000;6
3000;1
3000;0
3000;11
3000;11
3000;0
3000;328
3000;22
3000;0
3000;0
3000;366
3000;147
3000;2
3000;15
3000;181
3000;14
3000;0
3000;52
3000;0
3000;258
3000;759
3000;0
3000;0
3000;0
3000;0
3000;146
3000;176
3000;132
3000;1
3000;8
3000;31
3000;397
3000;354
3000;689
3000;7
3000;314
3000;244
3000;34
3000;0
3000;1
3000;16
3000;2
3000;16
3000;0
3000;0
3000;13
3000;72
3000;48
3000;3
3000;17
3000;133
3000;285
3000;41
3000;4
3000;248
3000;35
3000;145
3000;44
3000;2
3000;75
3000;0
3000;0
3000;76
3000;246
3000;0
3000;18
3000;0
3000;41
3000;48
3000;31
3000;69
3000;0
3000;216
3000;0
3000;69
3000;0
3000;31
3000;37
3000;88
3000;0
3000;69
3000;41
3000;2
3000;9
3000;231
3000;41
3000;0
3000;0
3000;315
3000;437
3000;6
3000;142
3000;660
3000;1183
3000;104
3000;453
3000;7
3000;64
3000;883
3000;365
3000;436
3000;117
3000;0
3000;288
3000;129
3000;35
3000;0
3000;0
3000;133
3000;130
3000;131
3000;116
3000;17
3000;12
3000;0
3000;0
3000;6
3000;27
3000;0
3000;0
3000;0
3000;39
3000;0
3000;457
3000;1
3000;0
3000;0
3000;0
3000;0
3000;1
3000;0
3000;0
3000;0
3000;0
3000;0
3000;0
3000;0
3000;0
3000;0
3000;3
3000;1
3000;0
3000;0
3000;1
3000;0
3000;0
3000;10
3000;0
3000;0
3000;0
3000;0
3000;1
3000;0
3000;0
3000;0
3000;0
3000;0
3000;0
3000;0
3000;3
3000;4
3000;4
3000;3
3000;1
3000;0
3000;2
3000;0
3000;0
3000;0
3000;0
3000;0
3000;1
3000;0
3000;0
3000;0
3000;0
3000;0
3000;0
3000;0
3000;0
3000;0
3000;0
3000;3
3000;0
3000;0
3000;0
3000;0
3000;0
3000;0
3000;0
3000;0
3000;0
3000;30
3000;0
3000;0
3000;0
3000;0
3000;0
3000;2
3000;0
3000;0
3000;0
3000;2
3000;6
3000;0
3000;0
3000;7
3000;0
3000;0
3000;1
3000;2
3000;6
3000;0
3000;0
3000;0
3000;7
3000;0
3000;2
3000;4
3000;0
3000;0
3000;0
3000;0
3000;0
3000;0
3000;0
3000;0
3000;0
3000;0
3000;2
3000;1
3000;0
3000;2
3000;0
3000;1
3000;0
3000;0
3000;0
3000;0
3000;0
3000;1
3000;0
3000;0
3000;0
3000;1
3000;0
3000;0
3000;0
3000;0
3000;0
3000;0
3000;2
3000;1
3000;0
3000;0
3000;0
3000;1
3000;0
3000;0
3000;0
3000;0
3000;0
3000;0
3000;0
3000;0
3000;0
3000;0
3000;0
3000;0
3000;0
3000;0
3000;0
3000;0
3000;0
3000;0
3000;14
3000;0
3000;0
3000;0
3000;0
3000;0
3000;0
3000;0
3000;13
3000;9
3000;0
3000;10
3000;0
3000;0
3000;0
3000;0
3000;0
3000;0
3000;20
3000;5
3000;0
3000;750
3000;176
3000;210
3000;184
3000;717
3000;546
3000;780
3000;204
3000;267
3000;243
3000;193
3000;261
3000;1150
3000;156
3000;986
3000;1201
3000;758
3000;905
3000;1146
3000;861
3000;1039
3000;1205
3000;727
3000;946
3000;1260
3000;776
3000;1006
3000;1188
3000;192
3000;212
3000;167
3000;209
3000;294
3000;949
3000;308
3000;1120
3000;1245
3000;1413
3000;1378
3000;1264
3000;1661
3000;1224
3000;1557
3000;2542
3000;1573
3000;1557
3000;1799
3000;1669
3000;2281
3000;266
3000;256
3000;326
3000;1978
3000;2394
3000;2334
3000;3097
3000;305
3000;324
3000;1741
3000;2220
3000;2528
3000;3210
3000;3235
3000;1409
3000;1454
3000;2296
3000;2556
3000;3287
3000;3329
3000;3613
3000;205
3000;270
3000;216
3000;1573
3000;2465
3000;2779
3000;1060
3000;1388
3000;1365
3000;1525
3000;2298
3000;2699
3000;1605
3000;1581
3000;1815
3000;1957
3000;2844
3000;2368
3000;1031
3000;932
3000;945
3000;986
3000;1485
3000;1115
3000;1136
3000;1153
3000;1259
3000;2076
3000;1360
3000;1348
3000;1507
3000;1484
3000;1699
3000;958
3000;996
3000;1044
3000;1000
3000;1237
3000;1234
3000;1152
3000;1102
3000;1213
3000;1314
3000;1313
3000;1489
3000;908
3000;897
3000;910
3000;1411
3000;1281
3000;1207
3000;1546
3000;1210
3000;1919
3000;1045
3000;1176
3000;1301
3000;1635
3000;1165
3000;1366
3000;2504
3000;3490
3000;3800
3000;4840
3000;4017
3000;3069
3000;1737
3000;2666
3000;3249
3000;3352
3000;3115
3000;3843
3000;2337
3000;3622
3000;4463
3000;4341
3000;5782
3000;2101
3000;2223
3000;2704
3000;3148
3000;2698
3000;2828
3000;4601
3000;4647
3000;4492
3000;1713
3000;2400
3000;2893
3000;3091
3000;2402
3000;2576
3000;3424
3000;1807
3000;2325
3000;2375
3000;2386
3000;3010
3000;1880
3000;2714
3000;2271
3000;1635
3000;2244
3000;16
3000;207
3000;13
3000;221
3000;2167
3000;368
3000;1928
3000;784
3000;928
3000;198
3000;2858
3000;3743
3000;159
3000;2610
3000;3415
3000;2070
3000;3936
3000;922
3000;2241
3000;2938
3000;342
3000;3000
3000;3145
3000;3406
3000;624
3000;2692
3000;4820
3000;456
3000;59
3000;731
3000;640
3000;74
3000;680
3000;24
3000;3742
3000;406
3000;4477
3000;417
3000;425
3000;590
3000;377
3000;399
3000;265
3000;1460
3000;1254
3000;5622
3000;5238
3000;5254
3000;546
3000;247
3000;385
3000;5922
3000;1915
3000;8202
3000;12990
3000;1106
3000;669
3000;5025
3000;6088
3000;8157
3000;8880
3000;10300
3000;5881
3000;4391
3000;739
3000;7547
3000;8542
3000;13346
3000;979
3000;204
3000;238
3000;237
3000;4721
3000;550
3000;7730
3000;1298
3000;3633
3000;3779
3000;5503
3000;6828
3000;10422
3000;5692
3000;5692
3000;5692
3000;712
3000;7622
3000;2840
3000;326
3000;3017
3000;3023
3000;2718
3000;4685
3000;396
3000;977
3000;3473
3000;3706
3000;4786
3000;404
3000;3966
3000;382
3000;411
3000;5644
3000;814
3000;3154
3000;2961
3000;653
3000;3335
3000;3212
3000;4733
3000;3383
3000;3840
3000;5368
3000;5368
3000;366
3000;3047
3000;2791
3000;287
3000;3700
3000;3534
3000;478
3000;5516
3000;4123
3000;4040
3000;858
3000;375
3000;414
3000;3966
3000;4230
3000;1146
3000;6240
3000;1060
3000;983
3000;1285
3000;1839
3000;1741
3000;1452
3000;7070
3000;1097
3000;1123
3000;942
3000;2962
3000;2320
3000;13692
3000;16863
3000;3118
3000;15306
3000;7797
3000;9180
3000;11058
3000;1909
3000;982
3000;9606
3000;13148
3000;1002
3000;978
3000;5330
3000;6593
3000;484
3000;8136
3000;2145
3000;964
3000;956
3000;6810
3000;6162
3000;7689
3000;6340
3000;11698
3000;1546
3000;9520
3000;7718
3000;1461
3000;758
3000;187
3000;182
3000;201
3000;732
3000;722
3000;804
3000;170
3000;194
3000;318
3000;177
3000;188
3000;1334
3000;177
3000;1018
3000;1269
3000;811
3000;960
3000;1159
3000;800
3000;970
3000;1032
3000;762
3000;1051
3000;976
3000;811
3000;983
3000;1106
3000;170
3000;185
3000;202
3000;236
3000;256
3000;980
3000;244
3000;1019
3000;1246
3000;1264
3000;1501
3000;1147
3000;1709
3000;1200
3000;1643
3000;1655
3000;1561
3000;1436
3000;1849
3000;1245
3000;1725
3000;206
3000;206
3000;326
3000;2011
3000;2422
3000;3189
3000;2899
3000;235
3000;248
3000;1757
3000;2234
3000;2655
3000;2883
3000;3091
3000;1376
3000;1398
3000;1985
3000;2668
3000;2645
3000;3520
3000;3426
3000;208
3000;236
3000;243
3000;1451
3000;2066
3000;2861
3000;983
3000;1234
3000;1321
3000;1403
3000;2202
3000;2662
3000;1537
3000;1370
3000;1379
3000;1982
3000;2445
3000;3097
3000;988
3000;988
3000;1029
3000;1029
3000;1670
3000;1109
3000;1109
3000;1304
3000;1109
3000;2018
3000;1231
3000;1231
3000;1078
3000;1324
3000;1876
3000;985
3000;1049
3000;921
3000;985
3000;1381
3000;1114
3000;1038
3000;1129
3000;1575
3000;1171
3000;1205
3000;1337
3000;963
3000;844
3000;1001
3000;907
3000;1069
3000;1278
3000;1360
3000;1380
3000;1361
3000;941
3000;993
3000;1202
3000;1122
3000;1612
3000;1189
3000;2433
3000;2817
3000;4034
3000;3811
3000;3279
3000;4254
3000;1772
3000;2239
3000;2655
3000;3252
3000;3475
3000;3660
3000;2704
3000;3128
3000;4252
3000;4476
3000;5960
3000;1860
3000;2826
3000;2761
3000;2829
3000;2710
3000;2544
3000;3479
3000;3991
3000;4326
3000;1662
3000;2259
3000;2521
3000;3288
3000;2304
3000;2903
3000;3035
3000;1637
3000;2176
3000;2591
3000;2112
3000;2872
3000;2006
3000;2371
3000;2391
3000;2075
3000;1
3000;0
3000;0
3000;0
3000;11
3000;49
3000;2
3000;0
3000;0
3000;7
3000;0
3000;0
3000;261
3000;0
3000;18
3000;182
3000;3
3000;14
3000;168
3000;20
3000;46
3000;13
3000;2
3000;2
3000;0
3000;4
3000;217
3000;11
3000;0
3000;0
3000;0
3000;0
3000;0
3000;189
3000;1
3000;7
3000;2
3000;76
3000;391
3000;32
3000;0
3000;37
3000;0
3000;0
3000;1
3000;6
3000;0
3000;0
3000;9
3000;0
3000;0
3000;0
3000;136
3000;279
3000;0
3000;56
3000;0
3000;0
3000;40
3000;82
3000;168
3000;156
3000;4
3000;42
3000;7
3000;0
3000;0
3000;6
3000;0
3000;811
3000;0
3000;1
3000;0
3000;0
3000;118
3000;36
3000;0
3000;297
3000;0
3000;0
3000;6
3000;112
3000;0
3000;232
3000;5
3000;322
3000;109
3000;0
3000;2
3000;8
3000;60
3000;64
3000;53
3000;5
3000;2
3000;86
3000;2
3000;81
3000;40
3000;231
3000;6
3000;115
3000;94
3000;9
3000;145
3000;2
3000;78
3000;209
3000;127
3000;56
3000;60
3000;0
3000;110
3000;0
3000;6
3000;11
3000;10
3000;0
3000;9
3000;1
3000;53
3000;7
3000;15
3000;0
3000;0
3000;43
3000;33
3000;16
3000;316
3000;86
3000;196
3000;89
3000;10
3000;0
3000;30
3000;0
3000;65
3000;0
3000;1
3000;173
3000;0
3000;5
3000;273
3000;0
3000;20
3000;56
3000;45
3000;38
3000;503
3000;344
3000;15
3000;30
3000;177
3000;360
3000;0
3000;25
3000;316
3000;0
3000;220
3000;0
3000;0
3000;148
3000;111
3000;76
3000;594
3000;19
3000;434
3000;0
3000;5
3000;0
3000;143
3000;532
3000;1
3000;0
3000;0
3000;0
3000;0
3000;1
3000;0
3000;0
3000;0
3000;0
3000;0
3000;0
3000;0
3000;0
3000;3
3000;1
3000;10
3000;5
3000;6
3000;2
3000;0
3000;0
3000;8
3000;0
3000;4
3000;2
3000;0
3000;0
3000;0
3000;0
3000;0
3000;0
3000;0
3000;2
3000;0
3000;0
3000;0
3000;0
3000;0
3000;1
3000;0
3000;0
3000;0
3000;2
3000;0
3000;3
3000;0
3000;0
3000;3
3000;0
3000;0
3000;0
3000;0
3000;0
3000;0
3000;0
3000;0
3000;0
3000;0
3000;0
3000;0
3000;0
3000;0
3000;0
3000;0
3000;0
3000;3
3000;0
3000;1
3000;0
3000;0
3000;0
3000;0
3000;0
3000;0
3000;0
3000;0
3000;0
3000;3
3000;0
3000;28
3000;9
3000;0
3000;4
3000;0
3000;0
3000;0
3000;0
3000;2
3000;0
3000;0
3000;10
3000;7
3000;0
3000;1
3000;0
3000;0
3000;12
3000;0
3000;20
3000;0
3000;0
3000;0
3000;0
3000;0
3000;1
3000;0
3000;2
3000;0
3000;0
3000;11
3000;1
3000;13
3000;0
3000;24
3000;0
3000;5
3000;0
3000;0
3000;0
3000;0
3000;0
3000;0
3000;0
3000;4
3000;0
3000;0
3000;10
3000;0
3000;0
3000;0
3000;0
3000;0
3000;0
3000;0
3000;0
3000;0
3000;0
3000;1
3000;0
3000;63
3000;19
3000;0
3000;0
3000;8
3000;0
3000;0
3000;0
3000;0
3000;0
3000;0
3000;0
3000;0
3000;0
3000;0
3000;0
3000;0
3000;0
3000;1
3000;23
3000;4
3000;1
3000;0
3000;0
3000;0
3000;0
3000;0
3000;0
3000;6
3000;2
3000;0
3000;0
3000;1800
3000;1039
3000;1056
3000;1045
3000;1766
3000;1800
3000;1985
3000;1100
3000;1360
3000;1735
3000;1079
3000;1578
3000;2935
3000;1096
3000;2329
3000;2824
3000;1854
3000;2371
3000;2820
3000;1862
3000;2702
3000;2986
3000;1778
3000;2317
3000;3109
3000;1895
3000;2396
3000;3090
3000;1053
3000;1058
3000;1084
3000;1385
3000;1424
3000;2273
3000;1530
3000;3023
3000;2949
3000;3916
3000;3478
3000;3427
3000;3743
3000;3630
3000;3741
3000;4728
3000;3889
3000;4020
3000;4413
3000;4387
3000;4413
3000;1422
3000;1421
3000;2262
3000;4943
3000;7027
3000;7310
3000;8023
3000;1727
3000;1861
3000;4329
3000;5391
3000;6231
3000;6765
3000;7954
3000;3663
3000;3665
3000;5007
3000;6057
3000;6665
3000;7894
3000;8616
3000;1504
3000;1468
3000;1550
3000;4043
3000;5317
3000;6101
3000;3133
3000;2870
3000;2867
3000;4310
3000;5561
3000;6333
3000;3412
3000;3492
3000;3434
3000;4968
3000;6028
3000;9057
3000;2378
3000;2428
3000;2230
3000;2408
3000;3750
3000;2595
3000;2990
3000;2701
3000;2765
3000;4042
3000;3303
3000;3142
3000;3029
3000;3103
3000;4457
3000;2392
3000;2409
3000;2495
3000;2295
3000;2747
3000;2783
3000;2969
3000;2985
3000;3018
3000;3261
3000;3237
3000;2904
3000;2437
3000;2261
3000;2386
3000;2690
3000;2707
3000;2676
3000;3357
3000;3419
3000;3157
3000;2457
3000;2277
3000;3021
3000;3009
3000;3412
3000;3475
3000;5446
3000;6934
3000;8929
3000;9469
3000;10531
3000;10610
3000;4739
3000;6241
3000;7016
3000;7596
3000;8209
3000;10032
3000;6465
3000;8386
3000;10225
3000;11264
3000;12887
3000;4855
3000;5134
3000;6685
3000;6969
3000;6633
3000;6032
3000;8649
3000;9190
3000;8371
3000;3757
3000;5138
3000;5979
3000;6571
3000;6058
3000;6906
3000;8706
3000;4201
3000;5227
3000;6357
3000;5527
3000;6974
3000;5050
3000;5479
3000;6082
3000;4709
3000;2910
3000;2825
3000;522
3000;2694
3000;550
3000;2883
3000;2854
3000;236
3000;1818
3000;916
3000;668
3000;1727
3000;4490
3000;1203
3000;1717
3000;4395
3000;2918
3000;3827
3000;4690
3000;2942
3000;690
3000;1061
3000;2918
3000;831
3000;724
3000;518
3000;3916
3000;4820
3000;239
3000;1301
3000;559
3000;689
3000;681
3000;1524
3000;2004
3000;4938
3000;4789
3000;1098
3000;5662
3000;1064
3000;6110
3000;1010
3000;6397
3000;6652
3000;5951
3000;1130
3000;7353
3000;7222
3000;1206
3000;1471
3000;752
3000;1064
3000;7889
3000;9293
3000;2261
3000;5389
3000;4899
3000;4752
3000;1164
3000;9029
3000;5549
3000;12072
3000;12375
3000;2708
3000;5881
3000;8093
3000;4465
3000;1975
3000;13346
3000;2217
3000;153
3000;647
3000;1861
3000;6312
3000;8189
3000;2123
3000;5007
3000;911
3000;901
3000;7116
3000;1622
3000;10024
3000;5638
3000;2438
3000;1065
3000;7962
3000;10385
3000;2633
3000;3922
3000;842
3000;3818
3000;1747
3000;3034
3000;787
3000;998
3000;4633
3000;933
3000;3403
3000;5218
3000;5245
3000;5322
3000;1014
3000;1352
3000;807
3000;3859
3000;3955
3000;864
3000;4402
3000;2039
3000;4733
3000;4733
3000;2249
3000;4944
3000;1016
3000;1060
3000;3834
3000;3803
3000;1701
3000;4921
3000;2225
3000;4637
3000;5423
3000;969
3000;989
3000;3997
3000;715
3000;680
3000;5051
3000;792
3000;710
3000;8935
3000;11170
3000;2938
3000;5783
3000;6276
3000;2322
3000;7226
3000;1678
3000;9907
3000;12288
3000;12342
3000;6653
3000;4335
3000;12754
3000;16369
3000;17774
3000;10254
3000;7492
3000;1480
3000;1928
3000;5153
3000;1843
3000;9606
3000;2191
3000;3282
3000;17248
3000;6462
3000;8330
3000;9952
3000;1428
3000;1726
3000;11321
3000;2181
3000;1097
3000;3684
3000;4458
3000;1619
3000;11080
3000;1055
3000;8831
3000;9262
3000;3193
3000;1874
3000;1126
3000;1093
3000;1054
3000;1963
3000;1791
3000;1796
3000;1000
3000;1332
3000;1851
3000;1054
3000;1499
3000;2806
3000;1008
3000;2278
3000;2797
3000;1940
3000;2345
3000;3048
3000;1804
3000;2253
3000;2997
3000;1818
3000;2528
3000;3179
3000;1832
3000;2708
3000;3298
3000;1000
3000;1052
3000;1136
3000;1398
3000;1504
3000;2364
3000;1664
3000;2859
3000;2566
3000;3304
3000;2816
3000;3290
3000;3822
3000;3611
3000;3844
3000;4447
3000;4145
3000;3756
3000;4825
3000;4913
3000;4476
3000;1397
3000;1277
3000;1985
3000;4878
3000;5989
3000;7295
3000;6862
3000;1625
3000;1625
3000;4163
3000;5454
3000;6020
3000;8259
3000;9204
3000;3488
3000;3130
3000;4250
3000;5954
3000;6396
3000;8101
3000;8217
3000;1306
3000;1449
3000;1464
3000;3637
3000;5767
3000;6230
3000;2879
3000;3029
3000;3029
3000;3859
3000;5313
3000;5880
3000;3238
3000;3567
3000;3238
3000;3938
3000;6294
3000;7215
3000;2436
3000;2305
3000;2436
3000;2436
3000;3761
3000;2667
3000;2552
3000;2776
3000;2589
3000;3782
3000;2756
3000;2980
3000;3350
3000;2756
3000;4929
3000;2404
3000;2441
3000;2306
3000;2432
3000;2803
3000;2735
3000;2803
3000;2900
3000;3063
3000;3473
3000;3063
3000;2842
3000;2133
3000;2410
3000;2410
3000;2849
3000;3157
3000;2595
3000;3421
3000;3421
3000;3343
3000;2439
3000;2147
3000;3146
3000;3221
3000;3695
3000;3695
3000;4879
3000;6107
3000;9006
3000;10489
3000;8970
3000;9754
3000;3834
3000;4807
3000;6363
3000;6242
3000;7921
3000;7019
3000;5515
3000;7275
3000;10326
3000;9501
3000;14070
3000;4818
3000;4754
3000;6457
3000;6585
3000;6651
3000;5145
3000;8309
3000;9545
3000;10432
3000;4297
3000;5335
3000;5623
3000;6753
3000;6421
3000;5911
3000;8023
3000;4187
3000;5404
3000;5748
3000;5075
3000;7633
3000;4343
3000;6008
3000;5968
3000;4785
3000;1
3000;0
3000;0
3000;0
3000;24
3000;1
3000;48
3000;0
3000;0
3000;0
3000;0
3000;0
3000;241
3000;2
3000;200
3000;2
3000;23
3000;0
3000;231
3000;32
3000;1
3000;11
3000;9
3000;214
3000;263
3000;0
3000;6
3000;37
3000;0
3000;2
3000;0
3000;0
3000;8
3000;10
3000;1
3000;250
3000;334
3000;53
3000;109
3000;21
3000;39
3000;0
3000;280
3000;148
3000;0
3000;382
3000;26
3000;66
3000;182
3000;0
3000;0
3000;0
3000;77
3000;0
3000;0
3000;3
3000;3
3000;0
3000;45
3000;187
3000;1
3000;444
3000;53
3000;16
3000;16
3000;6
3000;119
3000;0
3000;0
3000;13
3000;0
3000;0
3000;1
3000;8
3000;0
3000;0
3000;244
3000;196
3000;2
3000;0
3000;114
3000;25
3000;8
3000;10
3000;275
3000;1
3000;0
3000;0
3000;39
3000;0
3000;1
3000;0
3000;416
3000;7
3000;265
3000;20
3000;214
3000;3
3000;0
3000;3
3000;30
3000;354
3000;24
3000;0
3000;257
3000;15
3000;60
3000;0
3000;41
3000;0
3000;6
3000;0
3000;40
3000;5
3000;40
3000;44
3000;0
3000;1
3000;2
3000;0
3000;0
3000;93
3000;2
3000;20
3000;54
3000;8
3000;0
3000;0
3000;2
3000;390
3000;3
3000;42
3000;6
3000;0
3000;846
3000;198
3000;336
3000;0
3000;61
3000;66
3000;207
3000;0
3000;0
3000;215
3000;32
3000;101
3000;93
3000;447
3000;108
3000;10
3000;727
3000;49
3000;55
3000;108
3000;86
3000;0
3000;11
3000;425
3000;0
3000;832
3000;155
3000;34
3000;2
3000;3
3000;0
3000;556
3000;184
3000;1
3000;43
3000;133
3000;0
3000;17
3000;3000
3000;3000
3000;3000
3000;3000
9000;1
9000;0
9000;0
9000;0
9000;1
9000;1
9000;0
9000;0
9000;0
9000;0
9000;0
9000;0
9000;0
9000;0
9000;2
9000;2
9000;0
9000;0
9000;3
9000;0
9000;2
9000;0
9000;0
9000;0
9000;0
9000;1
9000;0
9000;1
9000;0
9000;0
9000;0
9000;0
9000;0
9000;6
9000;0
9000;0
9000;0
9000;0
9000;3
9000;0
9000;0
9000;0
9000;2
9000;0
9000;0
9000;0
9000;0
9000;0
9000;2
9000;0
9000;0
9000;0
9000;1
9000;0
9000;0
9000;0
9000;0
9000;0
9000;0
9000;0
9000;0
9000;7
9000;0
9000;0
9000;5
9000;0
9000;1
9000;1
9000;4
9000;0
9000;0
9000;0
9000;0
9000;0
9000;6
9000;0
9000;0
9000;0
9000;0
9000;0
9000;0
9000;13
9000;0
9000;3
9000;0
9000;0
9000;0
9000;0
9000;0
9000;3
9000;0
9000;0
9000;16
9000;0
9000;0
9000;2
9000;5
9000;0
9000;0
9000;0
9000;0
9000;0
9000;0
9000;0
9000;0
9000;24
9000;0
9000;0
9000;0
9000;0
9000;0
9000;0
9000;0
9000;0
9000;0
9000;0
9000;0
9000;0
9000;3
9000;0
9000;0
9000;0
9000;4
9000;0
9000;0
9000;0
9000;0
9000;0
9000;0
9000;0
9000;4
9000;0
9000;0
9000;0
9000;0
9000;0
9000;0
9000;0
9000;0
9000;0
9000;0
9000;6
9000;0
9000;0
9000;0
9000;0
9000;6
9000;4
9000;4
9000;0
9000;195
9000;0
9000;0
9000;0
9000;0
9000;0
9000;1
9000;0
9000;0
9000;0
9000;2
9000;0
9000;0
9000;0
9000;0
9000;0
9000;0
9000;0
9000;0
9000;0
9000;12
9000;0
9000;450
9000;27
9000;23
9000;32
9000;377
9000;480
9000;450
9000;30
9000;50
9000;28
9000;25
9000;28
9000;729
9000;34
9000;588
9000;687
9000;441
9000;616
9000;827
9000;474
9000;633
9000;706
9000;470
9000;715
9000;749
9000;409
9000;561
9000;728
9000;26
9000;15
9000;20
9000;33
9000;14
9000;496
9000;57
9000;630
9000;631
9000;916
9000;854
9000;808
9000;897
9000;1056
9000;802
9000;1620
9000;870
9000;1188
9000;1154
9000;1226
9000;1517
9000;21
9000;30
9000;39
9000;1117
9000;1431
9000;3451
9000;2265
9000;75
9000;22
9000;1044
9000;1160
9000;1915
9000;2044
9000;2316
9000;863
9000;1013
9000;1245
9000;1916
9000;1806
9000;2070
9000;2562
9000;15
9000;42
9000;23
9000;884
9000;930
9000;1663
9000;729
9000;762
9000;719
9000;1459
9000;1253
9000;1895
9000;796
9000;938
9000;820
9000;772
9000;2070
9000;3546
9000;591
9000;605
9000;461
9000;603
9000;1100
9000;798
9000;929
9000;783
9000;961
9000;938
9000;950
9000;758
9000;1009
9000;732
9000;1295
9000;616
9000;677
9000;529
9000;600
9000;600
9000;628
9000;832
9000;671
9000;858
9000;457
9000;830
9000;812
9000;570
9000;559
9000;561
9000;781
9000;786
9000;662
9000;927
9000;832
9000;542
9000;524
9000;679
9000;736
9000;813
9000;554
9000;679
9000;1599
9000;2265
9000;2604
9000;3959
9000;2070
9000;3278
9000;1086
9000;1446
9000;2011
9000;1975
9000;2710
9000;2299
9000;1896
9000;2150
9000;2708
9000;2866
9000;2946
9000;1353
9000;780
9000;1824
9000;2365
9000;1791
9000;1428
9000;1906
9000;3105
9000;3416
9000;1120
9000;1404
9000;1320
9000;2667
9000;1152
9000;1719
9000;2582
9000;682
9000;1486
9000;1697
9000;2202
9000;1868
9000;1249
9000;1590
9000;2142
9000;1065
9000;1971
9000;445
9000;447
9000;14
9000;1990
9000;74
9000;1856
9000;1312
9000;121
9000;8221
9000;0
9000;268
9000;152
9000;0
9000;8867
9000;126
9000;95
9000;124
9000;96
9000;111
9000;3024
9000;10476
9000;67
9000;289
9000;3606
9000;1937
9000;2680
9000;38
9000;2
9000;62
9000;17
9000;138
9000;7
9000;550
9000;115
9000;204
9000;84
9000;3100
9000;14365
9000;137
9000;4610
9000;17304
9000;4580
9000;231
9000;5121
9000;451
9000;503
9000;210
9000;203
9000;1
9000;88
9000;133
9000;216
9000;6982
9000;236
9000;884
9000;23
9000;140
9000;14557
9000;22140
9000;8354
9000;459
9000;402
9000;14643
9000;708
9000;6399
9000;1633
9000;1768
9000;655
9000;12877
9000;5
9000;25
9000;26
9000;253
9000;326
9000;7975
9000;180
9000;193
9000;11176
9000;995
9000;329
9000;1511
9000;151
9000;3338
9000;3853
9000;297
9000;21604
9000;330
9000;2936
9000;90
9000;150
9000;123
9000;9702
9000;2906
9000;2543
9000;3370
9000;3526
9000;4707
9000;212
9000;12816
9000;685
9000;116
9000;618
9000;2763
9000;117
9000;239
9000;485
9000;168
9000;3506
9000;3214
9000;2816
9000;3738
9000;234
9000;165
9000;170
9000;217
9000;2565
9000;120
9000;4010
9000;123
9000;3079
9000;571
9000;3893
9000;12993
9000;2596
9000;2876
9000;158
9000;3163
9000;10695
9000;102
9000;295
9000;374
9000;11989
9000;15451
9000;1712
9000;1262
9000;908
9000;1779
9000;8484
9000;213
9000;538
9000;40574
9000;26262
9000;1874
9000;44920
9000;1798
9000;45623
9000;17286
9000;7297
9000;7884
9000;31102
9000;9367
9000;5961
9000;1864
9000;11458
9000;40743
9000;184
9000;503
9000;22428
9000;9679
9000;8441
9000;341
9000;2224
9000;5856
9000;47
9000;1655
9000;225
9000;32203
9000;170
9000;7254
9000;7045
9000;148
9000;525
9000;28
9000;33
9000;13
9000;440
9000;310
9000;321
9000;33
9000;0
9000;0
9000;31
9000;0
9000;701
9000;27
9000;554
9000;782
9000;321
9000;0
9000;1087
9000;465
9000;659
9000;830
9000;492
9000;450
9000;628
9000;473
9000;670
9000;0
9000;33
9000;0
9000;0
9000;33
9000;0
9000;0
9000;48
9000;799
9000;849
9000;601
9000;0
9000;0
9000;860
9000;776
9000;718
9000;843
9000;0
9000;855
9000;1282
9000;0
9000;1427
9000;27
9000;27
9000;60
9000;1350
9000;1220
9000;1591
9000;2344
9000;59
9000;0
9000;0
9000;1760
9000;2366
9000;1712
9000;1608
9000;951
9000;914
9000;1483
9000;0
9000;1924
9000;2430
9000;2724
9000;54
9000;23
9000;23
9000;1069
9000;1081
9000;1976
9000;707
9000;0
9000;0
9000;1127
9000;896
9000;0
9000;774
9000;830
9000;774
9000;985
9000;1346
9000;0
9000;624
9000;655
9000;624
9000;549
9000;1245
9000;795
9000;0
9000;795
9000;635
9000;687
9000;0
9000;975
9000;0
9000;0
9000;1087
9000;455
9000;455
9000;676
9000;532
9000;777
9000;617
9000;541
9000;0
9000;745
9000;544
9000;848
9000;717
9000;650
9000;472
9000;619
9000;0
9000;0
9000;772
9000;863
9000;1080
9000;1080
9000;487
9000;579
9000;828
9000;494
9000;613
9000;447
9000;1663
9000;2053
9000;1897
9000;2918
9000;3616
9000;3438
9000;1245
9000;1706
9000;2325
9000;2529
9000;1803
9000;2925
9000;1705
9000;1924
9000;2651
9000;2765
9000;4431
9000;1370
9000;2187
9000;2373
9000;705
9000;2232
9000;1628
9000;1364
9000;2494
9000;968
9000;0
9000;0
9000;2345
9000;851
9000;1820
9000;1154
9000;1316
9000;1133
9000;0
9000;1380
9000;1456
9000;2157
9000;1061
9000;1495
9000;0
9000;1037
9000;1
9000;0
9000;1
9000;0
9000;53
9000;2
9000;98
9000;0
9000;0
9000;3
9000;0
9000;14
9000;61
9000;6
9000;4
9000;53
9000;429
9000;0
9000;1
9000;16
9000;125
9000;112
9000;0
9000;110
9000;115
9000;441
9000;0
9000;390
9000;0
9000;0
9000;5
9000;0
9000;0
9000;11
9000;0
9000;19
9000;560
9000;189
9000;202
9000;643
9000;166
9000;8
9000;344
9000;9
9000;52
9000;296
9000;799
9000;47
9000;4
9000;3
9000;3
9000;0
9000;0
9000;2
9000;2
9000;0
9000;5
9000;0
9000;1059
9000;380
9000;63
9000;0
9000;274
9000;160
9000;944
9000;338
9000;7
9000;248
9000;0
9000;0
9000;0
9000;0
9000;0
9000;1060
9000;1
9000;1989
9000;83
9000;193
9000;783
9000;0
9000;0
9000;0
9000;52
9000;205
9000;88
9000;35
9000;0
9000;0
9000;12
9000;91
9000;19
9000;112
9000;1
9000;201
9000;182
9000;36
9000;0
9000;0
9000;0
9000;17
9000;768
9000;3
9000;161
9000;2
9000;142
9000;46
9000;8
9000;2
9000;125
9000;0
9000;15
9000;187
9000;703
9000;0
9000;177
9000;0
9000;114
9000;0
9000;4
9000;21
9000;19
9000;251
9000;0
9000;19
9000;6
9000;93
9000;174
9000;4
9000;922
9000;139
9000;1470
9000;30
9000;202
9000;585
9000;0
9000;653
9000;1279
9000;1637
9000;1969
9000;2542
9000;67
9000;0
9000;22
9000;8
9000;0
9000;37
9000;817
9000;25
9000;149
9000;241
9000;571
9000;596
9000;4
9000;121
9000;0
9000;728
9000;270
9000;163
9000;1769
9000;0
9000;422
9000;40
9000;0
9000;55
9000;174
9000;2094
9000;159
9000;1407
9000;0
9000;415
9000;10
9000;0
9000;1
9000;0
9000;0
9000;0
9000;0
9000;1
9000;3
9000;0
9000;0
9000;0
9000;0
9000;0
9000;0
9000;0
9000;0
9000;0
9000;0
9000;0
9000;0
9000;2
9000;0
9000;0
9000;0
9000;0
9000;0
9000;16
9000;0
9000;0
9000;0
9000;0
9000;0
9000;0
9000;0
9000;0
9000;0
9000;1
9000;4
9000;0
9000;4
9000;1
9000;3
9000;0
9000;0
9000;0
9000;0
9000;6
9000;0
9000;2
9000;0
9000;0
9000;0
9000;0
9000;1
9000;0
9000;0
9000;1
9000;0
9000;0
9000;0
9000;7
9000;0
9000;0
9000;0
9000;0
9000;0
9000;0
9000;0
9000;0
9000;0
9000;42
9000;0
9000;0
9000;0
9000;12
9000;2
9000;10
9000;0
9000;0
9000;0
9000;2
9000;0
9000;0
9000;12
9000;2
9000;0
9000;16
9000;0
9000;0
9000;2
9000;2
9000;0
9000;8
9000;0
9000;0
9000;0
9000;6
9000;0
9000;0
9000;0
9000;0
9000;0
9000;0
9000;9
9000;0
9000;5
9000;0
9000;8
9000;0
9000;0
9000;0
9000;0
9000;2
9000;0
9000;0
9000;0
9000;2
9000;2
9000;0
9000;0
9000;0
9000;1
9000;3
9000;0
9000;0
9000;0
9000;0
9000;0
9000;0
9000;3
9000;0
9000;0
9000;0
9000;1
9000;0
9000;0
9000;0
9000;0
9000;0
9000;0
9000;0
9000;0
9000;0
9000;0
9000;0
9000;0
9000;0
9000;0
9000;0
9000;0
9000;90
9000;0
9000;2
9000;0
9000;0
9000;0
9000;6
9000;0
9000;0
9000;0
9000;0
9000;0
9000;0
9000;0
9000;5
9000;0
9000;0
9000;0
9000;1
9000;0
9000;1
9000;0
9000;0
9000;2250
9000;561
9000;563
9000;488
9000;1982
9000;2268
9000;2472
9000;505
9000;680
9000;1023
9000;524
9000;838
9000;3502
9000;626
9000;2987
9000;3631
9000;2259
9000;2891
9000;3591
9000;2050
9000;2981
9000;3295
9000;2307
9000;3324
9000;3738
9000;2342
9000;2969
9000;3784
9000;576
9000;548
9000;559
9000;689
9000;692
9000;3054
9000;869
9000;3938
9000;3591
9000;4695
9000;4798
9000;4342
9000;5026
9000;5379
9000;5034
9000;5408
9000;5568
9000;5579
9000;6210
9000;6327
9000;5639
9000;778
9000;722
9000;1224
9000;7357
9000;8278
9000;9800
9000;9839
9000;974
9000;906
9000;5963
9000;7444
9000;9477
9000;10948
9000;12660
9000;4550
9000;4692
9000;6622
9000;8460
9000;10796
9000;12691
9000;13460
9000;782
9000;713
9000;683
9000;4719
9000;6598
9000;9477
9000;3712
9000;3775
9000;3915
9000;5761
9000;7423
9000;9045
9000;4113
9000;4234
9000;4539
9000;6768
9000;8436
9000;10957
9000;2976
9000;2978
9000;2938
9000;3130
9000;4573
9000;3727
9000;3583
9000;3615
9000;3559
9000;4976
9000;4705
9000;4459
9000;4068
9000;4689
9000;5802
9000;2863
9000;2950
9000;2947
9000;3133
9000;4142
9000;3749
9000;3488
9000;3501
9000;4299
9000;4466
9000;4032
9000;3865
9000;3328
9000;2951
9000;3086
9000;3073
9000;3725
9000;3630
9000;4247
9000;4176
9000;4303
9000;2980
9000;3122
9000;3902
9000;3855
9000;4727
9000;4498
9000;8480
9000;9301
9000;15016
9000;14046
9000;16765
9000;18865
9000;5587
9000;7538
9000;10126
9000;12025
9000;12995
9000;10863
9000;7525
9000;12182
9000;14619
9000;13755
9000;21999
9000;5920
9000;7606
9000;9147
9000;9721
9000;12218
9000;7658
9000;9803
9000;14034
9000;15075
9000;5688
9000;7020
9000;10032
9000;10188
9000;7230
9000;8976
9000;13587
9000;5442
9000;6917
9000;9301
9000;9160
9000;10691
9000;5018
9000;6951
9000;7720
9000;5390
9000;473
9000;27
9000;11
9000;17
9000;6334
9000;496
9000;6743
9000;69
9000;8794
9000;544
9000;266
9000;5474
9000;2717
9000;358
9000;2072
9000;473
9000;6735
9000;2154
9000;10729
9000;6199
9000;9250
9000;14720
9000;6076
9000;650
9000;708
9000;6694
9000;813
9000;534
9000;6584
9000;1596
9000;6377
9000;6058
9000;1461
9000;11289
9000;1987
9000;2759
9000;14708
9000;17084
9000;933
9000;825
9000;1047
9000;14999
9000;19815
9000;878
9000;16244
9000;15726
9000;1432
9000;23862
9000;18111
9000;415
9000;533
9000;646
9000;1212
9000;1646
9000;1798
9000;2130
9000;10389
9000;10761
9000;1034
9000;1459
9000;37378
9000;32878
9000;7302
9000;3258
9000;18358
9000;20087
9000;1272
9000;6164
9000;2259
9000;3504
9000;97
9000;1646
9000;6115
9000;19134
9000;21109
9000;26939
9000;10964
9000;11352
9000;11002
9000;23111
9000;1637
9000;26278
9000;653
9000;17618
9000;3139
9000;25659
9000;1235
9000;32359
9000;8099
9000;694
9000;560
9000;554
9000;3368
9000;10364
9000;10303
9000;751
9000;623
9000;3639
9000;866
9000;12817
9000;3147
9000;3459
9000;16914
9000;8051
9000;9081
9000;595
9000;11826
9000;9568
9000;10995
9000;947
9000;971
9000;867
9000;12397
9000;11278
9000;822
9000;2281
9000;8389
9000;733
9000;2521
9000;706
9000;10983
9000;12214
9000;2889
9000;11601
9000;8903
9000;7905
9000;10854
9000;749
9000;1137
9000;704
9000;23062
9000;30843
9000;9566
9000;42677
9000;3140
9000;2917
9000;22974
9000;22282
9000;1651
9000;2033
9000;3063
9000;2205
9000;1759
9000;32546
9000;2568
9000;2813
9000;55200
9000;17049
9000;20940
9000;26070
9000;7306
9000;7901
9000;1625
9000;30569
9000;38509
9000;9777
9000;945
9000;21525
9000;36011
9000;8799
9000;1554
9000;1628
9000;35644
9000;21380
9000;1025
9000;26646
9000;900
9000;2259
9000;16660
9000;21375
9000;1778
9000;813
9000;2389
9000;572
9000;584
9000;529
9000;1808
9000;1807
9000;2174
9000;545
9000;759
9000;948
9000;603
9000;879
9000;3300
9000;568
9000;2810
9000;3595
9000;2328
9000;3094
9000;4018
9000;2344
9000;3117
9000;3812
9000;2354
9000;3102
9000;3476
9000;2403
9000;3238
9000;3646
9000;545
9000;580
9000;533
9000;685
9000;727
9000;3080
9000;878
9000;3746
9000;3787
9000;3827
9000;4108
9000;3992
9000;4304
9000;5052
9000;4935
9000;5571
9000;5341
9000;4289
9000;5949
9000;5820
9000;5988
9000;785
9000;785
9000;1116
9000;5681
9000;6974
9000;9784
9000;11782
9000;1023
9000;854
9000;5951
9000;6611
9000;7901
9000;11154
9000;11728
9000;4600
9000;4257
9000;6687
9000;8822
9000;10299
9000;12024
9000;11607
9000;737
9000;853
9000;737
9000;5046
9000;5963
9000;8261
9000;3979
9000;3531
9000;3649
9000;4793
9000;7170
9000;8795
9000;4528
9000;4591
9000;4234
9000;5373
9000;6961
9000;10671
9000;3074
9000;3074
9000;2677
9000;2876
9000;4314
9000;3786
9000;3021
9000;3755
9000;3837
9000;5688
9000;4117
9000;4233
9000;4003
9000;4430
9000;5315
9000;3091
9000;2622
9000;3091
9000;2312
9000;3695
9000;3609
9000;2790
9000;3609
9000;4806
9000;4191
9000;4323
9000;4387
9000;2364
9000;2875
9000;2875
9000;3817
9000;3817
9000;3817
9000;4552
9000;4492
9000;4682
9000;2893
9000;2617
9000;3086
9000;3219
9000;4706
9000;4414
9000;8244
9000;10332
9000;11671
9000;16018
9000;19830
9000;20104
9000;5362
9000;8428
9000;8272
9000;9296
9000;12312
9000;10334
9000;8434
9000;11725
9000;14275
9000;16166
9000;16378
9000;6396
9000;7087
9000;8871
9000;8046
9000;13348
9000;6716
9000;10566
9000;12563
9000;12094
9000;5626
9000;8163
9000;10032
9000;10496
9000;9015
9000;8222
9000;13133
9000;5383
9000;7871
9000;6972
9000;5816
9000;11689
9000;5631
9000;5778
9000;8425
9000;5727
9000;73
9000;0
9000;0
9000;0
9000;1
9000;4
9000;0
9000;4
9000;6
9000;0
9000;0
9000;1
9000;976
9000;5
9000;98
9000;99
9000;6
9000;11
9000;144
9000;78
9000;504
9000;13
9000;0
9000;459
9000;865
9000;98
9000;95
9000;0
9000;5
9000;9
9000;0
9000;0
9000;3
9000;749
9000;0
9000;149
9000;1
9000;896
9000;968
9000;26
9000;20
9000;1316
9000;1042
9000;0
9000;4
9000;746
9000;390
9000;9
9000;1254
9000;0
9000;0
9000;1
9000;18
9000;312
9000;362
9000;2463
9000;0
9000;0
9000;383
9000;301
9000;21
9000;11
9000;16
9000;200
9000;27
9000;1064
9000;2096
9000;1268
9000;402
9000;313
9000;3
9000;1
9000;0
9000;15
9000;0
9000;82
9000;148
9000;898
9000;12
9000;1260
9000;4
9000;0
9000;66
9000;705
9000;144
9000;257
9000;1399
9000;0
9000;1
9000;129
9000;94
9000;0
9000;138
9000;101
9000;32
9000;102
9000;30
9000;337
9000;38
9000;123
9000;5
9000;58
9000;296
9000;112
9000;563
9000;1
9000;165
9000;2
9000;755
9000;29
9000;720
9000;844
9000;139
9000;130
9000;10
9000;110
9000;623
9000;0
9000;104
9000;0
9000;93
9000;149
9000;0
9000;389
9000;124
9000;10
9000;16
9000;6
9000;6
9000;3
9000;241
9000;377
9000;216
9000;1258
9000;229
9000;14
9000;215
9000;1326
9000;301
9000;33
9000;649
9000;0
9000;56
9000;35
9000;257
9000;848
9000;1555
9000;7
9000;8
9000;1420
9000;122
9000;25
9000;2072
9000;55
9000;469
9000;5
9000;221
9000;51
9000;2
9000;433
9000;29
9000;28
9000;116
9000;115
9000;361
9000;404
9000;142
9000;0
9000;1381
9000;81
9000;67
9000;0
9000;1
9000;0
9000;0
9000;0
9000;1
9000;0
9000;0
9000;0
9000;0
9000;0
9000;0
9000;0
9000;0
9000;0
9000;0
9000;4
9000;0
9000;4
9000;0
9000;0
9000;1
9000;1
9000;0
9000;0
9000;1
9000;2
9000;0
9000;0
9000;0
9000;0
9000;0
9000;0
9000;0
9000;0
9000;0
9000;4
9000;2
9000;5
9000;20
9000;1
9000;0
9000;12
9000;5
9000;1
9000;0
9000;0
9000;0
9000;24
9000;0
9000;0
9000;0
9000;0
9000;88
9000;0
9000;0
9000;0
9000;0
9000;0
9000;0
9000;0
9000;0
9000;0
9000;0
9000;0
9000;0
9000;0
9000;3
9000;0
9000;0
9000;0
9000;0
9000;0
9000;0
9000;16
9000;0
9000;2
9000;6
9000;1
9000;9
9000;0
9000;0
9000;0
9000;9
9000;0
9000;2
9000;4
9000;0
9000;0
9000;0
9000;0
9000;1
9000;0
9000;0
9000;1
9000;0
9000;0
9000;0
9000;0
9000;0
9000;0
9000;0
9000;4
9000;0
9000;0
9000;2
9000;0
9000;0
9000;0
9000;0
9000;4
9000;0
9000;0
9000;0
9000;0
9000;0
9000;0
9000;1
9000;1
9000;0
9000;0
9000;0
9000;0
9000;0
9000;2
9000;0
9000;0
9000;2
9000;0
9000;9
9000;0
9000;0
9000;0
9000;0
9000;0
9000;0
9000;56
9000;6
9000;1
9000;4
9000;0
9000;0
9000;0
9000;0
9000;0
9000;0
9000;0
9000;0
9000;0
9000;0
9000;0
9000;0
9000;60
9000;0
9000;0
9000;0
9000;0
9000;0
9000;0
9000;0
9000;10
9000;0
9000;0
9000;0
9000;0
9000;0
9000;0
9000;1
9000;1
9000;0
9000;0
9000;0
9000;0
9000;5400
9000;3286
9000;3288
9000;3353
9000;5532
9000;5456
9000;5511
9000;3257
9000;4221
9000;5738
9000;3312
9000;4218
9000;8664
9000;3172
9000;7110
9000;8642
9000;5316
9000;7568
9000;9200
9000;5237
9000;7345
9000;9156
9000;5428
9000;7014
9000;8988
9000;5416
9000;7418
9000;9034
9000;3201
9000;3212
9000;3277
9000;4270
9000;4346
9000;7448
9000;5374
9000;9189
9000;8848
9000;10324
9000;10310
9000;10506
9000;11759
9000;11992
9000;10864
9000;13061
9000;13563
9000;12541
9000;14289
9000;14561
9000;14044
9000;4176
9000;4278
9000;6580
9000;15424
9000;19451
9000;24530
9000;28008
9000;5155
9000;5628
9000;13702
9000;18195
9000;22046
9000;27223
9000;28424
9000;10598
9000;10578
9000;15864
9000;20266
9000;25412
9000;24646
9000;30604
9000;4172
9000;4413
9000;4409
9000;11936
9000;16824
9000;20826
9000;9125
9000;8883
9000;9218
9000;14199
9000;17883
9000;22920
9000;10259
9000;10363
9000;10483
9000;15875
9000;19712
9000;28255
9000;7229
9000;7370
9000;7289
9000;7097
9000;11417
9000;9191
9000;8601
9000;8854
9000;8972
9000;13192
9000;10146
9000;10099
9000;9714
9000;10908
9000;13932
9000;7075
9000;7025
9000;7115
9000;7212
9000;8778
9000;8620
9000;8757
9000;8746
9000;9852
9000;11093
9000;10650
9000;10099
9000;6839
9000;7098
9000;6866
9000;8835
9000;8865
9000;8852
9000;10200
9000;10277
9000;10424
9000;6912
9000;7309
9000;9094
9000;9391
9000;10475
9000;10193
9000;19014
9000;25473
9000;31300
9000;36373
9000;44149
9000;39560
9000;13947
9000;18993
9000;22122
9000;26657
9000;30570
9000;33151
9000;18753
9000;27011
9000;32993
9000;37212
9000;44295
9000;14475
9000;18718
9000;21800
9000;24843
9000;30198
9000;19024
9000;26321
9000;31497
9000;32356
9000;12234
9000;18124
9000;21444
9000;26213
9000;19535
9000;20369
9000;29739
9000;12930
9000;17496
9000;22194
9000;18038
9000;24830
9000;12946
9000;18666
9000;19531
9000;13521
9000;1105
9000;978
9000;917
9000;127
9000;1057
9000;1013
9000;8681
9000;3312
9000;4222
9000;5714
9000;8487
9000;11273
9000;5597
9000;108
9000;1274
9000;13878
9000;1167
9000;1311
9000;1312
9000;8437
9000;11639
9000;1723
9000;977
9000;1268
9000;14639
9000;1031
9000;1314
9000;14160
9000;1061
9000;8395
9000;1094
9000;11229
9000;11411
9000;11864
9000;1691
9000;1591
9000;14708
9000;16166
9000;2040
9000;17338
9000;19504
9000;7976
9000;19815
9000;2423
9000;2509
9000;8357
9000;23051
9000;23862
9000;1376
9000;1393
9000;4479
9000;6649
9000;24785
9000;31888
9000;37979
9000;42317
9000;673
9000;5116
9000;8987
9000;11824
9000;4446
9000;4699
9000;5019
9000;1922
9000;17377
9000;25168
9000;33846
9000;4313
9000;46453
9000;5858
9000;1238
9000;11248
9000;11476
9000;18357
9000;26772
9000;31993
9000;1766
9000;5491
9000;15113
9000;21536
9000;30427
9000;4264
9000;17618
9000;2009
9000;1989
9000;24640
9000;3329
9000;42484
9000;10994
9000;11219
9000;12031
9000;1275
9000;6756
9000;1493
9000;13666
9000;1754
9000;14509
9000;8517
9000;16813
9000;16073
9000;16472
9000;16300
9000;24850
9000;10320
9000;11192
9000;1120
9000;4413
9000;1608
9000;13436
9000;13615
9000;13668
9000;2225
9000;2248
9000;16508
9000;17221
9000;10849
9000;11166
9000;4249
9000;1837
9000;14026
9000;14452
9000;16535
9000;15829
9000;16441
9000;709
9000;1182
9000;14109
9000;14259
9000;1939
9000;6820
9000;31543
9000;38021
9000;5252
9000;8525
9000;24922
9000;7680
9000;22974
9000;29789
9000;37198
9000;3867
9000;3570
9000;21891
9000;32635
9000;16563
9000;55883
9000;7904
9000;9684
9000;2567
9000;30047
9000;35917
9000;40652
9000;46852
9000;30013
9000;40583
9000;50754
9000;5794
9000;21534
9000;10085
9000;12766
9000;43113
9000;4390
9000;13819
9000;18043
9000;20119
9000;11278
9000;16826
9000;28149
9000;38021
9000;2152
9000;28611
9000;32181
9000;21819
9000;5762
9000;3422
9000;3716
9000;3469
9000;5749
9000;5577
9000;5783
9000;3379
9000;4317
9000;5778
9000;3366
9000;4266
9000;8449
9000;3753
9000;7508
9000;9412
9000;5329
9000;7175
9000;8742
9000;5751
9000;7185
9000;9088
9000;5628
9000;7751
9000;9081
9000;5335
9000;6892
9000;8814
9000;3379
9000;3165
9000;3229
9000;4121
9000;4192
9000;7104
9000;5503
9000;9622
9000;9650
9000;9981
9000;10501
9000;10153
9000;11452
9000;11486
9000;11451
9000;13946
9000;13598
9000;12757
9000;13314
9000;13977
9000;13879
9000;4543
9000;4575
9000;7557
9000;14931
9000;18484
9000;23833
9000;27804
9000;5571
9000;5431
9000;13740
9000;17413
9000;22028
9000;27254
9000;30574
9000;10911
9000;10826
9000;16393
9000;19514
9000;26810
9000;31808
9000;31849
9000;4575
9000;4640
9000;5057
9000;12493
9000;15446
9000;21680
9000;8731
9000;8731
9000;8683
9000;13255
9000;17370
9000;21226
9000;10717
9000;10717
9000;10717
9000;15809
9000;22291
9000;24339
9000;7177
9000;7177
9000;7844
9000;7087
9000;11209
9000;8664
9000;8664
9000;8748
9000;8404
9000;13059
9000;10035
9000;10231
9000;10043
9000;9770
9000;14711
9000;7797
9000;6876
9000;7797
9000;6955
9000;9208
9000;8551
9000;8541
9000;8750
9000;10285
9000;11458
9000;10406
9000;10285
9000;7091
9000;7364
9000;7364
9000;8626
9000;8783
9000;10097
9000;10330
9000;9367
9000;10777
9000;7585
9000;7585
9000;9171
9000;8525
9000;11309
9000;10321
9000;19513
9000;26109
9000;31053
9000;34894
9000;38419
9000;47730
9000;13419
9000;18439
9000;22891
9000;25344
9000;32165
9000;33580
9000;20124
9000;25866
9000;37784
9000;36261
9000;47569
9000;13733
9000;17097
9000;24230
9000;24046
9000;30371
9000;18876
9000;25099
9000;31451
9000;36825
9000;12967
9000;19562
9000;21155
9000;24919
9000;19834
9000;22478
9000;28778
9000;14189
9000;18520
9000;24290
9000;17772
9000;24221
9000;13633
9000;18522
9000;18454
9000;15262
9000;1
9000;0
9000;0
9000;1
9000;96
9000;85
9000;2
9000;0
9000;0
9000;1
9000;0
9000;0
9000;36
9000;0
9000;69
9000;65
9000;98
9000;7
9000;37
9000;86
9000;150
9000;175
9000;87
9000;206
9000;28
9000;124
9000;78
9000;660
9000;0
9000;0
9000;0
9000;0
9000;0
9000;621
9000;0
9000;11
9000;282
9000;42
9000;172
9000;220
9000;0
9000;196
9000;0
9000;237
9000;5
9000;229
9000;0
9000;314
9000;1312
9000;0
9000;0
9000;15
9000;174
9000;30
9000;7
9000;494
9000;6
9000;1
9000;214
9000;339
9000;299
9000;2204
9000;0
9000;3
9000;798
9000;3
9000;1462
9000;1694
9000;0
9000;120
9000;0
9000;0
9000;0
9000;148
9000;233
9000;275
9000;207
9000;22
9000;91
9000;1010
9000;38
9000;1991
9000;198
9000;227
9000;7
9000;336
9000;1122
9000;448
9000;5
9000;0
9000;529
9000;2
9000;164
9000;9
9000;659
9000;25
9000;134
9000;48
9000;735
9000;187
9000;1
9000;123
9000;296
9000;185
9000;45
9000;577
9000;7
9000;131
9000;121
9000;0
9000;653
9000;277
9000;1
9000;706
9000;220
9000;102
9000;107
9000;90
9000;1
9000;104
9000;0
9000;29
9000;297
9000;0
9000;91
9000;14
9000;140
9000;0
9000;177
9000;123
9000;0
9000;1801
9000;2864
9000;2905
9000;193
9000;0
9000;1044
9000;34
9000;37
9000;0
9000;451
9000;17
9000;7
9000;14
9000;2
9000;318
9000;5775
9000;16
9000;57
9000;2399
9000;307
9000;1635
9000;1586
9000;0
9000;427
9000;516
9000;4
9000;71
9000;2558
9000;373
9000;109
9000;230
9000;2802
9000;88
9000;156
9000;557
9000;423
9000;16
9000;53
9000;758
9000;555
9000;30
9000;9000
9000;9000
9000;9000
9000;9000
