driver;form_id;mean;std;count;depth_bucket
mongo;-9220810666684772174;3627.3115789473686;547.4116427422131;950;tief (4+ Segmente)
mongo;-9214582615166348497;5532.753333333333;487.99740684440087;450;tief (4+ Segmente)
mongo;-9203493062042131003;9609.868421052632;3842.3812348329257;950;tief (4+ Segmente)
mongo;-9201414149695320974;3685.4733333333334;485.52934440275516;450;tief (4+ Segmente)
mongo;-9189486890650249090;5824.627368421053;2897.319293702567;950;tief (4+ Segmente)
mongo;-9184342509952197537;4075.9473684210525;468.0643453642759;475;mittel (2-3 Segmente)
mongo;-9184273030035325040;14572.75111111111;675.1213734389105;450;tief (4+ Segmente)
mongo;-9175951337406965087;3387.98;1253.6438743807569;950;mittel (2-3 Segmente)
mongo;-9175930393838634765;5357.566666666667;566.2445199270708;450;tief (4+ Segmente)
mongo;-9174284291740939398;3518.516842105263;388.40301930629346;950;tief (4+ Segmente)
mongo;-9172142800780904043;10360.487692307692;8392.4425394482;1950;tief (4+ Segmente)
mongo;-9170050337977141023;3452.513913043478;556.3883884510727;3450;tief (4+ Segmente)
mongo;-9160123264818750988;6777.3421052631575;3940.3477268442407;950;tief (4+ Segmente)
mongo;-9156189530701197677;2377.2806896551724;578.9145841677495;1450;tief (4+ Segmente)
mongo;-9141858806667126421;4251.365517241379;3272.903194370573;1450;mittel (2-3 Segmente)
mongo;-9139873533629146658;6857.095789473684;2819.774431465171;950;tief (4+ Segmente)
mongo;-9118077925811008863;2305.319487179487;717.9182378115177;1950;tief (4+ Segmente)
mongo;-9117595604296714045;4704.042222222222;516.7665362634584;450;tief (4+ Segmente)
mongo;-9107689034487902426;5280.49724137931;1705.6677671042564;1450;tief (4+ Segmente)
mongo;-9106386872253144930;2556.932631578947;260.4146723370437;950;tief (4+ Segmente)
mongo;-9099807924756500148;26120.85234899329;1032.4729556551426;447;tief (4+ Segmente)
mongo;-9099558358969109853;5855.645263157895;496.859856520725;950;tief (4+ Segmente)
mongo;-9098418040985425070;1628.6669406392693;404.7427659377163;10950;mittel (2-3 Segmente)
mongo;-9092797579576274550;4043.7431578947367;596.4403004161522;950;tief (4+ Segmente)
mongo;-9088512481536411017;3443.36966507177;505.52224639527003;10450;tief (4+ Segmente)
mongo;-9082133488132192081;3418.961052631579;730.017801909871;950;tief (4+ Segmente)
mongo;-9071152264543309757;2122.297777777778;287.6375321193188;450;flach (<=1 Segment)
mongo;-9064518402238819992;3424.9088888888887;610.3707575019153;450;tief (4+ Segmente)
mongo;-9063743662860637297;6858.804081632653;696.4449404220727;980;tief (4+ Segmente)
mongo;-9055068252067126657;3556.568888888889;358.1596375622443;450;tief (4+ Segmente)
mongo;-9049252927181678069;17276.94;784.3552178385479;450;tief (4+ Segmente)
mongo;-9048272781892256286;3123.213333333333;338.3521232197383;450;tief (4+ Segmente)
mongo;-9043494540698518000;3065.2732203389833;514.6247803584383;2950;tief (4+ Segmente)
mongo;-9039674123245801664;4601.016393442623;534.7464652258725;488;mittel (2-3 Segmente)
mongo;-9038032364799063184;24873.74099099099;1317.1619048366683;444;tief (4+ Segmente)
mongo;-9035168799984503103;9109.663223140496;673.304763510542;484;tief (4+ Segmente)
mongo;-9018611685019991181;2395.972307692308;323.464352158563;975;tief (4+ Segmente)
mongo;-9018511473431277280;12859.18124341412;8739.731624360686;949;tief (4+ Segmente)
mongo;-8980828898780742638;5452.437777777778;496.9591379190022;450;tief (4+ Segmente)
mongo;-8970604619785613911;6753.338159255429;1212.0499627647448;967;tief (4+ Segmente)
mongo;-8969390127088813808;3305.1096525096527;514.7529724236688;12950;tief (4+ Segmente)
mongo;-8968008738465313322;9828.456734693878;5292.932216678461;2450;mittel (2-3 Segmente)
mongo;-8963022156125775533;6344.486206896552;2527.8582560091313;1450;tief (4+ Segmente)
mongo;-8960757118882317094;4107.56;385.91583397567473;450;tief (4+ Segmente)
mongo;-8959605807858275616;16502.94210526316;1166.8930755442877;950;tief (4+ Segmente)
mongo;-8959222960077983007;4061.1466666666665;408.1554474824231;450;tief (4+ Segmente)
mongo;-8948470440533587388;7353.701538461539;591.4057402818206;975;tief (4+ Segmente)
mongo;-8936405626435660978;6926.377371273713;1224.1780957184042;1476;tief (4+ Segmente)
mongo;-8932492692130618805;3640.342247191011;521.8777406728797;4450;tief (4+ Segmente)
mongo;-8931269497419999249;17287.408888888887;930.5834445978306;450;tief (4+ Segmente)
mongo;-8926221603260559296;5272.404444444444;564.6952789862677;450;tief (4+ Segmente)
mongo;-8925620858352425577;9476.737110770802;7334.838982533955;1959;tief (4+ Segmente)
mongo;-8922075615958430308;8878.833333333334;670.7791110439546;450;tief (4+ Segmente)
mongo;-8911161231459864148;8514.593333333334;834.6092861540193;450;tief (4+ Segmente)
mongo;-8907693545473358022;3893.720606060606;492.2947755247135;4950;tief (4+ Segmente)
mongo;-8905251576138390043;8096.227614490773;5418.591553866778;1463;tief (4+ Segmente)
mongo;-8897868829347026151;18891.34222222222;931.2914199667775;450;tief (4+ Segmente)
mongo;-8886513905334622269;2892.882222222222;324.4403190398177;450;tief (4+ Segmente)
mongo;-8884293806236867718;26472.55217391304;1119.3455815971297;460;tief (4+ Segmente)
mongo;-8878398820989998606;2865.7105263157896;362.614995233098;950;tief (4+ Segmente)
mongo;-8871638785490024700;12715.16563146998;9333.625596000737;966;tief (4+ Segmente)
mongo;-8868576193666532889;8842.47306122449;8226.43922506525;2450;mittel (2-3 Segmente)
mongo;-8867307437843136952;4948.995555555555;545.8087234221542;450;tief (4+ Segmente)
mongo;-8865210893662811499;5882.168275862069;4105.253185577651;1450;mittel (2-3 Segmente)
mongo;-8864825346472745968;9142.118367346939;3917.812031560291;1470;mittel (2-3 Segmente)
mongo;-8863324536948221499;6382.302222222223;855.9182527856386;450;tief (4+ Segmente)
mongo;-8854132160204059092;3759.531724137931;588.0784848775799;1450;tief (4+ Segmente)
mongo;-8851419415559083766;8597.025;3304.6331239036695;1960;mittel (2-3 Segmente)
mongo;-8847935128265786830;4503.595789473684;468.92071606713785;475;tief (4+ Segmente)
mongo;-8845501176380365669;4746.327368421053;843.3098504622407;950;tief (4+ Segmente)
mongo;-8844405143345498316;11702.67111111111;812.4642096958011;450;tief (4+ Segmente)
mongo;-8837485588723511782;3729.3921739130433;479.6181953741143;3450;tief (4+ Segmente)
mongo;-8827417473763911647;3910.826666666667;679.303302340093;450;tief (4+ Segmente)
mongo;-8826868068822003705;17941.84888888889;1291.4178425009163;450;tief (4+ Segmente)
mongo;-8821511129920621995;4131.733793103448;542.4120968840904;1450;tief (4+ Segmente)
mongo;-8821089558319004273;2211.9133333333334;269.5413064030466;450;mittel (2-3 Segmente)
mongo;-8820244006885364478;4061.4733333333334;774.0702968428274;450;tief (4+ Segmente)
mongo;-8811343743320342866;17228.80338266385;9010.773004994862;946;tief (4+ Segmente)
mongo;-8809843387493838841;3139.1593103448276;690.2374163712147;1450;tief (4+ Segmente)
mongo;-8792827206972889762;7774.210769230769;4706.765149722289;1950;tief (4+ Segmente)
mongo;-8767589030129780493;2429.4466666666667;640.2473408812942;450;tief (4+ Segmente)
mongo;-8763330282049299849;2234.18606741573;307.3351253670392;4450;mittel (2-3 Segmente)
mongo;-8760666331792099808;4109.164444444445;435.8914063265974;450;tief (4+ Segmente)
mongo;-8757914087123582176;4715.095555555556;483.638241387653;450;tief (4+ Segmente)
mongo;-8755783172254815563;4535.591578947368;1107.846510089948;950;tief (4+ Segmente)
mongo;-8753942577479169004;13777.540375203915;7262.817766025107;2452;mittel (2-3 Segmente)
mongo;-8752831526868893041;13004.349655172413;6674.3843887473395;1450;tief (4+ Segmente)
mongo;-8748071314749581671;6055.054736842105;795.2901025465663;475;tief (4+ Segmente)
mongo;-8741569798975651462;3488.668888888889;390.936627746915;450;tief (4+ Segmente)
mongo;-8739848157431315477;3686.78;380.6630869819737;450;tief (4+ Segmente)
mongo;-8733002870029753705;12571.322033898305;5564.673274078316;1475;tief (4+ Segmente)
mongo;-8726528586104231862;4505.428888888889;457.91210636880845;450;tief (4+ Segmente)
mongo;-8724592081898755801;3597.4466666666667;754.7917827015954;450;mittel (2-3 Segmente)
mongo;-8720317395257651008;3968.6484210526314;1041.3148718579855;950;tief (4+ Segmente)
mongo;-8719225896385492794;15387.523316062176;10588.295677760116;965;mittel (2-3 Segmente)
mongo;-8710247163071466542;10008.342280524723;8293.995928729631;4955;flach (<=1 Segment)
mongo;-8708942422734321163;18968.752688172044;7720.782342214108;837;tief (4+ Segmente)
mongo;-8707097551918903467;6532.282222222222;796.5281780552592;450;tief (4+ Segmente)
mongo;-8694232949877315472;14970.542222222222;655.3858954331331;450;tief (4+ Segmente)
mongo;-8684142369744531671;8837.225263157894;739.4548523644424;475;tief (4+ Segmente)
mongo;-8674623534688907109;9152.466666666667;760.2598342607619;450;tief (4+ Segmente)
mongo;-8674409623057442150;4090.981092436975;1252.9860038953113;476;tief (4+ Segmente)
mongo;-8670978809627728016;16976.434643995748;9632.552282093598;941;mittel (2-3 Segmente)
mongo;-8668859246638575887;3239.8806896551723;490.05378809250794;1450;tief (4+ Segmente)
mongo;-8660999925105304826;3305.5266666666666;646.8191042558108;450;mittel (2-3 Segmente)
mongo;-8660006181416411544;6628.571572580645;5138.703598103454;2976;mittel (2-3 Segmente)
mongo;-8656589776427845141;3301.5296551724136;474.15436711503884;1450;tief (4+ Segmente)
mongo;-8648578680252804336;3975.3088888888888;392.45137319380405;450;tief (4+ Segmente)
mongo;-8648538790474263704;6264.264736297829;901.0559231440795;967;tief (4+ Segmente)
mongo;-8647166242976894875;6439.7555555555555;563.7336224933046;450;tief (4+ Segmente)
mongo;-8636821229382293858;4530.846666666666;482.33964047655854;450;tief (4+ Segmente)
mongo;-8630840683233181746;7093.1288888888885;637.9235778255543;450;tief (4+ Segmente)
mongo;-8625563369301204115;2068.3694736842103;274.1823697480384;950;mittel (2-3 Segmente)
mongo;-8615580515522033934;4676.326666666667;451.49245944468674;450;tief (4+ Segmente)
mongo;-8613138825718490073;3497.2266666666665;367.2501586385558;450;tief (4+ Segmente)
mongo;-8612116210823357314;24566.165548098434;1570.2069939732505;447;tief (4+ Segmente)
mongo;-8609403080379116412;2940.757777777778;289.6651034477696;450;tief (4+ Segmente)
mongo;-8609012991123138399;3200.3844444444444;307.6868164877015;450;tief (4+ Segmente)
mongo;-8601798040360683852;2842.5911111111113;324.52893654615497;450;mittel (2-3 Segmente)
mongo;-8597489119563233831;9991.335555555555;622.7330063309375;450;mittel (2-3 Segmente)
mongo;-8593722447658869056;6491.5926315789475;692.6732559918156;950;tief (4+ Segmente)
mongo;-8577816952270112202;2827.0755555555556;334.9992568256594;450;tief (4+ Segmente)
mongo;-8574445515087983020;10684.619791666666;9337.480604411778;1152;tief (4+ Segmente)
mongo;-8570165074213041330;22887.799554565703;1320.6451970600026;449;tief (4+ Segmente)
mongo;-8569190850298727937;3930.077931034483;466.2074820107576;1450;tief (4+ Segmente)
mongo;-8565720390053318459;5787.971111111111;791.4038591047491;450;tief (4+ Segmente)
mongo;-8565541950972434721;19695.15777777778;839.6016578534902;450;tief (4+ Segmente)
mongo;-8563855034434711303;3377.254202898551;421.6557939845842;3450;tief (4+ Segmente)
mongo;-8550821682700352404;20764.940990516334;3795.2751461959497;949;mittel (2-3 Segmente)
mongo;-8544510894648778414;6034.651111111111;574.3358132095423;450;tief (4+ Segmente)
mongo;-8544412354353746382;3796.976842105263;424.41450091690143;950;tief (4+ Segmente)
mongo;-8544069082932710042;5664.455299126148;6652.166201528258;4463;mittel (2-3 Segmente)
mongo;-8536270034027290037;2955.22;359.46673948068275;450;tief (4+ Segmente)
mongo;-8535849165095216844;4106.304200542006;930.9992635632043;1476;tief (4+ Segmente)
mongo;-8528951958244036344;9399.664444444445;752.7120029015437;450;tief (4+ Segmente)
mongo;-8522249808477283640;8030.6652631578945;676.379449618892;475;tief (4+ Segmente)
mongo;-8520377267484042080;8837.386206896552;4408.387142311457;1450;mittel (2-3 Segmente)
mongo;-8515512965613790733;2994.731794871795;535.6856243275472;1950;tief (4+ Segmente)
mongo;-8501298115282001663;4113.064210526316;405.4954963481706;950;tief (4+ Segmente)
mongo;-8497548437997379491;19097.722222222223;816.3479763164912;450;tief (4+ Segmente)
mongo;-8496921941224656611;3448.6144927536234;468.8627485434206;3450;tief (4+ Segmente)
mongo;-8489018795258555493;3309.4044444444444;348.36984158805575;450;tief (4+ Segmente)
mongo;-8485008974219574087;23537.744444444445;1213.361978509854;450;tief (4+ Segmente)
mongo;-8481233300061118896;11759.566757493189;10496.696270935234;1468;tief (4+ Segmente)
mongo;-8481160719233607107;3340.6702040816326;386.170576267859;2450;tief (4+ Segmente)
mongo;-8470094523699272029;3270.968888888889;373.7076962507864;450;tief (4+ Segmente)
mongo;-8469867337780000135;12484.811983471074;648.9947887295618;484;mittel (2-3 Segmente)
mongo;-8466446329821354413;9646.386666666667;652.2733599685959;450;tief (4+ Segmente)
mongo;-8462340495469374186;10917.942505133471;8112.113302275936;974;tief (4+ Segmente)
mongo;-8455307785434547612;3283.2066666666665;666.8923137093675;450;tief (4+ Segmente)
mongo;-8454825685485169681;5128.773291925466;706.428754241797;966;tief (4+ Segmente)
mongo;-8449385008174014290;6409.348888888889;545.8228259176684;450;tief (4+ Segmente)
mongo;-8442175228036620158;10108.633333333333;722.1615482575471;450;tief (4+ Segmente)
mongo;-8437668858490485153;15993.046315789474;982.9290497475723;475;tief (4+ Segmente)
mongo;-8437519142383015425;4725.68;462.93979251324333;450;tief (4+ Segmente)
mongo;-8433096231602196380;20524.30369357045;1551.832736696564;1462;tief (4+ Segmente)
mongo;-8424048143489346163;10617.780102040817;4721.720263113382;1960;tief (4+ Segmente)
mongo;-8412128355862573063;3068.902222222222;429.0098500532502;450;tief (4+ Segmente)
mongo;-8407846515510427434;6765.995289367429;4380.744902631257;4458;tief (4+ Segmente)
mongo;-8407727365099844894;2750.708888888889;410.0970032036625;450;tief (4+ Segmente)
mongo;-8396810599661642264;3091.682222222222;724.1489706921609;450;tief (4+ Segmente)
mongo;-8391515682622258395;7305.064444444444;976.0600760234631;450;tief (4+ Segmente)
mongo;-8390617740702557023;8141.7378947368425;1472.189958069424;950;tief (4+ Segmente)
mongo;-8383778567159847432;3757.2144827586208;428.4383315377976;1450;tief (4+ Segmente)
mongo;-8365018369017893488;7112.561530506722;1720.12729501777;967;tief (4+ Segmente)
mongo;-8364448361350483744;27114.977426636568;976.5771948949242;443;tief (4+ Segmente)
mongo;-8362817578352918157;665.8044444444445;77.78656755225481;450;flach (<=1 Segment)
mongo;-8359046676761359478;16660.706555671175;10916.18585925509;961;tief (4+ Segmente)
mongo;-8357774928682580296;3303.9333333333334;463.0050279337259;1950;tief (4+ Segmente)
mongo;-8350950376116433385;2877.097777777778;391.7876217156075;450;tief (4+ Segmente)
mongo;-8345758620751304453;5166.517777777778;567.1863513381393;450;tief (4+ Segmente)
mongo;-8340759139435930884;2245.8715789473686;281.2700765954688;950;tief (4+ Segmente)
mongo;-8334451838425426863;3989.38;599.931447494337;450;tief (4+ Segmente)
mongo;-8330817687665832000;3586.196842105263;436.7390805009363;950;tief (4+ Segmente)
mongo;-8329626368052206127;12888.825263157894;905.8936475250549;475;tief (4+ Segmente)
mongo;-8326237584461347635;1611.3044444444445;254.07851447328497;450;tief (4+ Segmente)
mongo;-8324832231207458499;3268.36;601.846419672869;450;tief (4+ Segmente)
mongo;-8312195391483076399;4041.744210526316;405.6761373202812;950;tief (4+ Segmente)
mongo;-8311088454620223280;2537.0822222222223;346.38408962474307;450;tief (4+ Segmente)
mongo;-8307126176122542265;3691.42;405.3253570076854;450;mittel (2-3 Segmente)
mongo;-8306898008898727557;5902.591111111111;652.049359296268;450;tief (4+ Segmente)
mongo;-8302757645029320641;13852.131111111112;648.5195222542378;450;tief (4+ Segmente)
mongo;-8300225046718566017;4054.925714285714;470.64733596934724;2450;tief (4+ Segmente)
mongo;-8271748818605088500;26392.776255707762;872.2415454840069;438;tief (4+ Segmente)
mongo;-8264708200276336373;9161.794736842105;5145.331367350975;950;flach (<=1 Segment)
mongo;-8262852863569660852;15706.977894736841;6169.992112697044;950;tief (4+ Segmente)
mongo;-8259456478652721231;9347.25111111111;690.8922616469679;450;tief (4+ Segmente)
mongo;-8258995779925367134;5698.0332203389835;4268.316668312184;2950;tief (4+ Segmente)
mongo;-8257049174431386379;5778.191578947369;563.2425721496937;950;tief (4+ Segmente)
mongo;-8256801010456362867;4364.06;376.98003284927177;450;tief (4+ Segmente)
mongo;-8255591641339785095;5254.343157894737;767.5585987113745;950;tief (4+ Segmente)
mongo;-8253970286196699283;3044.028888888889;378.9826394894592;450;tief (4+ Segmente)
mongo;-8249960927501156093;9325.677777777777;954.1088850537351;450;tief (4+ Segmente)
mongo;-8249202099597469384;4352.56;495.06219464846623;450;tief (4+ Segmente)
mongo;-8244035916093779063;9184.361842105263;8233.552862591305;2432;tief (4+ Segmente)
mongo;-8215649500057381643;4340.224444444444;502.4096774880588;450;tief (4+ Segmente)
mongo;-8211431013505666067;10855.455555555556;896.3129767906272;450;tief (4+ Segmente)
mongo;-8209017987301123825;2274.6666666666665;326.1353579649438;450;tief (4+ Segmente)
mongo;-8208926240619056275;11793.531687242797;9108.40649574365;1215;tief (4+ Segmente)
mongo;-8205575035441664691;5801.688421052631;591.0296883318126;950;tief (4+ Segmente)
mongo;-8194086568252790096;2873.1155555555556;359.1079643324803;450;tief (4+ Segmente)
mongo;-8187591991609994505;10996.025263157895;817.1064901456012;475;mittel (2-3 Segmente)
mongo;-8184161502419427399;2857.277894736842;495.5321698273621;950;tief (4+ Segmente)
mongo;-8183491629094992690;20953.7;1352.3941325497585;450;tief (4+ Segmente)
mongo;-8178784338695199694;9816.338947368422;3712.5640006984854;950;tief (4+ Segmente)
mongo;-8172927526685965066;4027.097435897436;517.1254443915293;1950;tief (4+ Segmente)
mongo;-8172643884985862817;12495.480061349694;9198.311939490584;1956;mittel (2-3 Segmente)
mongo;-8167575901852936305;10314.337197049526;6455.690343754752;949;tief (4+ Segmente)
mongo;-8161639645635324199;5443.9511111111115;556.068895693895;450;tief (4+ Segmente)
mongo;-8160930001779990408;2275.4444444444443;263.69696919284956;450;tief (4+ Segmente)
mongo;-8153262172186255604;6364.621052631579;494.3398525824215;475;tief (4+ Segmente)
mongo;-8143038598284227131;3811.0294736842106;515.9981571498289;950;mittel (2-3 Segmente)
mongo;-8139052578603456672;5188.615555555555;581.7250716620755;450;tief (4+ Segmente)
mongo;-8137387619517419337;3544.191724137931;393.0183483677133;1450;tief (4+ Segmente)
mongo;-8119707044297179291;11081.767321613237;4131.479492098539;967;tief (4+ Segmente)
mongo;-8113367623531001744;3732.091282051282;1122.4065089552887;1950;tief (4+ Segmente)
mongo;-8111418754148159523;7340.894736842105;624.248724395132;475;tief (4+ Segmente)
mongo;-8106920586724096958;2702.5862068965516;408.04879148790513;1450;tief (4+ Segmente)
mongo;-8106052610982231718;4549.735555555556;484.33711853419055;450;tief (4+ Segmente)
mongo;-8103642571794073932;4241.624444444445;425.81725832306375;450;tief (4+ Segmente)
mongo;-8094902945789100959;6080.42;666.8349194846487;450;tief (4+ Segmente)
mongo;-8087631943479731421;6324.042222222222;540.942702254129;450;tief (4+ Segmente)
mongo;-8084483538789174077;4421.426666666666;432.1967404433871;450;tief (4+ Segmente)
mongo;-8076214408330526945;26763.4272517321;1476.890256115015;433;tief (4+ Segmente)
mongo;-8068575050971504590;7823.108163265306;4414.65183692372;1470;mittel (2-3 Segmente)
mongo;-8065004063184728159;20325.633333333335;1154.927644066485;450;tief (4+ Segmente)
mongo;-8061323057077751463;2858.8777777777777;334.32698835095096;450;tief (4+ Segmente)
mongo;-8061273732237840740;2992.2413793103447;462.27670118566647;1450;tief (4+ Segmente)
mongo;-8059509380533692860;26949.73820754717;1375.9071279425593;1272;tief (4+ Segmente)
mongo;-8059087693695228909;2405.762222222222;600.9315032687884;450;tief (4+ Segmente)
mongo;-8055201954122718108;4251.317894736842;410.9174077954275;475;tief (4+ Segmente)
mongo;-8043864847740590424;3384.8507936507935;499.9823656133643;9450;tief (4+ Segmente)
mongo;-8041792054744387462;10585.134736842105;825.608438694743;475;tief (4+ Segmente)
mongo;-8032228143654746683;22783.566315789474;1383.2768902071334;475;tief (4+ Segmente)
mongo;-8030783203558293856;3321.768965517241;441.72495931848806;1450;tief (4+ Segmente)
mongo;-8026040798020815604;3340.5810256410255;450.1279863020165;1950;tief (4+ Segmente)
mongo;-8021854972447211150;3577.277777777778;427.7982640672194;450;tief (4+ Segmente)
mongo;-8013431471801157824;20824.66;1346.4254159983482;450;tief (4+ Segmente)
mongo;-8007896379958664870;9518.368888888888;781.7125890366934;450;tief (4+ Segmente)
mongo;-8006964206558616479;3395.431111111111;310.80439628377115;450;tief (4+ Segmente)
mongo;-8000894333040882942;5648.280538302278;536.5414991257087;966;tief (4+ Segmente)
mongo;-7995602693260893647;3588.733103448276;437.72191627910576;1450;tief (4+ Segmente)
mongo;-7988598427205345000;16583.25875625447;7125.822978363781;1399;tief (4+ Segmente)
mongo;-7987118670858128694;14488.642105263158;10005.992692596521;950;mittel (2-3 Segmente)
mongo;-7982782822673864124;2334.902222222222;482.9318167595744;450;tief (4+ Segmente)
mongo;-7981799398264819645;12170.527368421053;10002.418615564904;950;flach (<=1 Segment)
mongo;-7981048338996309688;4545.897894736842;1711.8921442320598;950;tief (4+ Segmente)
mongo;-7979594000264824080;10169.446258503402;5294.690449554737;1470;tief (4+ Segmente)
mongo;-7976555025469346161;7650.633333333333;805.5460327710271;450;tief (4+ Segmente)
mongo;-7971150627219656088;3329.097777777778;347.80967742426714;450;tief (4+ Segmente)
mongo;-7969738793334654347;28561.99504950495;882.8177592262225;404;tief (4+ Segmente)
mongo;-7968268173667279222;26851.435555555556;831.9746422905589;450;tief (4+ Segmente)
mongo;-7957043064287628791;3332.968888888889;377.33110224654615;450;tief (4+ Segmente)
mongo;-7952120373516532436;8089.474369406021;4046.987460500449;2458;tief (4+ Segmente)
mongo;-7947652804911445737;8612.942222222222;851.2194220348791;450;tief (4+ Segmente)
mongo;-7940152991048428107;11830.496924128503;3476.6009474143457;1463;tief (4+ Segmente)
mongo;-7930888775568072035;9827.224444444444;622.951739169515;450;tief (4+ Segmente)
mongo;-7930372110860962896;3055.971111111111;417.11111844734256;450;tief (4+ Segmente)
mongo;-7929431047762976480;4017.500579710145;577.5680446380011;3450;tief (4+ Segmente)
mongo;-7919630727938566794;2425.717894736842;473.8574127568824;950;tief (4+ Segmente)
mongo;-7912941866463176606;2703.331111111111;352.59926231797687;450;tief (4+ Segmente)
mongo;-7909799874129628419;6595.152525252525;5601.356121280688;2970;flach (<=1 Segment)
mongo;-7894092519743735372;3045.3702040816324;531.8787886584544;2450;tief (4+ Segmente)
mongo;-7890849115775772938;6865.428888888889;741.7593787752129;450;tief (4+ Segmente)
mongo;-7887735323782204758;5016.1494736842105;498.24563187045845;475;tief (4+ Segmente)
mongo;-7887481807827727248;3203.291111111111;375.59329418662537;450;tief (4+ Segmente)
mongo;-7883897058608291864;5541.884444444445;579.5241885013548;450;tief (4+ Segmente)
mongo;-7874851985170592555;3322.6106122448978;515.0522388139481;2450;tief (4+ Segmente)
mongo;-7865301245416203779;18194.16;1156.838717465771;475;tief (4+ Segmente)
mongo;-7860451100958222718;10040.225170068028;3884.627316092814;1470;tief (4+ Segmente)
mongo;-7854489534091762632;10412.806666666667;777.315528112612;450;mittel (2-3 Segmente)
mongo;-7854225011517024026;11178.426666666666;940.4531913274317;450;mittel (2-3 Segmente)
mongo;-7847174873461142236;2444.8615702479337;345.84431963952915;484;mittel (2-3 Segmente)
mongo;-7840973138087629092;7055.640306122449;6239.765901299487;1960;tief (4+ Segmente)
mongo;-7839327953627750890;4437.303312629399;1337.2117135941771;966;mittel (2-3 Segmente)
mongo;-7837933486274733546;2693.4377777777777;296.5249692133671;450;mittel (2-3 Segmente)
mongo;-7837523645932627222;6343.546666666667;513.9910988630714;450;tief (4+ Segmente)
mongo;-7830500743850445521;19654.386075949365;4129.473048282345;948;tief (4+ Segmente)
mongo;-7823217947635252278;4471.115555555555;508.25295332951646;450;tief (4+ Segmente)
mongo;-7818191984586454636;2584.8288888888887;259.99742942212384;450;mittel (2-3 Segmente)
mongo;-7803605068714768707;14289.015454545455;10169.536488746271;3300;tief (4+ Segmente)
mongo;-7796918577961108381;10165.891649413388;9658.4608378104;1449;tief (4+ Segmente)
mongo;-7795454207975708069;3722.362222222222;377.5196449342858;450;tief (4+ Segmente)
mongo;-7789365305870309296;6545.996359223301;4210.001692168832;2472;tief (4+ Segmente)
mongo;-7760527692094528123;3962.271111111111;371.9689527852818;450;tief (4+ Segmente)
mongo;-7749401242715234697;11780.269655172413;9548.600610639649;1450;tief (4+ Segmente)
mongo;-7726291432496824201;24727.08371040724;1572.5084211136284;442;tief (4+ Segmente)
mongo;-7723778099485237345;7094.915555555555;827.7984121246305;450;tief (4+ Segmente)
mongo;-7718502464306335063;8287.628161312372;4212.4288862317135;1463;mittel (2-3 Segmente)
mongo;-7712884023086902558;1644.9034602076124;482.5570838933501;14450;mittel (2-3 Segmente)
mongo;-7711038431031380520;3414.9955555555557;402.92644962938095;450;tief (4+ Segmente)
mongo;-7708550806914360973;3257.9517241379313;467.9497966241532;1450;tief (4+ Segmente)
mongo;-7684353874699465882;3472.5757894736844;541.1583681254108;950;tief (4+ Segmente)
mongo;-7675510109211390924;3276.2115254237287;471.0659449076369;2950;tief (4+ Segmente)
mongo;-7674985149813876648;4793.338947368421;534.361226828151;475;tief (4+ Segmente)
mongo;-7661308930292009028;9274.804210526316;4923.818432620268;950;tief (4+ Segmente)
mongo;-7658525033395164205;12677.835555555555;1286.111568339342;450;tief (4+ Segmente)
mongo;-7649315944016503627;3310.1022222222223;434.5569981343845;450;tief (4+ Segmente)
mongo;-7647977275745192430;3941.4333333333334;399.07656353571366;450;tief (4+ Segmente)
mongo;-7621754363053604327;15326.60773480663;12624.825350572657;905;mittel (2-3 Segmente)
mongo;-7618792820630367695;6362.737777777777;508.70846783907126;450;tief (4+ Segmente)
mongo;-7602179824816203753;5345.965263157895;533.5215904881951;950;tief (4+ Segmente)
mongo;-7600351463073848518;2338.7143434343434;448.80372819083374;4950;tief (4+ Segmente)
mongo;-7591877421520650853;4001.696551724138;572.6940502077699;1450;tief (4+ Segmente)
mongo;-7590987064690281987;2690.116231884058;495.21479400158546;3450;tief (4+ Segmente)
mongo;-7589199911756302846;8289.696997436837;4559.39787712462;5462;tief (4+ Segmente)
mongo;-7586548580370553329;5095.188888888889;524.6315600670259;450;tief (4+ Segmente)
mongo;-7570975764737239440;8272.505327245053;4051.7740992830954;1971;tief (4+ Segmente)
mongo;-7564020354393763455;2921.839746835443;456.88598482536463;3950;tief (4+ Segmente)
mongo;-7553495425026688267;2578.895789473684;410.55633780937603;950;tief (4+ Segmente)
mongo;-7550321463828823604;13291.72049689441;7083.23130027374;1449;tief (4+ Segmente)
mongo;-7544086429616691147;3410.7714285714287;508.29486286941534;2450;tief (4+ Segmente)
mongo;-7532712526601488038;25312.198660714286;1037.9642173975717;448;tief (4+ Segmente)
mongo;-7522359583826824412;3926.877894736842;386.5101182134014;950;tief (4+ Segmente)
mongo;-7512357003494067319;3177.8542857142857;620.4063089220369;2450;tief (4+ Segmente)
mongo;-7504093176915043567;9608.846689113356;5567.27689165807;4455;tief (4+ Segmente)
mongo;-7498630619787140663;3660.842105263158;544.0734802034405;950;tief (4+ Segmente)
mongo;-7491228115342104340;3937.866666666667;602.8503815383625;1950;tief (4+ Segmente)
mongo;-7485524457672007660;2810.9733333333334;335.83680573916683;450;tief (4+ Segmente)
mongo;-7482706624800587016;3233.1878048780486;512.5991677557594;18450;tief (4+ Segmente)
mongo;-7475303678957239230;2875.591836734694;376.03228927123797;1470;tief (4+ Segmente)
mongo;-7465177155122116151;7892.07736333136;7345.345599510499;5067;mittel (2-3 Segmente)
mongo;-7460105742845319214;4936.886534518114;1191.0456829417255;1463;tief (4+ Segmente)
mongo;-7442807607354408300;4569.8711111111115;460.51477569026184;450;tief (4+ Segmente)
mongo;-7440264874672375342;4763.0526315789475;914.7693193691149;950;tief (4+ Segmente)
mongo;-7439092417788791372;8551.698151950719;2626.7412597532934;974;tief (4+ Segmente)
mongo;-7437691575782386473;2304.0644444444442;394.80025998075445;450;tief (4+ Segmente)
mongo;-7437538653196733902;25674.604494382023;1446.2259586258235;445;tief (4+ Segmente)
mongo;-7414794555950823396;5054.075555555555;511.56680029161754;450;tief (4+ Segmente)
mongo;-7412627867473288228;4171.397241379311;645.4249498585451;1450;tief (4+ Segmente)
mongo;-7412090797992338044;4866.123157894737;940.0327923962664;950;tief (4+ Segmente)
mongo;-7410066185498556592;5248.892857142857;1033.6019381582887;1960;tief (4+ Segmente)
mongo;-7406957649902167351;6300.787368421053;431.61616485502157;475;tief (4+ Segmente)
mongo;-7406724002234809339;6352.553333333333;514.1359981011152;450;tief (4+ Segmente)
mongo;-7405227276687536463;10522.850344827586;7610.611667405785;1450;tief (4+ Segmente)
mongo;-7397199293199438304;9567.615555555556;1087.417375701701;450;tief (4+ Segmente)
mongo;-7386762183889623702;4357.381052631579;637.1060295501725;475;tief (4+ Segmente)
mongo;-7381957401420581808;9084.742222222223;983.8550942811322;450;mittel (2-3 Segmente)
mongo;-7373109668963445632;3527.1155555555556;397.2523054553076;450;tief (4+ Segmente)
mongo;-7369442980390479230;5826.184444444444;499.9965471843166;450;tief (4+ Segmente)
mongo;-7368416095860409071;3434.9391011235957;638.5886911051409;4450;tief (4+ Segmente)
mongo;-7366385347056115836;2179.8133333333335;320.6867988932657;450;tief (4+ Segmente)
mongo;-7366305476319190516;3428.3488888888887;349.6982861960764;450;tief (4+ Segmente)
mongo;-7365948439443071735;4116.992631578947;383.7180440811285;950;tief (4+ Segmente)
mongo;-7352520494379624714;15814.066184074458;6853.144363006772;967;tief (4+ Segmente)
mongo;-7342101350381665731;3548.4372413793103;350.0095974124991;1450;tief (4+ Segmente)
mongo;-7340520243614001857;4227.057416267942;1827.8626109396996;1463;tief (4+ Segmente)
mongo;-7334094718208712927;3474.4466666666667;426.34471456175424;450;tief (4+ Segmente)
mongo;-7329035700573930939;4079.2608163265304;514.596939301123;2450;tief (4+ Segmente)
mongo;-7321923829592272460;18614.56018254421;6677.941067899277;1753;mittel (2-3 Segmente)
mongo;-7319322408939895565;11291.115555555556;686.1016112177666;450;flach (<=1 Segment)
mongo;-7308320674387425894;3128.806666666667;343.1145639059427;450;tief (4+ Segmente)
mongo;-7301323925925640514;3683.88;402.80599739421484;450;tief (4+ Segmente)
mongo;-7298442323784352615;9178.957777777778;925.9376541733188;450;tief (4+ Segmente)
mongo;-7292664667808819196;4093.935918367347;603.4121112186654;2450;tief (4+ Segmente)
mongo;-7281076734313036434;5719.142068965517;1835.4411227463017;1450;tief (4+ Segmente)
mongo;-7269746876504426223;3581.6044444444447;400.9956639100166;450;mittel (2-3 Segmente)
mongo;-7256213042220919385;3551.268965517241;628.6850776958952;1450;tief (4+ Segmente)
mongo;-7252632716882458528;4275.795789473685;409.1577053292962;475;tief (4+ Segmente)
mongo;-7246873250184560637;2365.951223021583;463.55613642750836;6950;mittel (2-3 Segmente)
mongo;-7246849701201532261;2962.2945762711865;552.9199652449751;2950;tief (4+ Segmente)
mongo;-7235871410023008350;2079.3488888888887;358.3587936674119;450;flach (<=1 Segment)
mongo;-7233681590710299441;4311.004102564102;522.4338516468875;975;tief (4+ Segmente)
mongo;-7232806385004646353;6423.010526315789;517.2044763467328;475;tief (4+ Segmente)
mongo;-7222031968169230903;2883.842033898305;500.8478645058391;2950;tief (4+ Segmente)
mongo;-7220506122052292669;2576.016842105263;302.95340141484667;475;tief (4+ Segmente)
mongo;-7219316805689547640;22243.790645879733;815.9412240308855;449;tief (4+ Segmente)
mongo;-7213340763423275584;23139.443207126948;1432.2528869396058;449;tief (4+ Segmente)
mongo;-7207850867400126250;8266.362222222222;746.3185995416284;450;tief (4+ Segmente)
mongo;-7203292447646402119;11375.851249273677;9294.045622936253;3442;tief (4+ Segmente)
mongo;-7193773871357741693;2561.3758620689655;698.5630178889826;1450;mittel (2-3 Segmente)
mongo;-7176824557857765530;2020.797435897436;503.3391023132273;1950;mittel (2-3 Segmente)
mongo;-7172619356334035484;7111.054736842105;2955.9544059591412;950;tief (4+ Segmente)
mongo;-7171665126349765582;4537.704444444445;402.70343028607004;450;tief (4+ Segmente)
mongo;-7166361055218801198;7208.886153846154;2655.7127148798345;1950;tief (4+ Segmente)
mongo;-7164834534352788916;7056.404444444444;699.3199853078894;450;tief (4+ Segmente)
mongo;-7159005282477441449;9908.986666666666;920.340185870575;450;tief (4+ Segmente)
mongo;-7157437100512535651;2244.1555555555556;285.3818256984848;450;tief (4+ Segmente)
mongo;-7151884549922649514;4336.533333333334;428.13841610016425;450;tief (4+ Segmente)
mongo;-7146254636875971470;3294.9444444444443;652.1241557413447;450;tief (4+ Segmente)
mongo;-7145760434156130099;6711.108545970028;4108.121261229401;2469;mittel (2-3 Segmente)
mongo;-7145105276408629015;3398.5938983050846;488.3389405088275;2950;tief (4+ Segmente)
mongo;-7139379540804573357;2553.4377777777777;319.810713635891;450;tief (4+ Segmente)
mongo;-7136841369858947226;3653.0866666666666;475.2313505758597;450;tief (4+ Segmente)
mongo;-7132200644511537190;6092.333277310924;5323.308619832088;5950;flach (<=1 Segment)
mongo;-7129719288923566187;3827.6958620689657;1731.5437925059518;1450;tief (4+ Segmente)
mongo;-7129560717997800048;3325.3333333333335;443.84244982567924;450;tief (4+ Segmente)
mongo;-7122143021615721524;3932.3928205128204;459.95406618068444;1950;tief (4+ Segmente)
mongo;-7115562516453538849;8144.374736842105;3347.8971486295086;950;tief (4+ Segmente)
mongo;-7112026761042218126;6187.4533152909335;1215.8827281379295;1478;tief (4+ Segmente)
mongo;-7107718962515762250;3655.5884210526315;571.3075864614422;950;tief (4+ Segmente)
mongo;-7106451175380136604;1646.1342857142856;319.097460647352;2450;mittel (2-3 Segmente)
mongo;-7105030111213452381;7841.053333333333;824.6604791277373;450;tief (4+ Segmente)
mongo;-7097211390528003299;6309.559696342305;2111.066575545533;1449;tief (4+ Segmente)
mongo;-7094666188956990430;3025.824016563147;403.46057467735324;966;tief (4+ Segmente)
mongo;-7085401584586512475;2931.688888888889;301.07692542111954;450;tief (4+ Segmente)
mongo;-7081298328158021184;15541.584444444445;1213.5562726668159;450;tief (4+ Segmente)
mongo;-7079601947117758010;2311.96;323.0882414441376;450;mittel (2-3 Segmente)
mongo;-7076770306703503331;2920.789230769231;662.9766319849853;1950;tief (4+ Segmente)
mongo;-7075894586493251987;11338.897894736841;5381.012484306769;950;tief (4+ Segmente)
mongo;-7075353596192436268;13159.97052631579;959.2970831000362;475;mittel (2-3 Segmente)
mongo;-7046771436248241760;6659.7136842105265;632.8863941439378;475;tief (4+ Segmente)
mongo;-7035086327900870111;4051.6244444444446;389.3115319238422;450;tief (4+ Segmente)
mongo;-7030721353552840570;2691.5453315290933;800.024821239343;1478;mittel (2-3 Segmente)
mongo;-7028428752845001383;12793.744615384616;6426.596526241372;975;mittel (2-3 Segmente)
mongo;-7025137784625816776;9937.228888888889;884.591221416803;450;tief (4+ Segmente)
mongo;-7021203572400686898;2717.165055248619;1478.5125679716657;1448;mittel (2-3 Segmente)
mongo;-7013271605756341197;3434.211111111111;373.59372829098953;450;tief (4+ Segmente)
mongo;-7004989074605782378;2801.2215320910973;369.641667391056;966;tief (4+ Segmente)
mongo;-7000496661805857474;16550.35616438356;5910.791199584077;949;tief (4+ Segmente)
mongo;-6996358352245791007;3343.1711111111113;326.50517591385903;450;tief (4+ Segmente)
mongo;-6994358248579143086;15542.250793650794;6949.9793545878165;945;mittel (2-3 Segmente)
mongo;-6992028976446404228;17869.675555555557;1216.8564603346417;450;tief (4+ Segmente)
mongo;-6988431070210329017;21136.94654788419;770.8497901162115;449;tief (4+ Segmente)
mongo;-6988337248491622329;4946.597894736842;441.7835356830557;475;tief (4+ Segmente)
mongo;-6979793650266060669;4323.071578947369;462.20200701380116;475;mittel (2-3 Segmente)
mongo;-6976885454451720719;11719.94947368421;763.2397508469597;475;tief (4+ Segmente)
mongo;-6975279062263929423;3990.158947368421;348.7373083284557;950;tief (4+ Segmente)
mongo;-6957302813509783873;16901.62888888889;849.0167521838073;450;tief (4+ Segmente)
mongo;-6956976809361848448;9756.064444444444;766.6380153743833;450;tief (4+ Segmente)
mongo;-6951526649555994498;29741.545454545456;377.76907328058627;11;tief (4+ Segmente)
mongo;-6949135628660705576;4172.751111111111;359.8000252690624;450;tief (4+ Segmente)
mongo;-6948588123726258052;5108.426666666666;567.9889543767438;450;tief (4+ Segmente)
mongo;-6946810274857160158;14060.482222222223;646.9701121101889;450;tief (4+ Segmente)
mongo;-6936810309264596532;13606.502105263158;7817.099544270403;950;tief (4+ Segmente)
mongo;-6934399617421274319;6835.140786749483;644.2667652341471;483;tief (4+ Segmente)
mongo;-6925182367910746689;4068.768888888889;390.7432127020313;450;tief (4+ Segmente)
mongo;-6903560649879775477;1407.5719101123595;265.0700300130901;4450;mittel (2-3 Segmente)
mongo;-6896918312241599304;6772.73052631579;3405.3702755204213;950;tief (4+ Segmente)
mongo;-6893825418449213921;2942.7505263157896;349.17263925900454;950;tief (4+ Segmente)
mongo;-6885774203144511327;7598.496607869743;8390.008926200646;1474;flach (<=1 Segment)
mongo;-6874595568413726795;5916.697777777777;620.8476906667104;450;tief (4+ Segmente)
mongo;-6873827590155288823;18488.49111111111;818.7426239854697;450;tief (4+ Segmente)
mongo;-6868688914372951088;10480.267920691409;4999.075322015161;1967;tief (4+ Segmente)
mongo;-6867103442146694089;11017.032631578948;8134.971350440345;950;tief (4+ Segmente)
mongo;-6850059914820972704;19484.24832214765;1401.996121355729;447;tief (4+ Segmente)
mongo;-6844857302802481252;2146.92;298.22178679678524;450;mittel (2-3 Segmente)
mongo;-6837130839391444797;1314.9266666666667;174.12772479829243;450;flach (<=1 Segment)
mongo;-6828208767401915217;3890.242222222222;437.41326241111557;450;tief (4+ Segmente)
mongo;-6811649275624039646;3735.8586206896553;662.9300323225448;1450;tief (4+ Segmente)
mongo;-6811414892248722223;13396.398353062275;7716.315173092776;1943;tief (4+ Segmente)
mongo;-6803221044830049013;27122.52752293578;1050.4854954982725;436;tief (4+ Segmente)
mongo;-6797273311895284442;4054.7663157894735;503.40625619731026;475;tief (4+ Segmente)
mongo;-6796067545179231240;6127.171111111111;584.8389682320104;450;tief (4+ Segmente)
mongo;-6789971939343671116;9055.537894736843;3203.5484448826383;950;tief (4+ Segmente)
mongo;-6775084990438535555;4330.8189473684215;499.79552449667455;475;tief (4+ Segmente)
mongo;-6767972254969206671;4334.633684210527;685.3423229319764;950;tief (4+ Segmente)
mongo;-6762047736677640945;14349.23111111111;881.6447400071538;450;flach (<=1 Segment)
mongo;-6759263645972961866;2943.846666666667;320.22365659799226;450;mittel (2-3 Segmente)
mongo;-6758614348905270000;3824.931111111111;458.65195829928535;450;tief (4+ Segmente)
mongo;-6757566375692791201;4206.902105263158;486.1029476968085;950;tief (4+ Segmente)
mongo;-6753655140833022951;5195.931111111111;476.611505880563;450;tief (4+ Segmente)
mongo;-6748690611283000896;4694.2444444444445;465.9325039563234;450;tief (4+ Segmente)
mongo;-6740863954081701539;4153.8105263157895;406.57814873429123;475;tief (4+ Segmente)
mongo;-6739258872610228445;4529.393333333333;415.94640357368144;450;tief (4+ Segmente)
mongo;-6726808660816207298;3330.538947368421;344.7657617019528;475;tief (4+ Segmente)
mongo;-6710651746455849195;15249.905263157894;1060.369992027948;950;tief (4+ Segmente)
mongo;-6710327954712161716;3605.286666666667;413.47496920116293;450;tief (4+ Segmente)
mongo;-6707734381751296223;3982.5866666666666;640.4338923129869;450;tief (4+ Segmente)
mongo;-6700417440635237481;3894.325263157895;1798.5753876826407;950;mittel (2-3 Segmente)
mongo;-6699139474728937629;3940.2526315789473;668.431040748768;950;tief (4+ Segmente)
mongo;-6679748796890946576;2987.771111111111;319.5441889565;450;tief (4+ Segmente)
mongo;-6677609071886050874;25016.22993492408;1331.901657509242;461;mittel (2-3 Segmente)
mongo;-6673467461251328360;3207.5066666666667;369.4837983434556;450;tief (4+ Segmente)
mongo;-6662293240245504506;5784.277894736842;555.253888250681;475;tief (4+ Segmente)
mongo;-6658343281237524383;6409.562105263158;627.8041900036014;950;tief (4+ Segmente)
mongo;-6651502544698381425;5062.991111111111;508.541479573126;450;tief (4+ Segmente)
mongo;-6647451198889251727;9761.253360910032;5758.741133977474;967;tief (4+ Segmente)
mongo;-6645392296341722106;3439.6511111111113;451.9889187607417;450;tief (4+ Segmente)
mongo;-6641658664564100867;3442.0022222222224;373.7642832267231;450;tief (4+ Segmente)
mongo;-6635961803189943275;12398.912266450041;6531.690187215508;2462;mittel (2-3 Segmente)
mongo;-6635372506210487474;2685.6711111111113;280.5959269470119;450;tief (4+ Segmente)
mongo;-6629514580404672367;2566.553684210526;465.9534281667457;950;mittel (2-3 Segmente)
mongo;-6621861843013455075;2810.9644444444443;297.3662916805875;450;tief (4+ Segmente)
mongo;-6605848531290461883;6531.3822222222225;652.4160413396332;450;tief (4+ Segmente)
mongo;-6598574273296535216;4407.862222222222;479.6261987755082;450;tief (4+ Segmente)
mongo;-6588892110796564074;4939.613236814891;583.2657553437327;967;tief (4+ Segmente)
mongo;-6588436469768813084;20745.10947368421;852.4913356989067;475;tief (4+ Segmente)
mongo;-6582537850353026533;28171.60220994475;1143.9698516045523;362;tief (4+ Segmente)
mongo;-6576994799877015586;9496.633333333333;654.6961016558638;450;tief (4+ Segmente)
mongo;-6576153887309386856;3777.1844444444446;382.08199335499603;450;tief (4+ Segmente)
mongo;-6575199212504416347;27094.617433414045;1347.4555196960787;413;tief (4+ Segmente)
mongo;-6565989812154708784;4381.986666666667;552.9983224097274;450;tief (4+ Segmente)
mongo;-6565412110138754149;4808.2844444444445;524.2734915736633;450;tief (4+ Segmente)
mongo;-6562680230627899185;9194.124444444444;594.5186764429235;450;mittel (2-3 Segmente)
mongo;-6562241423079351546;25541.1381486676;2681.347644903837;1426;mittel (2-3 Segmente)
mongo;-6545010086897829116;6067.595172413793;1616.9849566861167;1450;tief (4+ Segmente)
mongo;-6525297353181452519;5730.248888888889;525.0375235809604;450;tief (4+ Segmente)
mongo;-6520205348818754480;3867.960579710145;503.51455329030387;3450;tief (4+ Segmente)
mongo;-6498897864734470584;5058.08;487.67909763666825;450;tief (4+ Segmente)
mongo;-6489721478747992302;6203.477777777778;704.6663496405682;450;tief (4+ Segmente)
mongo;-6481406666004924656;1313.9985611510792;254.3960491682956;6950;mittel (2-3 Segmente)
mongo;-6473947770647761716;3299.136842105263;638.637023551659;950;tief (4+ Segmente)
mongo;-6469286977681477081;4784.376938637896;2859.205480776641;1483;mittel (2-3 Segmente)
mongo;-6452546471843300852;3400.0444444444443;623.8760675696868;450;tief (4+ Segmente)
mongo;-6439109871709270528;3389.1851282051284;443.3243430601066;1950;tief (4+ Segmente)
mongo;-6438786418323422333;5935.694736842105;579.0955787417415;475;mittel (2-3 Segmente)
mongo;-6425628314718183383;3642.564210526316;567.4028194489414;950;tief (4+ Segmente)
mongo;-6419337897515532608;9157.433333333332;852.2218654891561;450;tief (4+ Segmente)
mongo;-6417696522921284235;3347.5926315789475;553.9813760059582;950;tief (4+ Segmente)
mongo;-6408996643007026810;15689.32489740082;9390.186838331663;1462;mittel (2-3 Segmente)
mongo;-6403672685856589080;3836.28;613.2011022527674;450;tief (4+ Segmente)
mongo;-6402016991082830377;11468.33641025641;4032.762564941362;975;tief (4+ Segmente)
mongo;-6398771572470348980;4470.772256728778;470.30515155296973;483;tief (4+ Segmente)
mongo;-6396294310349783343;4387.58;661.8956841555824;450;tief (4+ Segmente)
mongo;-6392606640220061706;6934.068888888889;774.1939883172997;450;tief (4+ Segmente)
mongo;-6388704047970216938;9643.948421052632;5680.0819072064305;950;tief (4+ Segmente)
mongo;-6386059311774000358;4683.183157894737;1138.53476175313;950;tief (4+ Segmente)
mongo;-6375793954059545516;1308.2977777777778;172.51989393549374;450;mittel (2-3 Segmente)
mongo;-6371827137227156214;5086.836551724138;3339.5165879059605;1450;tief (4+ Segmente)
mongo;-6364297989481772377;2876.2114285714288;480.21316914845346;2450;tief (4+ Segmente)
mongo;-6358366384040462806;3209.4088888888887;417.5639629715211;450;tief (4+ Segmente)
mongo;-6353059554412204309;2299.657777777778;411.0553674869322;450;tief (4+ Segmente)
mongo;-6350945554140056453;7106.495322376738;7183.877790153463;3955;tief (4+ Segmente)
mongo;-6334589951661855855;4236.604827586207;489.97781288496674;1450;tief (4+ Segmente)
mongo;-6311915375304211110;2480.6328205128207;516.5123425931326;1950;mittel (2-3 Segmente)
mongo;-6311236768381253109;2215.0468965517243;1383.225199897257;1450;flach (<=1 Segment)
mongo;-6303915019696121789;5174.533333333334;486.0251398082333;450;tief (4+ Segmente)
mongo;-6290100626662039565;3032.5963265306123;372.43446606023355;2450;tief (4+ Segmente)
mongo;-6278000975056340238;3739.3072955974844;620.6620488032225;7950;tief (4+ Segmente)
mongo;-6277148651614826350;14193.906649616369;11815.539794929555;782;tief (4+ Segmente)
mongo;-6272873873941586569;4336.311111111111;419.8741577419594;450;tief (4+ Segmente)
mongo;-6272662008898459088;8609.741468459151;5783.363824780488;967;tief (4+ Segmente)
mongo;-6267839925759664823;3497.005641025641;629.4967542742701;1950;tief (4+ Segmente)
mongo;-6255444281116885983;3575.691282051282;726.1388091224719;1950;tief (4+ Segmente)
mongo;-6253102459019525389;7889.768115942029;8780.621988923986;552;mittel (2-3 Segmente)
mongo;-6251693237213141644;3540.9041025641027;525.1759592088434;1950;tief (4+ Segmente)
mongo;-6236660569686699095;3729.42;419.9165354017228;450;mittel (2-3 Segmente)
mongo;-6210646464716806404;13408.804347826086;1858.1845761908392;966;flach (<=1 Segment)
mongo;-6210602284427661252;4221.440537745605;1143.4396966552656;967;tief (4+ Segmente)
mongo;-6186488047882466983;14285.577639751553;10775.515509257059;1610;tief (4+ Segmente)
mongo;-6179542327117817919;3402.8488888888887;360.23822149198287;450;tief (4+ Segmente)
mongo;-6177401092608249733;3083.241052631579;749.9857264528313;950;tief (4+ Segmente)
mongo;-6177099683467398248;20179.43429844098;919.5091813704538;449;tief (4+ Segmente)
mongo;-6169033808209947210;3362.96275862069;438.20284369399974;1450;tief (4+ Segmente)
mongo;-6153043081879341744;11093.69052631579;3733.3414658375987;950;tief (4+ Segmente)
mongo;-6152836736162187040;14616.393333333333;899.8241344877797;450;tief (4+ Segmente)
mongo;-6152082242094800767;2385.5215384615385;826.2233800107819;1950;mittel (2-3 Segmente)
mongo;-6152051243982562733;3838.4741200828157;374.94859731018147;966;tief (4+ Segmente)
mongo;-6138712295667485918;2763.4422222222224;291.01955405329034;450;tief (4+ Segmente)
mongo;-6116162571567606153;10942.669387755102;10475.226603142308;2450;mittel (2-3 Segmente)
mongo;-6115401621386745213;1390.3622222222223;220.52133995578995;450;mittel (2-3 Segmente)
mongo;-6112387449330558252;2844.9579487179485;352.9597956232175;975;mittel (2-3 Segmente)
mongo;-6110546606076950775;4383.071111111111;452.24446383076696;450;tief (4+ Segmente)
mongo;-6103473817964113113;5951.235555555556;599.7045951179571;450;tief (4+ Segmente)
mongo;-6101191402261605049;3160.3326315789473;332.158417050241;475;tief (4+ Segmente)
mongo;-6092164153643529140;8661.256842105264;839.5215618912372;475;tief (4+ Segmente)
mongo;-6091595338018682011;10379.013684210526;8283.043174242594;950;flach (<=1 Segment)
mongo;-6087403437793251177;7575.5488888888885;736.5063612074135;450;tief (4+ Segmente)
mongo;-6081240581991308005;6479.535555555555;790.0865024546673;450;tief (4+ Segmente)
mongo;-6073684774233649055;19850.0;867.238053328225;492;mittel (2-3 Segmente)
mongo;-6065039149863780566;4015.9222222222224;666.4265745285165;450;tief (4+ Segmente)
mongo;-6064276009065611274;2932.402222222222;348.9865575734807;450;tief (4+ Segmente)
mongo;-6064004817308326899;6340.326666666667;599.5521695101813;450;tief (4+ Segmente)
mongo;-6048809495027789208;28419.233766233767;1000.6183179053371;385;tief (4+ Segmente)
mongo;-6048497804784615895;13834.051652892562;964.2391541494131;484;mittel (2-3 Segmente)
mongo;-6043858223540002205;7558.597777777778;623.7407344251633;450;tief (4+ Segmente)
mongo;-6038950843296056471;2868.623157894737;476.8305872601019;950;tief (4+ Segmente)
mongo;-6036568305867287847;2950.731111111111;301.0400770382118;450;tief (4+ Segmente)
mongo;-6029527964868559490;21316.665964172815;1250.8525789106209;949;tief (4+ Segmente)
mongo;-6006096263127452530;19780.066666666666;794.5361465635098;450;tief (4+ Segmente)
mongo;-6004428986168675716;6592.96;595.9350670895968;450;tief (4+ Segmente)
mongo;-5996316285487721093;3301.1826262626264;458.09661929530995;4950;tief (4+ Segmente)
mongo;-5993846557356283449;4592.613333333334;472.00531479398;450;mittel (2-3 Segmente)
mongo;-5992406757212379471;8249.942719116632;9228.04114301547;1449;mittel (2-3 Segmente)
mongo;-5986059564532913744;4762.482222222222;512.0743968206548;450;tief (4+ Segmente)
mongo;-5978109960846246885;4482.762222222223;448.896517749483;450;tief (4+ Segmente)
mongo;-5973114722557526135;3848.171282051282;407.0294248447879;1950;tief (4+ Segmente)
mongo;-5965850375575491644;4387.2155555555555;437.27788785296167;450;tief (4+ Segmente)
mongo;-5965698429050988300;6541.8915789473685;1303.4226088223554;950;tief (4+ Segmente)
mongo;-5965619002964368351;3515.4222222222224;326.32581644818436;450;tief (4+ Segmente)
mongo;-5964636757577096730;5494.253623188406;1303.8812626184872;966;tief (4+ Segmente)
mongo;-5962616622534652363;3880.1644444444446;379.37311975034766;450;tief (4+ Segmente)
mongo;-5955150146816155288;10635.38105263158;685.690052548122;475;tief (4+ Segmente)
mongo;-5949739138519965505;3410.851111111111;516.2988055618549;450;tief (4+ Segmente)
mongo;-5946536595213085649;8609.350510204082;5384.128223871252;1960;mittel (2-3 Segmente)
mongo;-5923334249787927886;6225.658775510204;3925.786072800993;2450;tief (4+ Segmente)
mongo;-5913966514793616838;4164.115555555555;674.892359628467;450;tief (4+ Segmente)
mongo;-5906152671689770067;2881.3697959183673;561.3530848019083;2450;tief (4+ Segmente)
mongo;-5883824215796995569;20739.053333333333;885.8637056253756;450;tief (4+ Segmente)
mongo;-5882335788003643425;18361.40717299578;7354.134728425528;948;tief (4+ Segmente)
mongo;-5879743373747971609;7348.711478800414;2820.98818355966;967;tief (4+ Segmente)
mongo;-5875715153546024850;12171.601052631579;3628.6105306783497;950;tief (4+ Segmente)
mongo;-5868780714118275360;3912.3442105263157;408.45323959916067;950;tief (4+ Segmente)
mongo;-5866802431592467742;6969.391304347826;856.506245291291;483;tief (4+ Segmente)
mongo;-5855969632006255615;5005.374736842105;504.4755460630535;475;tief (4+ Segmente)
mongo;-5850866507022430799;6290.068888888889;577.4246812393203;450;tief (4+ Segmente)
mongo;-5842315164550157124;24668.466367713005;1376.1190363617238;446;tief (4+ Segmente)
mongo;-5835015654411897951;6552.193333333334;590.5187900319906;450;tief (4+ Segmente)
mongo;-5832944822212267536;3436.0084210526315;381.51242742386955;950;tief (4+ Segmente)
mongo;-5828081269918276145;7833.3421052631575;1841.102897634849;950;tief (4+ Segmente)
mongo;-5820903511978681437;4036.4336842105263;438.5860499441246;950;tief (4+ Segmente)
mongo;-5818007705189964950;18155.304444444446;1137.2977617434285;450;tief (4+ Segmente)
mongo;-5814722966580029384;6509.646053702197;3329.8374478963024;2458;tief (4+ Segmente)
mongo;-5812501235839181269;19157.462576687118;6860.406836260677;2445;tief (4+ Segmente)
mongo;-5808263739570140977;3678.666530612245;475.86885593662527;2450;tief (4+ Segmente)
mongo;-5806799612665184324;4868.514462809917;521.7128957061418;484;tief (4+ Segmente)
mongo;-5802156859761475262;15230.635610766045;708.2176209959114;966;tief (4+ Segmente)
mongo;-5800103716773734909;4913.357777777778;491.5594642556307;450;tief (4+ Segmente)
mongo;-5793047647317326241;3867.22;687.0751872845403;950;tief (4+ Segmente)
mongo;-5777440401488282806;3474.5663157894737;595.5219893079689;950;tief (4+ Segmente)
mongo;-5777216055990111103;3499.1009174311926;530.1187501351835;5450;tief (4+ Segmente)
mongo;-5774620469028228876;3368.3315789473686;549.7081269349846;950;tief (4+ Segmente)
mongo;-5773946317367715531;24280.313199105145;1591.7855277204817;447;mittel (2-3 Segmente)
mongo;-5773406725925685609;3150.7533333333336;371.7063633226115;450;tief (4+ Segmente)
mongo;-5771421180516274588;2978.3911864406778;448.6996632298564;2950;tief (4+ Segmente)
mongo;-5769746364751834848;4718.168888888889;455.36590237226415;450;tief (4+ Segmente)
mongo;-5767873946546154713;12818.993333333334;606.2330822932837;450;flach (<=1 Segment)
mongo;-5762007289657223436;5260.32;916.8631929370397;950;tief (4+ Segmente)
mongo;-5754873180549726652;4607.896412037037;1335.2820300711123;3456;tief (4+ Segmente)
mongo;-5749526198420894274;11244.044375644995;5207.0300136557125;969;tief (4+ Segmente)
mongo;-5743685055566964215;8026.514767932489;790.0580469436617;474;tief (4+ Segmente)
mongo;-5739948443174651179;3878.289655172414;638.1772981453237;1450;tief (4+ Segmente)
mongo;-5727196668349692333;4007.0444444444443;637.1909349265616;450;tief (4+ Segmente)
mongo;-5722341178241687974;2842.587368421053;306.2547550194001;950;tief (4+ Segmente)
mongo;-5717255938840428804;5586.249473684211;1865.6488510096692;950;tief (4+ Segmente)
mongo;-5716294536481732578;3142.42;338.10595069822443;450;tief (4+ Segmente)
mongo;-5713786879890770045;8262.0;1082.2607421572432;950;tief (4+ Segmente)
mongo;-5712143898378332058;13556.383673469387;7702.329502796207;1470;mittel (2-3 Segmente)
mongo;-5695771351640187113;3585.9333333333334;396.3329852400748;450;tief (4+ Segmente)
mongo;-5695508271900811649;2232.12;282.82444175713294;450;mittel (2-3 Segmente)
mongo;-5683980667424810681;8608.867368421053;3489.207504396071;950;tief (4+ Segmente)
mongo;-5682983035226623821;3793.612463768116;515.827137234095;3450;tief (4+ Segmente)
mongo;-5678352338196676757;7713.426666666666;610.4382085143869;450;tief (4+ Segmente)
mongo;-5667477617883698090;2542.1841379310345;628.2012452862043;1450;mittel (2-3 Segmente)
mongo;-5664841436984336662;13900.042717656632;3291.104946400105;2458;tief (4+ Segmente)
mongo;-5661161407548451498;10449.90909090909;844.4298283396018;484;mittel (2-3 Segmente)
mongo;-5642812060548835485;3397.4252631578947;612.3537069168433;950;tief (4+ Segmente)
mongo;-5641823172920587800;4534.2444444444445;668.6677328806835;450;tief (4+ Segmente)
mongo;-5639666697648966159;8532.888607594936;5390.163811296529;1975;tief (4+ Segmente)
mongo;-5625330014806647348;5550.508888888889;590.0461505947861;450;tief (4+ Segmente)
mongo;-5620212038768794750;1949.9427586206896;286.32332736063705;1450;mittel (2-3 Segmente)
mongo;-5608871831886919204;12516.677777777777;1052.1827691438623;450;tief (4+ Segmente)
mongo;-5606939739887060778;3687.4377777777777;391.6641178327718;450;tief (4+ Segmente)
mongo;-5598556343628437139;9710.826666666666;608.3408237673316;450;tief (4+ Segmente)
mongo;-5594982232974545270;3520.9694736842107;446.0879386561302;950;tief (4+ Segmente)
mongo;-5592647426786851172;6877.495555555555;678.4067810386833;450;tief (4+ Segmente)
mongo;-5592271172756412787;3462.4666666666667;347.05515822528764;450;tief (4+ Segmente)
mongo;-5588489618868799521;3469.495918367347;416.5366599483467;2450;tief (4+ Segmente)
mongo;-5587257885024767239;14885.517777777777;959.599107039564;450;tief (4+ Segmente)
mongo;-5585385935022294898;6728.626110731374;3485.557235181798;1463;tief (4+ Segmente)
mongo;-5573259745841257798;16596.010672358592;9825.342908257366;937;tief (4+ Segmente)
mongo;-5569355695355565011;8915.90406779661;7130.142868542162;2950;mittel (2-3 Segmente)
mongo;-5564023198293866649;3217.4717241379312;341.565590604625;1450;tief (4+ Segmente)
mongo;-5560627520849921213;4055.1462747778537;588.8656515766911;1463;tief (4+ Segmente)
mongo;-5547326296607645691;5158.868888888889;478.6246704874375;450;mittel (2-3 Segmente)
mongo;-5535326991102345370;2563.4844444444443;339.56278842848104;450;tief (4+ Segmente)
mongo;-5531082894168151131;7191.063717532467;3886.609987911175;2464;tief (4+ Segmente)
mongo;-5526843765156059105;3415.330612244898;664.9617082103626;1960;tief (4+ Segmente)
mongo;-5525961468521724371;18624.28888888889;831.5085392697395;450;tief (4+ Segmente)
mongo;-5524388099091264314;25327.616557734204;1112.9872688001733;459;mittel (2-3 Segmente)
mongo;-5517715926648206197;15464.997777777779;893.6272584557748;450;tief (4+ Segmente)
mongo;-5515449036696307416;3461.3955555555553;333.01953764360934;450;tief (4+ Segmente)
mongo;-5502574534773065056;13864.787784679089;5045.403011627179;966;tief (4+ Segmente)
mongo;-5500746375760375425;4113.5220512820515;596.7175436174558;1950;tief (4+ Segmente)
mongo;-5499186085991376364;10132.955612244898;5653.477692353342;1960;tief (4+ Segmente)
mongo;-5497442397475264705;2825.9071559633026;503.2177289914588;5450;tief (4+ Segmente)
mongo;-5494516054765786143;3129.8195918367346;563.8737772696663;2450;tief (4+ Segmente)
mongo;-5491781560808473528;3223.3312359550564;743.5595945874978;4450;tief (4+ Segmente)
mongo;-5487083530192151184;3382.9422222222224;346.38030420307797;450;tief (4+ Segmente)
mongo;-5483397862379750986;4751.107660455486;1961.3978368519656;966;mittel (2-3 Segmente)
mongo;-5469425175976081239;3983.2815384615383;601.852924950196;1950;tief (4+ Segmente)
mongo;-5467056188101367174;1864.2189743589743;530.479392230553;1950;mittel (2-3 Segmente)
mongo;-5464130279940922008;6966.602222222222;647.2299030744821;450;tief (4+ Segmente)
mongo;-5461920241018718388;7783.192631578947;3622.1368399614776;950;tief (4+ Segmente)
mongo;-5460417360495928725;2224.275789473684;297.1190035334573;475;mittel (2-3 Segmente)
mongo;-5459529508677784380;2639.010290237467;522.4097775417213;18950;tief (4+ Segmente)
mongo;-5455945351047528348;4117.635862068965;545.3854322023134;1450;tief (4+ Segmente)
mongo;-5451048173845360575;6153.533333333334;580.4972870071981;450;tief (4+ Segmente)
mongo;-5440275539053613694;16766.47263157895;6228.029030997428;950;tief (4+ Segmente)
mongo;-5438924001466061596;3684.1;381.1225726291783;450;tief (4+ Segmente)
mongo;-5428759079027337731;4555.424444444445;503.24465690338627;450;tief (4+ Segmente)
mongo;-5427647888368570886;4961.446315789473;1071.5278293663387;950;tief (4+ Segmente)
mongo;-5411604250872952292;12871.006198347108;719.5074157272823;484;tief (4+ Segmente)
mongo;-5405851585881233947;7286.402068965517;5095.329103192158;1450;tief (4+ Segmente)
mongo;-5398439071298040395;7938.324927536232;5566.235967950032;3450;tief (4+ Segmente)
mongo;-5394753951669411123;3090.1957894736843;320.9701170140132;475;tief (4+ Segmente)
mongo;-5384551343859667203;3744.8884210526317;442.68028620929994;950;tief (4+ Segmente)
mongo;-5379300466718626006;5291.137777777778;506.8455470771473;450;tief (4+ Segmente)
mongo;-5374572761050677881;3017.1936842105265;339.0574463265615;950;tief (4+ Segmente)
mongo;-5364467522406069715;12939.575555555555;1205.297905981269;450;mittel (2-3 Segmente)
mongo;-5363780357034106698;2106.654482758621;554.7317769008389;1450;mittel (2-3 Segmente)
mongo;-5359148194983551056;5753.494736842105;686.8343616717822;475;mittel (2-3 Segmente)
mongo;-5359128119391558564;20653.32888888889;1348.560515503206;450;tief (4+ Segmente)
mongo;-5348276044281728863;4143.988888888889;426.8528977444035;450;tief (4+ Segmente)
mongo;-5345513832960369156;3679.9133333333334;379.3570331747571;450;tief (4+ Segmente)
mongo;-5343774759014959695;8409.835443037975;4824.170927375441;1975;tief (4+ Segmente)
mongo;-5342707591890649025;21649.134831460673;1462.549470873552;445;mittel (2-3 Segmente)
mongo;-5342634912139478849;3555.9555555555557;340.17197639048044;450;tief (4+ Segmente)
mongo;-5338533552051012948;3606.9852631578947;368.2033035948317;475;tief (4+ Segmente)
mongo;-5329008311052562635;7727.4904826648535;7947.21521738288;2942;mittel (2-3 Segmente)
mongo;-5324451219330851070;6480.709473684211;1663.6253788879362;950;tief (4+ Segmente)
mongo;-5320608850791703672;4880.0842105263155;579.8968856244338;475;tief (4+ Segmente)
mongo;-5314226005153970995;7224.8016139878955;6631.685510236257;2974;mittel (2-3 Segmente)
mongo;-5309520533253043796;3145.5452631578946;395.2652649382241;950;tief (4+ Segmente)
mongo;-5300985780181865069;9042.783448673586;4691.8631275684775;3468;tief (4+ Segmente)
mongo;-5286425961117494141;8396.482653061224;6733.560767013835;1960;tief (4+ Segmente)
mongo;-5285146008176180891;3911.2031578947367;442.46014720613647;950;tief (4+ Segmente)
mongo;-5284401565153653460;10694.122105263157;3969.992293595462;950;tief (4+ Segmente)
mongo;-5267701289591227711;14406.973333333333;729.1796587867877;450;tief (4+ Segmente)
mongo;-5261434466886637283;3237.762105263158;884.0673535435329;950;tief (4+ Segmente)
mongo;-5252841233912325586;6298.6466666666665;521.033615568457;450;tief (4+ Segmente)
mongo;-5244360951439217236;2370.429898989899;357.7847553104277;4950;tief (4+ Segmente)
mongo;-5235977595726000287;3889.221052631579;360.596943517267;475;mittel (2-3 Segmente)
mongo;-5226036592603722017;3457.14;638.9919890683616;450;tief (4+ Segmente)
mongo;-5224931266997543772;3620.067368421053;396.00772162062975;950;tief (4+ Segmente)
mongo;-5218472874076861174;3933.911794871795;597.3504792742136;1950;tief (4+ Segmente)
mongo;-5209287720641858121;8910.096842105264;982.4119908244949;475;tief (4+ Segmente)
mongo;-5207210836231447793;3352.8302040816325;362.292779011008;2450;tief (4+ Segmente)
mongo;-5207149682114104729;13691.313167259786;7999.902902103044;1967;tief (4+ Segmente)
mongo;-5201087425454154880;2964.648888888889;360.9458575481482;450;tief (4+ Segmente)
mongo;-5190626355003573648;19658.96;1029.9232454373496;450;mittel (2-3 Segmente)
mongo;-5178466308555676172;4330.5488888888885;508.56605132690197;450;mittel (2-3 Segmente)
mongo;-5178108277874210634;7693.408888888889;705.8787613719521;450;tief (4+ Segmente)
mongo;-5166758166615889260;3581.471111111111;470.5178356712225;450;tief (4+ Segmente)
mongo;-5160051043232685409;8969.297777777778;607.01235957113;450;tief (4+ Segmente)
mongo;-5141935615555527759;4702.495408163265;1756.1593126400771;1960;tief (4+ Segmente)
mongo;-5135396572485217962;1100.1084210526317;197.90068885090392;950;mittel (2-3 Segmente)
mongo;-5131102034679840446;4790.384210526316;1076.7868619228461;950;tief (4+ Segmente)
mongo;-5125139397723190836;6137.408888888889;561.1958889336247;450;tief (4+ Segmente)
mongo;-5099680629040393383;15227.511111111111;694.812227994193;450;tief (4+ Segmente)
mongo;-5082787786952255498;2540.5844444444447;419.754507984752;450;mittel (2-3 Segmente)
mongo;-5077009057426912129;3179.2985463659147;507.163217260177;19950;tief (4+ Segmente)
mongo;-5071165962017329573;4601.341052631579;561.6285518678262;475;mittel (2-3 Segmente)
mongo;-5069385433236695636;3612.702222222222;386.1328057127654;450;tief (4+ Segmente)
mongo;-5058371157059503447;3894.751111111111;454.15677297819724;450;tief (4+ Segmente)
mongo;-5056602359699702122;2542.2768421052633;391.3365767763084;950;tief (4+ Segmente)
mongo;-5053831697246900660;9422.268604651163;7204.024371854877;3440;tief (4+ Segmente)
mongo;-5044664517312258266;2477.5904860392966;1029.619860821259;967;mittel (2-3 Segmente)
mongo;-5044193782781900929;6402.34;805.1560307222842;450;tief (4+ Segmente)
mongo;-5041754852353699776;4198.106666666667;528.7047897871505;450;tief (4+ Segmente)
mongo;-5040912885430738178;3348.555172413793;500.31349598266115;1450;tief (4+ Segmente)
mongo;-5033768322586823505;11458.220268872803;5856.603500776111;967;mittel (2-3 Segmente)
mongo;-5032019190172518818;8341.944444444445;740.1258208978479;450;tief (4+ Segmente)
mongo;-5024328514612217296;4339.728888888889;497.38344971011406;450;tief (4+ Segmente)
mongo;-5024208557582392276;5249.108888888889;562.6301614600028;450;tief (4+ Segmente)
mongo;-5015120425027576488;3592.4725423728814;500.8620101686944;2950;tief (4+ Segmente)
mongo;-5011353317799970907;4079.8505263157895;556.7382057025268;950;tief (4+ Segmente)
mongo;-5008219390423718808;6856.266666666666;715.413257618243;450;tief (4+ Segmente)
mongo;-4995478460864369218;4927.631111111111;449.1588594137423;450;tief (4+ Segmente)
mongo;-4991242542706695795;1916.1387163561076;208.66513956310084;483;mittel (2-3 Segmente)
mongo;-4986413182667982703;4021.4525252525254;612.9079962191263;4950;tief (4+ Segmente)
mongo;-4977701059592049106;9546.864210526315;4469.82297788376;950;tief (4+ Segmente)
mongo;-4968887456523623734;8019.737603305785;665.9986472104653;484;tief (4+ Segmente)
mongo;-4961078492920920751;3926.7;413.0545203097644;450;tief (4+ Segmente)
mongo;-4958342640276341984;3514.5820253164557;455.2952050134392;3950;tief (4+ Segmente)
mongo;-4957062178621389345;2895.423157894737;317.3176299592524;950;tief (4+ Segmente)
mongo;-4947961311573179947;2003.0441025641026;566.19140775364;1950;mittel (2-3 Segmente)
mongo;-4946907198558303490;1962.1422222222222;298.51215648183205;450;mittel (2-3 Segmente)
mongo;-4939588207657506264;12197.621602787456;10291.4946728929;1435;tief (4+ Segmente)
mongo;-4939410373693120361;6428.76;648.8852632096756;450;tief (4+ Segmente)
mongo;-4937827706945432852;2449.3133333333335;312.47802174828837;450;tief (4+ Segmente)
mongo;-4898283819223492457;4569.964444444445;528.4158352536338;450;tief (4+ Segmente)
mongo;-4897849497684829669;14655.144927536232;775.5984543273186;483;tief (4+ Segmente)
mongo;-4893324965547891798;8369.151794871796;2223.3541118564085;975;tief (4+ Segmente)
mongo;-4889068094704126971;16371.711111111112;762.2425659033554;450;tief (4+ Segmente)
mongo;-4875547280245400494;13330.378947368421;6917.41339684299;950;tief (4+ Segmente)
mongo;-4874636633179472494;26413.30942622951;1040.4691982556556;488;mittel (2-3 Segmente)
mongo;-4874252998550178301;10342.275077559461;5673.657015217295;967;mittel (2-3 Segmente)
mongo;-4873343804286660286;3540.2;463.7703813229427;450;tief (4+ Segmente)
mongo;-4871370053082911399;5710.277777777777;788.9532693371151;450;mittel (2-3 Segmente)
mongo;-4861310363441694786;3945.5266666666666;433.91161278077493;450;tief (4+ Segmente)
mongo;-4842461907420003826;3320.9733333333334;513.7931600498695;450;tief (4+ Segmente)
mongo;-4841957798128054190;14995.723602484471;4409.279427132108;966;tief (4+ Segmente)
mongo;-4829524623674207947;9109.044444444444;800.4094346356103;450;tief (4+ Segmente)
mongo;-4827810657882304328;5777.373333333333;456.3327168939293;450;tief (4+ Segmente)
mongo;-4822507739762896251;3106.4595505617976;473.76915974676234;4450;tief (4+ Segmente)
mongo;-4815062270997185507;3206.259825327511;566.5186192622424;11450;tief (4+ Segmente)
mongo;-4796442568503065056;3865.5588405797102;503.4584049197157;3450;tief (4+ Segmente)
mongo;-4791996957842821846;3823.732486772487;588.1614644986117;9450;tief (4+ Segmente)
mongo;-4785997821961319168;3221.3884210526317;718.5126758857224;950;tief (4+ Segmente)
mongo;-4779864208395615380;2898.5303448275863;628.9867854217721;1450;tief (4+ Segmente)
mongo;-4776776821262256735;3688.7733333333335;384.19509729298267;450;tief (4+ Segmente)
mongo;-4761852614843918681;9348.046666666667;650.1724664461889;450;tief (4+ Segmente)
mongo;-4761428702208833957;3601.8333333333335;410.76347650477595;450;tief (4+ Segmente)
mongo;-4749000791284578302;2233.3484210526317;385.59618103516743;950;mittel (2-3 Segmente)
mongo;-4747473398088409065;3427.148888888889;381.18599656108;450;tief (4+ Segmente)
mongo;-4740475439702323037;8374.208961303462;8819.309880648581;2455;tief (4+ Segmente)
mongo;-4740390881742014702;4078.266666666667;432.42054511741657;450;tief (4+ Segmente)
mongo;-4739814946804750818;3791.661052631579;1039.482588350888;950;tief (4+ Segmente)
mongo;-4739166284935712582;1902.1666666666667;539.8656693844827;450;mittel (2-3 Segmente)
mongo;-4735798919015313814;4251.804444444444;420.24326604100224;450;tief (4+ Segmente)
mongo;-4733555193103343079;6102.946666666667;686.9440099986687;450;tief (4+ Segmente)
mongo;-4732975980012026065;10423.75111111111;995.776721295289;450;tief (4+ Segmente)
mongo;-4729826751658225643;3419.862105263158;885.0991246278912;950;tief (4+ Segmente)
mongo;-4714327134776533845;3798.1266666666666;372.6365634485004;450;tief (4+ Segmente)
mongo;-4693117103401591086;3419.5441025641026;452.9808086273637;1950;tief (4+ Segmente)
mongo;-4689343579589988006;3719.402222222222;416.7410047361049;450;tief (4+ Segmente)
mongo;-4684883608728383880;2934.3844444444444;599.5140431661939;450;tief (4+ Segmente)
mongo;-4676788807481445879;4093.762105263158;448.7658362683985;950;tief (4+ Segmente)
mongo;-4673353206667825060;15921.532631578948;1316.6817968293294;475;tief (4+ Segmente)
mongo;-4672469192043385743;4030.1077966101693;565.3732886186297;2950;tief (4+ Segmente)
mongo;-4668990062350755570;2218.5523076923077;286.4851236937124;1950;mittel (2-3 Segmente)
mongo;-4667005679283095670;22460.1;1278.4384218416556;450;tief (4+ Segmente)
mongo;-4666993633576113566;2876.2501694915254;348.0577555697418;2950;tief (4+ Segmente)
mongo;-4666257582748138611;8737.004444444445;796.9724393117491;450;tief (4+ Segmente)
mongo;-4664614301531584127;5764.386666666666;539.5483525747691;450;tief (4+ Segmente)
mongo;-4659922606055819979;3546.617894736842;397.11535763097146;950;tief (4+ Segmente)
mongo;-4658160888114092108;6215.151138716356;566.8594035129287;966;tief (4+ Segmente)
mongo;-4645752574217179241;6748.96275862069;3902.286980173386;1450;mittel (2-3 Segmente)
mongo;-4637814915460662614;29657.78787878788;432.6449784630308;66;tief (4+ Segmente)
mongo;-4637300342170756678;17036.82222222222;674.1352520341442;450;tief (4+ Segmente)
mongo;-4634561863237665433;3540.5911111111113;579.6208897782755;450;tief (4+ Segmente)
mongo;-4632284199320475386;3000.3115789473686;329.9090269160693;950;tief (4+ Segmente)
mongo;-4626393923207072780;21571.46;1313.1646992474577;450;tief (4+ Segmente)
mongo;-4624562881615697265;4290.693333333334;416.00750507192697;450;tief (4+ Segmente)
mongo;-4618564456874863468;3631.4875862068966;414.8883960093816;1450;tief (4+ Segmente)
mongo;-4603056426283545470;3440.54;356.2694414028596;450;tief (4+ Segmente)
mongo;-4599372613788020815;2633.7579487179487;388.5700850638983;1950;tief (4+ Segmente)
mongo;-4597655321726496462;12481.225451688924;9594.770019804362;1273;tief (4+ Segmente)
mongo;-4594047624188458402;4154.652413793104;468.657017603971;1450;tief (4+ Segmente)
mongo;-4593083999969587264;3640.3168421052633;488.3971220434914;950;tief (4+ Segmente)
mongo;-4590448825784698352;3121.287118644068;856.684408395825;2950;tief (4+ Segmente)
mongo;-4581676286138909315;16710.934736842104;1062.6955248010402;475;tief (4+ Segmente)
mongo;-4575919560628637170;3810.7466666666664;534.1201309616036;450;tief (4+ Segmente)
mongo;-4563863516680787554;14334.12;880.6886194139537;450;tief (4+ Segmente)
mongo;-4557772878703724449;5961.444444444444;516.3327320877419;450;tief (4+ Segmente)
mongo;-4544565475870946460;11257.493333333334;5094.301624237924;975;mittel (2-3 Segmente)
mongo;-4542195951841501067;6686.077639751553;3887.176191959109;966;mittel (2-3 Segmente)
mongo;-4534274549723910168;3536.96;414.3423802862383;475;mittel (2-3 Segmente)
mongo;-4517731257819290313;7376.001025641026;3354.0761779044024;975;tief (4+ Segmente)
mongo;-4510627770206247755;20244.48329621381;830.7009815897117;449;tief (4+ Segmente)
mongo;-4509811322892460617;20604.338530066816;1070.0758719589587;449;tief (4+ Segmente)
mongo;-4504737725421766912;4527.041407867495;540.2252933512435;483;mittel (2-3 Segmente)
mongo;-4502187227123282337;2852.5894736842106;331.40822545876085;950;tief (4+ Segmente)
mongo;-4494945511878696896;3968.4044444444444;487.43262772677656;450;tief (4+ Segmente)
mongo;-4493625856504543006;5009.836551724138;1588.1945964193937;1450;tief (4+ Segmente)
mongo;-4486138919262733324;3439.5606896551726;586.9306760320447;1450;tief (4+ Segmente)
mongo;-4477668623603539460;7559.17387755102;6283.058337387939;2450;mittel (2-3 Segmente)
mongo;-4471523665514559964;19724.095555555556;1250.2458331904368;450;tief (4+ Segmente)
mongo;-4471366908169490886;3117.0;531.6857137471168;2950;tief (4+ Segmente)
mongo;-4462751613962044385;2404.946455026455;515.5838524953875;9450;mittel (2-3 Segmente)
mongo;-4457535041426753831;8549.178620689656;5414.871511592057;1450;tief (4+ Segmente)
mongo;-4453776190590330885;4418.386896551724;587.4984175131225;1450;tief (4+ Segmente)
mongo;-4432531465376682328;2393.36;288.28026946691966;450;mittel (2-3 Segmente)
mongo;-4432424045426456829;18032.573333333334;1446.27299070838;450;tief (4+ Segmente)
mongo;-4431082177255906247;4050.2466666666664;371.39392404177113;450;tief (4+ Segmente)
mongo;-4428546229654696322;2947.24347826087;619.6588637437047;3450;mittel (2-3 Segmente)
mongo;-4427128417070892903;6519.051282051282;564.1346550884489;975;tief (4+ Segmente)
mongo;-4425194853357473311;3918.637752808989;540.2720142828906;4450;tief (4+ Segmente)
mongo;-4401867878209090829;3013.7357894736842;1597.9655402881913;950;flach (<=1 Segment)
mongo;-4396994413191877738;3188.171034482759;901.1796829537168;1450;tief (4+ Segmente)
mongo;-4396915826490272159;3691.90412371134;1543.0771021976286;970;flach (<=1 Segment)
mongo;-4390679353671524992;3535.5189743589744;510.46373990499967;1950;tief (4+ Segmente)
mongo;-4388999584927429525;3023.4269662921347;469.19440405698776;4450;tief (4+ Segmente)
mongo;-4388232172985298679;3448.4244444444444;408.9551135815809;450;tief (4+ Segmente)
mongo;-4375952734133586295;14042.206206896552;6983.693903307127;1450;tief (4+ Segmente)
mongo;-4367850737831274143;7929.137777777778;674.3505783927014;450;tief (4+ Segmente)
mongo;-4346322136789032671;9853.810526315789;4636.910281512159;950;tief (4+ Segmente)
mongo;-4344835905014448078;10477.653333333334;874.7928929823754;450;tief (4+ Segmente)
mongo;-4342709722299994492;2935.2323076923076;340.0309026524696;1950;tief (4+ Segmente)
mongo;-4341571513054630966;20811.68222222222;1340.738195063102;450;tief (4+ Segmente)
mongo;-4328232644936007029;5296.767368421052;521.0710413415671;950;tief (4+ Segmente)
mongo;-4323890691125576478;11920.84;729.8505849469715;450;tief (4+ Segmente)
mongo;-4321868154511745046;3965.5466666666666;570.9547654083808;450;tief (4+ Segmente)
mongo;-4311169317778515006;3681.58;498.3936102022408;450;tief (4+ Segmente)
mongo;-4309258218497228630;8313.80734741105;4874.146332654928;3457;tief (4+ Segmente)
mongo;-4287670792887575561;9877.468888888889;458.7336108854475;450;mittel (2-3 Segmente)
mongo;-4283686439890580155;3273.733333333333;326.8218083789257;450;tief (4+ Segmente)
mongo;-4281030541591401725;3489.266666666667;324.6570779496518;450;tief (4+ Segmente)
mongo;-4274838038606700592;21312.695555555554;982.8632474723406;450;tief (4+ Segmente)
mongo;-4274085375623645413;4334.355555555556;419.47447531020646;450;tief (4+ Segmente)
mongo;-4272104453127532454;16091.535634743876;11328.984363396688;898;tief (4+ Segmente)
mongo;-4271048459967372044;2894.733333333333;364.63772178896636;450;tief (4+ Segmente)
mongo;-4270487615053959352;8226.769389865563;1880.2147738575577;967;tief (4+ Segmente)
mongo;-4259932546269520393;1327.8955555555556;152.06999392943885;450;flach (<=1 Segment)
mongo;-4259197431112688208;2489.6866666666665;458.2555941958232;1950;mittel (2-3 Segmente)
mongo;-4248631598481604956;5633.477894736842;2237.9218883443295;950;tief (4+ Segmente)
mongo;-4240769881951139420;11236.627368421052;8073.410584626191;950;tief (4+ Segmente)
mongo;-4233727445142011005;1928.798775510204;487.9617944684725;2450;mittel (2-3 Segmente)
mongo;-4230844380626341797;7539.3421052631575;691.6024868418924;950;tief (4+ Segmente)
mongo;-4229832352331061512;4033.3888888888887;434.49806933902653;450;tief (4+ Segmente)
mongo;-4228723970955965392;4463.993333333333;600.1797670193665;450;tief (4+ Segmente)
mongo;-4225576333149071977;3544.8555555555554;533.1714199520634;450;tief (4+ Segmente)
mongo;-4218507756455058698;9192.88989669942;4957.057956224863;3969;tief (4+ Segmente)
mongo;-4217367478877096021;12380.115789473684;889.3920013886634;475;tief (4+ Segmente)
mongo;-4217330062552593323;2884.9538461538464;361.4015232093198;1950;tief (4+ Segmente)
mongo;-4217316725329100546;4027.5155555555557;665.2573064024562;450;tief (4+ Segmente)
mongo;-4212642039506505994;2681.241573033708;570.1235738704387;4450;tief (4+ Segmente)
mongo;-4199547168227325811;5462.105141536684;3962.0707554037804;3462;tief (4+ Segmente)
mongo;-4196162389349588621;2347.728888888889;317.72520702863795;450;tief (4+ Segmente)
mongo;-4194781619237670529;3782.0167088607595;670.2371170609362;3950;tief (4+ Segmente)
mongo;-4192314133527059247;3269.2302752293576;484.2350842424218;5450;tief (4+ Segmente)
mongo;-4186372680884589851;6790.364444444444;536.7406963562286;450;tief (4+ Segmente)
mongo;-4182458807829078718;4167.264827586207;480.49901762585444;1450;tief (4+ Segmente)
mongo;-4180846409515872312;3090.853846153846;536.5411713954853;1950;tief (4+ Segmente)
mongo;-4173144961721650055;17600.841426225663;9874.99372915356;4263;flach (<=1 Segment)
mongo;-4168103656108952337;18668.852631578946;6951.880000092679;950;tief (4+ Segmente)
mongo;-4164981979049335581;18126.297777777778;763.6436337238057;450;mittel (2-3 Segmente)
mongo;-4164812585361712580;2080.704210526316;348.2704396575458;950;mittel (2-3 Segmente)
mongo;-4160275119538064612;4446.710526315789;441.17403168432287;950;tief (4+ Segmente)
mongo;-4152894270729049852;2902.194382022472;392.9711420282287;4450;tief (4+ Segmente)
mongo;-4143105066502186803;2878.4422222222224;326.4752332812598;450;tief (4+ Segmente)
mongo;-4132544216340459806;3025.943157894737;395.011641570623;950;tief (4+ Segmente)
mongo;-4131517150752057350;15204.342222222222;682.9097728847562;450;tief (4+ Segmente)
mongo;-4128749846351716576;19444.51777777778;961.9004948767039;450;tief (4+ Segmente)
mongo;-4124322171561077089;2513.9437735849056;531.0882685658534;7950;tief (4+ Segmente)
mongo;-4117919015360381592;7626.210884353742;1217.3746525510671;1470;tief (4+ Segmente)
mongo;-4117872328883684516;10424.096377306903;5427.531658987332;1463;tief (4+ Segmente)
mongo;-4112643593091320477;3528.381379310345;473.22593341454376;1450;tief (4+ Segmente)
mongo;-4112216471776591082;6205.559863945578;1827.6493308072668;1470;tief (4+ Segmente)
mongo;-4106589167222585693;5856.797627118644;3598.379460913121;2950;tief (4+ Segmente)
mongo;-4099632399018224270;6707.722105263158;666.4270352362447;950;tief (4+ Segmente)
mongo;-4098722152038689726;3469.0177777777776;450.6944699585022;450;tief (4+ Segmente)
mongo;-4090361968613381126;5651.677777777778;490.2177287227287;450;mittel (2-3 Segmente)
mongo;-4073926486776313084;2447.6582648401827;682.247220320025;10950;mittel (2-3 Segmente)
mongo;-4071759940405210904;4240.966666666666;478.1622263409478;450;tief (4+ Segmente)
mongo;-4064790898001820650;3328.7136842105265;392.96127470775303;475;tief (4+ Segmente)
mongo;-4060150288907580103;4238.92;560.0182072855961;1450;tief (4+ Segmente)
mongo;-4058312743012287302;2431.0189519650653;497.46948898385756;11450;mittel (2-3 Segmente)
mongo;-4051520265842123441;5695.588421052632;1281.643024819765;950;tief (4+ Segmente)
mongo;-4048913558334126270;3905.8844444444444;372.3305222481428;450;tief (4+ Segmente)
mongo;-4044290608458691151;20161.928888888888;1090.9997843506294;450;tief (4+ Segmente)
mongo;-4043607590788593819;17616.19378238342;5443.794441559397;965;mittel (2-3 Segmente)
mongo;-4042728677307257254;3636.059917355372;344.9583503601891;484;tief (4+ Segmente)
mongo;-4036618108666552957;6905.448347107438;1004.9068534326632;484;mittel (2-3 Segmente)
mongo;-4022752367078306175;7048.760579710145;6254.69530117927;3450;mittel (2-3 Segmente)
mongo;-3994052831580854780;3496.338947368421;491.45875264096446;475;mittel (2-3 Segmente)
mongo;-3991618333686173333;10934.990526315789;7546.210823614103;950;tief (4+ Segmente)
mongo;-3987227324518956570;26349.916083916083;1064.237420566559;429;tief (4+ Segmente)
mongo;-3980062101561761553;5491.08;503.3917546197531;450;tief (4+ Segmente)
mongo;-3977076585419708292;3612.1863157894736;364.901603467245;950;tief (4+ Segmente)
mongo;-3964761055817373891;26314.09192825112;1031.6724212600786;446;tief (4+ Segmente)
mongo;-3947905046597411221;3947.7015384615383;3936.4684021227586;1950;mittel (2-3 Segmente)
mongo;-3944750614836855200;28480.182058047492;874.7603034319195;379;tief (4+ Segmente)
mongo;-3943202241301625173;2995.8;351.5286569036335;475;tief (4+ Segmente)
mongo;-3938749633820036327;1263.4288888888889;186.71481907566888;450;mittel (2-3 Segmente)
mongo;-3920016997572014127;6200.126666666667;579.6567407951196;450;tief (4+ Segmente)
mongo;-3918154505880664776;3575.3206896551724;419.6766410088794;1450;tief (4+ Segmente)
mongo;-3902871786790025279;13927.914646996838;11173.837519657385;949;tief (4+ Segmente)
mongo;-3891314924071610570;5830.883673469388;903.5632429175969;980;tief (4+ Segmente)
mongo;-3891052298661084903;10949.322222222223;583.5767226890902;450;tief (4+ Segmente)
mongo;-3890098727378472595;3566.536842105263;367.2345164816235;475;mittel (2-3 Segmente)
mongo;-3888385733096107310;16755.115555555556;913.8248334669101;450;tief (4+ Segmente)
mongo;-3881173094021628667;9560.048205128205;3031.197903021175;1950;tief (4+ Segmente)
mongo;-3878145113394675201;9403.282105263157;691.8885245292811;475;tief (4+ Segmente)
mongo;-3877505909532562809;3462.794382022472;518.8305653187776;4450;tief (4+ Segmente)
mongo;-3859679604270931723;13896.21052631579;1171.1336721092282;475;tief (4+ Segmente)
mongo;-3839862497474670759;4151.028717948718;667.1926936828232;1950;tief (4+ Segmente)
mongo;-3839406225160242006;2829.5793103448277;564.7684021684126;1450;tief (4+ Segmente)
mongo;-3839106192609990989;4014.324827586207;468.89517149767676;1450;tief (4+ Segmente)
mongo;-3816488196033164373;4888.455555555555;512.9272375561409;450;tief (4+ Segmente)
mongo;-3807424651146635724;3933.5957894736844;353.0197529512977;475;tief (4+ Segmente)
mongo;-3792322384223798082;2992.96;349.0857013746502;450;tief (4+ Segmente)
mongo;-3782807446544081509;4231.724625960372;1866.5395219503234;2473;tief (4+ Segmente)
mongo;-3778784913940635780;5684.524444444444;498.3897327210525;450;tief (4+ Segmente)
mongo;-3777480662132073386;3513.255789473684;412.32128209216984;950;mittel (2-3 Segmente)
mongo;-3769780400415518394;7269.962222222222;700.9703334444447;450;tief (4+ Segmente)
mongo;-3765637595450338383;3434.5789473684213;659.1841011577283;950;tief (4+ Segmente)
mongo;-3756366900398102517;5331.235555555556;510.24647310977105;450;mittel (2-3 Segmente)
mongo;-3748033292675745743;4956.704444444445;565.0492650361043;450;tief (4+ Segmente)
mongo;-3745502774084088871;23036.529147982063;1338.8592638369312;446;tief (4+ Segmente)
mongo;-3726019920786302422;6740.637777777778;678.6848804443973;450;tief (4+ Segmente)
mongo;-3721071299473618834;4501.237183868763;1184.3189586533335;1463;tief (4+ Segmente)
mongo;-3718438776692728370;3752.82;538.7233965765429;950;tief (4+ Segmente)
mongo;-3715938599462826261;4658.366803278688;456.4874266869023;488;tief (4+ Segmente)
mongo;-3714618028890911456;5901.153333333334;604.9533111988992;450;tief (4+ Segmente)
mongo;-3708019725399023584;10701.094105480868;5088.970362494578;967;tief (4+ Segmente)
mongo;-3694526509975280144;22759.790645879733;1363.727654917691;449;tief (4+ Segmente)
mongo;-3692749767555325211;4392.6430769230765;1502.914889842275;975;mittel (2-3 Segmente)
mongo;-3690558348516185085;8283.220608108108;8035.44281504407;2960;tief (4+ Segmente)
mongo;-3684498814444754832;2246.9066666666668;301.21216904286916;450;tief (4+ Segmente)
mongo;-3683829177405907125;7216.32;2411.8269977109676;1450;mittel (2-3 Segmente)
mongo;-3683614618455973720;3402.3579591836733;367.80053839438534;2450;tief (4+ Segmente)
mongo;-3678357943161747135;3499.588888888889;348.0438908925522;450;tief (4+ Segmente)
mongo;-3676881084074566723;5865.164210526315;573.5496167302636;475;tief (4+ Segmente)
mongo;-3668655334104939360;3622.865714285714;423.320943252664;2450;tief (4+ Segmente)
mongo;-3667478027983115739;2217.06;283.652565878005;450;mittel (2-3 Segmente)
mongo;-3660740516772338941;13558.22;955.442689662441;450;tief (4+ Segmente)
mongo;-3652499568536550374;4418.5368421052635;516.4019263995467;475;tief (4+ Segmente)
mongo;-3639911156800034403;9608.075555555555;602.4969118591409;450;tief (4+ Segmente)
mongo;-3633339754071656844;16585.188911704314;7105.378316008447;1461;tief (4+ Segmente)
mongo;-3631693902268246725;2766.903157894737;344.81943640151616;950;tief (4+ Segmente)
mongo;-3630920621924141947;3205.3288888888887;295.4210061564606;450;tief (4+ Segmente)
mongo;-3625245890019156948;3333.961052631579;379.911796594585;950;tief (4+ Segmente)
mongo;-3622167603476446754;13366.041052631579;791.6956162484962;950;tief (4+ Segmente)
mongo;-3620129443986684230;4338.5368421052635;435.17578078253683;950;tief (4+ Segmente)
mongo;-3610984402371050600;4144.061052631579;456.7909096640195;950;tief (4+ Segmente)
mongo;-3610598463704526979;3449.4084210526316;378.48549171597705;475;tief (4+ Segmente)
mongo;-3601857904485420187;2838.517551020408;345.1808361051527;2450;tief (4+ Segmente)
mongo;-3600455022819663122;3265.688888888889;436.7759039821574;450;tief (4+ Segmente)
mongo;-3572135588625160487;2894.3155555555554;342.9247295487815;450;tief (4+ Segmente)
mongo;-3570927948634768619;10021.044817927172;10244.735060532243;1428;flach (<=1 Segment)
mongo;-3563833553475103659;5297.490909090909;3916.5970645718385;495;mittel (2-3 Segmente)
mongo;-3560998796567577966;16912.875824175826;11149.577692771041;910;tief (4+ Segmente)
mongo;-3554138312104682453;4622.96947368421;1210.718239537041;950;tief (4+ Segmente)
mongo;-3550299862615340968;28932.686274509804;804.2540294437865;306;mittel (2-3 Segmente)
mongo;-3549287587287223397;2844.2955555555554;337.1157358483803;450;tief (4+ Segmente)
mongo;-3547496906315114537;15235.777470628887;8913.402998600102;1447;tief (4+ Segmente)
mongo;-3532792092053307707;1914.1355555555556;274.5001642228592;450;tief (4+ Segmente)
mongo;-3531873854146980879;3202.94;482.26457533299805;1450;tief (4+ Segmente)
mongo;-3522997256302151934;7088.293103448276;7631.859644848612;1450;flach (<=1 Segment)
mongo;-3522249324045554673;2193.866666666667;290.6518210316981;450;mittel (2-3 Segmente)
mongo;-3517741766059070814;4207.1288888888885;582.3201778976374;450;tief (4+ Segmente)
mongo;-3507153991332661974;13575.071578947369;953.5915050894309;475;tief (4+ Segmente)
mongo;-3503367717617922028;5319.102222222222;555.3040967446748;450;tief (4+ Segmente)
mongo;-3500391200928892636;12965.18888888889;948.5359753512288;450;tief (4+ Segmente)
mongo;-3488431292224007325;3228.4210526315787;1274.7391508117144;950;mittel (2-3 Segmente)
mongo;-3486116257254813095;2667.528888888889;361.93563432632493;450;tief (4+ Segmente)
mongo;-3484006641078675234;5350.782222222222;654.1836897278646;450;tief (4+ Segmente)
mongo;-3475672386428446748;6433.082222222222;561.5462703236725;450;tief (4+ Segmente)
mongo;-3469481155828456263;5601.14;531.7984031600357;450;tief (4+ Segmente)
mongo;-3466645359788004394;5373.816842105263;667.1780040388489;950;tief (4+ Segmente)
mongo;-3466530343922674174;2089.427640449438;327.1603864370431;4450;mittel (2-3 Segmente)
mongo;-3458661152874732570;12029.656185919344;4790.7329667238955;1463;tief (4+ Segmente)
mongo;-3456088958917939665;3995.4844444444443;467.74635349208984;450;tief (4+ Segmente)
mongo;-3453207969321372932;3053.188888888889;379.4094958983331;450;tief (4+ Segmente)
mongo;-3448140023911276759;3003.574482758621;342.74631363632767;1450;tief (4+ Segmente)
mongo;-3434524196705491812;8053.34;567.89216207882;450;tief (4+ Segmente)
mongo;-3427029874693539698;18553.639660493827;11267.738849771838;1296;tief (4+ Segmente)
mongo;-3424549957063609785;9928.111111111111;663.570383268498;450;tief (4+ Segmente)
mongo;-3424011050099766293;3926.5911111111113;350.95629701608686;450;tief (4+ Segmente)
mongo;-3420129238593635096;3033.5191836734693;376.2073937373387;2450;tief (4+ Segmente)
mongo;-3407600804326062172;2579.1041379310345;412.2697623979916;1450;tief (4+ Segmente)
mongo;-3405729081373709725;6767.580578512397;535.8061434020002;484;tief (4+ Segmente)
mongo;-3405328795977089456;10894.96;888.8937511572046;450;tief (4+ Segmente)
mongo;-3403713236862577217;3434.9377777777777;382.3254838874782;450;tief (4+ Segmente)
mongo;-3403371953495898319;3974.117777777778;392.09630412689785;450;tief (4+ Segmente)
mongo;-3399727487980641152;10789.494736842105;4109.157538596046;950;tief (4+ Segmente)
mongo;-3393218265570599300;6002.529472595656;2527.613739939981;967;tief (4+ Segmente)
mongo;-3392408947060220694;5880.269097222223;6276.084247417112;3456;flach (<=1 Segment)
mongo;-3377903988410497297;6685.508812481941;3847.434348145445;3461;tief (4+ Segmente)
mongo;-3369626089221044920;5922.370600414079;625.0754886569805;483;tief (4+ Segmente)
mongo;-3365335957668431316;5773.668421052632;1832.6059061692085;950;tief (4+ Segmente)
mongo;-3361468394996372886;4897.098947368421;1818.6422750657766;950;tief (4+ Segmente)
mongo;-3353914713027062714;3885.0355555555557;355.239325931749;450;tief (4+ Segmente)
mongo;-3352887610090032328;9710.077777777778;834.7226447835388;450;tief (4+ Segmente)
mongo;-3349377567608344314;4996.191111111111;571.758179225284;450;tief (4+ Segmente)
mongo;-3348447003203175989;4206.69803516029;901.3688645875756;967;tief (4+ Segmente)
mongo;-3347165239717756527;3666.2355555555555;394.17810246292504;450;tief (4+ Segmente)
mongo;-3342871886132936201;2811.491111111111;322.80670733339906;450;tief (4+ Segmente)
mongo;-3340599510936814973;3921.9622222222224;380.5159267459119;450;tief (4+ Segmente)
mongo;-3339084642037903925;23736.30888888889;924.4830422817224;450;mittel (2-3 Segmente)
mongo;-3321757619841395868;2924.7155555555555;311.039186407945;450;mittel (2-3 Segmente)
mongo;-3320123132674782609;6429.047368421053;1329.1325632825744;950;tief (4+ Segmente)
mongo;-3307927672604127069;2900.1591011235955;523.3729141995127;4450;tief (4+ Segmente)
mongo;-3303363298699957718;2300.149219330855;694.5140844373185;13450;mittel (2-3 Segmente)
mongo;-3303281525399304302;20410.587368421053;788.2117627658636;475;tief (4+ Segmente)
mongo;-3301930824992744885;10723.990683229813;6198.035759795672;966;tief (4+ Segmente)
mongo;-3300510525255103430;24233.782222222224;1295.971681151615;450;tief (4+ Segmente)
mongo;-3296067642732273707;1949.5050420168068;349.6265311308483;5950;mittel (2-3 Segmente)
mongo;-3293259676194782427;4436.7266666666665;435.3329150762383;450;tief (4+ Segmente)
mongo;-3293249707387605242;1631.4422222222222;183.75344790351997;450;mittel (2-3 Segmente)
mongo;-3281777396123298885;803.4006779661017;192.15664035247676;2950;flach (<=1 Segment)
mongo;-3275844229428859267;2877.5105263157893;341.7383370909057;950;tief (4+ Segmente)
mongo;-3266941514243669716;2681.5052631578947;308.74196460902;475;mittel (2-3 Segmente)
mongo;-3265948048194450142;4172.834482758621;611.0288782418166;1450;tief (4+ Segmente)
mongo;-3258635834576871254;6068.915555555555;574.6332127158588;450;tief (4+ Segmente)
mongo;-3253181087760982914;5207.844444444445;476.94597078158745;450;tief (4+ Segmente)
mongo;-3252016337469246042;8152.515555555556;761.8304916290426;450;tief (4+ Segmente)
mongo;-3244572697417268675;3359.0415384615385;499.9837676356299;1950;tief (4+ Segmente)
mongo;-3241270081535330322;4048.2075862068964;634.8695548167593;1450;tief (4+ Segmente)
mongo;-3221077713252935128;12811.015555555556;841.9895080142256;450;tief (4+ Segmente)
mongo;-3218893446209568056;5981.946666666667;590.1701176360566;450;tief (4+ Segmente)
mongo;-3214585510522985765;2480.634693877551;384.62378199402326;2450;tief (4+ Segmente)
mongo;-3208979975196295882;11740.66804550155;6537.79208464701;967;tief (4+ Segmente)
mongo;-3195851809285684582;2375.498947368421;255.53350639238096;475;tief (4+ Segmente)
mongo;-3190590634785963684;3528.017966101695;430.085615317639;2950;tief (4+ Segmente)
mongo;-3186312978222321866;3532.597777777778;394.87675672509795;450;tief (4+ Segmente)
mongo;-3182780897600962555;12999.060041407867;1006.5867423285159;483;tief (4+ Segmente)
mongo;-3181795016785207024;3422.1261224489795;414.93785590892816;2450;tief (4+ Segmente)
mongo;-3180863263788377465;17464.982067510547;6209.886304275865;948;tief (4+ Segmente)
mongo;-3179159996648849261;6292.57052631579;836.1307540977276;475;tief (4+ Segmente)
mongo;-3178690273898646873;15381.555555555555;8602.948834831357;2439;tief (4+ Segmente)
mongo;-3169099412187820852;9073.046511627907;4672.689860571217;1462;tief (4+ Segmente)
mongo;-3158041873128310693;6773.122222222222;616.9968763168959;450;tief (4+ Segmente)
mongo;-3154888016820135248;8881.386666666667;760.152166105408;450;tief (4+ Segmente)
mongo;-3145266493558771926;3327.031111111111;332.24740414337305;450;tief (4+ Segmente)
mongo;-3144947654514236922;16608.13664596273;838.6668176824896;483;tief (4+ Segmente)
mongo;-3136892053621096306;15308.90947368421;694.7626664363689;475;tief (4+ Segmente)
mongo;-3131549334285417536;3671.0844444444447;373.98671650573624;450;tief (4+ Segmente)
mongo;-3124908906709483926;4675.724444444444;464.10034585957095;450;tief (4+ Segmente)
mongo;-3113581913393171152;6422.211995863496;3429.971714799997;967;mittel (2-3 Segmente)
mongo;-3108025498305334423;3002.825714285714;733.2432957341476;2450;tief (4+ Segmente)
mongo;-3098646952459630062;2715.4378947368423;355.3519246371079;950;tief (4+ Segmente)
mongo;-3088890563917686328;3928.4184615384615;1270.2367499773472;1950;tief (4+ Segmente)
mongo;-3087599515705297114;5599.381052631579;718.7950477968574;475;mittel (2-3 Segmente)
mongo;-3083991999622905120;1767.178775510204;489.162413478841;2450;mittel (2-3 Segmente)
mongo;-3083796904901502797;21442.02888888889;811.0056703758842;450;tief (4+ Segmente)
mongo;-3083367917815956205;14774.286772486772;9056.965923222391;945;tief (4+ Segmente)
mongo;-3071608691774656431;5727.111578947369;616.5978985826428;475;mittel (2-3 Segmente)
mongo;-3070708722384956656;8494.464699074075;9656.182750799773;3456;tief (4+ Segmente)
mongo;-3065042425106332645;12385.252420470262;9583.041669571203;1446;tief (4+ Segmente)
mongo;-3048102631505364116;3294.384827586207;591.0159920638602;1450;tief (4+ Segmente)
mongo;-3030575409255423798;4039.587368421053;457.82365629360805;475;tief (4+ Segmente)
mongo;-3027973178064757987;1359.3420289855073;218.22161656479955;3450;mittel (2-3 Segmente)
mongo;-3023546514004782415;8993.134693877551;4863.61611817271;1470;tief (4+ Segmente)
mongo;-3017144945881683176;8139.5;935.6448802140821;450;tief (4+ Segmente)
mongo;-3015889914071122656;3621.956842105263;405.07323516719316;950;tief (4+ Segmente)
mongo;-3000291476142001502;4386.7555555555555;536.6034297150787;450;tief (4+ Segmente)
mongo;-2997971896890458336;4047.0755555555556;459.51138819642705;450;tief (4+ Segmente)
mongo;-2997100093229795678;3714.1204081632654;650.1853822018049;2450;tief (4+ Segmente)
mongo;-2995448924509090272;10270.25111111111;822.2110375413886;450;tief (4+ Segmente)
mongo;-2992329027767932743;12439.850051706308;8810.309334796408;967;tief (4+ Segmente)
mongo;-2990818102231951408;2357.8444444444444;359.97315883330197;450;tief (4+ Segmente)
mongo;-2986806035648228175;3538.153913043478;512.7546715776979;3450;tief (4+ Segmente)
mongo;-2982640914438560254;4548.712512926577;866.175679969123;967;tief (4+ Segmente)
mongo;-2976612325514127951;20265.257777777777;1576.0601480965786;450;tief (4+ Segmente)
mongo;-2956734987158443760;3008.5462068965517;594.4505401825722;1450;tief (4+ Segmente)
mongo;-2956620910149731957;14010.253333333334;919.777354099124;450;tief (4+ Segmente)
mongo;-2946785958391034539;2324.020465116279;401.15298305782363;6450;mittel (2-3 Segmente)
mongo;-2944184378851594918;7497.901052631579;552.9502620475621;475;tief (4+ Segmente)
mongo;-2940493998422442725;15231.477777777778;1048.1591289678795;450;tief (4+ Segmente)
mongo;-2937381665289622347;2263.0369491525425;530.3796297965567;2950;mittel (2-3 Segmente)
mongo;-2929846861573373466;4124.662222222222;440.8616251294214;450;tief (4+ Segmente)
mongo;-2925961785290407744;3685.728888888889;420.57549109167485;450;tief (4+ Segmente)
mongo;-2921777886404634018;13607.115555555556;658.2753872837634;450;tief (4+ Segmente)
mongo;-2916083665076915082;5794.546666666667;644.2318461056917;450;tief (4+ Segmente)
mongo;-2908511111454022448;6967.750526315789;2834.748222619161;950;tief (4+ Segmente)
mongo;-2906113030669765010;5294.24;505.45745908025407;450;mittel (2-3 Segmente)
mongo;-2887574797271615051;2655.831111111111;370.48651924909575;450;tief (4+ Segmente)
mongo;-2881247343325013557;759.0673684210526;101.11334753616612;950;flach (<=1 Segment)
mongo;-2878837800110024829;7743.264406779661;6370.122113329184;1475;mittel (2-3 Segmente)
mongo;-2876154350468006443;8445.466666666667;880.8052121929574;450;tief (4+ Segmente)
mongo;-2871297792908950110;3607.241985522234;400.94278306939594;967;tief (4+ Segmente)
mongo;-2870434648333380819;3590.8048979591836;664.5432473046968;2450;tief (4+ Segmente)
mongo;-2865921430745577598;2851.7924528301887;498.81089241983676;7950;tief (4+ Segmente)
mongo;-2863248243619485151;19110.743940990516;7414.1245262182965;949;tief (4+ Segmente)
mongo;-2854405418442449444;4829.126293995859;514.4907262034561;966;tief (4+ Segmente)
mongo;-2844573062851963249;8047.498947368421;685.6508330574007;475;tief (4+ Segmente)
mongo;-2839499292725179601;3024.018947368421;337.5586988475724;475;tief (4+ Segmente)
mongo;-2836578565749014132;2795.922105263158;366.0645808901572;950;mittel (2-3 Segmente)
mongo;-2836150694403063002;3040.1062068965516;787.9350118602468;1450;tief (4+ Segmente)
mongo;-2833546460768277607;21419.704545454544;968.0023492412862;484;tief (4+ Segmente)
mongo;-2824490495631783833;2920.9933333333333;518.2709373725133;3450;mittel (2-3 Segmente)
mongo;-2819076654114747488;5659.72;519.8079153534914;450;tief (4+ Segmente)
mongo;-2817916460640071856;893.6466666666666;144.5162333187878;450;flach (<=1 Segment)
mongo;-2808881694951013908;11102.18;836.5819689010904;450;tief (4+ Segmente)
mongo;-2806692448524173408;2716.3533333333335;295.8971741732955;450;tief (4+ Segmente)
mongo;-2803706779591232774;441.4738775510204;65.20051939160916;2450;flach (<=1 Segment)
mongo;-2793019412465416944;2844.1755555555555;287.572139225272;450;tief (4+ Segmente)
mongo;-2790207858170765516;2990.7863157894735;582.7592804481769;950;tief (4+ Segmente)
mongo;-2785659637603282379;3983.3635897435897;472.03299774150844;1950;tief (4+ Segmente)
mongo;-2784156708912863147;6188.8;594.9296593531533;475;tief (4+ Segmente)
mongo;-2781805606403239779;5733.3347368421055;591.5702015202177;475;tief (4+ Segmente)
mongo;-2766852004021046007;3038.5751020408165;402.6983428844377;2450;tief (4+ Segmente)
mongo;-2766057866324535103;3268.8688888888887;346.36016780959073;450;tief (4+ Segmente)
mongo;-2765878085214523825;7882.281282316442;1756.3734562728393;967;tief (4+ Segmente)
mongo;-2755747397067675126;4160.377777777778;356.4522970042333;450;tief (4+ Segmente)
mongo;-2748512631501562962;5206.3;645.231954845089;950;tief (4+ Segmente)
mongo;-2748163848039650369;6842.182222222223;603.3943206080453;450;tief (4+ Segmente)
mongo;-2747453729609688010;4009.4666666666667;407.3248978187726;450;tief (4+ Segmente)
mongo;-2741144795332851552;3997.748421052632;494.56427041248264;950;tief (4+ Segmente)
mongo;-2734324657072267647;2651.831111111111;368.6271502037791;450;mittel (2-3 Segmente)
mongo;-2728495970187018159;12558.727368421052;8404.273585120842;950;tief (4+ Segmente)
mongo;-2723263709560322935;2218.923448275862;270.5784240784598;1450;tief (4+ Segmente)
mongo;-2719889291921202371;929.7870707070707;332.26530163005566;4950;flach (<=1 Segment)
mongo;-2718012122064883133;5267.8533333333335;365.35144114353375;450;flach (<=1 Segment)
mongo;-2717619951245037790;3522.071111111111;380.5367494068041;450;tief (4+ Segmente)
mongo;-2717556854464536979;14595.577777777778;716.6955813299993;450;tief (4+ Segmente)
mongo;-2714998602368320872;3321.9543820224717;558.067189528885;4450;tief (4+ Segmente)
mongo;-2712361034082028310;6641.16;566.1321952856728;450;tief (4+ Segmente)
mongo;-2709058652755598101;3656.429230769231;673.4074262213188;1950;tief (4+ Segmente)
mongo;-2707747465642361202;2843.8878306878305;515.7410157558692;9450;tief (4+ Segmente)
mongo;-2701213530918112162;3437.213333333333;447.43159515006323;450;tief (4+ Segmente)
mongo;-2699523125284817998;5497.211111111111;566.6141908756417;450;tief (4+ Segmente)
mongo;-2692603405524539954;7086.84;703.7183654114557;450;tief (4+ Segmente)
mongo;-2692024911108744520;11849.656842105263;1048.0166349950237;475;tief (4+ Segmente)
mongo;-2677311226834765389;13290.068573397657;11532.159309170007;2902;mittel (2-3 Segmente)
mongo;-2668680902333762389;5375.9231578947365;1381.1145349620276;950;tief (4+ Segmente)
mongo;-2664133057355673802;7759.296066252588;823.5923923643461;483;tief (4+ Segmente)
mongo;-2658033047011429709;3335.8866666666668;484.23448005112;450;tief (4+ Segmente)
mongo;-2651510607260178200;20255.934736842104;785.1077850386902;475;tief (4+ Segmente)
mongo;-2636197913029062940;11423.984193888304;8421.903783239162;949;tief (4+ Segmente)
mongo;-2635169691858422041;3023.5982278481015;424.7935322556565;3950;tief (4+ Segmente)
mongo;-2631869997534430466;3021.5666666666666;345.5451859035424;450;tief (4+ Segmente)
mongo;-2627516338502745969;8621.56;3355.878500496526;950;mittel (2-3 Segmente)
mongo;-2611186425277629673;4768.631111111111;469.3009034781887;450;tief (4+ Segmente)
mongo;-2611151824069505738;8147.546315789474;1495.8823431944156;950;tief (4+ Segmente)
mongo;-2609472562729504114;26308.653846153848;1890.9959791448;416;tief (4+ Segmente)
mongo;-2607457006016854014;4516.612542372882;3223.574046901179;2950;mittel (2-3 Segmente)
mongo;-2604234694360545704;2800.511111111111;308.95489628524905;450;tief (4+ Segmente)
mongo;-2595662229810141790;2165.4164556962023;717.2113114803517;3950;mittel (2-3 Segmente)
mongo;-2592638182945132307;8687.513333333334;741.8340668051079;450;tief (4+ Segmente)
mongo;-2586428021143681650;14002.501530612244;7573.436901517944;1960;tief (4+ Segmente)
mongo;-2585917544149042233;3737.7326315789473;413.3893176430331;475;tief (4+ Segmente)
mongo;-2572662091531493257;5858.9979310344825;1591.854601328074;1450;tief (4+ Segmente)
mongo;-2568985926059986554;3700.4652631578947;498.6168721405356;475;mittel (2-3 Segmente)
mongo;-2563742711189158642;5934.646315789474;681.231471440909;475;tief (4+ Segmente)
mongo;-2561856897830632792;1901.5755555555556;334.37035842745144;450;mittel (2-3 Segmente)
mongo;-2559625314131134194;3113.633103448276;717.4507169628853;1450;tief (4+ Segmente)
mongo;-2559222448037904339;11106.104444444445;694.3595342374433;450;tief (4+ Segmente)
mongo;-2553393805967597362;7482.217777777778;845.1436175020224;450;mittel (2-3 Segmente)
mongo;-2548180345763249486;4143.6288888888885;442.7477903333766;450;tief (4+ Segmente)
mongo;-2539689392805719317;2503.64358974359;529.4541160506836;1950;tief (4+ Segmente)
mongo;-2534861538726150348;3632.9347368421054;602.6205763354533;475;tief (4+ Segmente)
mongo;-2531272331947415437;8419.06;878.3876063776527;450;tief (4+ Segmente)
mongo;-2530968450542712343;2280.584745762712;349.81547153896616;2950;tief (4+ Segmente)
mongo;-2526248153524971894;4054.472336065574;601.4227040755209;976;tief (4+ Segmente)
mongo;-2526193079753697511;19607.293333333335;1222.6014318667658;450;tief (4+ Segmente)
mongo;-2525549918523340614;2477.6155555555556;319.4154407835318;450;tief (4+ Segmente)
mongo;-2515453411050691590;18509.075555555555;949.7585878132239;450;tief (4+ Segmente)
mongo;-2513669228355612391;7572.544615384615;4805.567809754643;1950;tief (4+ Segmente)
mongo;-2502606358750552702;2763.94;312.94619594911217;450;tief (4+ Segmente)
mongo;-2500061965448855004;4941.013333333333;538.5945620517488;450;tief (4+ Segmente)
mongo;-2498109516761305073;4761.08947368421;958.204438762639;950;tief (4+ Segmente)
mongo;-2492132652619806627;2553.8813559322034;441.42859286914484;2950;tief (4+ Segmente)
mongo;-2479684404196726103;3655.4;436.61244579003557;950;tief (4+ Segmente)
mongo;-2476119167425695774;4491.2;552.3941256405559;475;tief (4+ Segmente)
mongo;-2474243421088712014;4772.704444444445;718.3495400380327;450;tief (4+ Segmente)
mongo;-2473466321970047199;2594.501052631579;495.19898555955075;950;mittel (2-3 Segmente)
mongo;-2473133952275352072;3481.0133333333333;337.68648867332087;450;tief (4+ Segmente)
mongo;-2460366365582918487;8423.604489795918;6426.955723043844;2450;mittel (2-3 Segmente)
mongo;-2447161183827422226;3328.130769230769;725.3367066021895;1950;tief (4+ Segmente)
mongo;-2442219366103423959;8574.744444444445;641.2383301205866;450;tief (4+ Segmente)
mongo;-2429736004923101315;4469.395555555556;457.15239838339045;450;tief (4+ Segmente)
mongo;-2427181927202493854;15922.633333333333;941.6197347891118;450;tief (4+ Segmente)
mongo;-2422562548704182940;3502.6644444444446;344.93881298254394;450;tief (4+ Segmente)
mongo;-2413725091312963324;6484.277145811789;1178.9496885979736;967;mittel (2-3 Segmente)
mongo;-2388632957523736160;5930.826153846154;4433.783271374442;1950;mittel (2-3 Segmente)
mongo;-2386877530086829807;8233.12;674.6423411432547;450;tief (4+ Segmente)
mongo;-2378682564792297801;3097.0663157894737;529.7729744418874;950;tief (4+ Segmente)
mongo;-2372400804455694713;3239.0844444444447;343.8128822132015;450;tief (4+ Segmente)
mongo;-2370117466822224111;6536.097777777778;625.5806775965294;450;tief (4+ Segmente)
mongo;-2366481354115452249;10036.83111111111;858.7967201860554;450;tief (4+ Segmente)
mongo;-2365722912682918962;2915.1613483146066;428.62851429976865;4450;tief (4+ Segmente)
mongo;-2363833932719172136;2518.44;295.2735958259427;450;tief (4+ Segmente)
mongo;-2361268915247699615;6709.677777777778;558.9722159981271;450;tief (4+ Segmente)
mongo;-2359573907541260342;6330.0684210526315;1395.8487379413514;950;tief (4+ Segmente)
mongo;-2359507157190040994;4520.844444444445;494.7595918217044;450;tief (4+ Segmente)
mongo;-2350813857348316232;10352.560492139439;6967.316638602127;1463;tief (4+ Segmente)
mongo;-2329111875858135937;1434.851111111111;238.19243696114438;450;mittel (2-3 Segmente)
mongo;-2321850361956096217;4881.241273100616;573.1390819843502;974;tief (4+ Segmente)
mongo;-2315334763871060540;4479.880952380952;999.4554513756375;966;tief (4+ Segmente)
mongo;-2307751624437518829;1954.0084210526315;332.29930192791943;950;tief (4+ Segmente)
mongo;-2294493723353783153;10950.282105263157;8121.145605233756;950;tief (4+ Segmente)
mongo;-2293713195386313295;9150.252518468771;5091.595147049024;2978;tief (4+ Segmente)
mongo;-2287281154508766753;2925.1473684210528;325.7743298381201;950;tief (4+ Segmente)
mongo;-2282878099682577570;4011.7355555555555;630.5930561932779;450;tief (4+ Segmente)
mongo;-2282821879317257870;10519.525397639814;8032.369363288266;1949;mittel (2-3 Segmente)
mongo;-2281199101954446374;6686.991111111111;1025.9217355593923;450;tief (4+ Segmente)
mongo;-2280516890771335684;2861.6102564102566;493.8366076667116;1950;mittel (2-3 Segmente)
mongo;-2272515555249843981;14781.03549659376;11243.038535173762;2789;tief (4+ Segmente)
mongo;-2264455898882511178;22836.72888888889;1438.8541073961244;450;tief (4+ Segmente)
mongo;-2254328874468802996;10950.434482758621;9708.030423100383;1450;mittel (2-3 Segmente)
mongo;-2252596734790495438;8271.904255319148;4736.3422089173155;1974;tief (4+ Segmente)
mongo;-2249501303391780954;4946.6067031463745;1746.4283848054408;1462;tief (4+ Segmente)
mongo;-2242902358044541173;3349.3273684210526;675.9655710959568;950;tief (4+ Segmente)
mongo;-2239728505033406305;2047.7958659217877;436.3178534020171;8950;mittel (2-3 Segmente)
mongo;-2236585610138008708;5271.691111111111;531.150526784489;450;tief (4+ Segmente)
mongo;-2235061985917903347;22921.434684684686;967.0757591528103;444;tief (4+ Segmente)
mongo;-2227468585668544777;4878.6866666666665;663.0446860686171;450;mittel (2-3 Segmente)
mongo;-2224482451458984380;3192.6266666666666;412.3725456871805;450;tief (4+ Segmente)
mongo;-2216150376932900568;4930.705442176871;1811.1466311260913;1470;tief (4+ Segmente)
mongo;-2214069644226296987;4210.151111111111;419.8132677598238;450;tief (4+ Segmente)
mongo;-2212346967192022625;3119.906315789474;349.4752662339334;950;tief (4+ Segmente)
mongo;-2212002541095008200;4382.114736842105;970.82972698207;950;tief (4+ Segmente)
mongo;-2211511155296728805;3653.9041379310343;569.9041809665997;1450;tief (4+ Segmente)
mongo;-2193589123262849998;11037.971794871795;7813.153175418973;1950;tief (4+ Segmente)
mongo;-2184253864351611050;9482.713103448275;5162.495945864126;1450;tief (4+ Segmente)
mongo;-2168950290245615470;5612.023157894737;487.75140816961414;475;tief (4+ Segmente)
mongo;-2167313672290001832;4078.2863157894735;445.7906905614449;475;tief (4+ Segmente)
mongo;-2163735345737031950;3582.5622222222223;408.496931856052;450;tief (4+ Segmente)
mongo;-2160073313449185716;3584.018947368421;387.83297883427036;475;tief (4+ Segmente)
mongo;-2157811771078368447;6707.12;513.6239864859032;475;tief (4+ Segmente)
mongo;-2146719503866079926;3852.9894736842107;376.5627324233565;475;tief (4+ Segmente)
mongo;-2138307860817785056;19927.78888888889;1017.599709680237;450;tief (4+ Segmente)
mongo;-2124652646841345608;2447.4178947368423;281.9196073553048;950;mittel (2-3 Segmente)
mongo;-2115073278496856356;6271.814356435643;4035.606889120858;6464;tief (4+ Segmente)
mongo;-2101800666867182197;15720.667368421053;673.111114651297;475;tief (4+ Segmente)
mongo;-2097149577849111398;16562.646206896552;7275.131300293538;1450;tief (4+ Segmente)
mongo;-2088677723591833123;5801.502222222222;524.6173841690095;450;tief (4+ Segmente)
mongo;-2078414972084297330;15140.675555555556;604.7046153157853;450;tief (4+ Segmente)
mongo;-2070861517930654852;7086.373333333333;657.6848022150028;450;tief (4+ Segmente)
mongo;-2061286800128394160;4567.987590486039;2161.4866720352966;967;tief (4+ Segmente)
mongo;-2056523262372144471;21370.200445434297;1062.8070753315505;449;tief (4+ Segmente)
mongo;-2052709122785280996;5365.757777777778;596.1074786084781;450;tief (4+ Segmente)
mongo;-2050093895247344708;2229.4828985507247;847.9179363351003;3450;mittel (2-3 Segmente)
mongo;-2033482807439470710;10120.820910973085;803.1500663224649;966;tief (4+ Segmente)
mongo;-2028843548471971381;5426.912413793103;3544.3517795962302;1450;mittel (2-3 Segmente)
mongo;-2027626163511880585;5491.846666666666;595.8816014069604;450;tief (4+ Segmente)
mongo;-2024085127205405848;2942.3688888888887;351.8289241989556;450;tief (4+ Segmente)
mongo;-2021924311826792474;16668.615555555556;912.0064134634506;450;tief (4+ Segmente)
mongo;-2011270478929697698;12377.334022750776;6963.132785724113;967;tief (4+ Segmente)
mongo;-2010625861911557214;3563.7194871794873;657.2474887336051;1950;tief (4+ Segmente)
mongo;-2009117548160280328;16334.98;999.4789787673234;450;mittel (2-3 Segmente)
mongo;-2007028123159912770;1749.6285714285714;439.3715543605279;490;flach (<=1 Segment)
mongo;-1998734532161289197;1268.8755555555556;150.68682424235854;450;flach (<=1 Segment)
mongo;-1996310669034281617;4008.6415384615384;749.0352441923349;1950;tief (4+ Segmente)
mongo;-1995015254960720404;3118.8368421052633;428.40789593665363;950;tief (4+ Segmente)
mongo;-1993673301792951122;4192.431111111111;421.93743497104316;450;tief (4+ Segmente)
mongo;-1990194161503355941;3432.7644444444445;419.7215564210677;450;mittel (2-3 Segmente)
mongo;-1981398416571784923;13259.413333333334;851.0272518202675;450;tief (4+ Segmente)
mongo;-1975748125637613533;14148.14997458058;7640.468224733521;1967;tief (4+ Segmente)
mongo;-1975348128262159923;3597.697777777778;318.323632777022;450;tief (4+ Segmente)
mongo;-1971516975377010929;6214.814482758621;4792.312421846304;1450;mittel (2-3 Segmente)
mongo;-1960823302128198557;3448.74;690.8750295145595;950;tief (4+ Segmente)
mongo;-1958701701688886655;2987.590067114094;495.2018167535441;7450;tief (4+ Segmente)
mongo;-1958337024384335204;2271.157777777778;282.0884166852884;450;tief (4+ Segmente)
mongo;-1954236290671977169;5899.916842105263;2229.927757676891;950;tief (4+ Segmente)
mongo;-1949043044700079151;2443.3771812080536;1024.4438545794035;7450;mittel (2-3 Segmente)
mongo;-1944310021015993582;7856.84;583.8173366589239;450;tief (4+ Segmente)
mongo;-1942861049087869311;3146.288888888889;346.56350615160005;450;tief (4+ Segmente)
mongo;-1926093232407215810;5402.9289655172415;2562.1824224334764;1450;tief (4+ Segmente)
mongo;-1920021398539691648;10422.947100712106;5020.258824728053;983;tief (4+ Segmente)
mongo;-1916192693791446888;6277.522105263158;625.2336415915552;475;tief (4+ Segmente)
mongo;-1915637386904052378;6240.831111111111;624.3291797140467;450;tief (4+ Segmente)
mongo;-1909062255350704550;11465.095555555556;871.2336808837574;450;tief (4+ Segmente)
mongo;-1893838939607344977;6067.637894736842;1159.003780566541;950;tief (4+ Segmente)
mongo;-1891259635261591478;6326.888421052631;649.5108985652947;475;tief (4+ Segmente)
mongo;-1888431145472274022;20405.397777777776;763.267751853535;450;tief (4+ Segmente)
mongo;-1885952285704562067;7731.944725311762;5343.704200923167;2967;tief (4+ Segmente)
mongo;-1869224647772042763;3937.3888888888887;385.41811659271;450;tief (4+ Segmente)
mongo;-1865730100338779607;6711.587368421053;652.5529791192488;475;tief (4+ Segmente)
mongo;-1858820068631560524;4746.546315789474;930.1343849914502;950;tief (4+ Segmente)
mongo;-1851435750967224438;5901.167368421053;1926.0004711710026;950;tief (4+ Segmente)
mongo;-1843639645334988463;3070.0757894736844;439.73592303512163;475;tief (4+ Segmente)
mongo;-1835018937319001327;15578.517777777777;825.0606812505424;450;tief (4+ Segmente)
mongo;-1832417558461740835;5970.363448275862;3422.101707668528;1450;tief (4+ Segmente)
mongo;-1830648821890703589;7683.682222222223;964.3001080301418;450;tief (4+ Segmente)
mongo;-1821161108874144535;5187.898947368421;690.5337859931593;475;tief (4+ Segmente)
mongo;-1800341513869000947;3078.342608695652;683.0235789097101;3450;mittel (2-3 Segmente)
mongo;-1791448009188052876;8807.546666666667;726.2127059298102;450;tief (4+ Segmente)
mongo;-1787583064969438898;12266.911224489795;7358.848380314001;980;tief (4+ Segmente)
mongo;-1784871458323169704;7181.765263157895;1610.584583426985;950;tief (4+ Segmente)
mongo;-1761091801583231362;25422.147321428572;867.0673634151756;448;tief (4+ Segmente)
mongo;-1746396400544390957;3719.9142372881356;661.6912959043897;2950;tief (4+ Segmente)
mongo;-1744851439597939055;3979.301052631579;539.8236373389651;950;tief (4+ Segmente)
mongo;-1741671178055945263;2607.3644541484714;535.4384354134302;11450;tief (4+ Segmente)
mongo;-1735120549682882055;4022.86275862069;443.51790370881145;1450;tief (4+ Segmente)
mongo;-1728251763703322130;3374.9;360.35243358687376;450;tief (4+ Segmente)
mongo;-1725546785079524455;5357.930344827586;3193.4761743107088;1450;mittel (2-3 Segmente)
mongo;-1713056452721807782;6800.448888888889;640.1422227213005;450;tief (4+ Segmente)
mongo;-1710671758518066422;9206.802219979818;5519.6141540263825;991;tief (4+ Segmente)
mongo;-1706194777670473832;5029.68;1523.6821688444008;950;tief (4+ Segmente)
mongo;-1705627249398031490;8969.426896551724;4406.163839091303;1450;tief (4+ Segmente)
mongo;-1699433280926514410;15080.900739176346;10996.387598207419;947;tief (4+ Segmente)
mongo;-1699244005488499831;8721.491061130335;7105.118131106072;3468;tief (4+ Segmente)
mongo;-1694929928793156643;4023.3807594936707;505.5000891905144;3950;tief (4+ Segmente)
mongo;-1676626672733862023;3699.628888888889;361.046348178851;450;tief (4+ Segmente)
mongo;-1675197142867180288;3043.2071888775854;1111.0026444551308;2949;tief (4+ Segmente)
mongo;-1667758683105623158;3776.7463157894736;509.90227153282666;950;tief (4+ Segmente)
mongo;-1659105654470979794;3804.6511111111113;475.2512832566263;450;tief (4+ Segmente)
mongo;-1647721556896226882;2946.297777777778;455.5629183777377;450;tief (4+ Segmente)
mongo;-1641438488246982060;4322.517777777778;474.4908755679904;450;tief (4+ Segmente)
mongo;-1633147539068353945;8013.395727365209;5266.117277105997;983;mittel (2-3 Segmente)
mongo;-1624285646769042414;2795.5666666666666;376.54679505227847;450;mittel (2-3 Segmente)
mongo;-1613339134958709081;2963.8088888888888;410.9313761589678;450;mittel (2-3 Segmente)
mongo;-1603150502992841560;3331.4476923076923;430.7490809462956;1950;tief (4+ Segmente)
mongo;-1601412177641468563;2097.1627586206896;360.0889714350917;1450;mittel (2-3 Segmente)
mongo;-1595757443120272267;3193.0209174311926;564.4044359643926;5450;tief (4+ Segmente)
mongo;-1586211853011333181;3952.1776859504134;537.7691915236352;484;tief (4+ Segmente)
mongo;-1585054192346006240;6508.969225566452;4001.219399814654;2957;mittel (2-3 Segmente)
mongo;-1573792320451393056;4129.62;484.87002832228796;450;tief (4+ Segmente)
mongo;-1572877992067423616;4930.671111111111;486.97018225589017;450;tief (4+ Segmente)
mongo;-1563927171327311874;3105.391111111111;349.07029293333187;450;mittel (2-3 Segmente)
mongo;-1563432360193507530;6201.749655172413;1135.7621739396516;1450;tief (4+ Segmente)
mongo;-1561458633857057472;10807.864615384615;7508.243079700464;975;tief (4+ Segmente)
mongo;-1557546456096026081;25846.881548974943;1423.5874035430227;439;tief (4+ Segmente)
mongo;-1554507165358929129;2974.8744827586206;340.2936084150426;1450;tief (4+ Segmente)
mongo;-1554506515955689131;3083.0422222222223;290.50776604616846;450;tief (4+ Segmente)
mongo;-1549210256231273624;3337.1355555555556;704.6616252377114;450;tief (4+ Segmente)
mongo;-1544453233239967066;6750.331111111111;716.8120335607933;450;mittel (2-3 Segmente)
mongo;-1542606408322102479;5187.711111111111;462.54107490980533;450;tief (4+ Segmente)
mongo;-1536450279590851616;1261.64;145.6249697133322;450;mittel (2-3 Segmente)
mongo;-1525667263991209270;6159.96;492.37226595846954;450;tief (4+ Segmente)
mongo;-1509261703355422284;7924.430526315789;2381.6683168441264;950;tief (4+ Segmente)
mongo;-1481568067479354530;20983.465;6752.257563754585;1200;tief (4+ Segmente)
mongo;-1473055545607857683;2843.3866666666668;307.28260361680634;450;tief (4+ Segmente)
mongo;-1441783554162140748;20393.344444444443;896.1596729881471;450;tief (4+ Segmente)
mongo;-1430533228852714126;2962.371111111111;365.9992911516146;450;tief (4+ Segmente)
mongo;-1427610732977106879;5370.211111111111;585.9580260901964;450;tief (4+ Segmente)
mongo;-1419557097211611717;5914.895555555556;469.5584669428857;450;tief (4+ Segmente)
mongo;-1408389466798581606;6701.309426229508;641.3199143960078;488;tief (4+ Segmente)
mongo;-1406448004936380398;7109.037525354969;3949.73595693296;1972;mittel (2-3 Segmente)
mongo;-1404784167605904000;3714.266666666667;711.8946195721301;1950;tief (4+ Segmente)
mongo;-1398124522055334829;4141.050256410256;431.85188173168063;1950;tief (4+ Segmente)
mongo;-1389568747789579864;4552.54947368421;1149.8123845559887;950;tief (4+ Segmente)
mongo;-1384190424761786695;3806.397142857143;459.49974155240756;2450;tief (4+ Segmente)
mongo;-1382049182286913592;6802.0488888888885;631.7254078498335;450;tief (4+ Segmente)
mongo;-1380326174732680875;14067.528888888888;601.7406231591899;450;tief (4+ Segmente)
mongo;-1374185655333523060;21540.089968976215;1218.300437357442;967;tief (4+ Segmente)
mongo;-1367162939048514842;3661.2991011235954;559.3823446704165;4450;tief (4+ Segmente)
mongo;-1366006857886691735;4875.775614754099;579.1011778739602;976;tief (4+ Segmente)
mongo;-1364420539027505950;5924.170256410256;1346.2112313459168;975;mittel (2-3 Segmente)
mongo;-1361657041113727222;2642.008888888889;296.7699834609208;450;mittel (2-3 Segmente)
mongo;-1345594660209774617;4536.825517241379;1331.450629598623;1450;tief (4+ Segmente)
mongo;-1342981523981779810;4154.124444444445;467.0200823386477;450;mittel (2-3 Segmente)
mongo;-1341758745470569978;2100.193949579832;393.62060122349425;5950;tief (4+ Segmente)
mongo;-1335089315095507441;12376.517777777777;1020.7972323928865;450;tief (4+ Segmente)
mongo;-1334037166214330178;9757.923326572009;4802.0821159090765;2465;mittel (2-3 Segmente)
mongo;-1325178304634695891;6533.2444444444445;585.7538897874589;450;tief (4+ Segmente)
mongo;-1310165631407369507;3602.837288135593;482.84865183893135;2950;tief (4+ Segmente)
mongo;-1309272175266543735;8582.808888888889;769.4709772148951;450;tief (4+ Segmente)
mongo;-1303325678300116417;9199.177435897436;3437.3077151825937;975;tief (4+ Segmente)
mongo;-1302905048541662668;21138.577777777777;780.137024366825;450;tief (4+ Segmente)
mongo;-1301531761954020883;3260.6;688.9983719762188;950;tief (4+ Segmente)
mongo;-1301484730361378037;3347.688205128205;410.79800228423346;1950;tief (4+ Segmente)
mongo;-1301297254704677002;5255.411447811448;1557.015064631355;2970;mittel (2-3 Segmente)
mongo;-1300831433226011196;9482.371111111112;753.3838807469698;450;tief (4+ Segmente)
mongo;-1291215617970060793;2896.34;618.8137322247089;2450;tief (4+ Segmente)
mongo;-1284151286954756014;3309.4905263157893;311.2644551295894;950;tief (4+ Segmente)
mongo;-1282510367994906480;3677.9777777777776;402.7196844844065;450;tief (4+ Segmente)
mongo;-1282396922315895454;5725.383451059536;4908.184386000917;3964;tief (4+ Segmente)
mongo;-1281172931481335592;4419.86;458.43882503873414;450;tief (4+ Segmente)
mongo;-1280356115095216296;5786.555254237288;4069.5949407179273;2950;tief (4+ Segmente)
mongo;-1277837148899482197;4124.322222222222;447.7704686564776;450;tief (4+ Segmente)
mongo;-1275009963540448219;3790.513684210526;1234.7125078969266;950;flach (<=1 Segment)
mongo;-1274683139898931224;6307.12;1442.4433916679322;950;tief (4+ Segmente)
mongo;-1270775026250410433;3651.9533333333334;439.5718153963794;450;tief (4+ Segmente)
mongo;-1266462508769765441;4417.507368421053;1608.1455962191399;950;tief (4+ Segmente)
mongo;-1262681611626735380;9948.523448275862;10130.538121198373;1450;tief (4+ Segmente)
mongo;-1257208105912944907;15796.493333333334;917.1405772756576;450;tief (4+ Segmente)
mongo;-1257060556545671225;2529.605997931748;472.43793822176656;967;mittel (2-3 Segmente)
mongo;-1252144122924932230;2881.3915789473685;662.844354971376;950;tief (4+ Segmente)
mongo;-1243585957331624032;5310.366225839268;6836.767502020814;2949;mittel (2-3 Segmente)
mongo;-1232941133641981219;7585.28;4168.279595924414;950;tief (4+ Segmente)
mongo;-1229807527270756024;20777.06013363029;963.6084588674357;449;tief (4+ Segmente)
mongo;-1226004613452889364;11007.41393875396;10336.729412993145;947;flach (<=1 Segment)
mongo;-1198660050556180889;7534.895424836602;7709.8364877240565;2448;mittel (2-3 Segmente)
mongo;-1186302153172792635;5561.756842105263;1095.2486429648095;950;tief (4+ Segmente)
mongo;-1181655708163936728;5920.693333333334;523.6282655992907;450;tief (4+ Segmente)
mongo;-1178802131553019457;4052.5679069767443;498.3200546259585;6450;tief (4+ Segmente)
mongo;-1171417445788865595;4118.392130257802;1398.758480969703;1474;tief (4+ Segmente)
mongo;-1164875004444016445;3311.713333333333;390.1884474756138;450;mittel (2-3 Segmente)
mongo;-1163225176108269525;5849.155555555555;625.7151331591642;450;tief (4+ Segmente)
mongo;-1162206770566412425;804.5933333333334;93.53163156093173;450;flach (<=1 Segment)
mongo;-1161149510275607283;4361.5368421052635;1725.1856637795725;950;tief (4+ Segmente)
mongo;-1155144216831261604;13360.713333333333;944.7382381245159;450;mittel (2-3 Segmente)
mongo;-1154564160911596242;20377.488421052632;1371.6113200401467;475;tief (4+ Segmente)
mongo;-1147786320482881259;7233.948421052632;3963.5533403293653;950;tief (4+ Segmente)
mongo;-1147427650133624562;12940.821096173733;7322.6170931722945;967;tief (4+ Segmente)
mongo;-1142806706128653399;14047.597777777777;876.2516599055637;450;mittel (2-3 Segmente)
mongo;-1139035755361484990;11747.658613445377;8811.58713765261;1904;tief (4+ Segmente)
mongo;-1138670312123838500;5067.973333333333;662.7249135888239;450;tief (4+ Segmente)
mongo;-1133666134339386689;6175.384183673469;2221.143363587276;1960;tief (4+ Segmente)
mongo;-1117996510351194316;11031.937799043062;7104.0343087966985;1463;tief (4+ Segmente)
mongo;-1116646742328492647;3349.5644444444442;362.70048332447925;450;tief (4+ Segmente)
mongo;-1105912045595790768;7431.595789473684;4198.536139191883;950;tief (4+ Segmente)
mongo;-1102119628411974236;3471.0491071428573;819.3428139648191;2464;tief (4+ Segmente)
mongo;-1099182290545768373;4168.557894736842;424.2108477224315;950;flach (<=1 Segment)
mongo;-1094314109542553440;3992.084210526316;455.11700143815614;950;tief (4+ Segmente)
mongo;-1092728409132368592;3994.1662068965516;547.5898676723841;1450;tief (4+ Segmente)
mongo;-1066283094928762422;5662.2616632860045;2392.220857690702;986;tief (4+ Segmente)
mongo;-1062834293453104512;6466.301052631579;645.0975786416764;475;mittel (2-3 Segmente)
mongo;-1060510342248940710;3260.468888888889;722.3792630592978;450;mittel (2-3 Segmente)
mongo;-1058932256941506053;9613.181052631578;5802.09508024374;950;tief (4+ Segmente)
mongo;-1057225652520132560;3269.1394842406876;573.2362994737933;17450;tief (4+ Segmente)
mongo;-1041163284904308633;4802.100409836065;708.8222786787757;488;mittel (2-3 Segmente)
mongo;-1038672730964159000;20763.565400843883;909.837390476471;474;tief (4+ Segmente)
mongo;-1015176070002537863;7516.88;549.7564221112483;450;tief (4+ Segmente)
mongo;-1011705502904244685;1271.8955555555556;193.7485575267008;450;mittel (2-3 Segmente)
mongo;-1005999689980963900;5339.917777777778;556.3182461480819;450;tief (4+ Segmente)
mongo;-1005036532248870835;6288.264444444444;591.2214820408066;450;tief (4+ Segmente)
mongo;-999662701872284303;4911.16;802.6919642969466;950;mittel (2-3 Segmente)
mongo;-997680069722330455;7197.437777777778;816.0191446586246;450;mittel (2-3 Segmente)
mongo;-988486435997465584;11255.617777777778;906.3672321935301;450;tief (4+ Segmente)
mongo;-982923286628806194;10573.64312071692;9505.90005991262;1897;tief (4+ Segmente)
mongo;-980900924742861384;10304.556359875905;7522.753892353906;967;tief (4+ Segmente)
mongo;-980586427626818000;12558.855371900827;1225.5945613166075;484;tief (4+ Segmente)
mongo;-958716564305523346;1067.4273684210527;227.57905958877967;475;flach (<=1 Segment)
mongo;-956958556399154076;7792.833781965007;6193.210434363674;2972;tief (4+ Segmente)
mongo;-951867557279280905;3698.75;1011.6031544347185;1960;tief (4+ Segmente)
mongo;-951548361852289622;11178.628888888888;900.5350785346283;450;tief (4+ Segmente)
mongo;-948298255490516979;2961.0177777777776;368.72467217468505;450;mittel (2-3 Segmente)
mongo;-946987447466547686;3063.9406896551723;492.1147678337053;1450;tief (4+ Segmente)
mongo;-937303043881024454;10544.801447776628;5450.419714865703;967;tief (4+ Segmente)
mongo;-935989585016573881;4922.454736842105;1757.6348749346669;950;tief (4+ Segmente)
mongo;-927218716151091781;3365.6666666666665;351.8888959603908;450;tief (4+ Segmente)
mongo;-926503039785092662;5779.9826530612245;4846.205459374558;1960;tief (4+ Segmente)
mongo;-904736880637141719;4828.441379310345;1138.898217324655;1450;tief (4+ Segmente)
mongo;-904584677280862342;3368.456842105263;376.14046561637775;950;tief (4+ Segmente)
mongo;-886666454737913978;1618.9347368421052;594.1765888250566;950;mittel (2-3 Segmente)
mongo;-886348599410472089;3377.3133333333335;351.3896650497652;450;tief (4+ Segmente)
mongo;-876203789336077986;3552.8810526315788;372.6770603566403;950;tief (4+ Segmente)
mongo;-868554760229265647;9822.856842105262;790.5751128124683;475;tief (4+ Segmente)
mongo;-864801177655640342;5474.742222222222;574.0431335263281;450;mittel (2-3 Segmente)
mongo;-861170935330533380;16435.002070393373;1022.9359270179561;483;tief (4+ Segmente)
mongo;-860610073248486863;3174.482068965517;433.397141371427;1450;tief (4+ Segmente)
mongo;-850787889858782036;20545.523489932886;7096.611236841638;2384;tief (4+ Segmente)
mongo;-846944826254059170;2720.9933333333333;288.54455824628013;450;tief (4+ Segmente)
mongo;-845312719791041569;3426.1311111111113;384.99639677961113;450;tief (4+ Segmente)
mongo;-838837378139975782;8026.462222222222;703.739473739595;450;tief (4+ Segmente)
mongo;-838525581036616800;5231.582222222222;523.011924510241;450;tief (4+ Segmente)
mongo;-833408029171626823;5668.235555555556;468.76580841907275;450;tief (4+ Segmente)
mongo;-825698979634363711;2636.7768421052633;340.3326004296403;950;tief (4+ Segmente)
mongo;-825665939864897028;2258.822222222222;307.44979410800596;450;mittel (2-3 Segmente)
mongo;-820555431689515143;6767.521052631579;3006.941867092673;950;tief (4+ Segmente)
mongo;-812649424073779382;3725.461052631579;409.85164041490464;475;tief (4+ Segmente)
mongo;-809769926997623909;14988.484444444444;1152.7584641176593;450;tief (4+ Segmente)
mongo;-806896306229536840;3624.6736842105265;402.982641471212;475;mittel (2-3 Segmente)
mongo;-799480849859012961;9066.66358974359;8687.092823943973;1950;mittel (2-3 Segmente)
mongo;-788012020680796868;3411.3406896551724;372.25014936938356;1450;tief (4+ Segmente)
mongo;-786944327308176392;3911.182222222222;435.82447545155503;450;tief (4+ Segmente)
mongo;-768942943594687045;10138.61548867095;4738.922976971452;2957;tief (4+ Segmente)
mongo;-762537106096969326;14677.385263157894;1084.454019327487;475;tief (4+ Segmente)
mongo;-754649393949767036;1269.0111111111112;190.17792012128544;450;flach (<=1 Segment)
mongo;-734300358027829356;3925.1873684210527;374.6178596495054;475;tief (4+ Segmente)
mongo;-720759650088013854;3764.022068965517;440.8493224634576;1450;tief (4+ Segmente)
mongo;-717309087279289976;1881.7911111111111;263.0183136748923;450;mittel (2-3 Segmente)
mongo;-715299219599024243;4742.979466119096;460.56964593256384;487;tief (4+ Segmente)
mongo;-713455792700484488;3822.9528205128204;523.4265981225138;1950;tief (4+ Segmente)
mongo;-702205980756045710;14127.018967334036;7497.1138138362585;949;tief (4+ Segmente)
mongo;-698097641641718618;4029.064210526316;599.2844073815199;950;tief (4+ Segmente)
mongo;-692562246734684061;7867.195789473684;613.7824983302274;475;tief (4+ Segmente)
mongo;-685680277932629972;10899.063157894738;5525.122421123251;950;tief (4+ Segmente)
mongo;-683833268483829410;6661.963076923077;1255.1154264641223;975;tief (4+ Segmente)
mongo;-676524237274392942;3458.5022222222224;339.12010636783975;450;tief (4+ Segmente)
mongo;-672679351817544965;12755.904444444444;634.5213142192039;450;mittel (2-3 Segmente)
mongo;-671720453024294149;4067.4063768115943;423.887382765198;3450;tief (4+ Segmente)
mongo;-668162802569951284;3116.2301265822784;551.5111654952892;3950;tief (4+ Segmente)
mongo;-667023484916216473;4852.671111111111;502.2259966636738;450;tief (4+ Segmente)
mongo;-663959119880159562;2893.5530612244897;403.9435078504429;2450;tief (4+ Segmente)
mongo;-650535156121947178;3808.6022222222223;459.5518776809955;450;tief (4+ Segmente)
mongo;-649275921769806741;3044.773781512605;529.7285926118644;5950;tief (4+ Segmente)
mongo;-646934847537396402;4434.0;443.72787563655083;450;tief (4+ Segmente)
mongo;-634323770002774154;5168.699792960662;544.8800725904563;483;tief (4+ Segmente)
mongo;-626347549977314207;4201.124444444445;411.28327887396136;450;tief (4+ Segmente)
mongo;-625057257957658654;22970.346666666668;1325.473122169836;450;tief (4+ Segmente)
mongo;-623562049912430588;3335.1666666666665;333.3312540766629;450;tief (4+ Segmente)
mongo;-620929178760929530;10485.618367346939;6325.302580808599;980;mittel (2-3 Segmente)
mongo;-617254561896405400;6799.154081632653;1788.0132396916329;1960;tief (4+ Segmente)
mongo;-615180719405501910;24701.496746203906;1370.355397606861;461;mittel (2-3 Segmente)
mongo;-608101593959131118;9423.026666666667;859.944681081962;450;tief (4+ Segmente)
mongo;-605701124795670244;19792.266666666666;1363.1219211565922;450;tief (4+ Segmente)
mongo;-590476832650313023;3622.5155555555557;564.85384196838;450;tief (4+ Segmente)
mongo;-587320557263378781;4043.1463157894736;391.3757349711931;950;tief (4+ Segmente)
mongo;-582445372750389800;6627.073716319268;4547.7516773204825;1967;tief (4+ Segmente)
mongo;-577948604998728801;6987.286666666667;741.2371438246334;450;flach (<=1 Segment)
mongo;-576904222660268632;6973.006315789474;2479.212308615977;950;tief (4+ Segmente)
mongo;-572372410351709424;3592.337777777778;461.05609052934585;450;tief (4+ Segmente)
mongo;-561311154760784585;4297.453333333333;443.95308526393615;450;tief (4+ Segmente)
mongo;-556305337681428603;13784.888314374353;7213.304327336837;967;tief (4+ Segmente)
mongo;-550419488999605943;5171.031578947369;862.4364334497064;950;tief (4+ Segmente)
mongo;-549531212040157439;7908.522222222222;1064.6128422855963;450;tief (4+ Segmente)
mongo;-538411094949865799;10221.82;805.3768867219386;450;tief (4+ Segmente)
mongo;-534695858185029386;7219.624444444445;724.5229988020534;450;tief (4+ Segmente)
mongo;-530081266796103014;4591.7;403.6559719025116;450;tief (4+ Segmente)
mongo;-527562961117850576;4943.317777777777;501.6326785873072;450;tief (4+ Segmente)
mongo;-523799415667217518;3363.62;364.9219339282243;450;tief (4+ Segmente)
mongo;-520597336239082261;8981.56;683.5979243877006;450;tief (4+ Segmente)
mongo;-517031666257435008;3832.749898989899;453.2902935150702;4950;tief (4+ Segmente)
mongo;-496889103183574071;5804.860862489829;1678.8957369562222;2458;tief (4+ Segmente)
mongo;-484428940663733261;6061.233333333334;845.3380400789107;450;tief (4+ Segmente)
mongo;-482516043077965790;4717.564444444444;493.9950646514846;450;tief (4+ Segmente)
mongo;-481379052557260490;9757.052631578947;5797.409898521374;950;tief (4+ Segmente)
mongo;-471621837324455169;3352.831111111111;359.0797169542419;450;tief (4+ Segmente)
mongo;-470555950724741090;7152.688421052631;4376.104917680872;950;tief (4+ Segmente)
mongo;-466587019627091675;15414.475555555555;995.0136418703233;450;tief (4+ Segmente)
mongo;-466354075266607078;8463.026666666667;591.5496309522408;450;tief (4+ Segmente)
mongo;-465475944412454114;7906.693333333334;650.2957553630554;450;tief (4+ Segmente)
mongo;-465007406534964700;2887.189655172414;442.15022854184264;1450;tief (4+ Segmente)
mongo;-462084867582288005;2380.4891743119265;357.02268400118265;5450;tief (4+ Segmente)
mongo;-461641511560889927;5877.922051282051;2788.0372239094054;1950;tief (4+ Segmente)
mongo;-461248594621337422;5557.708888888889;441.6192790983748;450;tief (4+ Segmente)
mongo;-458674988903639283;3191.791937984496;737.5492040986464;6450;mittel (2-3 Segmente)
mongo;-458597930885644573;8790.619790454017;7637.139724767475;4295;mittel (2-3 Segmente)
mongo;-457687612228832777;4050.737777777778;406.66211235538077;450;tief (4+ Segmente)
mongo;-455523543713398416;14711.264210526317;9876.867573420757;950;tief (4+ Segmente)
mongo;-452865757161756819;3367.357894736842;401.74635961500985;475;mittel (2-3 Segmente)
mongo;-448423979179807019;2730.766206896552;498.338273685765;1450;tief (4+ Segmente)
mongo;-428178919660219369;4137.62;509.32971809741656;450;tief (4+ Segmente)
mongo;-427237297978106495;4004.1755555555555;387.2670134583403;450;tief (4+ Segmente)
mongo;-419140903170904598;2980.4822222222224;333.3259016320768;450;tief (4+ Segmente)
mongo;-419122866998631468;20845.13140311804;1288.4660377606158;449;tief (4+ Segmente)
mongo;-418254811949825438;4747.62;521.8830476380956;450;tief (4+ Segmente)
mongo;-410374789153668853;7243.2;597.0511686577166;450;tief (4+ Segmente)
mongo;-399534151784418069;5891.103157894737;684.2651174357595;475;tief (4+ Segmente)
mongo;-398378841008639226;1425.4768421052631;473.6651600738464;950;mittel (2-3 Segmente)
mongo;-397197836751117986;2812.337777777778;352.21490281911593;450;tief (4+ Segmente)
mongo;-382367704045985936;5774.936842105263;1365.3322295932217;950;tief (4+ Segmente)
mongo;-364415697452410789;9022.482222222223;1010.0092861133186;450;tief (4+ Segmente)
mongo;-354141664031981590;6624.897604035309;3474.682764865718;3965;tief (4+ Segmente)
mongo;-354029295299657776;6194.528888888889;548.7207721606175;450;tief (4+ Segmente)
mongo;-350198810894283870;5805.477777777778;531.7706529554982;450;tief (4+ Segmente)
mongo;-348103487528742732;4971.296842105263;441.5996887641439;475;tief (4+ Segmente)
mongo;-343326838841243641;3333.2162711864407;425.9314154982822;2950;tief (4+ Segmente)
mongo;-337597371140235294;4527.712925170068;1070.7738753857388;1470;tief (4+ Segmente)
mongo;-331443925577116998;2574.576842105263;344.63825033476877;950;tief (4+ Segmente)
mongo;-317441495434257212;6970.379310344828;3431.1681708748847;1450;tief (4+ Segmente)
mongo;-317387764582358453;5251.446666666667;505.51514491377355;450;tief (4+ Segmente)
mongo;-303432801253302717;22516.679287305124;887.2526916713535;449;tief (4+ Segmente)
mongo;-290220819521966770;19649.071111111112;1125.7291897878508;450;tief (4+ Segmente)
mongo;-283422899342197380;6920.335555555555;529.5751634509712;450;tief (4+ Segmente)
mongo;-277753507893058776;2784.0957894736844;452.8648466357218;950;tief (4+ Segmente)
mongo;-266524265600946630;3965.5324137931034;495.4423088708618;1450;tief (4+ Segmente)
mongo;-246801436883014674;4473.728888888889;419.4893144165605;450;tief (4+ Segmente)
mongo;-246001255999645660;2124.511111111111;302.0466432676093;450;mittel (2-3 Segmente)
mongo;-241425858211006117;2963.5910344827585;353.85181936015505;1450;tief (4+ Segmente)
mongo;-238865806560541738;3592.4533333333334;430.3644167736739;450;tief (4+ Segmente)
mongo;-233770229532936674;3839.3220689655172;707.4377188231182;1450;tief (4+ Segmente)
mongo;-230870765191498583;7495.310215827338;3852.1536916099903;3475;tief (4+ Segmente)
mongo;-229540045068107337;20034.584444444445;1220.8331005693142;450;tief (4+ Segmente)
mongo;-222351038864903952;17096.54;748.6090498600015;450;tief (4+ Segmente)
mongo;-219643762026423677;2607.3979310344826;385.54196694690694;1450;tief (4+ Segmente)
mongo;-210588630405208782;15382.524444444445;932.0389749623141;450;tief (4+ Segmente)
mongo;-210505075524916099;3736.1703370786518;473.8504507680405;4450;tief (4+ Segmente)
mongo;-209323759840863446;4195.171111111111;408.88055068870904;450;tief (4+ Segmente)
mongo;-207721613753010951;3715.2694736842104;977.383818452048;950;tief (4+ Segmente)
mongo;-200115574970390025;9786.933333333332;632.2716847180595;450;tief (4+ Segmente)
mongo;-192549819336644918;2977.1413793103447;378.97616607042977;1450;tief (4+ Segmente)
mongo;-190574955427962001;2926.0357894736844;739.0776588844552;950;mittel (2-3 Segmente)
mongo;-190069003866816928;3531.0222222222224;350.76823031478904;450;tief (4+ Segmente)
mongo;-188946110895000965;10077.975862068966;7037.046741500807;1450;flach (<=1 Segment)
mongo;-178955440572685079;2910.7066666666665;358.68427369483464;450;tief (4+ Segmente)
mongo;-177579081297321619;5413.817435897436;3344.31382045333;975;mittel (2-3 Segmente)
mongo;-166297005415469509;2925.46;457.0096707441485;450;tief (4+ Segmente)
mongo;-163214882111700806;25086.087640449437;1413.0310686111648;445;tief (4+ Segmente)
mongo;-161673237611990535;4073.551111111111;403.29237274756053;450;tief (4+ Segmente)
mongo;-156080587126985948;5450.9111111111115;691.6516439187512;450;tief (4+ Segmente)
mongo;-154629916319403428;3878.7616949152543;697.2746713221318;2950;tief (4+ Segmente)
mongo;-147018835580887759;4024.166153846154;530.2013568374565;1950;tief (4+ Segmente)
mongo;-133064584206998065;9600.573333333334;746.2791086271103;450;tief (4+ Segmente)
mongo;-131922105061207877;4254.542407660739;1267.6476473171163;1462;tief (4+ Segmente)
mongo;-113989919693148287;3460.788888888889;344.63524161772807;450;tief (4+ Segmente)
mongo;-99519943041115125;2946.6511111111113;344.5549992282723;450;tief (4+ Segmente)
mongo;-98785862471909174;5308.373793103448;976.0062781239134;1450;tief (4+ Segmente)
mongo;-98624059311581746;4924.066315789473;2052.356588589101;950;tief (4+ Segmente)
mongo;-97824124323916450;8656.800207039338;5938.289833929572;966;mittel (2-3 Segmente)
mongo;-88358986606102469;21422.977777777778;826.1946520454771;450;tief (4+ Segmente)
mongo;-84351002558133935;5044.331282051282;577.054422890342;975;tief (4+ Segmente)
mongo;-74083701468800201;4192.08947368421;527.5114483395904;950;tief (4+ Segmente)
mongo;-65857146176232050;14102.665263157895;633.3291046552838;475;tief (4+ Segmente)
mongo;-58807584850226995;8171.635555555556;657.3594444955575;450;tief (4+ Segmente)
mongo;-46412961072352623;6744.555555555556;741.6341030362877;450;tief (4+ Segmente)
mongo;-46146791877617245;4112.38;358.04050989526;450;tief (4+ Segmente)
mongo;-43942694157641021;2865.3989743589746;438.6853111930191;1950;tief (4+ Segmente)
mongo;-41039363517434150;9657.983448275862;5300.429740615249;1450;tief (4+ Segmente)
mongo;-28721297025428128;7197.664444444445;726.066600924445;450;tief (4+ Segmente)
mongo;-28414817254969043;2764.5641379310346;401.33541277944096;1450;tief (4+ Segmente)
mongo;-26275185089862004;880.4586206896552;142.28837643493446;1450;flach (<=1 Segment)
mongo;-26019162020834691;3194.291111111111;341.06544991172063;450;tief (4+ Segmente)
mongo;-21110876835005195;7913.524444444444;649.2059810722141;450;tief (4+ Segmente)
mongo;-20489772213607730;9885.628888888888;926.4063636500099;450;tief (4+ Segmente)
mongo;-19498224542677218;9705.164210526316;3846.691742228552;950;tief (4+ Segmente)
mongo;-16060888547024929;5451.949473684211;1036.6367314225322;950;tief (4+ Segmente)
mongo;-12691401629138590;15131.582718651212;5525.267867072847;949;tief (4+ Segmente)
mongo;-4479627821460623;6918.932631578948;791.3316687700126;950;tief (4+ Segmente)
mongo;-3865811228107998;3356.3733333333334;379.89557022446223;450;tief (4+ Segmente)
mongo;220234770526988;3510.0533333333333;574.8812510182966;1950;tief (4+ Segmente)
mongo;765635123294869;9152.013333333334;839.3548454704355;450;tief (4+ Segmente)
mongo;778453150526408;3529.175172413793;514.7775277154784;1450;tief (4+ Segmente)
mongo;14515925934050544;3965.76;404.39191359037204;450;tief (4+ Segmente)
mongo;24292029224103532;4167.749482401657;532.089708995975;966;tief (4+ Segmente)
mongo;31621440109336445;2780.751111111111;359.017938284285;450;mittel (2-3 Segmente)
mongo;31783551850831752;2182.4715789473685;343.3076155815336;475;mittel (2-3 Segmente)
mongo;35130999116599943;2186.7863157894735;336.64068705886103;950;mittel (2-3 Segmente)
mongo;48824298147340786;4135.395555555556;449.41754829960036;450;tief (4+ Segmente)
mongo;50684139167807982;2359.3771014492754;573.9572178367778;3450;tief (4+ Segmente)
mongo;55621005251156460;6154.193581780538;955.3160564277163;966;tief (4+ Segmente)
mongo;69965469543567790;1976.5572413793104;358.135145490427;1450;mittel (2-3 Segmente)
mongo;71761511155842919;4480.237777777777;521.510986924342;450;tief (4+ Segmente)
mongo;73845720636440095;4817.978947368421;1053.464095348561;950;tief (4+ Segmente)
mongo;81519984447899441;6859.324380165289;712.1523176576519;484;tief (4+ Segmente)
mongo;86213027746613746;8802.566563467492;4788.975597851252;969;tief (4+ Segmente)
mongo;89066815405866784;2357.9326530612243;749.5768251880696;2450;mittel (2-3 Segmente)
mongo;90896676295319176;7294.308823529412;1256.3432363749716;476;tief (4+ Segmente)
mongo;109055709707097422;6367.704444444445;530.6847190441546;450;tief (4+ Segmente)
mongo;113094063037578259;6174.9049586776855;613.0132946658322;484;mittel (2-3 Segmente)
mongo;116562657665866286;2569.1498876404494;448.6368286838018;4450;tief (4+ Segmente)
mongo;122345333946523605;3378.9622222222224;403.40685127612875;450;tief (4+ Segmente)
mongo;127658213382634400;8083.058945191313;5278.7882535794615;967;tief (4+ Segmente)
mongo;130004579459825462;7429.8;659.1688057520735;450;tief (4+ Segmente)
mongo;145396509579989882;8687.87724137931;4949.311239848942;1450;tief (4+ Segmente)
mongo;154762076167983203;3140.1786440677965;463.79859158399773;2950;tief (4+ Segmente)
mongo;160880577866574195;1966.7905263157895;314.3872178959081;950;tief (4+ Segmente)
mongo;169020085276254000;2878.0315789473684;312.30539434697397;475;tief (4+ Segmente)
mongo;171992246172382490;9044.574610244988;872.7011891332767;449;tief (4+ Segmente)
mongo;189453191465587307;5292.644444444444;493.4132451981766;450;mittel (2-3 Segmente)
mongo;196204178423726517;5160.036551724138;1522.3511312824699;1450;tief (4+ Segmente)
mongo;198385241727043463;7698.557394002069;2380.366871649975;967;mittel (2-3 Segmente)
mongo;205102982441293824;7099.1557676115635;5044.264462606134;3563;mittel (2-3 Segmente)
mongo;216066959344576262;3357.5523270440253;534.0412845117471;7950;tief (4+ Segmente)
mongo;224220800015987504;3521.658110882957;903.7414017427595;974;tief (4+ Segmente)
mongo;261597305119200377;3234.331282051282;369.9048576213703;975;tief (4+ Segmente)
mongo;262677537877632232;19241.533333333333;983.9003991998683;450;tief (4+ Segmente)
mongo;269281139764885068;16694.62222222222;795.8118542093811;450;tief (4+ Segmente)
mongo;279850790422375921;2435.0656459330144;561.5267256849191;10450;mittel (2-3 Segmente)
mongo;284898153821570014;2295.341052631579;529.1148292073912;10450;mittel (2-3 Segmente)
mongo;291435979607624138;10861.517931034483;7583.482567004007;1450;tief (4+ Segmente)
mongo;298595583207991329;4417.069387755102;633.5217494580866;490;mittel (2-3 Segmente)
mongo;299361657169361136;3425.875789473684;372.18315474739325;950;tief (4+ Segmente)
mongo;301876092220321866;9480.760869565218;5142.868583240995;1978;tief (4+ Segmente)
mongo;304097774186092443;2988.225486725664;532.6801087952109;16950;tief (4+ Segmente)
mongo;317286058574969493;2399.8368421052633;357.36705134830845;950;tief (4+ Segmente)
mongo;323692559288206343;3781.681052631579;676.1665316032944;950;tief (4+ Segmente)
mongo;329151663944448143;12950.3;10020.348591972068;950;mittel (2-3 Segmente)
mongo;336549245393134503;689.5466666666666;85.13680226683825;450;flach (<=1 Segment)
mongo;342978303977375831;3570.748888888889;400.73606725636654;450;tief (4+ Segmente)
mongo;344095167307157100;1439.3852631578948;232.1195426086488;475;mittel (2-3 Segmente)
mongo;346416045918984180;3482.6755555555555;390.97155733365065;450;tief (4+ Segmente)
mongo;348182224927877444;1659.445569620253;765.3402449259302;3950;mittel (2-3 Segmente)
mongo;352134611303073693;7120.381052631579;1541.1696412386964;950;tief (4+ Segmente)
mongo;352905326162789826;4490.655789473684;1250.386444139253;950;tief (4+ Segmente)
mongo;362945847240383480;4965.691111111111;504.0161336205071;450;tief (4+ Segmente)
mongo;379805405681127987;5184.192071086808;1892.2841536293215;1463;tief (4+ Segmente)
mongo;381080849618286075;1650.8968421052632;241.69835938817408;475;mittel (2-3 Segmente)
mongo;391547727805288058;4992.668888888889;583.0865336392683;450;tief (4+ Segmente)
mongo;404347370846090296;3645.5587596899227;471.59949344646327;6450;tief (4+ Segmente)
mongo;414336757615280431;3964.0757894736844;528.8133289984328;950;tief (4+ Segmente)
mongo;414807045963464707;3025.9133333333334;609.8150449920727;1950;tief (4+ Segmente)
mongo;420793949386833617;3324.148888888889;375.5186436447869;450;tief (4+ Segmente)
mongo;421813618953015950;3608.722222222222;385.6029619585671;450;tief (4+ Segmente)
mongo;432923968139421101;6760.296842105263;566.1729789371925;475;tief (4+ Segmente)
mongo;434976712988593884;20241.907368421053;766.748752610095;475;tief (4+ Segmente)
mongo;446082632477242252;905.4821052631579;197.02865270063077;950;flach (<=1 Segment)
mongo;450111746268530078;3523.722105263158;333.740795217161;475;tief (4+ Segmente)
mongo;451107429500455202;10191.755555555555;780.417555860119;450;tief (4+ Segmente)
mongo;452835052595440373;9363.956842105263;3721.903267099012;950;mittel (2-3 Segmente)
mongo;464614326349322068;12613.737894736842;6858.028216911745;950;tief (4+ Segmente)
mongo;467117702599375475;10544.15111111111;1213.4450393523514;450;tief (4+ Segmente)
mongo;472276104792498011;13889.369426751593;12470.264197336404;942;mittel (2-3 Segmente)
mongo;472754285631005677;4540.277777777777;464.34153459742276;450;tief (4+ Segmente)
mongo;477190216694263929;3569.6311111111113;375.0026006277883;450;tief (4+ Segmente)
mongo;492480190192452627;13075.669473684211;5214.103295303367;950;tief (4+ Segmente)
mongo;499293259869532627;6065.806315789474;622.0084831612697;475;mittel (2-3 Segmente)
mongo;500012930986694444;16374.816348195329;8669.201909540623;942;mittel (2-3 Segmente)
mongo;501531815956227038;3962.3593103448275;1487.57416707639;1450;tief (4+ Segmente)
mongo;503337790243898993;19466.101449275364;857.9490332348431;483;tief (4+ Segmente)
mongo;519247055886916772;5586.904444444444;722.3628527765784;450;tief (4+ Segmente)
mongo;523569322275171621;3899.2463157894736;504.62165230270716;950;tief (4+ Segmente)
mongo;529357289428057073;24243.320712694876;1266.270767190947;449;mittel (2-3 Segmente)
mongo;532459917383678850;10030.327502034173;7313.949546114589;2458;mittel (2-3 Segmente)
mongo;534558442269524382;3884.811111111111;642.1183603825784;450;tief (4+ Segmente)
mongo;536291892245051489;4063.628888888889;496.2961591227661;450;tief (4+ Segmente)
mongo;537487025181692291;4037.0577777777776;355.7908863131117;450;tief (4+ Segmente)
mongo;540897163100036440;3456.9642105263156;360.43838017652337;950;tief (4+ Segmente)
mongo;541958686418023372;2529.944827586207;487.19453744143306;1450;mittel (2-3 Segmente)
mongo;546253624952219151;2359.9422222222224;369.58951074651446;450;mittel (2-3 Segmente)
mongo;546450313911305658;4226.170526315789;551.3166350119158;475;tief (4+ Segmente)
mongo;555810284822535545;18697.206666666665;1012.950038870238;450;tief (4+ Segmente)
mongo;555894838874132227;2893.5710091743117;579.603510991797;5450;tief (4+ Segmente)
mongo;571323860803538148;2366.9133333333334;289.70552447811593;450;mittel (2-3 Segmente)
mongo;571649642927370185;6118.8532004599465;7280.695809389081;2609;flach (<=1 Segment)
mongo;574058482254279801;7338.311111111111;660.3894586303081;450;tief (4+ Segmente)
mongo;574100122439552409;15895.882222222222;966.1150207472893;450;tief (4+ Segmente)
mongo;577967302292120497;3562.6444444444446;408.92815818284396;450;tief (4+ Segmente)
mongo;578251888895364054;2298.6012658227846;648.8040756170283;3950;mittel (2-3 Segmente)
mongo;578463988515721045;6410.434736842105;2506.206669624024;950;mittel (2-3 Segmente)
mongo;579891964443763564;6476.026206896552;5184.997325325535;1450;mittel (2-3 Segmente)
mongo;584385028264445970;9475.924969111535;6880.3894886881335;8903;flach (<=1 Segment)
mongo;591457710187147916;23372.09131403118;850.2583394917566;449;tief (4+ Segmente)
mongo;592098668111574451;3654.731111111111;471.51716098745203;450;tief (4+ Segmente)
mongo;595984656418740831;3400.283595505618;410.2448134296596;4450;tief (4+ Segmente)
mongo;610439811260925795;4212.704444444445;397.0768964229134;450;tief (4+ Segmente)
mongo;612069711136148679;21866.87111111111;929.1908477043676;450;tief (4+ Segmente)
mongo;616692867258240645;8964.284444444444;850.5782018637503;450;tief (4+ Segmente)
mongo;625867593058149322;5800.8634953464325;660.644126975039;967;tief (4+ Segmente)
mongo;630993574768687092;12098.753846153846;11046.361952952158;1430;tief (4+ Segmente)
mongo;631903631023055486;6968.942222222222;459.62677436151677;450;tief (4+ Segmente)
mongo;638724923650942432;5872.09693877551;4866.416960398705;1960;tief (4+ Segmente)
mongo;644710201368662322;3746.0073684210524;957.0834973029854;950;tief (4+ Segmente)
mongo;644992069957152118;4062.8242105263157;387.8537436900289;950;tief (4+ Segmente)
mongo;660258847720122551;6046.295031055901;1769.1096724267013;966;tief (4+ Segmente)
mongo;663958971997491345;3697.4958620689654;393.2982197148862;1450;tief (4+ Segmente)
mongo;666837293074761061;9057.982222222223;627.853631279862;450;tief (4+ Segmente)
mongo;667240083722010687;6084.913684210526;634.0407310670267;475;mittel (2-3 Segmente)
mongo;674835182984831971;15269.957777777778;983.0137290657748;450;tief (4+ Segmente)
mongo;675848341813823045;3205.4822222222224;390.0944787559196;450;mittel (2-3 Segmente)
mongo;685541436957367618;5769.886666666666;765.4966119133248;450;tief (4+ Segmente)
mongo;692923801389120410;6170.914559125085;893.1916090967275;1463;mittel (2-3 Segmente)
mongo;695561264036356355;3930.137777777778;388.4745320404524;450;tief (4+ Segmente)
mongo;696792148691169892;1221.4906122448979;347.64122292842075;2450;flach (<=1 Segment)
mongo;701806793089666002;3383.071111111111;375.6686680591636;450;tief (4+ Segmente)
mongo;702120818418443809;4197.196842105263;885.2132759572742;950;tief (4+ Segmente)
mongo;702449647868112313;6208.164827586207;4789.159892354654;1450;mittel (2-3 Segmente)
mongo;702707616975188689;12148.066666666668;1001.1708090351724;450;tief (4+ Segmente)
mongo;704576258559910110;10150.624914442164;7386.7172083916;1461;tief (4+ Segmente)
mongo;705857345076947779;21772.753684210526;1463.7156004606084;475;tief (4+ Segmente)
mongo;709714851240357095;3460.9133333333334;323.1573620825487;450;tief (4+ Segmente)
mongo;710066153261140959;3215.4073684210525;401.3611605388138;950;tief (4+ Segmente)
mongo;713639260851148059;3723.8379661016947;561.2666875228037;2950;tief (4+ Segmente)
mongo;715526251058155140;3597.4466666666667;448.67012405855263;450;tief (4+ Segmente)
mongo;719053761332066191;13569.795789473685;666.4393186052864;475;tief (4+ Segmente)
mongo;720121612753188864;3777.0848275862068;501.8886005902991;1450;tief (4+ Segmente)
mongo;727293615200937896;3162.7718644067795;619.0956939648131;2950;tief (4+ Segmente)
mongo;728651541046469923;5159.80947368421;1312.503580411488;950;tief (4+ Segmente)
mongo;732749034716642520;3005.6905263157896;477.8823661977059;475;tief (4+ Segmente)
mongo;739276447270787241;7568.841682974559;5969.878774243137;5110;mittel (2-3 Segmente)
mongo;748118726363390543;11273.931111111111;709.6795676817488;450;mittel (2-3 Segmente)
mongo;770283466765960222;8229.413684210527;1350.9590280582931;950;tief (4+ Segmente)
mongo;771711346146492937;5092.868888888889;591.2594410636243;450;tief (4+ Segmente)
mongo;778577796266662606;3922.6425316455698;560.2625712197089;3950;tief (4+ Segmente)
mongo;779957869093870285;4144.8822222222225;434.828908723213;450;tief (4+ Segmente)
mongo;784477388852730419;24691.170786516854;1562.664886449698;445;tief (4+ Segmente)
mongo;791467191652943023;3636.328163265306;556.5174239712919;2450;tief (4+ Segmente)
mongo;793237766005492046;3301.7280248190277;1224.213981768668;967;mittel (2-3 Segmente)
mongo;810478841380607058;9045.15111111111;867.982746593539;450;tief (4+ Segmente)
mongo;820279755359982521;14428.835555555555;639.3448759847141;450;tief (4+ Segmente)
mongo;827258738557331255;9833.810344827587;3551.2233278289505;1450;tief (4+ Segmente)
mongo;841443722960668080;2846.3624120603017;789.4905602808378;9950;mittel (2-3 Segmente)
mongo;841623167744017229;15968.115555555556;678.8363323564791;450;tief (4+ Segmente)
mongo;844072058332395339;2035.5227586206897;646.4018591602729;1450;mittel (2-3 Segmente)
mongo;850840742481327360;2782.5422222222223;355.12115219241997;450;tief (4+ Segmente)
mongo;851620494779174381;2802.3488888888887;298.2551643121237;450;tief (4+ Segmente)
mongo;860892702388395162;4097.933684210527;511.6985751849074;950;tief (4+ Segmente)
mongo;863151931467042775;3076.148888888889;384.25787388183505;450;tief (4+ Segmente)
mongo;866816578257378487;3511.4177777777777;339.87107950732434;450;tief (4+ Segmente)
mongo;868794215893605913;4309.242236024845;411.84525217536236;483;tief (4+ Segmente)
mongo;883025930476208538;13395.966666666667;635.760580399729;450;tief (4+ Segmente)
mongo;884969185107227811;3010.778775510204;471.1975655848812;2450;tief (4+ Segmente)
mongo;885736626129999021;3441.0262068965517;430.5205245026525;1450;tief (4+ Segmente)
mongo;892596341944618525;2846.514957983193;577.7166908744288;5950;tief (4+ Segmente)
mongo;894610186173888786;15023.25052631579;1129.2508543084996;475;tief (4+ Segmente)
mongo;894811393929770784;3303.1955555555555;394.33673780975465;450;tief (4+ Segmente)
mongo;906410208746516722;22652.615555555556;1518.970519742426;450;tief (4+ Segmente)
mongo;908040430437087314;12254.819626814098;9591.142240263947;1447;tief (4+ Segmente)
mongo;922987097739956310;4440.622222222222;701.9850913996604;450;tief (4+ Segmente)
mongo;924430201589061782;8879.700689655172;2735.4516293211277;1450;tief (4+ Segmente)
mongo;928034772859449220;4020.12;441.3434428715365;450;tief (4+ Segmente)
mongo;934033264968957075;2899.08496124031;524.0047423318186;6450;tief (4+ Segmente)
mongo;936109814944659244;3464.177777777778;433.03449349480013;450;tief (4+ Segmente)
mongo;939072347979899171;2543.682222222222;291.9961388743782;450;mittel (2-3 Segmente)
mongo;941578832741102879;8518.178911564626;4983.077979494714;1470;tief (4+ Segmente)
mongo;942884485302015840;3471.8;350.05473959467366;450;tief (4+ Segmente)
mongo;943174070164045574;4069.9897540983607;487.8752679755329;488;mittel (2-3 Segmente)
mongo;944641628550881975;10316.248161764706;8451.40859674668;5440;flach (<=1 Segment)
mongo;945228569708136545;16051.669743589744;6266.089666947577;975;tief (4+ Segmente)
mongo;947346635220761434;8387.058461538461;1446.0430792088484;975;tief (4+ Segmente)
mongo;947533190914524242;3314.0333333333333;321.28021509999553;450;tief (4+ Segmente)
mongo;950010022006984728;801.7378947368421;152.96660288196617;950;flach (<=1 Segment)
mongo;952660895531099633;9570.642051282051;4898.745661444301;975;tief (4+ Segmente)
mongo;966278925912315269;20453.853333333333;1207.0861031429765;450;tief (4+ Segmente)
mongo;976780217932779086;2864.1853061224488;443.6040265930467;2450;tief (4+ Segmente)
mongo;980987944792705654;3389.5444444444443;322.8823405133705;450;tief (4+ Segmente)
mongo;982283969931344316;2904.802222222222;345.29817784182706;450;tief (4+ Segmente)
mongo;986834840907361064;12404.200680272108;6432.679054651282;1470;tief (4+ Segmente)
mongo;990959519800614164;3791.2115789473683;547.3550218936848;950;tief (4+ Segmente)
mongo;996214500070654972;4202.111794871795;866.4513460822119;975;tief (4+ Segmente)
mongo;1001113396833123475;16658.335555555557;1207.582222786876;450;tief (4+ Segmente)
mongo;1003997077660890209;21784.78417266187;6016.553646440244;834;mittel (2-3 Segmente)
mongo;1006115099566102738;3623.097777777778;413.36070546625325;450;tief (4+ Segmente)
mongo;1008367685215887102;3610.7533333333336;335.22170843855423;450;tief (4+ Segmente)
mongo;1017719584948036457;1683.0397101449275;369.8318071009466;3450;mittel (2-3 Segmente)
mongo;1019220999000052943;4467.610766045549;1522.0073470263233;966;tief (4+ Segmente)
mongo;1024439070495996524;2073.914871794872;463.884584881489;1950;mittel (2-3 Segmente)
mongo;1031963741124383336;2484.905641025641;481.0951668729169;1950;mittel (2-3 Segmente)
mongo;1044890140955998032;14981.393333333333;693.7125059672859;450;tief (4+ Segmente)
mongo;1052200557843376719;6934.733333333334;693.6894615332683;450;tief (4+ Segmente)
mongo;1058109469347465380;3431.9173643410854;432.58710008010274;6450;tief (4+ Segmente)
mongo;1058427436752790349;7086.884057971014;3014.161190083863;966;tief (4+ Segmente)
mongo;1061550679335091760;3512.8750458715595;439.13551896906654;5450;tief (4+ Segmente)
mongo;1063590212119669211;3815.1644444444446;395.4501757423802;450;tief (4+ Segmente)
mongo;1064070546250850038;7550.464876033057;687.7745345372681;484;tief (4+ Segmente)
mongo;1079853038159629685;3401.071282051282;577.0725545749076;1950;tief (4+ Segmente)
mongo;1091559841481006654;7761.224210526316;3353.3260771992323;950;tief (4+ Segmente)
mongo;1091761124864821958;3205.900761523046;551.7935766207057;24950;tief (4+ Segmente)
mongo;1096266053513768534;4017.728888888889;347.91450234980226;450;tief (4+ Segmente)
mongo;1105372132697064547;18001.595555555556;800.1907795781276;450;mittel (2-3 Segmente)
mongo;1105819212810472252;3826.895630252101;572.3658738894834;5950;tief (4+ Segmente)
mongo;1107012126207592050;6242.312631578948;2710.451216649759;950;tief (4+ Segmente)
mongo;1110987757642066515;4044.435950413223;578.5094701638697;484;flach (<=1 Segment)
mongo;1123998492227682002;3446.6128205128207;489.3069730166676;1950;tief (4+ Segmente)
mongo;1129444051888013986;7774.978025693036;4408.918503883111;2958;tief (4+ Segmente)
mongo;1148471543107984423;7317.701052631579;684.7980661878254;475;tief (4+ Segmente)
mongo;1150651606152735991;3318.6555555555556;423.3021466687976;450;tief (4+ Segmente)
mongo;1165458953488540869;3281.681052631579;391.10653910462474;950;tief (4+ Segmente)
mongo;1170618604290476525;16010.448888888888;957.8149052425398;450;tief (4+ Segmente)
mongo;1174486356289274692;3339.418947368421;419.5485345887919;950;tief (4+ Segmente)
mongo;1180045122745345662;3159.4555555555557;354.6564120752403;450;tief (4+ Segmente)
mongo;1184582857010550870;3903.8118644067795;3279.910689912592;2950;mittel (2-3 Segmente)
mongo;1192458518372942788;19976.926315789475;797.8179953040122;475;tief (4+ Segmente)
mongo;1192466059122394115;11739.758719268153;9948.68736572911;1749;tief (4+ Segmente)
mongo;1196898599040711063;6543.705288655632;3431.1786360279602;2477;tief (4+ Segmente)
mongo;1197418899183458150;6334.70717948718;3554.0970199754524;1950;tief (4+ Segmente)
mongo;1198917728635788491;5936.82806122449;3653.0120000228167;1960;tief (4+ Segmente)
mongo;1205950391028914172;3443.1698305084747;645.2134468285946;2950;tief (4+ Segmente)
mongo;1207091471046834000;3554.722105263158;372.3659986070696;950;tief (4+ Segmente)
mongo;1210508000477463450;752.0863157894737;204.75555582654889;950;flach (<=1 Segment)
mongo;1214764517525893179;5796.255789473684;3380.264301655185;950;mittel (2-3 Segmente)
mongo;1216857385186861346;21105.159255429164;1064.159950906107;967;tief (4+ Segmente)
mongo;1217987404552529599;7240.672413793103;568.2026066668477;986;tief (4+ Segmente)
mongo;1224761702047800647;4843.497777777778;520.3630959872434;450;tief (4+ Segmente)
mongo;1224801279248777517;12176.802222222223;721.3552751295225;450;mittel (2-3 Segmente)
mongo;1234668911638465037;5607.22;440.98119797905986;450;mittel (2-3 Segmente)
mongo;1235605563547606794;6066.256842105263;578.9455617144193;475;tief (4+ Segmente)
mongo;1240305265040232137;4687.517754480893;4200.103828873112;2957;tief (4+ Segmente)
mongo;1247822760208748346;3428.9515942028984;625.7066070983207;3450;tief (4+ Segmente)
mongo;1250577393356769475;2536.794736842105;548.167843061008;950;tief (4+ Segmente)
mongo;1254063499522762898;10454.806315789474;5736.170684945702;950;tief (4+ Segmente)
mongo;1255375134081242730;5739.88;528.9515021070381;450;tief (4+ Segmente)
mongo;1260268606450345231;9729.271761133603;3893.911537880988;1976;tief (4+ Segmente)
mongo;1267619242023312148;4365.893333333333;509.3728072329044;450;tief (4+ Segmente)
mongo;1274112401804631222;19966.7;813.7973083145732;450;tief (4+ Segmente)
mongo;1283830801827014687;22054.33777777778;1407.9562251637153;450;tief (4+ Segmente)
mongo;1296663213432021271;5278.852413793104;1673.3054496898455;1450;tief (4+ Segmente)
mongo;1298828997764405831;4123.86;409.4159242928738;450;tief (4+ Segmente)
mongo;1300558329237860451;4034.4133333333334;628.1281363892489;450;tief (4+ Segmente)
mongo;1306266163645734090;4841.65448275862;1762.895114739784;1450;tief (4+ Segmente)
mongo;1317909952453965209;6364.453333333333;685.1439650383759;450;tief (4+ Segmente)
mongo;1319060920957222650;4027.116551724138;475.3260065400138;1450;tief (4+ Segmente)
mongo;1320927311701068674;2295.1073469387757;752.156831960153;2450;mittel (2-3 Segmente)
mongo;1331249161984034190;2684.0355555555557;283.7854652193012;450;mittel (2-3 Segmente)
mongo;1333707329423800120;2326.6724137931033;607.3564489130478;1450;tief (4+ Segmente)
mongo;1336726014856782946;3434.551111111111;382.5014122117386;450;tief (4+ Segmente)
mongo;1341103690676261251;1921.1473684210525;339.50453998011693;475;flach (<=1 Segment)
mongo;1347883061730129623;25524.17758985201;1151.2450584027363;473;mittel (2-3 Segmente)
mongo;1349459455890926656;7498.2733333333335;719.380343627297;450;tief (4+ Segmente)
mongo;1351281421635700200;5545.296842105263;513.168639970408;475;tief (4+ Segmente)
mongo;1356836463227298037;10478.056390977443;10674.96248838575;2926;mittel (2-3 Segmente)
mongo;1359086945570788338;4378.2555555555555;557.3250813931783;450;tief (4+ Segmente)
mongo;1366651016783804805;2938.375918367347;600.7287267781315;2450;tief (4+ Segmente)
mongo;1376370721144223503;7805.789473684211;664.9557565107704;475;flach (<=1 Segment)
mongo;1377313767990376940;4302.611111111111;684.7832764705407;450;tief (4+ Segmente)
mongo;1382910101992532460;25415.971046770603;965.2790245011976;449;tief (4+ Segmente)
mongo;1384780729080607034;8968.01052631579;5686.655564093089;950;tief (4+ Segmente)
mongo;1399816806175798498;5004.694736842105;707.5376639150153;475;tief (4+ Segmente)
mongo;1420436247092928426;20183.286315789475;926.1759078949798;475;tief (4+ Segmente)
mongo;1422912377713087727;4003.7844444444445;381.7767281227404;450;tief (4+ Segmente)
mongo;1435344616435448106;3441.4955555555557;309.50499487250113;450;tief (4+ Segmente)
mongo;1439172101841367227;6727.959183673469;5984.288571044375;1470;tief (4+ Segmente)
mongo;1443113700463833642;5318.42;619.9103743323705;450;tief (4+ Segmente)
mongo;1452010747493044424;3023.70268907563;473.30362194949345;5950;tief (4+ Segmente)
mongo;1469321756263440472;2812.341052631579;277.53099580820964;950;tief (4+ Segmente)
mongo;1479572852636679391;3678.3155555555554;447.6028186645129;450;tief (4+ Segmente)
mongo;1486210760028573363;2877.733333333333;280.3033355329777;450;tief (4+ Segmente)
mongo;1506404664137565756;3874.162105263158;636.0833949968483;950;tief (4+ Segmente)
mongo;1517341995874318841;12624.208737864077;10538.183556895056;1442;tief (4+ Segmente)
mongo;1532387263848077728;3228.4533333333334;343.85224827158754;450;tief (4+ Segmente)
mongo;1536961433538996972;5337.866315789473;1260.2856384305326;950;tief (4+ Segmente)
mongo;1544157272286921624;2854.0303910614525;514.1135142397362;8950;tief (4+ Segmente)
mongo;1545390734418803734;3658.8223140495866;385.39762134760207;484;mittel (2-3 Segmente)
mongo;1548543301448725952;7026.626315789474;3629.810154539781;950;tief (4+ Segmente)
mongo;1549581616649113561;2918.6022222222223;329.4793010108606;450;tief (4+ Segmente)
mongo;1550520271948297705;4582.883011190234;1803.0395381489939;1966;mittel (2-3 Segmente)
mongo;1551199702030526754;5756.713333333333;503.6575179300746;450;tief (4+ Segmente)
mongo;1551488042045096015;9927.607368421053;1169.7886142603368;950;tief (4+ Segmente)
mongo;1561586235850677378;4852.835555555555;516.0843705973441;450;tief (4+ Segmente)
mongo;1572446431233414486;3056.0377777777776;381.79369292775897;450;tief (4+ Segmente)
mongo;1574197128625307796;3700.822222222222;418.5619292194797;450;tief (4+ Segmente)
mongo;1585848835667854762;3621.4533333333334;429.1817083675949;450;tief (4+ Segmente)
mongo;1588708903577277077;3737.430196483971;1111.9880751769206;967;mittel (2-3 Segmente)
mongo;1589757240955385579;7145.8711111111115;711.1884443628129;450;tief (4+ Segmente)
mongo;1593840043356105979;4857.355324074074;1781.8753330023894;3456;tief (4+ Segmente)
mongo;1601693688490054344;2814.8444444444444;283.36713541326327;450;tief (4+ Segmente)
mongo;1604098447104866056;5628.38947368421;640.4352207997791;475;tief (4+ Segmente)
mongo;1605435379003421491;8333.718021704322;7589.616818661136;5621;tief (4+ Segmente)
mongo;1607591716469079271;13837.266871165644;7512.082531185464;1956;mittel (2-3 Segmente)
mongo;1633833737861590706;3650.266666666667;347.3763900259179;450;tief (4+ Segmente)
mongo;1633836459440881713;4526.338159255429;927.7795117283757;967;tief (4+ Segmente)
mongo;1634087082394646356;17824.166315789473;1309.768301619134;475;mittel (2-3 Segmente)
mongo;1639840190049647370;6200.935266351989;3209.0462725882294;1483;tief (4+ Segmente)
mongo;1640038162004689600;7669.533333333334;840.843149863639;450;tief (4+ Segmente)
mongo;1648361073138611008;3995.7955555555554;357.45207971108493;450;tief (4+ Segmente)
mongo;1651872849558094366;6128.363157894737;3212.990167483254;950;flach (<=1 Segment)
mongo;1657519836323589944;2298.128994708995;520.4525977695557;9450;mittel (2-3 Segmente)
mongo;1664155460377545707;2160.0577777777776;266.15620987948313;450;mittel (2-3 Segmente)
mongo;1670806681553262669;15933.785177228787;11264.269472136155;931;tief (4+ Segmente)
mongo;1693831707291403119;8472.157777777778;779.2844896492971;450;tief (4+ Segmente)
mongo;1694706032511766814;2757.446086956522;430.9659847878033;3450;tief (4+ Segmente)
mongo;1706540686163170054;2378.5733333333333;354.62085553503607;450;tief (4+ Segmente)
mongo;1716607502897468017;10265.82888888889;915.967345369215;450;tief (4+ Segmente)
mongo;1718406927838679076;2346.394871794872;1088.1311660620343;1950;mittel (2-3 Segmente)
mongo;1720518224364321299;2869.826666666667;337.08600767483057;450;tief (4+ Segmente)
mongo;1723319906543505586;9368.048888888889;740.4036925178626;450;tief (4+ Segmente)
mongo;1726723007447426020;3309.6222222222223;332.7344084814169;450;tief (4+ Segmente)
mongo;1730884936415930028;5473.597853429482;3146.6983151802474;5963;tief (4+ Segmente)
mongo;1736795191242317024;3002.7944827586207;515.1264994062316;1450;tief (4+ Segmente)
mongo;1740058229889580562;7418.975384615384;4917.290556708661;1950;tief (4+ Segmente)
mongo;1753949949084152026;10975.562222222223;755.0209347645208;450;tief (4+ Segmente)
mongo;1757040141546718762;8557.689975887013;7958.600469674232;2903;tief (4+ Segmente)
mongo;1759607453612596626;5130.668421052632;1558.1575805717387;950;tief (4+ Segmente)
mongo;1764446796910666865;5596.329274479959;1286.3200297493797;1971;mittel (2-3 Segmente)
mongo;1767127748645358733;19053.546666666665;1374.2156714380149;450;tief (4+ Segmente)
mongo;1768538210307550565;3780.7155555555555;443.7709575743314;450;tief (4+ Segmente)
mongo;1781777077478460937;3290.36;485.4595895811629;2950;tief (4+ Segmente)
mongo;1789906248242211168;12242.478947368421;8764.230380913968;950;tief (4+ Segmente)
mongo;1790322390662773905;3038.288888888889;386.4656608331679;450;tief (4+ Segmente)
mongo;1791456716324990400;4804.645537525355;775.3954501576471;1972;tief (4+ Segmente)
mongo;1791536826426032215;11018.537942664418;4935.877567839742;2965;tief (4+ Segmente)
mongo;1794445362784521165;3060.730769230769;391.2128394015143;1950;tief (4+ Segmente)
mongo;1796672804654232882;11988.96;956.4999127176924;450;tief (4+ Segmente)
mongo;1837667720311484355;10133.336842105264;5122.139666294026;950;tief (4+ Segmente)
mongo;1838813442061083112;1899.042105263158;631.012044689726;950;flach (<=1 Segment)
mongo;1847540645866231359;18051.03582718651;1049.3176086689537;949;tief (4+ Segmente)
mongo;1847593386462299368;6209.852119958635;1421.2528531988369;967;tief (4+ Segmente)
mongo;1855626062595687034;20744.782222222224;1043.6244200839171;450;tief (4+ Segmente)
mongo;1856508447361017397;2753.288888888889;271.294022094392;450;mittel (2-3 Segmente)
mongo;1866741444884692068;3514.9666666666667;349.3874515692159;450;tief (4+ Segmente)
mongo;1873877654382191983;2220.653333333333;326.682991759101;450;tief (4+ Segmente)
mongo;1883719810469011727;11185.997894736842;776.7045077766853;475;mittel (2-3 Segmente)
mongo;1887040470621257809;2495.9937238493726;2215.3621029845176;478;mittel (2-3 Segmente)
mongo;1889816417550576150;1510.0;258.5178501416697;450;mittel (2-3 Segmente)
mongo;1890504914675429711;3426.8934453781512;584.3449262606722;5950;tief (4+ Segmente)
mongo;1892451228872793500;2013.376551724138;431.6736782908637;1450;mittel (2-3 Segmente)
mongo;1895128064055001213;9005.042222222222;578.8784875393177;450;tief (4+ Segmente)
mongo;1901145703407450002;3996.6606896551725;880.5793245930959;1450;tief (4+ Segmente)
mongo;1901375619194703056;4008.011111111111;390.0684165460413;450;tief (4+ Segmente)
mongo;1906145296510787395;3887.4915789473685;357.47360419348547;950;tief (4+ Segmente)
mongo;1910824650983392745;2943.5244444444443;374.1690131522993;450;mittel (2-3 Segmente)
mongo;1915010223075123225;6652.302222222223;659.5629093560138;450;tief (4+ Segmente)
mongo;1917844029020332135;2973.2950387596898;664.5288463391754;6450;mittel (2-3 Segmente)
mongo;1923552200829818935;7672.753684210526;5285.519675550784;950;mittel (2-3 Segmente)
mongo;1934584289398945923;4772.831111111111;674.280425105369;450;mittel (2-3 Segmente)
mongo;1937996089051845946;7529.995555555555;782.8208685450625;450;tief (4+ Segmente)
mongo;1940582614406398976;7518.435789473684;3112.9465550449177;950;tief (4+ Segmente)
mongo;1944149983396672111;3379.4577777777777;406.3746603603919;450;tief (4+ Segmente)
mongo;1951232365645848411;2806.8694736842103;347.0915492129174;950;tief (4+ Segmente)
mongo;1953988266580220012;1317.4105480868666;257.5578569997183;967;flach (<=1 Segment)
mongo;1963417963905730956;2250.638620689655;394.39658782335965;1450;tief (4+ Segmente)
mongo;1966310726417236882;5643.868965517241;2941.6419513567043;1450;tief (4+ Segmente)
mongo;1978240166712151516;6377.21228141521;3070.553836918448;2459;tief (4+ Segmente)
mongo;1989234600680026314;2901.1652631578945;327.2125707277126;950;tief (4+ Segmente)
mongo;1989874574699905090;3644.0822222222223;441.2758884252781;450;mittel (2-3 Segmente)
mongo;1993119620606420470;3242.633684210526;504.1520340820079;950;tief (4+ Segmente)
mongo;1998264306625965746;5146.54;497.20072929510206;450;tief (4+ Segmente)
mongo;2002603999498611246;4692.611724137931;3625.540833351627;1450;mittel (2-3 Segmente)
mongo;2014085875831355355;2832.102857142857;484.620616279533;2450;tief (4+ Segmente)
mongo;2018376262866930162;3738.571111111111;347.98746945301474;450;tief (4+ Segmente)
mongo;2019035338499799533;6881.88551724138;4300.655714284273;1450;tief (4+ Segmente)
mongo;2034554308232627435;2967.282222222222;374.8508037513081;450;tief (4+ Segmente)
mongo;2038532497899322982;19616.097777777777;1181.90312697533;450;tief (4+ Segmente)
mongo;2041055530755168668;3390.4866666666667;341.4220243455897;450;tief (4+ Segmente)
mongo;2044629615397661204;5387.764444444444;660.5840889692672;450;tief (4+ Segmente)
mongo;2045761926092664005;6934.313684210526;663.1855234588794;475;tief (4+ Segmente)
mongo;2045920304836163584;8434.633684210527;5583.180597973816;950;tief (4+ Segmente)
mongo;2046950954199376615;4783.558428128232;601.275742120827;967;mittel (2-3 Segmente)
mongo;2048829351531528041;4286.951578947368;396.9749428432381;475;tief (4+ Segmente)
mongo;2049459885376794149;2361.297777777778;297.73042805556656;450;tief (4+ Segmente)
mongo;2052091248318190967;3473.337777777778;603.5153674865106;450;tief (4+ Segmente)
mongo;2067375006326643056;2662.308163265306;407.5627848266289;2450;tief (4+ Segmente)
mongo;2071474455994368162;6659.234639696587;3834.4136852489282;3955;tief (4+ Segmente)
mongo;2074028614184868604;5302.642222222222;883.9974495798332;450;tief (4+ Segmente)
mongo;2081920351230401344;3881.4435294117648;621.5474789079869;5950;tief (4+ Segmente)
mongo;2082657125302087068;19714.340909090908;789.427591915717;484;tief (4+ Segmente)
mongo;2089358078329460064;12548.146666666667;990.7702076042503;450;tief (4+ Segmente)
mongo;2090151473270540504;3323.1510067114095;565.3747403348107;7450;tief (4+ Segmente)
mongo;2092179689046110778;1669.1791836734694;525.6204594866315;2450;mittel (2-3 Segmente)
mongo;2093530430360907404;4262.866666666667;644.7223500747969;450;tief (4+ Segmente)
mongo;2095315331927981807;2293.733333333333;265.07086920587676;450;tief (4+ Segmente)
mongo;2098693030226100613;2982.799487179487;468.12917323315634;1950;tief (4+ Segmente)
mongo;2100940137091480512;8349.944444444445;720.2816691236319;450;tief (4+ Segmente)
mongo;2102858635558553962;2995.073684210526;360.88806433730065;475;tief (4+ Segmente)
mongo;2117242822564236007;2467.836776859504;319.1192203906182;484;tief (4+ Segmente)
mongo;2125107236338590207;10396.96105263158;5102.0854926850225;950;tief (4+ Segmente)
mongo;2132481796706894528;11289.513733468973;5353.285016677689;1966;tief (4+ Segmente)
mongo;2134320606790372185;6652.142222222222;591.974098967224;450;tief (4+ Segmente)
mongo;2137531360487500395;5908.7844444444445;757.3440699523612;450;tief (4+ Segmente)
mongo;2138434062654560545;5962.271578947369;541.7077491533255;950;tief (4+ Segmente)
mongo;2143831841678049411;20692.84;1283.8659277531412;450;tief (4+ Segmente)
mongo;2146760125764350344;12777.314736842105;4787.935739746153;950;tief (4+ Segmente)
mongo;2151452817663802697;29224.506976744186;669.522782130838;215;tief (4+ Segmente)
mongo;2154805681906148668;3350.382626262626;914.1158215236203;4950;tief (4+ Segmente)
mongo;2159236020344786070;1693.753362445415;586.866814239229;11450;mittel (2-3 Segmente)
mongo;2161929041151719152;3512.3577777777778;335.54393363338994;450;tief (4+ Segmente)
mongo;2177359470296744644;7167.52;802.8811624823704;450;mittel (2-3 Segmente)
mongo;2182129581729219376;1702.773846153846;782.8430856173525;1950;mittel (2-3 Segmente)
mongo;2192872874539957459;4912.187368421052;498.70147485398604;475;tief (4+ Segmente)
mongo;2195159580678080313;3428.9644444444443;348.82620043422605;450;tief (4+ Segmente)
mongo;2196937443072854578;12419.722298221614;6811.203833692113;1462;tief (4+ Segmente)
mongo;2198089151329978714;8172.5526315789475;1761.5049314934888;950;tief (4+ Segmente)
mongo;2208832249592198307;2145.0694736842106;290.3943893834585;950;mittel (2-3 Segmente)
mongo;2209580843653095812;2930.903157894737;300.4907105274718;950;tief (4+ Segmente)
mongo;2221794275631220522;3493.1515789473683;472.99709404204015;950;tief (4+ Segmente)
mongo;2229200487106548871;3573.314525139665;445.7146311468143;8950;tief (4+ Segmente)
mongo;2234167526062426894;4090.037894736842;1425.9556330675655;950;tief (4+ Segmente)
mongo;2237708394730218119;4211.971111111111;614.9540454419698;450;tief (4+ Segmente)
mongo;2238570731320101607;2283.262222222222;320.8202080906484;450;tief (4+ Segmente)
mongo;2245152646134367618;5027.187368421052;641.4891567569408;475;tief (4+ Segmente)
mongo;2249930414602789482;4292.071111111111;445.70096870722415;450;tief (4+ Segmente)
mongo;2259444571665923272;3737.1593103448276;501.2664721003932;1450;tief (4+ Segmente)
mongo;2261158587699928359;4153.28;296.0789890393385;450;flach (<=1 Segment)
mongo;2263923122314911123;3781.6367781155013;941.1291814212387;1974;tief (4+ Segmente)
mongo;2268549451465018203;5018.494736842105;498.7457660043462;475;tief (4+ Segmente)
mongo;2269390135057037111;2354.0084210526315;301.2374687416895;950;tief (4+ Segmente)
mongo;2272677085964503740;2665.916842105263;439.9277989790702;950;tief (4+ Segmente)
mongo;2273721806058458227;9834.23111111111;672.7764166683043;450;tief (4+ Segmente)
mongo;2288234378672859304;8930.9494142705;9115.608433712972;1878;mittel (2-3 Segmente)
mongo;2292279689590805890;2899.28;1129.955038653438;950;mittel (2-3 Segmente)
mongo;2298239981936239358;7243.828888888889;577.91801235787;450;tief (4+ Segmente)
mongo;2307707590829515963;3785.1494736842105;887.1211563376527;950;tief (4+ Segmente)
mongo;2308552826081532396;5374.671034482759;1989.3831411573851;1450;tief (4+ Segmente)
mongo;2311658522699135076;6600.313684210526;540.1624116231072;475;tief (4+ Segmente)
mongo;2323120535790224753;6195.275789473684;873.4945512282574;950;tief (4+ Segmente)
mongo;2323819394288308747;2230.1466666666665;299.9077746882958;450;mittel (2-3 Segmente)
mongo;2328711177812360244;2942.472660550459;746.7325628076013;5450;mittel (2-3 Segmente)
mongo;2329891204480368535;14124.579110651499;822.0405263833408;967;tief (4+ Segmente)
mongo;2334845781125134036;9513.468888888889;934.8543734054946;450;tief (4+ Segmente)
mongo;2343106573888751061;3781.9933333333333;441.0028937478603;450;tief (4+ Segmente)
mongo;2348061783544198262;15430.384444444444;1064.1402465584415;450;mittel (2-3 Segmente)
mongo;2353924280960454152;2280.189696969697;847.6591814350828;4950;mittel (2-3 Segmente)
mongo;2353939831351073230;8181.795408163265;5148.160780772619;1960;tief (4+ Segmente)
mongo;2367951398487800945;5987.213333333333;587.111716963638;450;tief (4+ Segmente)
mongo;2374138813102168574;7687.477894736842;713.1890324656662;475;tief (4+ Segmente)
mongo;2376698756268890053;22401.202672605792;854.2245524827;449;tief (4+ Segmente)
mongo;2381118063726409067;7943.095555555556;721.3797237037152;450;tief (4+ Segmente)
mongo;2381151030915309745;3766.182222222222;463.1061562241319;450;tief (4+ Segmente)
mongo;2383373375731000140;4062.1111111111113;430.0056519140766;450;tief (4+ Segmente)
mongo;2387020442539211262;3585.722222222222;394.14163247980804;450;tief (4+ Segmente)
mongo;2389516077109816015;7685.505641025641;4278.376337338777;975;mittel (2-3 Segmente)
mongo;2402756770401555775;4595.755646817249;554.6247868247817;487;mittel (2-3 Segmente)
mongo;2403660444816062527;3509.0558974358974;442.27546381625484;1950;tief (4+ Segmente)
mongo;2411597394295810775;2818.0863157894737;699.4021629842478;950;tief (4+ Segmente)
mongo;2411990202450327137;2687.568888888889;403.9290395145265;450;mittel (2-3 Segmente)
mongo;2420125548069914849;10255.00888888889;534.32323818142;450;mittel (2-3 Segmente)
mongo;2420561863598133121;3131.6911111111112;343.81994713153756;450;tief (4+ Segmente)
mongo;2433368473768577996;3207.7869565217393;822.3800164112627;3450;mittel (2-3 Segmente)
mongo;2445965536954995854;3438.159420289855;566.7363286384269;3450;tief (4+ Segmente)
mongo;2448541284934001314;3156.297777777778;326.86275529162464;450;tief (4+ Segmente)
mongo;2453777987905094367;12521.276530612246;9696.576305009765;980;mittel (2-3 Segmente)
mongo;2454022727241841914;3123.1115596330274;540.0760245981147;5450;tief (4+ Segmente)
mongo;2456874762257196296;3492.2186206896554;387.11793979091914;1450;tief (4+ Segmente)
mongo;2466492766491423154;3434.5868965517243;532.5921879013526;1450;tief (4+ Segmente)
mongo;2472888668371180062;4426.513333333333;537.9369284777209;450;tief (4+ Segmente)
mongo;2478679994006575032;3818.590847457627;539.8891397302518;2950;tief (4+ Segmente)
mongo;2480471100766463939;12107.182142857142;10170.352217555224;1400;tief (4+ Segmente)
mongo;2486246695190771505;3731.942068965517;551.0370905652363;1450;tief (4+ Segmente)
mongo;2491548280293304218;4907.236842105263;1410.622410328542;950;tief (4+ Segmente)
mongo;2494744367975933711;21801.184444444443;807.2240448319245;450;tief (4+ Segmente)
mongo;2494814407738302880;8213.781092859537;4577.902078069923;5966;tief (4+ Segmente)
mongo;2499808841690280408;6848.533333333334;690.4616834429667;450;tief (4+ Segmente)
mongo;2500972548703369190;3829.6111111111113;408.46210823392795;450;tief (4+ Segmente)
mongo;2502536247828245921;3668.2089655172413;592.6401816234757;1450;tief (4+ Segmente)
mongo;2506748581057725363;3776.777777777778;349.7210844681143;450;tief (4+ Segmente)
mongo;2523563029624436543;5406.374736842105;710.9165684715629;950;tief (4+ Segmente)
mongo;2529026594324953526;3790.8777777777777;738.9667593624984;450;tief (4+ Segmente)
mongo;2534595067014822379;2445.431111111111;230.35037882644943;450;tief (4+ Segmente)
mongo;2542112639557913679;2665.0333333333333;378.5594335859765;3450;tief (4+ Segmente)
mongo;2544455351485087363;11900.937931034483;4085.572953089073;1450;tief (4+ Segmente)
mongo;2550252111723364382;5745.986666666667;616.357967895259;450;tief (4+ Segmente)
mongo;2554567821150524881;2900.3444444444444;465.3143095868223;450;tief (4+ Segmente)
mongo;2561357311962086976;2791.8888888888887;290.947490055868;450;tief (4+ Segmente)
mongo;2569951289568261990;3475.8155555555554;447.3237759825292;450;tief (4+ Segmente)
mongo;2583943092483506303;6178.102758620689;2994.5834849328435;1450;tief (4+ Segmente)
mongo;2587873310709306827;9206.788819875776;670.9389684600164;966;tief (4+ Segmente)
mongo;2589941098968372424;3792.22;529.732641408249;1450;tief (4+ Segmente)
mongo;2593680323369695361;12907.705263157895;8844.857372889534;950;tief (4+ Segmente)
mongo;2595305705687695207;8938.887931034482;4117.898482828615;1972;tief (4+ Segmente)
mongo;2598741097144539200;10365.48135359116;7934.339051631517;1448;tief (4+ Segmente)
mongo;2607969487233226446;5774.983080808081;1734.6565696024345;3960;tief (4+ Segmente)
mongo;2614336428805471147;3364.5866666666666;352.53295702763154;450;tief (4+ Segmente)
mongo;2627236521939009719;9565.553333333333;4711.050984126602;1950;tief (4+ Segmente)
mongo;2632607418949897107;3326.9997101449276;514.2597759258632;3450;tief (4+ Segmente)
mongo;2636494108788645033;6138.298775510204;4912.432481300748;2450;tief (4+ Segmente)
mongo;2648175046005969814;3424.016551724138;820.6168435187258;1450;tief (4+ Segmente)
mongo;2650682697124740569;4086.972640218878;821.2617022881187;1462;tief (4+ Segmente)
mongo;2659359767823655819;9268.556551724138;6250.544705145017;1450;flach (<=1 Segment)
mongo;2661675469276076208;14906.990526315789;7926.688638935206;950;tief (4+ Segmente)
mongo;2665605335134382128;3808.3210256410257;432.64540883798026;1950;tief (4+ Segmente)
mongo;2670355998952897387;4042.7588764044945;484.5513871755528;4450;tief (4+ Segmente)
mongo;2672809979922878093;7376.519480519481;4174.226047285952;1463;mittel (2-3 Segmente)
mongo;2673075412890015621;3752.674736842105;460.3910997109188;950;tief (4+ Segmente)
mongo;2682754095962584671;3290.3866666666668;328.3321106402868;450;tief (4+ Segmente)
mongo;2687882624001527167;3453.4347368421054;801.6210180235262;950;mittel (2-3 Segmente)
mongo;2698649414877154974;4207.008888888889;520.4148592767123;450;tief (4+ Segmente)
mongo;2707226452967486190;4986.039959016393;1135.8442360896333;976;tief (4+ Segmente)
mongo;2707885299155116412;2876.153333333333;436.2234272032853;450;tief (4+ Segmente)
mongo;2713631113709226102;14918.857777777777;917.2588738426888;450;tief (4+ Segmente)
mongo;2715419437359324914;7775.173333333333;607.7794086116231;450;tief (4+ Segmente)
mongo;2719517399381835614;4096.62;633.7854808050492;450;tief (4+ Segmente)
mongo;2721977679866064612;9096.16888888889;772.1337934717236;450;tief (4+ Segmente)
mongo;2725273689489815816;4937.188888888889;631.5726913540842;450;tief (4+ Segmente)
mongo;2726105929454303291;4345.662105263158;986.1499844972391;950;tief (4+ Segmente)
mongo;2732621107156706964;2850.1857142857143;1713.690182635787;1960;flach (<=1 Segment)
mongo;2740847137526126228;14727.03894736842;855.2160342794504;950;tief (4+ Segmente)
mongo;2748831041528643275;2042.3336842105264;449.4846518946293;950;mittel (2-3 Segmente)
mongo;2759578265709357889;11620.649696561026;7862.528009436187;2966;flach (<=1 Segment)
mongo;2764334221547572481;4222.64;396.70285471207427;475;tief (4+ Segmente)
mongo;2783416536753622163;13806.262396694216;1094.2027696874825;484;flach (<=1 Segment)
mongo;2786683579865006579;7977.677777777778;752.4555736876894;450;tief (4+ Segmente)
mongo;2787559791205897686;22231.424444444445;1236.0884745825379;450;tief (4+ Segmente)
mongo;2787909025637180517;2502.042564102564;713.6940228623607;1950;mittel (2-3 Segmente)
mongo;2789949760202994975;2941.107368421053;332.55568844338825;475;tief (4+ Segmente)
mongo;2790143685763972200;4935.51809720786;833.121458013527;967;tief (4+ Segmente)
mongo;2792386092715463662;3422.3030508474576;565.4189614114006;2950;tief (4+ Segmente)
mongo;2797786161768639270;2768.326206896552;383.30815175561236;1450;tief (4+ Segmente)
mongo;2797963103825822467;7824.48765154917;4405.156109409098;4454;tief (4+ Segmente)
mongo;2798755672638114246;4012.9422222222224;411.01322598268035;450;tief (4+ Segmente)
mongo;2805340125163131457;4214.684444444444;459.74400059451824;450;tief (4+ Segmente)
mongo;2806256729314048797;4525.788819875776;889.6157096168843;966;tief (4+ Segmente)
mongo;2806284670513468435;4009.0777777777776;671.2188897416795;450;mittel (2-3 Segmente)
mongo;2809947504448209835;3699.8544827586206;615.4232376331062;1450;tief (4+ Segmente)
mongo;2812672674163977290;14176.459846547315;7622.917562695729;1955;tief (4+ Segmente)
mongo;2817182428179761185;7905.072631578947;3397.1597508819114;950;tief (4+ Segmente)
mongo;2819406717366158301;2979.191794871795;576.1997313962568;1950;tief (4+ Segmente)
mongo;2821082129328769972;2854.702222222222;337.4364646878937;450;tief (4+ Segmente)
mongo;2821916717988921199;2842.4444444444443;350.949425322051;450;tief (4+ Segmente)
mongo;2825718537552896381;6852.712631578947;3239.1186390755693;950;tief (4+ Segmente)
mongo;2835182330125126210;4536.32;422.52174314447325;450;tief (4+ Segmente)
mongo;2837081699173891479;2173.833846153846;406.9635777313173;1950;mittel (2-3 Segmente)
mongo;2841819633489578541;3742.2355555555555;490.00207497199665;450;tief (4+ Segmente)
mongo;2845720777456021134;15044.582222222221;904.1166719379306;450;tief (4+ Segmente)
mongo;2846925796203800688;7684.274736842105;1547.9738956303129;950;tief (4+ Segmente)
mongo;2854051505547505281;9774.39406345957;9304.47195507685;1954;mittel (2-3 Segmente)
mongo;2861486001489131564;3352.6501694915255;899.2686480780848;1475;tief (4+ Segmente)
mongo;2867704939721572405;22207.304444444446;871.3338101245539;450;mittel (2-3 Segmente)
mongo;2870540244752076213;3878.688888888889;459.62370210612323;450;tief (4+ Segmente)
mongo;2882802387856675306;6973.966315789474;750.8832290925542;950;tief (4+ Segmente)
mongo;2886141709556655491;4872.602222222222;592.0621916216527;450;tief (4+ Segmente)
mongo;2886295166452185861;5218.8965873836605;1187.6439468857093;967;tief (4+ Segmente)
mongo;2887619094078827264;2823.4093081761007;414.8588718122703;7950;tief (4+ Segmente)
mongo;2896936521266450122;9792.171664943124;5350.640386926666;967;tief (4+ Segmente)
mongo;2897089879746801534;3180.86;406.1277136287091;450;tief (4+ Segmente)
mongo;2903762015701789770;8110.51430222479;9454.248897707837;3461;mittel (2-3 Segmente)
mongo;2912837971764615472;3443.2266666666665;367.83379877185155;450;tief (4+ Segmente)
mongo;2918812126481176230;4160.725306122449;580.579226736695;2450;tief (4+ Segmente)
mongo;2922544822425988099;4018.1066666666666;414.25037585686056;450;tief (4+ Segmente)
mongo;2924390582220681140;5572.4632885211995;2136.989911639746;967;tief (4+ Segmente)
mongo;2926041602926614853;2894.9266666666667;293.83540299537106;450;tief (4+ Segmente)
mongo;2927072493273219488;6510.193333333334;561.2443305897649;450;tief (4+ Segmente)
mongo;2927265023349389513;14809.78;1052.638616130562;450;mittel (2-3 Segmente)
mongo;2933057465778838639;2818.009795918367;351.1154701852201;2450;tief (4+ Segmente)
mongo;2940680193263201100;3446.472244897959;499.7468271295679;2450;tief (4+ Segmente)
mongo;2958485052438315578;6780.144784534837;4352.392592070312;4966;tief (4+ Segmente)
mongo;2958890442225525276;11226.62717948718;5480.526671704179;1950;tief (4+ Segmente)
mongo;2961852843891267434;5090.139751552795;1306.1248962859456;966;tief (4+ Segmente)
mongo;2964585585306549437;4713.2002002002;3597.5134011289742;999;mittel (2-3 Segmente)
mongo;2966281108889863324;9595.991578947369;5810.206708881277;950;tief (4+ Segmente)
mongo;2976852719259860637;4921.823157894737;489.67694324450366;475;tief (4+ Segmente)
mongo;2984436085959465646;4712.658947368421;468.226239875288;475;mittel (2-3 Segmente)
mongo;2996589294423734482;4366.788888888889;466.34013830880116;450;tief (4+ Segmente)
mongo;3000360462453768381;2454.6804081632654;615.893444764627;2450;tief (4+ Segmente)
mongo;3007201936102381126;10529.826206896552;5427.856767180482;1450;tief (4+ Segmente)
mongo;3021583100639558046;7215.753333333333;551.9258116844723;450;tief (4+ Segmente)
mongo;3023036639377030247;3729.535172413793;407.58329535738756;1450;tief (4+ Segmente)
mongo;3029100555007080868;4031.872631578947;431.53419740313484;950;tief (4+ Segmente)
mongo;3030584433083973349;4207.92;469.63281662367757;450;tief (4+ Segmente)
mongo;3036552172266907038;5685.66;511.9338178011524;450;tief (4+ Segmente)
mongo;3036647007769181795;3757.24;417.33650114662817;450;tief (4+ Segmente)
mongo;3044052854995689818;3346.7651282051283;443.3786418232125;1950;tief (4+ Segmente)
mongo;3049302115890307647;2522.4422222222224;282.99165781253566;450;tief (4+ Segmente)
mongo;3067948546089765646;29553.833333333332;461.36278344565056;66;tief (4+ Segmente)
mongo;3068884502999416134;9062.814736842105;5698.168077626219;950;tief (4+ Segmente)
mongo;3075880912694805017;4944.259310344828;4008.8695838826193;1450;mittel (2-3 Segmente)
mongo;3081336326414722249;3126.5147368421053;546.5954820182712;950;tief (4+ Segmente)
mongo;3082745727814781417;4249.170526315789;719.2087550020425;950;tief (4+ Segmente)
mongo;3083252748951437207;18652.18222222222;1051.030652359837;450;mittel (2-3 Segmente)
mongo;3099514774349080749;9161.895555555555;797.0443061951511;450;tief (4+ Segmente)
mongo;3102016810124254162;3814.6899082568807;473.5336063408606;5450;tief (4+ Segmente)
mongo;3110430455042621465;4063.2852100840337;571.9728047669075;5950;tief (4+ Segmente)
mongo;3110530943530626179;4491.27918367347;2556.7255703165174;2450;mittel (2-3 Segmente)
mongo;3111431919469788237;7606.259487179487;6923.998289228216;1950;flach (<=1 Segment)
mongo;3113581222995154997;25392.70535714286;957.9233447765426;448;tief (4+ Segmente)
mongo;3117835757025244675;6053.393333333333;600.9818161852324;450;tief (4+ Segmente)
mongo;3120937634698859325;3797.0547368421053;467.6717787940424;950;tief (4+ Segmente)
mongo;3124511983957626739;2275.4577777777777;298.48497068250487;450;mittel (2-3 Segmente)
mongo;3128038759728618302;4336.034736842105;806.7112108538364;950;tief (4+ Segmente)
mongo;3136419766178649002;3701.508888888889;400.31484397701206;450;tief (4+ Segmente)
mongo;3140063653330046280;2966.308163265306;544.5614680280787;2450;tief (4+ Segmente)
mongo;3155728295784223437;5758.770177838577;2697.955001502045;1462;mittel (2-3 Segmente)
mongo;3160328979584970112;3440.1624719101123;497.88031149082104;4450;tief (4+ Segmente)
mongo;3161340987213804514;24456.084388185653;1003.3257009606543;474;tief (4+ Segmente)
mongo;3166443748347896079;4278.1410526315785;484.8931013374266;475;tief (4+ Segmente)
mongo;3173076819331554546;2594.093684210526;599.6626630395929;950;tief (4+ Segmente)
mongo;3176388521757450062;2536.831111111111;399.32955830318923;450;tief (4+ Segmente)
mongo;3190458565385132477;6306.873333333333;541.7266213224558;450;tief (4+ Segmente)
mongo;3192256760890911401;2213.3269565217392;348.57896636754515;3450;mittel (2-3 Segmente)
mongo;3194785107464614757;9614.835555555555;641.5571532728902;450;tief (4+ Segmente)
mongo;3200381190457382989;8111.406832298137;5800.4436206185155;966;mittel (2-3 Segmente)
mongo;3202211365669527935;21982.32888888889;1317.1606918017758;450;tief (4+ Segmente)
mongo;3215831998296865140;6308.4231578947365;789.4090402294071;475;tief (4+ Segmente)
mongo;3221325576274428927;4481.431111111111;398.8462323628396;450;mittel (2-3 Segmente)
mongo;3222438904071852770;14921.942222222222;830.3123737965627;450;tief (4+ Segmente)
mongo;3241814426376271384;3156.695172413793;494.4677135207403;1450;tief (4+ Segmente)
mongo;3248953055685958192;2731.0022222222224;331.22970920844546;450;tief (4+ Segmente)
mongo;3261133048331320170;4657.835555555555;483.5127953134986;450;tief (4+ Segmente)
mongo;3261478348576152721;2864.733333333333;374.99007262286506;450;tief (4+ Segmente)
mongo;3263614477520229780;1681.8257142857142;990.5810489034754;2450;flach (<=1 Segment)
mongo;3275741986180029854;21058.533333333333;1334.7516289232021;450;tief (4+ Segmente)
mongo;3288907717009321313;12015.306315789474;7935.4199101584745;950;tief (4+ Segmente)
mongo;3289357297162308358;1311.3100917431193;364.40732594277296;5450;mittel (2-3 Segmente)
mongo;3296617004102873399;3165.5155555555557;341.08881205411603;450;tief (4+ Segmente)
mongo;3297153504833265846;3728.091946308725;521.4731235213154;7450;tief (4+ Segmente)
mongo;3310718966135253991;13983.939440203563;10211.344135013922;1965;mittel (2-3 Segmente)
mongo;3317416114657017055;5092.687368421052;1204.4997799341213;950;tief (4+ Segmente)
mongo;3319170845696506316;13354.978120978121;12686.908713591143;777;mittel (2-3 Segmente)
mongo;3326021639852809711;11532.685128205128;4936.945603667021;975;tief (4+ Segmente)
mongo;3334329832290543500;2854.5305263157893;378.87334868845466;950;tief (4+ Segmente)
mongo;3336185515023949275;4772.767368421052;1167.5981017797542;950;tief (4+ Segmente)
mongo;3347979617050149635;4520.68;423.2835584671305;450;tief (4+ Segmente)
mongo;3378795299755823342;7399.5162037037035;7547.997027668593;3456;mittel (2-3 Segmente)
mongo;3388857925826367120;3972.137528089888;463.652859733103;4450;tief (4+ Segmente)
mongo;3392805047568212714;9034.062222222223;927.0671722031728;450;tief (4+ Segmente)
mongo;3396907689893065996;3443.6675862068964;493.98798247520006;1450;tief (4+ Segmente)
mongo;3404394375356235918;3620.8044444444445;479.2017508526989;450;tief (4+ Segmente)
mongo;3414530502045895047;2412.849367088608;473.69848970361363;3950;tief (4+ Segmente)
mongo;3415663833623047467;29440.289592760182;432.3194287585361;221;mittel (2-3 Segmente)
mongo;3417177734816394538;1445.5093877551021;234.35096187034472;2450;mittel (2-3 Segmente)
mongo;3420369868108846028;2886.157519379845;373.6660168280783;6450;tief (4+ Segmente)
mongo;3432818947346243940;3250.6511111111113;338.5700712558783;450;tief (4+ Segmente)
mongo;3434247539806629820;11376.356801093643;5634.562702826729;1463;tief (4+ Segmente)
mongo;3456433022944572533;2942.168888888889;262.4376441557731;450;tief (4+ Segmente)
mongo;3457446398939683235;3552.0466666666666;438.6291411088006;450;tief (4+ Segmente)
mongo;3471206235656602714;4445.642105263158;689.6333995923377;950;tief (4+ Segmente)
mongo;3479431793345632775;2888.3444444444444;338.1717174638534;450;tief (4+ Segmente)
mongo;3481954182564605683;4288.397931034483;651.2857853391378;1450;tief (4+ Segmente)
mongo;3487637972446573394;3619.0333333333333;437.0188655700602;450;tief (4+ Segmente)
mongo;3498468880562509946;9091.335555555555;865.7295857596014;450;tief (4+ Segmente)
mongo;3503437238871765212;28465.598944591027;1035.4663507795726;379;tief (4+ Segmente)
mongo;3507682271515106878;4335.524444444444;413.825399823673;450;tief (4+ Segmente)
mongo;3516194695484753276;14547.18861959958;10046.509823211603;949;tief (4+ Segmente)
mongo;3523963613398988469;11090.641025641025;6469.65557721915;975;tief (4+ Segmente)
mongo;3536479365430034037;8200.570256410256;2701.795770399018;975;tief (4+ Segmente)
mongo;3544126070687975336;2423.597777777778;263.18644554297464;450;mittel (2-3 Segmente)
mongo;3547977486419581169;3740.8273684210526;414.39093611347704;950;tief (4+ Segmente)
mongo;3550391795970447616;3734.9783486238534;527.0841450747675;5450;tief (4+ Segmente)
mongo;3552968137883419888;4362.655789473684;590.7119710243239;950;tief (4+ Segmente)
mongo;3563909995635615954;6792.064210526316;2394.6798737334448;950;mittel (2-3 Segmente)
mongo;3564915207424306218;3116.326666666667;328.61153195065697;450;tief (4+ Segmente)
mongo;3565401547534179323;16512.86736842105;726.3164486899462;475;tief (4+ Segmente)
mongo;3566956409836881143;19912.704444444444;842.6099099444242;450;flach (<=1 Segment)
mongo;3580708077801495241;7882.037894736842;5153.411858526289;950;mittel (2-3 Segmente)
mongo;3585919634432309369;6298.6177777777775;608.7490482063648;450;tief (4+ Segmente)
mongo;3585994923593594701;8774.82275862069;5289.915080278277;1450;tief (4+ Segmente)
mongo;3586003646949088392;24470.286315789475;977.5917592779348;475;mittel (2-3 Segmente)
mongo;3590297390973875139;3982.4466666666667;456.89370287171886;450;tief (4+ Segmente)
mongo;3595118456291147895;2813.286666666667;334.2789468369807;450;tief (4+ Segmente)
mongo;3606049875013788822;29597.02985074627;483.61106869270276;67;tief (4+ Segmente)
mongo;3607097140598192557;5927.2080181543115;3195.216925713645;3966;tief (4+ Segmente)
mongo;3608569204972256250;4406.707368421053;490.33419741698845;475;mittel (2-3 Segmente)
mongo;3611300418059034857;23706.30289532294;1280.8608405564862;449;tief (4+ Segmente)
mongo;3635270747230348872;3959.730847457627;450.7264850112178;2950;tief (4+ Segmente)
mongo;3643119441653020287;6161.313391877058;3090.6457205902884;5466;tief (4+ Segmente)
mongo;3643589172838446052;3611.92275862069;580.0116650911411;1450;tief (4+ Segmente)
mongo;3647847843154521230;3494.9622222222224;350.9388564622135;450;tief (4+ Segmente)
mongo;3649897855357838569;2624.3884210526317;303.03573582877186;950;tief (4+ Segmente)
mongo;3651868906368202484;6214.395555555556;573.9537272718468;450;tief (4+ Segmente)
mongo;3659403081438033165;2602.6021052631577;480.0945942045095;950;mittel (2-3 Segmente)
mongo;3659613335116451026;14549.472631578947;5798.311055169964;950;tief (4+ Segmente)
mongo;3669152841533124640;2811.8288888888887;334.63277690235566;450;tief (4+ Segmente)
mongo;3675219937821948932;5420.622105263158;1360.5782960257054;950;mittel (2-3 Segmente)
mongo;3677321723798790293;5564.807453416149;511.81637148356754;483;mittel (2-3 Segmente)
mongo;3683308172773620903;1296.1888888888889;206.9698607565095;450;mittel (2-3 Segmente)
mongo;3685572742344822981;8006.210526315789;5129.024834538603;950;tief (4+ Segmente)
mongo;3695734104761155772;2822.539487179487;411.7078911241536;1950;tief (4+ Segmente)
mongo;3712538988608445784;2786.012244897959;618.9267867421303;2450;tief (4+ Segmente)
mongo;3718404708143474634;6093.435555555556;570.2579626314466;450;tief (4+ Segmente)
mongo;3734783067619274546;4809.691578947369;1542.8304052145886;950;tief (4+ Segmente)
mongo;3739482995729882842;3540.456842105263;558.5413919704471;950;tief (4+ Segmente)
mongo;3754765572100097232;3413.7032057911065;1086.3551868271413;967;tief (4+ Segmente)
mongo;3754966664134148757;6851.097777777778;696.8094097005053;450;tief (4+ Segmente)
mongo;3755526052031903523;6001.415555555555;672.9705038776474;450;tief (4+ Segmente)
mongo;3755955398566322723;6257.137777777778;629.5212863893667;450;tief (4+ Segmente)
mongo;3781727411837071052;20642.633333333335;1373.9526146505666;450;tief (4+ Segmente)
mongo;3787301617075373168;2702.0244444444443;343.3020277422169;450;tief (4+ Segmente)
mongo;3789019246174160960;5677.115555555555;561.0989138035437;450;tief (4+ Segmente)
mongo;3796023155283431160;3905.1844444444446;343.04718516508876;450;tief (4+ Segmente)
mongo;3804005052875959276;3357.2155555555555;403.1223572896885;450;tief (4+ Segmente)
mongo;3810849906010968994;8203.75111111111;919.1444241453647;450;tief (4+ Segmente)
mongo;3811033731503242300;9033.577777777778;505.70733672571254;450;mittel (2-3 Segmente)
mongo;3818089527857838660;4542.538302277433;654.5850195381429;483;tief (4+ Segmente)
mongo;3819935279415552982;4499.447381799695;1609.4268727564995;1967;mittel (2-3 Segmente)
mongo;3822478447697777479;3700.3688888888887;484.55754107353954;450;tief (4+ Segmente)
mongo;3833740586251316329;3543.6736842105265;327.768912983432;950;tief (4+ Segmente)
mongo;3840424596703495292;14393.54448017149;11717.975962243687;933;mittel (2-3 Segmente)
mongo;3851310546134049106;4182.022222222222;407.4335006004439;450;tief (4+ Segmente)
mongo;3853589610675073559;11117.971111111112;535.1680597440909;450;tief (4+ Segmente)
mongo;3868155924179058877;3556.538947368421;399.00659316586336;950;tief (4+ Segmente)
mongo;3870236719326081720;18689.62;1035.4697932314964;450;tief (4+ Segmente)
mongo;3873748047651230255;15121.126595744681;10929.874928421765;940;tief (4+ Segmente)
mongo;3878961557317991262;2338.9666666666667;275.3103957920594;450;tief (4+ Segmente)
mongo;3886876946105366297;3428.013684210526;414.6365895493978;950;tief (4+ Segmente)
mongo;3889997607173555493;3371.081355932203;419.75267406380533;2950;tief (4+ Segmente)
mongo;3891656702170846730;4406.16;650.9607454994853;950;tief (4+ Segmente)
mongo;3895722141170587079;6174.39282051282;2040.6862457432442;1950;mittel (2-3 Segmente)
mongo;3896903176155676309;2806.0142028985506;466.08924426510714;3450;tief (4+ Segmente)
mongo;3899535496863022922;4031.8955555555553;432.140675795866;450;tief (4+ Segmente)
mongo;3904514229250850682;8828.662222222221;616.3438080008393;450;tief (4+ Segmente)
mongo;3913107047435642817;2848.7685714285712;412.65693490955636;2450;tief (4+ Segmente)
mongo;3913459189325488870;6943.113103448276;2170.9132443100816;1450;tief (4+ Segmente)
mongo;3914216136895944238;4783.46275862069;1039.6187629030624;1450;tief (4+ Segmente)
mongo;3918716477406235665;14729.857777777777;827.6177890017285;450;tief (4+ Segmente)
mongo;3923437832175591519;3438.2922033898303;615.5071193283952;2950;tief (4+ Segmente)
mongo;3928376022621326975;4396.992761116856;531.9185449454296;967;tief (4+ Segmente)
mongo;3933585818771976907;7944.559107052258;4288.326205360997;1971;tief (4+ Segmente)
mongo;3934201656950115060;4810.1577777777775;469.6911836652549;450;tief (4+ Segmente)
mongo;3940649039255244552;5803.988888888889;480.47498989219326;450;tief (4+ Segmente)
mongo;3946113611354068527;3509.7355555555555;364.3084901780876;450;tief (4+ Segmente)
mongo;3948472410549915612;4387.124102564103;1278.3259600417127;1950;tief (4+ Segmente)
mongo;3956536916856180610;8760.15511892451;2420.1657867882827;967;tief (4+ Segmente)
mongo;3963482031086955647;18991.52;1307.5526505259934;450;tief (4+ Segmente)
mongo;3965299800942593653;5487.471111111111;586.4715869725972;450;tief (4+ Segmente)
mongo;3992328409672396940;3559.68;387.4439334969168;450;tief (4+ Segmente)
mongo;4016867799604547100;5179.215102040816;1183.4588829271197;2450;tief (4+ Segmente)
mongo;4032305653960327814;2130.4844444444443;288.5899534415897;450;mittel (2-3 Segmente)
mongo;4038818657726882960;12659.262668045501;6158.9280882264275;967;tief (4+ Segmente)
mongo;4039916875983072751;6492.501551189245;4443.995042018634;967;mittel (2-3 Segmente)
mongo;4049235939914529055;18306.551111111112;1006.5116868562798;450;tief (4+ Segmente)
mongo;4062941903455482520;5100.676798378926;607.3428462513857;1974;tief (4+ Segmente)
mongo;4066493230910611264;3773.0262068965517;572.5114462703046;1450;tief (4+ Segmente)
mongo;4071450458474756222;19239.846790890268;1286.2083608158616;483;mittel (2-3 Segmente)
mongo;4078292495643720816;2984.2493670886074;494.6452172547556;3950;tief (4+ Segmente)
mongo;4100463526053598080;3290.9644444444443;348.70227577322083;450;tief (4+ Segmente)
mongo;4102101010025821740;6842.374587458746;4678.540850595113;5454;tief (4+ Segmente)
mongo;4112994323536552978;7011.715615305067;2590.361946777885;967;mittel (2-3 Segmente)
mongo;4134404560654942603;3591.3333333333335;363.1461938795117;450;tief (4+ Segmente)
mongo;4140399047001701858;10432.121538461539;5378.136280851455;1950;tief (4+ Segmente)
mongo;4141464553976602275;3328.98;357.38130342203794;450;tief (4+ Segmente)
mongo;4150100612492736095;8716.752203389831;4696.268837728807;2950;mittel (2-3 Segmente)
mongo;4151741773157995536;19902.28285077951;1013.3636650209555;449;tief (4+ Segmente)
mongo;4158197619097622581;3757.703933747412;662.7457841662266;966;mittel (2-3 Segmente)
mongo;4159541923464136344;4383.7155555555555;458.914900067091;450;tief (4+ Segmente)
mongo;4165058049501326344;10461.234367056431;8096.621152867438;1967;tief (4+ Segmente)
mongo;4165749284448927646;5076.644444444444;474.76763302689244;450;tief (4+ Segmente)
mongo;4168402147445921470;3987.3247191011237;576.8835908624544;4450;tief (4+ Segmente)
mongo;4192931489984148803;7062.640306122449;5148.100687022764;1960;tief (4+ Segmente)
mongo;4204695989499575757;3747.5355555555557;388.8303800303494;450;tief (4+ Segmente)
mongo;4215647407607905754;8857.788888888888;836.7460106212177;450;tief (4+ Segmente)
mongo;4229265125445942484;5314.557894736842;2425.9562181774872;950;tief (4+ Segmente)
mongo;4236377137475107287;3264.9217391304346;509.2111691126556;3450;tief (4+ Segmente)
mongo;4250279004740819190;15328.240102171138;11109.935611544326;783;tief (4+ Segmente)
mongo;4254761336031490237;6954.5608633093525;5526.089991069824;6950;flach (<=1 Segment)
mongo;4256293593172314903;3577.8733333333334;353.9077295348307;450;tief (4+ Segmente)
mongo;4261803482903705334;5387.704444444445;420.995409915016;450;tief (4+ Segmente)
mongo;4264482344189581292;4363.391111111111;422.75687928808395;450;tief (4+ Segmente)
mongo;4269421408407852474;16398.62;773.0065273712604;450;tief (4+ Segmente)
mongo;4281891480035973882;3405.462105263158;492.106724800717;950;tief (4+ Segmente)
mongo;4283305514821440474;3149.997894736842;443.4163019730045;950;tief (4+ Segmente)
mongo;4283424038569623202;3515.8854237288137;680.6306899273256;2950;tief (4+ Segmente)
mongo;4287381450348421489;10122.873793103448;7104.620245753648;1450;tief (4+ Segmente)
mongo;4292781412878287736;3363.557894736842;550.7146351740889;950;tief (4+ Segmente)
mongo;4300426865494945845;4005.6422222222222;407.36474355728393;450;tief (4+ Segmente)
mongo;4308072053910303466;5517.73052631579;689.374410601633;950;tief (4+ Segmente)
mongo;4318377509632641096;3008.448275862069;1000.3572759356449;1450;tief (4+ Segmente)
mongo;4341726153114387814;5021.708421052632;1412.357501314791;950;tief (4+ Segmente)
mongo;4347400014211613576;7505.821946169773;537.2760262630693;483;tief (4+ Segmente)
mongo;4353620601935508200;3100.3967346938775;566.912943199357;2450;tief (4+ Segmente)
mongo;4357046050427091211;9469.648421052632;5226.201161067752;950;tief (4+ Segmente)
mongo;4371885988685334114;5576.749473684211;493.07632685860375;475;tief (4+ Segmente)
mongo;4376435179265440110;1537.4634782608696;280.97397077366986;3450;mittel (2-3 Segmente)
mongo;4382755889648527889;6356.429162357807;3243.4531694826314;967;tief (4+ Segmente)
mongo;4393729520820948911;5854.36;625.8799697075061;450;tief (4+ Segmente)
mongo;4402028814572909973;4345.42;563.5766178932885;950;tief (4+ Segmente)
mongo;4408077533316268804;2378.117777777778;271.35905896333185;450;mittel (2-3 Segmente)
mongo;4409706447306874890;2984.739420935412;524.9981643510627;449;tief (4+ Segmente)
mongo;4415259477754575886;3641.705641025641;619.6237297455638;1950;tief (4+ Segmente)
mongo;4416432419295674644;5979.737331954499;2478.9624656475435;967;tief (4+ Segmente)
mongo;4417367993319531843;9497.762222222222;668.3104108505088;450;tief (4+ Segmente)
mongo;4418265955436031880;4463.884210526316;499.2801413638371;475;tief (4+ Segmente)
mongo;4421801000397892958;15488.455555555556;1118.0620120686453;450;tief (4+ Segmente)
mongo;4422018207048683882;25713.903370786516;1176.4609920719813;445;mittel (2-3 Segmente)
mongo;4431369374423056775;13917.112321307011;5064.368463716423;1469;tief (4+ Segmente)
mongo;4440680777437443981;2899.8684210526317;384.88815250608667;950;tief (4+ Segmente)
mongo;4453036992782425065;2763.2273684210527;559.8903107315072;950;tief (4+ Segmente)
mongo;4453861910228536379;1874.5644444444445;279.77675888673275;450;mittel (2-3 Segmente)
mongo;4458042409602501047;10765.755430410298;9497.336029472879;1243;tief (4+ Segmente)
mongo;4461123307922673957;2413.42;320.03094790492764;450;mittel (2-3 Segmente)
mongo;4466978486503613818;5491.1978947368425;1187.2795154618836;950;tief (4+ Segmente)
mongo;4495190071245461079;3416.3852631578948;343.42057794310705;950;tief (4+ Segmente)
mongo;4497556262491918752;3812.9905263157893;531.1925971365005;950;tief (4+ Segmente)
mongo;4498095840308661327;5628.008888888889;580.8877124212299;450;tief (4+ Segmente)
mongo;4504773287280016395;1396.5244444444445;241.74306811660603;450;mittel (2-3 Segmente)
mongo;4509318013151414978;7921.935789473684;2998.8344808444726;950;tief (4+ Segmente)
mongo;4512211502444576148;4681.946666666667;478.7969442811917;450;tief (4+ Segmente)
mongo;4515122007691488685;2203.0335779816514;521.3557201247672;5450;mittel (2-3 Segmente)
mongo;4522825983303919137;9784.41111111111;955.8727060470973;450;tief (4+ Segmente)
mongo;4524604628270756295;2873.795789473684;589.5878972552176;475;tief (4+ Segmente)
mongo;4527243647178999377;4386.689725330621;2143.3513933286104;1966;tief (4+ Segmente)
mongo;4534946520256716868;15575.891647855531;11763.017444257079;886;tief (4+ Segmente)
mongo;4535940053343985013;5050.5888888888885;520.2558881798892;450;tief (4+ Segmente)
mongo;4543716116558186567;16667.915789473685;1214.8691952922334;475;tief (4+ Segmente)
mongo;4547743506895772969;4138.442105263158;402.4584816438027;475;tief (4+ Segmente)
mongo;4567133072829164348;4033.9044444444444;350.8943104831188;450;tief (4+ Segmente)
mongo;4573362821973780380;3527.1111111111113;464.5474710758307;450;tief (4+ Segmente)
mongo;4575670565821940145;9791.733333333334;746.9553792095385;450;tief (4+ Segmente)
mongo;4579276211525586462;2753.658947368421;443.2583010078793;475;mittel (2-3 Segmente)
mongo;4580247388507946078;11557.316539440204;5718.934602737052;1965;tief (4+ Segmente)
mongo;4589729700629537321;4209.614736842105;527.5784042169321;950;tief (4+ Segmente)
mongo;4589807919407200719;4218.400206825233;477.9193584357714;967;tief (4+ Segmente)
mongo;4610155078393391626;4878.538775510204;1591.7370890713466;2450;tief (4+ Segmente)
mongo;4623508568691477633;3350.548888888889;330.6151633636589;450;tief (4+ Segmente)
mongo;4633754270469104159;2893.462105263158;1533.223216339705;950;flach (<=1 Segment)
mongo;4634248194497132557;8176.444444444444;598.7820807296425;450;tief (4+ Segmente)
mongo;4639915060332960167;4080.9347368421054;473.6801092960361;475;tief (4+ Segmente)
mongo;4641244012547269446;2204.1592405063293;461.45556393589493;3950;mittel (2-3 Segmente)
mongo;4648181644699990419;4039.825641025641;455.41137460771336;1950;tief (4+ Segmente)
mongo;4659695156998644845;9174.211354309165;3990.149851089417;1462;tief (4+ Segmente)
mongo;4670510045319651098;13484.906666666666;755.1988721396959;450;tief (4+ Segmente)
mongo;4677754761264657178;15750.628888888888;854.0907185486861;450;tief (4+ Segmente)
mongo;4678769539852280662;3903.5684210526315;573.070851919683;950;tief (4+ Segmente)
mongo;4679084161918376602;4769.653333333334;3073.676649810489;1950;tief (4+ Segmente)
mongo;4682998484889960232;19639.104444444445;826.5672891538436;450;tief (4+ Segmente)
mongo;4701786301696691982;3672.5533333333333;430.7511262712662;450;tief (4+ Segmente)
mongo;4702342798875794959;21872.387527839644;880.2898398627165;449;tief (4+ Segmente)
mongo;4710647500810119952;13601.178903826267;10813.772305261045;967;tief (4+ Segmente)
mongo;4714447974476615794;8802.204444444444;484.3859639980163;450;mittel (2-3 Segmente)
mongo;4727086781211084254;2652.5115789473684;412.3548700502953;950;tief (4+ Segmente)
mongo;4738512377537525548;2117.341052631579;292.0724100636837;475;mittel (2-3 Segmente)
mongo;4743342200235847394;2045.3726315789474;668.1187751212876;950;mittel (2-3 Segmente)
mongo;4753294365454070101;7068.511111111111;677.6536067855086;450;tief (4+ Segmente)
mongo;4764252504545443827;10287.780437756497;5194.779355866811;1462;tief (4+ Segmente)
mongo;4767628794932411739;2593.791111111111;399.4327669744164;450;tief (4+ Segmente)
mongo;4774566024494583485;3979.338974358974;462.8199036126959;1950;tief (4+ Segmente)
mongo;4777555364182055805;3069.071111111111;351.92558348718256;450;tief (4+ Segmente)
mongo;4788224452306924983;3952.5444444444443;452.36832759482417;450;mittel (2-3 Segmente)
mongo;4793230121412209949;3670.8379487179486;899.9905979407907;975;tief (4+ Segmente)
mongo;4795694675296039750;3185.213333333333;406.83770840466025;450;tief (4+ Segmente)
mongo;4800260931776010204;15600.823240589198;8425.138683266654;1833;tief (4+ Segmente)
mongo;4802275196400856029;5246.0455172413795;982.2667286196328;1450;tief (4+ Segmente)
mongo;4812567371484893431;3831.9666666666667;381.5864215412768;450;mittel (2-3 Segmente)
mongo;4813352676232280336;9218.413103448276;5878.542648581173;1450;mittel (2-3 Segmente)
mongo;4824934416699454755;9854.782222222222;670.4584919577485;450;tief (4+ Segmente)
mongo;4826821428921132287;5910.418821096174;2224.233881032655;967;mittel (2-3 Segmente)
mongo;4828303459348883028;14725.437777777777;695.8331449474958;450;tief (4+ Segmente)
mongo;4828973474960432161;4364.216065073716;1652.355316864405;1967;tief (4+ Segmente)
mongo;4835640579109680537;2865.382222222222;344.176504213982;450;tief (4+ Segmente)
mongo;4844101236482558609;11965.272256728778;6881.187797920887;966;tief (4+ Segmente)
mongo;4844130484136711114;3538.3444444444444;388.2044143042752;450;tief (4+ Segmente)
mongo;4854780213911673063;3515.702222222222;658.3716466875592;450;tief (4+ Segmente)
mongo;4874894816484915832;4142.784615384616;501.59589720572615;1950;tief (4+ Segmente)
mongo;4876818473854518465;5448.946666666667;569.4548729996731;450;tief (4+ Segmente)
mongo;4882339586454577870;3716.5238095238096;475.00822110420114;483;mittel (2-3 Segmente)
mongo;4904266080130449660;5490.6577777777775;557.7785506599752;450;tief (4+ Segmente)
mongo;4905602830088584466;7930.995789473684;825.8118904830852;475;tief (4+ Segmente)
mongo;4907173806842509547;3524.0733333333333;388.8819522476769;450;tief (4+ Segmente)
mongo;4911186353960094092;1003.3488888888888;119.42376704249506;450;flach (<=1 Segment)
mongo;4917563164768629095;9772.034736842104;3868.040326331428;950;tief (4+ Segmente)
mongo;4918280030936636528;1488.5375280898877;386.93483433545765;4450;mittel (2-3 Segmente)
mongo;4918641992477343419;3851.691392405063;496.6379747827269;3950;tief (4+ Segmente)
mongo;4937627862133058739;10798.144444444444;840.134894263574;450;mittel (2-3 Segmente)
mongo;4942252356738335392;4029.9363265306124;518.2672208777971;2450;tief (4+ Segmente)
mongo;4947926941571921986;3250.9144827586206;579.0358156224378;1450;mittel (2-3 Segmente)
mongo;4948081202319746508;7434.256610169492;5886.402615926017;2950;mittel (2-3 Segmente)
mongo;4950540811177845709;2007.8476923076923;396.13429485607116;1950;mittel (2-3 Segmente)
mongo;4952287512291397032;2319.541052631579;531.3526389030928;950;mittel (2-3 Segmente)
mongo;4956768400069381178;3075.321052631579;964.9753880572882;950;mittel (2-3 Segmente)
mongo;4961745285941640790;2996.8426501035196;327.15549502985886;483;tief (4+ Segmente)
mongo;4963642270147836011;3668.8565517241377;551.5668453863407;1450;tief (4+ Segmente)
mongo;4970694818808608384;8805.536231884058;824.6892588633169;483;tief (4+ Segmente)
mongo;4971090868917932865;4447.053333333333;428.4581429063021;450;tief (4+ Segmente)
mongo;4976204784530172824;2373.3088888888888;308.12831064804175;450;tief (4+ Segmente)
mongo;4984810063227241945;3237.1815384615384;421.87610843083195;1950;tief (4+ Segmente)
mongo;4985150180654362304;10276.19724025974;5634.455281063843;2464;tief (4+ Segmente)
mongo;4988318199250381764;3230.248115942029;696.7974143135249;3450;tief (4+ Segmente)
mongo;4992939184942049469;11825.275555555556;1066.3512375207058;450;tief (4+ Segmente)
mongo;4993950888931160425;3435.2873684210526;418.68727128535534;950;tief (4+ Segmente)
mongo;4994536293403350271;6295.206666666667;557.7520898386457;450;tief (4+ Segmente)
mongo;4994903797601483418;4401.76;415.17466761896304;450;tief (4+ Segmente)
mongo;5000812701819644021;4161.2292307692305;716.9963316694347;1950;tief (4+ Segmente)
mongo;5001544293929511440;3032.0355555555557;564.7961404325138;450;tief (4+ Segmente)
mongo;5003743577581343223;2293.4673684210525;735.2040701401937;950;mittel (2-3 Segmente)
mongo;5003768501643499907;3142.069491525424;616.5016224715741;2950;tief (4+ Segmente)
mongo;5008626891160969203;2889.101772151899;382.5534416950742;3950;tief (4+ Segmente)
mongo;5013239167240222303;2800.6748717948717;1060.5493116380596;1950;mittel (2-3 Segmente)
mongo;5036536994344787831;2597.1805586592177;620.2308880387085;8950;tief (4+ Segmente)
mongo;5039903547457250685;4414.742222222222;506.10397995384074;450;tief (4+ Segmente)
mongo;5067314732210816776;11731.411362080768;9255.453718804893;1461;tief (4+ Segmente)
mongo;5069014671643130431;4430.1696551724135;422.1309919584939;1450;tief (4+ Segmente)
mongo;5071340673001783811;29397.861878453037;603.722294266354;181;mittel (2-3 Segmente)
mongo;5078852879163573250;8529.581122448979;4960.22000693038;1960;mittel (2-3 Segmente)
mongo;5084209680721016762;5228.997894736842;480.84871125741955;475;tief (4+ Segmente)
mongo;5086200875250484993;5689.653333333334;551.7198457918068;450;tief (4+ Segmente)
mongo;5089032977161818952;6011.473333333333;494.93996886891694;450;tief (4+ Segmente)
mongo;5090683410679505951;2223.4606896551722;479.1921401163438;1450;mittel (2-3 Segmente)
mongo;5098196716152230410;29659.935294117648;328.9441265502766;170;mittel (2-3 Segmente)
mongo;5098693526405511162;7384.398899082569;6093.754146098971;5450;mittel (2-3 Segmente)
mongo;5100542165749969500;2864.2755555555555;310.2945214582721;450;tief (4+ Segmente)
mongo;5107956063525520296;2395.723768115942;464.97500431670153;3450;mittel (2-3 Segmente)
mongo;5110652671339873797;29488.31055900621;507.97444861952505;161;tief (4+ Segmente)
mongo;5114707729326352490;6445.162222222222;862.4896257182836;450;tief (4+ Segmente)
mongo;5123573233662941034;3067.0377777777776;317.2918547080795;450;tief (4+ Segmente)
mongo;5132217028704022278;16537.24248704663;10589.552003464794;965;mittel (2-3 Segmente)
mongo;5140558166930360594;2761.855789473684;405.1084820603705;950;tief (4+ Segmente)
mongo;5145699040459185510;5357.783157894737;518.2955729905162;475;tief (4+ Segmente)
mongo;5156761752207896840;7509.8268965517245;5728.983470591921;1450;tief (4+ Segmente)
mongo;5171482786720269397;4014.1939325842695;471.2175388289544;4450;tief (4+ Segmente)
mongo;5175401758409031451;5152.06;518.5193400142559;450;tief (4+ Segmente)
mongo;5185368923685255472;14265.951111111111;1057.5568926178316;450;tief (4+ Segmente)
mongo;5206296607846935853;5517.235789473684;1313.791074542719;950;tief (4+ Segmente)
mongo;5208293331801981119;7917.56;874.1859017531982;450;tief (4+ Segmente)
mongo;5213096934715077152;8735.534161490683;4348.996707403667;966;tief (4+ Segmente)
mongo;5213552895087825586;2971.46;313.29219509911553;450;tief (4+ Segmente)
mongo;5223853072882824892;3720.898947368421;462.0919345882894;475;tief (4+ Segmente)
mongo;5238516466910165669;3411.8105263157895;443.5127476386134;950;mittel (2-3 Segmente)
mongo;5248968730913874096;4051.0466666666666;380.0236014825154;450;tief (4+ Segmente)
mongo;5250211424285324727;3170.534090909091;859.4131104963715;2464;mittel (2-3 Segmente)
mongo;5251334780437825912;5610.848888888889;641.6498669249623;450;tief (4+ Segmente)
mongo;5253781330196685061;4623.386666666666;641.8766103351348;450;tief (4+ Segmente)
mongo;5262132187125352066;4162.5495867768595;379.7332882522525;484;tief (4+ Segmente)
mongo;5262180595156701638;1714.3;387.1724335873012;1950;mittel (2-3 Segmente)
mongo;5273720711980555008;4119.897894736842;400.9625629889157;950;tief (4+ Segmente)
mongo;5278382984790960961;14096.465957446808;10925.906302075655;940;tief (4+ Segmente)
mongo;5302986612871203940;3481.510886075949;504.80114676936546;3950;tief (4+ Segmente)
mongo;5310330488411565811;3564.171724137931;628.7549377402178;1450;tief (4+ Segmente)
mongo;5312357934696303765;10926.566315789474;4213.495688010011;950;tief (4+ Segmente)
mongo;5316870681666191450;2760.142105263158;1271.8413365962817;950;mittel (2-3 Segmente)
mongo;5319301555773514394;8923.704444444444;665.1502094217429;450;tief (4+ Segmente)
mongo;5323825588506649051;8331.321138211382;3584.9829067668097;1968;tief (4+ Segmente)
mongo;5327695371455149476;1802.924827586207;547.5638945710573;1450;mittel (2-3 Segmente)
mongo;5330466651416252739;3606.4666666666667;458.7238082920772;450;tief (4+ Segmente)
mongo;5330718611700897910;3761.8271794871794;500.9612897544791;1950;tief (4+ Segmente)
mongo;5339282866568473281;2657.421379310345;370.47132751611616;1450;tief (4+ Segmente)
mongo;5359736074125503781;19067.955789473683;1223.9595905018352;950;tief (4+ Segmente)
mongo;5361193217007111717;5551.744897959184;3879.926102650288;980;flach (<=1 Segment)
mongo;5364554835927879892;2876.12;330.96213766857977;450;tief (4+ Segmente)
mongo;5376447224146146878;6187.16;2731.803265239351;1450;tief (4+ Segmente)
mongo;5385452811400269000;3022.0244444444443;321.9898832642474;450;tief (4+ Segmente)
mongo;5387328610238367396;7101.120340356564;4159.284326459734;2468;tief (4+ Segmente)
mongo;5389850693796701204;21601.115555555556;796.9604813846724;450;tief (4+ Segmente)
mongo;5407928157323162812;3534.715988538682;508.13983593806864;17450;tief (4+ Segmente)
mongo;5410294649952048386;9204.479145473042;6773.186341645182;1966;tief (4+ Segmente)
mongo;5410385908106914672;1805.7355555555555;247.67724314735884;450;mittel (2-3 Segmente)
mongo;5413671066199565272;2846.728888888889;351.0276511308631;450;tief (4+ Segmente)
mongo;5416601852897259614;9713.84888888889;878.8909235570777;450;tief (4+ Segmente)
mongo;5417465298170475465;3590.568888888889;409.8131965243839;450;tief (4+ Segmente)
mongo;5423020749723056959;1350.0444444444445;230.2430743772513;450;flach (<=1 Segment)
mongo;5433453865291437777;2907.0547368421053;346.30585910782605;475;tief (4+ Segmente)
mongo;5434615217429814103;3991.3155555555554;372.4115691242948;450;tief (4+ Segmente)
mongo;5436961904390642996;9937.866666666667;668.1337035951209;450;mittel (2-3 Segmente)
mongo;5442355129992800342;23298.702222222222;1231.2342008055805;450;tief (4+ Segmente)
mongo;5444454853020086605;24579.98222222222;1100.0673535340056;450;tief (4+ Segmente)
mongo;5446068306253880448;3338.2;352.29085472825875;450;mittel (2-3 Segmente)
mongo;5454861746150378108;5230.0671390013495;1494.5842016273532;2964;tief (4+ Segmente)
mongo;5456936052226783288;3890.402222222222;603.1681246816859;450;tief (4+ Segmente)
mongo;5473403024752546956;2801.4355555555558;338.5889251037607;450;tief (4+ Segmente)
mongo;5475078144932870756;2865.956842105263;312.27718164730385;950;tief (4+ Segmente)
mongo;5484885789159007185;3404.053103448276;437.2057195513844;1450;tief (4+ Segmente)
mongo;5486669699480165382;3875.6510204081633;513.7310732351797;2450;tief (4+ Segmente)
mongo;5493468535583883465;9783.506891271056;12164.53409217894;653;tief (4+ Segmente)
mongo;5498899749585258179;11428.16;586.8233125721695;450;flach (<=1 Segment)
mongo;5500536538076759562;2789.4866666666667;355.545280336711;450;tief (4+ Segmente)
mongo;5503837698919266075;6204.897777777778;564.6942908234439;450;tief (4+ Segmente)
mongo;5505496635485408344;3002.0644444444442;369.9188773138245;450;tief (4+ Segmente)
mongo;5508967759134792772;10571.376124284547;8525.772292791664;2446;tief (4+ Segmente)
mongo;5510819102807609432;3790.1311111111113;410.51734231274537;450;tief (4+ Segmente)
mongo;5518877400221737153;6136.26947368421;543.5829475817103;475;tief (4+ Segmente)
mongo;5519077511538053557;3545.5621052631577;398.5789375760222;950;tief (4+ Segmente)
mongo;5519778755691890712;11381.624060150376;6721.90630732088;1463;tief (4+ Segmente)
mongo;5535559360605700569;6806.703157894737;2859.8375307169963;950;tief (4+ Segmente)
mongo;5538151497547625503;6521.8744107744105;3264.366295768941;2970;tief (4+ Segmente)
mongo;5540782288121118049;4673.417777777778;633.0607155845577;450;tief (4+ Segmente)
mongo;5546448881229045391;4140.748888888889;568.7612386602358;450;tief (4+ Segmente)
mongo;5555959410971175832;20575.63697104677;824.8414076818154;449;tief (4+ Segmente)
mongo;5556366266301609909;5709.620475698035;1870.2760006333592;967;tief (4+ Segmente)
mongo;5561613688855469990;9254.425263157895;640.8731486100596;475;tief (4+ Segmente)
mongo;5567264031995499744;8868.971111111112;664.1975123910568;450;tief (4+ Segmente)
mongo;5569223570165696314;2896.340956937799;452.0915900954697;10450;tief (4+ Segmente)
mongo;5583591783156248783;15681.726708074535;6284.768058576593;966;tief (4+ Segmente)
mongo;5616400302968271686;11245.507368421053;7673.134935205826;950;tief (4+ Segmente)
mongo;5617510144668734022;4612.862222222222;522.596318330593;450;tief (4+ Segmente)
mongo;5639183456721914367;27831.02216066482;1343.4011333414553;361;mittel (2-3 Segmente)
mongo;5643283541426986774;4389.470527404344;976.6261201615554;967;tief (4+ Segmente)
mongo;5645528311713269004;2156.201052631579;262.274204356349;950;mittel (2-3 Segmente)
mongo;5645932708983841900;9074.847368421053;5135.417360821777;950;flach (<=1 Segment)
mongo;5646237379063164568;4360.12947368421;889.5783511645445;950;tief (4+ Segmente)
mongo;5653097961270931210;3356.2694736842104;370.4086272239846;950;tief (4+ Segmente)
mongo;5658960865002591843;3492.096551724138;404.6724143403646;1450;tief (4+ Segmente)
mongo;5660280600680046639;2191.219183673469;570.9300848794763;2450;tief (4+ Segmente)
mongo;5662321701118212826;8676.631632653061;7806.1298747365945;1960;flach (<=1 Segment)
mongo;5695366282730021544;1864.1613236814892;255.35503403971921;967;mittel (2-3 Segmente)
mongo;5711066561672110822;3095.5066666666667;361.04487218729395;450;tief (4+ Segmente)
mongo;5716674029087508827;3071.537894736842;399.7120593445326;950;tief (4+ Segmente)
mongo;5716693611716872390;5744.962059620596;992.385212206941;1476;tief (4+ Segmente)
mongo;5731059930125300756;4861.073245167853;1461.1301580712118;983;mittel (2-3 Segmente)
mongo;5742504891104958874;3762.008275862069;710.0273412540465;1450;tief (4+ Segmente)
mongo;5743147211319887222;5985.3831578947365;532.9605400669806;475;mittel (2-3 Segmente)
mongo;5755920539766019477;3925.211034482759;460.31675071549154;1450;tief (4+ Segmente)
mongo;5765871667095525341;5979.962222222222;706.7450379599559;450;tief (4+ Segmente)
mongo;5771652216708352702;5317.366666666667;486.0744956974017;450;tief (4+ Segmente)
mongo;5773441925639100410;2952.977852348993;483.3557221212447;7450;tief (4+ Segmente)
mongo;5778074154933205916;10647.906896551724;4946.222976007636;1450;tief (4+ Segmente)
mongo;5778283478472109328;3583.6311111111113;370.16529373640475;450;tief (4+ Segmente)
mongo;5792613558349454696;7698.406669377796;4149.487392504959;2459;tief (4+ Segmente)
mongo;5794832710217745243;4098.366666666667;439.45083795061936;450;tief (4+ Segmente)
mongo;5800696778223532823;19987.02105263158;819.5511916128216;475;tief (4+ Segmente)
mongo;5802402265317097606;1750.8847706422018;470.89758526810795;5450;mittel (2-3 Segmente)
mongo;5804769346532838474;6551.595555555556;755.181997549869;450;tief (4+ Segmente)
mongo;5807067889361935726;3690.6511111111113;408.33475236333595;450;tief (4+ Segmente)
mongo;5817152135548445042;3501.1357894736843;425.8763771352574;950;tief (4+ Segmente)
mongo;5819340622713286740;21639.67111111111;921.4453076908999;450;tief (4+ Segmente)
mongo;5829886005468403501;3745.2613793103446;434.92335929345523;1450;tief (4+ Segmente)
mongo;5836632896192132813;6100.981379310345;4378.782467559191;1450;flach (<=1 Segment)
mongo;5849097989878732809;12952.888314374353;8751.995719991615;967;tief (4+ Segmente)
mongo;5859182835041635332;18375.85863267671;8599.620976698285;863;mittel (2-3 Segmente)
mongo;5859254473806996859;8155.982222222222;936.0382440573862;450;tief (4+ Segmente)
mongo;5860065544297083765;16409.6477166822;9328.578366313097;2146;tief (4+ Segmente)
mongo;5862733684318313920;2826.1158620689657;343.0636184909038;1450;tief (4+ Segmente)
mongo;5868855570061413019;4002.5622222222223;646.3801531265115;450;tief (4+ Segmente)
mongo;5875718575240205075;9360.63978127136;3798.642254302566;1463;tief (4+ Segmente)
mongo;5885546580582353764;3993.4910344827586;1023.4193347988877;1450;tief (4+ Segmente)
mongo;5886596981376127229;12587.98556701031;866.8836950250873;485;flach (<=1 Segment)
mongo;5888878149548264107;13183.962222222222;863.6192713144466;450;tief (4+ Segmente)
mongo;5891390962599358429;10415.59424756035;9108.569816806257;1947;tief (4+ Segmente)
mongo;5893594624922640028;6743.7136842105265;4008.5794332701917;950;tief (4+ Segmente)
mongo;5895473172555763567;3749.76;370.28149469890565;475;tief (4+ Segmente)
mongo;5896318729371520181;9233.173333333334;811.3092260733894;450;tief (4+ Segmente)
mongo;5897379912763917991;3940.628888888889;424.47888928502834;450;tief (4+ Segmente)
mongo;5901670165386940992;4026.882222222222;410.7211018610824;450;tief (4+ Segmente)
mongo;5906496958719775160;3272.0244444444443;420.9386550249741;450;tief (4+ Segmente)
mongo;5910193922027097194;5076.724210526316;612.0201846999202;475;tief (4+ Segmente)
mongo;5912189776611221043;5120.128421052632;536.6748207435073;475;tief (4+ Segmente)
mongo;5914753639352548704;5747.292631578947;411.41983321784716;475;tief (4+ Segmente)
mongo;5918637790316114906;4184.135555555556;682.0578953982432;450;tief (4+ Segmente)
mongo;5921539581227958474;14512.691111111111;801.8227037509184;450;tief (4+ Segmente)
mongo;5922958655594018315;4422.265714285714;614.9291679474027;2450;tief (4+ Segmente)
mongo;5923002263897518223;4259.0420689655175;472.5996168162862;1450;tief (4+ Segmente)
mongo;5924333401567263561;16064.668881506092;10206.67410175848;903;tief (4+ Segmente)
mongo;5925631308366978494;3488.3478260869565;371.61380581825114;483;tief (4+ Segmente)
mongo;5933687442628233442;5650.417777777778;501.16482904807214;450;tief (4+ Segmente)
mongo;5944985292157549540;2736.2155555555555;304.3683374390917;450;tief (4+ Segmente)
mongo;5960114202768520784;9489.48;497.9716370130809;450;mittel (2-3 Segmente)
mongo;5967069896472678376;3555.6655172413793;541.2197256435835;1450;tief (4+ Segmente)
mongo;5973769856620448192;3560.3635897435897;600.744144840564;1950;tief (4+ Segmente)
mongo;5974380146517149184;5076.555555555556;574.2178821614764;450;tief (4+ Segmente)
mongo;5977659869415509245;11384.446909667195;10380.112688776593;631;tief (4+ Segmente)
mongo;5980280963167919123;5454.027368421052;538.9303686816731;475;tief (4+ Segmente)
mongo;5982466854000436152;7502.595555555556;542.8921691550439;450;tief (4+ Segmente)
mongo;5990245324121103853;2695.8155555555554;349.3281419521094;450;mittel (2-3 Segmente)
mongo;6003749780346662346;3634.213333333333;361.4883595916573;450;tief (4+ Segmente)
mongo;6006906626162987288;3174.8613559322034;668.0832099473483;2950;tief (4+ Segmente)
mongo;6035569127364925393;2585.184745762712;526.4524471878458;2950;tief (4+ Segmente)
mongo;6039915015557696696;2896.9733333333334;334.3118973677179;450;tief (4+ Segmente)
mongo;6041468693350349300;8338.833478134955;6773.190433003439;3453;mittel (2-3 Segmente)
mongo;6045321278204704508;3900.0694736842106;477.4501646456796;475;tief (4+ Segmente)
mongo;6045614919224892697;3799.4928205128203;446.34395402510006;1950;tief (4+ Segmente)
mongo;6049919751840135324;13332.404444444444;1033.6362914747617;450;tief (4+ Segmente)
mongo;6059082588762000963;5722.76;668.1611038942917;450;tief (4+ Segmente)
mongo;6060061873406280289;4969.608965517242;1729.4272537879526;1450;tief (4+ Segmente)
mongo;6072609984358472914;3515.46;382.04631238986;450;tief (4+ Segmente)
mongo;6072704197946584965;3317.7988764044944;435.9986727732204;4450;tief (4+ Segmente)
mongo;6079944415408147363;2710.36;382.3259831825208;450;tief (4+ Segmente)
mongo;6080560130574856177;3394.2844444444445;342.44848617239035;450;tief (4+ Segmente)
mongo;6085608012517089869;19310.632516703787;1152.672818199208;449;tief (4+ Segmente)
mongo;6095850063032474994;15143.759493670887;11194.4377763692;948;tief (4+ Segmente)
mongo;6099361836995198340;3630.524210526316;707.6865223031191;950;tief (4+ Segmente)
mongo;6100245412723762295;6754.857027136492;4150.410348604498;2469;tief (4+ Segmente)
mongo;6101663781689786793;3014.186968973747;470.0584997684525;20950;tief (4+ Segmente)
mongo;6108289690992007831;11588.143157894738;993.43771532518;475;tief (4+ Segmente)
mongo;6110262331357099103;10447.206315789474;8036.250232629352;950;tief (4+ Segmente)
mongo;6123855792281854719;6021.32;667.6054272572537;450;tief (4+ Segmente)
mongo;6125059177722119175;6883.968888888889;549.6068559749052;450;tief (4+ Segmente)
mongo;6125266700812000818;3390.7075862068964;513.349237483559;1450;tief (4+ Segmente)
mongo;6131199456104076946;3671.3977777777777;645.7141930829191;450;tief (4+ Segmente)
mongo;6142840522258834137;25778.275;1909.0849062647837;440;tief (4+ Segmente)
mongo;6143266762331186035;803.9213793103448;157.9176892404579;1450;flach (<=1 Segment)
mongo;6144479911199903239;8833.24947368421;4972.359666515212;950;mittel (2-3 Segmente)
mongo;6148415941960067061;2699.194285714286;351.84435100425424;2450;tief (4+ Segmente)
mongo;6150368096895214572;3471.3133333333335;392.0484085154064;1950;tief (4+ Segmente)
mongo;6168051656989246146;7877.219291180024;5318.553972779438;4966;tief (4+ Segmente)
mongo;6168740178041897396;2039.9397101449276;433.08838305631457;3450;mittel (2-3 Segmente)
mongo;6169347855890187016;8330.986666666666;825.7027268577428;450;tief (4+ Segmente)
mongo;6173833612598305791;7695.934736842105;638.906481037973;475;tief (4+ Segmente)
mongo;6177503259314778938;2527.148888888889;305.9214385390189;450;tief (4+ Segmente)
mongo;6184059470523558657;12220.916551724138;7729.594330498901;1450;tief (4+ Segmente)
mongo;6187185220356631838;4020.6644444444446;372.5764337095195;450;tief (4+ Segmente)
mongo;6187373095626766966;3374.9177777777777;415.09301814704986;450;tief (4+ Segmente)
mongo;6200439226761143438;1949.3326315789473;318.3792810222055;950;mittel (2-3 Segmente)
mongo;6221993639873759947;6772.847586206896;1705.066755282625;1450;tief (4+ Segmente)
mongo;6233718223374923264;3416.3955555555553;377.36815597933105;450;tief (4+ Segmente)
mongo;6234908303186164022;1751.2020224719101;723.9265933818723;4450;mittel (2-3 Segmente)
mongo;6235554368285594860;4240.38947368421;524.048422222709;475;tief (4+ Segmente)
mongo;6239033509622230920;6879.92;661.3642226010634;475;tief (4+ Segmente)
mongo;6247557390256356085;6266.295555555555;638.4653749004683;450;tief (4+ Segmente)
mongo;6249949900317052497;6847.068965517241;2244.0678042207837;1450;tief (4+ Segmente)
mongo;6251330316207379170;10133.667127071823;10283.337600018815;1448;tief (4+ Segmente)
mongo;6256039240167545991;10467.82888888889;569.025177096984;450;tief (4+ Segmente)
mongo;6256094020817159034;11706.246315789474;8010.72544402037;950;tief (4+ Segmente)
mongo;6260692276606985163;2192.8755555555554;347.1293829864332;450;tief (4+ Segmente)
mongo;6261944467058099329;3430.2536842105264;378.80705357455344;950;tief (4+ Segmente)
mongo;6267148307619687107;5857.911525423729;4199.934240386396;2950;mittel (2-3 Segmente)
mongo;6277209744862038553;19081.781737193764;1286.840310024911;449;tief (4+ Segmente)
mongo;6280426571937034084;7260.716842105263;2608.3938500859094;950;mittel (2-3 Segmente)
mongo;6283829592363211063;3272.9705084745765;742.7227462523887;2950;tief (4+ Segmente)
mongo;6286048607598540720;3531.1957894736843;427.51058698511815;950;tief (4+ Segmente)
mongo;6289986841115283723;23080.40044742729;1468.5605084861168;447;tief (4+ Segmente)
mongo;6295969277559646253;3618.9535353535352;605.0453969520219;4950;tief (4+ Segmente)
mongo;6303171249662756917;2921.242222222222;365.2833009771717;450;tief (4+ Segmente)
mongo;6303255107028490935;18477.10210526316;772.4246138517834;950;tief (4+ Segmente)
mongo;6311265279055986334;7314.6736842105265;618.7436099845683;475;tief (4+ Segmente)
mongo;6314424938776649240;3646.0557894736844;948.1885341836753;950;tief (4+ Segmente)
mongo;6318616562776186417;17655.016842105262;779.3672158230107;475;tief (4+ Segmente)
mongo;6324187711132849850;1769.7911111111111;259.30726785721487;450;mittel (2-3 Segmente)
mongo;6326301636553745261;3821.616842105263;1626.8466840272242;950;mittel (2-3 Segmente)
mongo;6326302990615755519;21868.924102564102;1312.380070743928;975;tief (4+ Segmente)
mongo;6328275225611674199;4029.0341007194243;500.91244689355483;6950;tief (4+ Segmente)
mongo;6333738282814291938;11021.05448275862;3459.379008436876;1450;tief (4+ Segmente)
mongo;6339223741432742184;2510.004745762712;845.990517214307;2950;mittel (2-3 Segmente)
mongo;6344414612961676944;5566.946666666667;495.78511384382176;450;tief (4+ Segmente)
mongo;6348797976397034655;1571.0515789473684;248.71638108888416;950;mittel (2-3 Segmente)
mongo;6352040687010451590;5943.627329192546;786.7124210551384;483;tief (4+ Segmente)
mongo;6359260740098691462;4713.288888888889;455.5403664756181;450;tief (4+ Segmente)
mongo;6367920086937354966;7328.077951002228;689.8904647007942;449;tief (4+ Segmente)
mongo;6382660261821217963;23051.48195329087;980.2570500884405;471;mittel (2-3 Segmente)
mongo;6390866362114641753;2561.251884057971;623.1505875109228;3450;tief (4+ Segmente)
mongo;6391729233649087586;16559.232678386765;6374.241584785477;967;tief (4+ Segmente)
mongo;6394189367554203785;4251.191111111111;479.7816911787063;450;tief (4+ Segmente)
mongo;6410038533119315912;5899.3711111111115;535.9336524115475;450;tief (4+ Segmente)
mongo;6411574319166152051;3764.765306122449;652.1935885534257;2450;tief (4+ Segmente)
mongo;6421599164714961175;4153.453333333333;437.189667269296;450;tief (4+ Segmente)
mongo;6445178872878901031;11567.401437371664;3097.3666098419185;974;tief (4+ Segmente)
mongo;6447843030872828034;9232.730526315789;914.5299702422235;475;tief (4+ Segmente)
mongo;6449890693743718550;3489.349655172414;392.01254691546467;1450;tief (4+ Segmente)
mongo;6451941728521548721;7641.176842105263;3310.1267604063755;950;tief (4+ Segmente)
mongo;6486231326478176361;3521.248888888889;522.9815757387988;450;tief (4+ Segmente)
mongo;6493150003484457479;2822.657142857143;407.61109155662456;2450;tief (4+ Segmente)
mongo;6496301240597002292;4339.771111111111;1064.560355969592;450;tief (4+ Segmente)
mongo;6502829199176474386;14880.46;6076.537854150079;950;tief (4+ Segmente)
mongo;6506346987539001533;1471.7221660941605;302.3117481735483;4949;mittel (2-3 Segmente)
mongo;6509557777674824088;10322.521799307959;10819.089387444785;1445;tief (4+ Segmente)
mongo;6512615701195798917;14425.40842105263;985.8248369825327;475;tief (4+ Segmente)
mongo;6513625981320547530;5063.1866666666665;460.40994689322076;450;tief (4+ Segmente)
mongo;6522901251238644740;3402.1468965517242;448.48224970782434;1450;tief (4+ Segmente)
mongo;6528462012521620044;4248.584444444445;520.4707080006156;450;tief (4+ Segmente)
mongo;6537095173671556838;3791.846666666667;378.30126226779566;450;tief (4+ Segmente)
mongo;6540301177922409811;3264.1158620689657;495.6671536580162;1450;tief (4+ Segmente)
mongo;6552899473397833164;3654.9422222222224;696.08915234535;450;tief (4+ Segmente)
mongo;6558346256756296246;3090.4066666666668;307.296402912175;450;tief (4+ Segmente)
mongo;6560775341801200185;2714.377894736842;495.11932690771096;950;tief (4+ Segmente)
mongo;6569585492190948236;2265.5298734177213;447.615905072954;3950;mittel (2-3 Segmente)
mongo;6573411717329715258;696.7162589928057;271.725260389596;6950;flach (<=1 Segment)
mongo;6579500761435026265;2533.717777777778;315.2497689649704;450;mittel (2-3 Segmente)
mongo;6605551749643767128;3295.882222222222;454.95414673326655;450;tief (4+ Segmente)
mongo;6611072465153856650;9778.166315789475;4595.20801710498;950;tief (4+ Segmente)
mongo;6616207873525727301;14635.855555555556;1171.5128262333285;450;tief (4+ Segmente)
mongo;6617872096341455819;2966.046086956522;586.8488621712199;3450;tief (4+ Segmente)
mongo;6633615500066057814;13087.789619377163;9266.02798561631;1445;tief (4+ Segmente)
mongo;6642361558204199206;3980.7505263157896;1180.6243503160765;950;mittel (2-3 Segmente)
mongo;6645597472538920772;6307.191578947369;699.9149158150674;475;tief (4+ Segmente)
mongo;6645921071018426350;4214.082222222222;416.298483690357;450;tief (4+ Segmente)
mongo;6648117281892177276;4062.1517948717947;575.444997043355;1950;tief (4+ Segmente)
mongo;6649062256857120113;14675.814541622762;10979.8330615955;949;tief (4+ Segmente)
mongo;6650713113887104138;21200.8295687885;1430.594205133655;974;mittel (2-3 Segmente)
mongo;6654294049969334944;3080.517931034483;557.2434101043794;1450;tief (4+ Segmente)
mongo;6656091326550870156;9579.393684210527;3025.0067944018137;950;tief (4+ Segmente)
mongo;6675930577918684863;3922.289655172414;663.1026869655166;1450;tief (4+ Segmente)
mongo;6681866036184840066;15387.75983436853;664.0422050477065;483;tief (4+ Segmente)
mongo;6686923937955848699;15000.581052631578;1003.5901941028086;475;tief (4+ Segmente)
mongo;6688321457301195843;7038.691111111111;730.0002289172609;450;mittel (2-3 Segmente)
mongo;6689831521915727449;3866.777777777778;483.5597073747842;450;tief (4+ Segmente)
mongo;6701351818718900713;1631.1167676767677;402.6710541819355;4950;mittel (2-3 Segmente)
mongo;6713014167349696218;16716.464444444446;1024.1793650451118;450;tief (4+ Segmente)
mongo;6717295252140531492;4768.096923076923;1671.9072432422558;1950;tief (4+ Segmente)
mongo;6717494840143294197;3593.677894736842;377.3778163624331;475;tief (4+ Segmente)
mongo;6718416350717849323;2994.3488888888887;316.32701435365664;450;tief (4+ Segmente)
mongo;6719381451999393753;12249.323157894736;8582.051231625517;950;tief (4+ Segmente)
mongo;6730369401503643849;5687.637948717948;1236.1131127494766;975;tief (4+ Segmente)
mongo;6731502890053543086;12388.404713114754;7465.74217095788;976;tief (4+ Segmente)
mongo;6733952511934450038;3675.4133333333334;359.66231105795003;450;tief (4+ Segmente)
mongo;6735492487403172990;6458.704444444445;548.6075503498976;450;tief (4+ Segmente)
mongo;6738676196440896408;3497.2885714285712;553.1614159121184;2450;tief (4+ Segmente)
mongo;6752565762017988765;2750.8947368421054;337.42463054933415;475;tief (4+ Segmente)
mongo;6759193123074634681;4642.678947368421;594.5298122546793;950;tief (4+ Segmente)
mongo;6770192758383095727;28161.98153846154;1078.6740458493405;325;tief (4+ Segmente)
mongo;6779073791728776433;3348.713333333333;361.3708125832555;450;tief (4+ Segmente)
mongo;6785269743222454495;2242.7054545454544;511.4291539021312;4950;mittel (2-3 Segmente)
mongo;6790777157275220611;3282.8579310344826;445.4838954749446;1450;tief (4+ Segmente)
mongo;6794932373788399675;8330.359781121751;3510.9741478165206;1462;mittel (2-3 Segmente)
mongo;6806418340651381205;4140.844444444445;433.80237079424353;450;tief (4+ Segmente)
mongo;6808161814986139354;2914.6816949152544;365.2282415147748;2950;tief (4+ Segmente)
mongo;6808285859891611528;3314.2070707070707;628.2158333807488;4950;tief (4+ Segmente)
mongo;6826322663245396868;3131.366315789474;351.8971496421522;475;tief (4+ Segmente)
mongo;6831327114562572897;3697.5244444444443;402.22766722727846;450;tief (4+ Segmente)
mongo;6835931035346480990;6438.682222222223;589.5814293389265;450;tief (4+ Segmente)
mongo;6856741613265116973;11627.396560445119;6377.135093960915;1977;tief (4+ Segmente)
mongo;6874137629783320727;5207.024444444444;469.52193079677807;450;tief (4+ Segmente)
mongo;6877062122530207313;4172.506051098162;1532.0287545475458;4462;tief (4+ Segmente)
mongo;6886741728153381842;6972.089756592292;2275.989543559286;1972;tief (4+ Segmente)
mongo;6891435750456311247;2035.2068965517242;373.73359932582184;1450;tief (4+ Segmente)
mongo;6892347886550699060;2545.3444444444444;305.05488064104134;450;tief (4+ Segmente)
mongo;6897743134406407913;6810.406411582213;2752.839549855139;967;tief (4+ Segmente)
mongo;6916223122062731847;5079.113333333334;469.1949965746549;450;tief (4+ Segmente)
mongo;6916229976131609307;3894.037948717949;483.65166853432555;1950;tief (4+ Segmente)
mongo;6918508674184897224;962.1524637681159;355.1700493182822;3450;flach (<=1 Segment)
mongo;6920728789574406068;9509.452413793104;5132.131300958755;1450;tief (4+ Segmente)
mongo;6923286108552797372;20274.051111111112;852.6507728057516;450;tief (4+ Segmente)
mongo;6924759920109969572;3188.642711864407;540.1248105069466;2950;tief (4+ Segmente)
mongo;6928965224961782591;20608.117777777778;747.70649583568;450;tief (4+ Segmente)
mongo;6933988547591829902;2744.5505263157893;285.35108627642;950;tief (4+ Segmente)
mongo;6934291779761673195;13508.956842105263;660.8464677848364;950;tief (4+ Segmente)
mongo;6944619809665527286;8360.514736842106;2558.93281589476;950;tief (4+ Segmente)
mongo;6951233344159055958;10797.115555555556;628.777539153652;450;mittel (2-3 Segmente)
mongo;6955290752189237719;6792.488372093023;2277.3813806604685;1462;tief (4+ Segmente)
mongo;6955990833255922179;14391.366666666667;641.134671529985;450;tief (4+ Segmente)
mongo;6957954546553947698;3575.1111111111113;460.53209867223006;450;tief (4+ Segmente)
mongo;6959823792660505874;2982.996551724138;364.0172708637141;1450;tief (4+ Segmente)
mongo;6963818490678498482;7545.3421052631575;3938.641340337341;950;tief (4+ Segmente)
mongo;6963969301241299631;2263.6757894736843;298.4940920973585;950;tief (4+ Segmente)
mongo;6965431344619332755;24609.648033126294;1236.244915043209;483;mittel (2-3 Segmente)
mongo;6966956981063676358;2949.1315942028987;644.2531000331742;3450;mittel (2-3 Segmente)
mongo;6975054252646366377;5319.475555555556;446.90950198514787;450;mittel (2-3 Segmente)
mongo;6981467809402919174;4716.202222222222;420.50435990467065;450;tief (4+ Segmente)
mongo;6991396919801460314;2966.8733333333334;319.6318448055643;450;tief (4+ Segmente)
mongo;6993855822822896526;4587.663286004057;505.5759777917403;493;mittel (2-3 Segmente)
mongo;6999390392602078999;12177.682626538988;8766.412803769332;1462;mittel (2-3 Segmente)
mongo;7001670474862672429;5465.974736842105;526.2518923602527;475;tief (4+ Segmente)
mongo;7019273673230404745;4756.152631578947;571.586012718219;950;tief (4+ Segmente)
mongo;7023997211398386107;3730.5103448275863;1521.9261542563568;1450;tief (4+ Segmente)
mongo;7024105307023026624;3261.4115789473685;426.91648358232885;950;tief (4+ Segmente)
mongo;7026137585052751663;9756.875555555556;638.6974757646472;450;tief (4+ Segmente)
mongo;7032653165590605654;6488.9157894736845;597.0280379728359;475;tief (4+ Segmente)
mongo;7064942382154644362;7426.339267548322;2438.2072086305743;1966;tief (4+ Segmente)
mongo;7074953339264050056;3800.176842105263;432.35322415016725;475;tief (4+ Segmente)
mongo;7079622581995693957;3956.0755555555556;372.77059776062436;450;tief (4+ Segmente)
mongo;7081456869338977085;4499.324444444444;500.18065028554395;450;tief (4+ Segmente)
mongo;7083861744864570255;20063.768888888888;733.378313340123;450;tief (4+ Segmente)
mongo;7088882595890314483;6255.633540372671;650.6189331199334;483;mittel (2-3 Segmente)
mongo;7090784894766664535;4937.6;828.865698678516;1450;tief (4+ Segmente)
mongo;7092268058044733161;4327.516842105263;515.1774421215911;950;tief (4+ Segmente)
mongo;7102054589116163334;13394.946666666667;820.8646382854662;450;tief (4+ Segmente)
mongo;7103939474194307731;2308.5555555555557;316.3943689195323;450;mittel (2-3 Segmente)
mongo;7116810954923767783;2516.9777777777776;351.8932623707861;450;tief (4+ Segmente)
mongo;7118184789286238807;11410.252644426362;5116.287951530316;2458;tief (4+ Segmente)
mongo;7130876767735522282;3517.037948717949;579.5146113848322;1950;tief (4+ Segmente)
mongo;7133253344475891479;5340.678911564626;1853.4616803268234;1470;tief (4+ Segmente)
mongo;7137050689974810421;24593.58016877637;1322.5212431530501;474;tief (4+ Segmente)
mongo;7150485708328714877;9740.56454248366;4042.357664666703;2448;mittel (2-3 Segmente)
mongo;7160837301264405624;17994.66222222222;777.4172571183572;450;tief (4+ Segmente)
mongo;7162281709022027790;3432.157777777778;391.02207969652494;450;tief (4+ Segmente)
mongo;7166342363427531355;3406.1677551020407;625.9919403412914;2450;tief (4+ Segmente)
mongo;7166971978966371759;27397.981566820275;1223.081148654998;434;tief (4+ Segmente)
mongo;7168117380502047753;11074.131111111112;540.0577904910103;450;tief (4+ Segmente)
mongo;7169919946765129646;5173.495555555555;464.20547465249933;450;tief (4+ Segmente)
mongo;7180493025967689598;3991.9355555555558;383.08617582650857;450;tief (4+ Segmente)
mongo;7193081606829572076;6634.837777777778;614.4737425690824;450;tief (4+ Segmente)
mongo;7195516590065718983;14168.502601456816;9536.645522024693;961;tief (4+ Segmente)
mongo;7201513845208385946;14669.79538300105;11273.355588272845;953;tief (4+ Segmente)
mongo;7203135976160683060;2958.7473684210527;474.199470027669;950;mittel (2-3 Segmente)
mongo;7206319879082967727;21990.839285714286;1094.9112622033401;448;tief (4+ Segmente)
mongo;7210960697097646052;3486.5652631578946;506.6485153195818;950;tief (4+ Segmente)
mongo;7215686585499329261;3268.7144827586208;454.28046823572674;1450;tief (4+ Segmente)
mongo;7218765816327827919;6184.944444444444;660.2140632998254;450;tief (4+ Segmente)
mongo;7219744551829154106;5682.731111111111;708.094353533876;450;tief (4+ Segmente)
mongo;7223834057976010290;4065.9337474120084;1165.6690034730525;966;tief (4+ Segmente)
mongo;7225340296034766726;3847.016551724138;742.5563643099412;1450;tief (4+ Segmente)
mongo;7230413800350601507;4262.780287474333;525.7592305414192;487;tief (4+ Segmente)
mongo;7239704071197237017;2835.3467226890757;443.58253240460044;5950;tief (4+ Segmente)
mongo;7249485003278207740;2933.361052631579;345.8583847415668;950;tief (4+ Segmente)
mongo;7254258091620370867;3135.411111111111;387.2288991878653;450;tief (4+ Segmente)
mongo;7262283538636734599;5981.513684210527;1453.1815628862244;950;tief (4+ Segmente)
mongo;7269964128757582341;3771.2965517241378;504.62077711639694;1450;tief (4+ Segmente)
mongo;7271460581007129364;3946.3977777777777;387.5762265647481;450;tief (4+ Segmente)
mongo;7289772492937031987;3868.313033707865;485.40295434167257;4450;tief (4+ Segmente)
mongo;7290382544211164749;2343.92;711.4345293710746;5950;mittel (2-3 Segmente)
mongo;7295766255755397120;22340.317214700193;2661.0289771081575;517;tief (4+ Segmente)
mongo;7319314336225477525;3977.5355555555557;352.67728149113896;450;tief (4+ Segmente)
mongo;7323861348285808901;3018.9377777777777;398.382062641749;450;tief (4+ Segmente)
mongo;7325785846958233655;5056.1459627329195;1163.5491855397488;966;tief (4+ Segmente)
mongo;7334523721464836294;4342.1578947368425;428.4789335960903;475;tief (4+ Segmente)
mongo;7335319426941232207;4111.5;422.7041816294676;450;tief (4+ Segmente)
mongo;7336185532041334466;15060.728421052632;5311.868637242246;950;tief (4+ Segmente)
mongo;7338120438875108379;6306.924489795919;2809.101869700802;1960;tief (4+ Segmente)
mongo;7347999273263298992;3413.8644444444444;384.9013199863001;450;tief (4+ Segmente)
mongo;7365661320660538846;721.4824016563147;96.66364524338519;966;flach (<=1 Segment)
mongo;7372654943741226211;3515.042564102564;720.5440527108412;1950;tief (4+ Segmente)
mongo;7377292304080866557;8560.731282051282;6253.928008192377;1950;mittel (2-3 Segmente)
mongo;7379177825003423233;6406.335403726708;531.4859834466004;966;tief (4+ Segmente)
mongo;7383760680730060475;5101.1866666666665;726.6446062458535;450;tief (4+ Segmente)
mongo;7384741138802309211;5082.648888888889;647.938829848879;450;tief (4+ Segmente)
mongo;7388019909636183601;11884.587368421053;806.9038094134979;475;tief (4+ Segmente)
mongo;7388832877617495275;2792.871111111111;414.6282272947499;450;tief (4+ Segmente)
mongo;7390087711129764042;920.9671559633027;425.59827830742154;5450;flach (<=1 Segment)
mongo;7393300876044742663;4146.06;437.0711729231812;450;tief (4+ Segmente)
mongo;7402578400686588454;22092.826666666668;1456.7851954719;450;tief (4+ Segmente)
mongo;7410298140121884849;16138.335555555555;1071.0575215859803;450;tief (4+ Segmente)
mongo;7412857051013713243;10443.44789510007;11075.599920905102;1449;mittel (2-3 Segmente)
mongo;7414958621765211615;4844.386666666666;463.07519753773295;450;tief (4+ Segmente)
mongo;7416139204776944113;10884.793174767321;1055.1500097618177;967;tief (4+ Segmente)
mongo;7416739564391203102;6225.466315789474;2169.4211472761067;950;tief (4+ Segmente)
mongo;7419651672170792594;3380.371724137931;456.2687046872069;1450;tief (4+ Segmente)
mongo;7435944757182627551;19771.27094105481;3114.1197143417535;967;tief (4+ Segmente)
mongo;7436564832966144642;4006.5333333333333;452.46531816542495;450;tief (4+ Segmente)
mongo;7438884339891250401;18292.925026399156;7477.015404637107;947;tief (4+ Segmente)
mongo;7441963244719407348;9969.048999309869;10104.701509102932;1449;tief (4+ Segmente)
mongo;7443574671000378605;1973.4422222222222;266.18170777510386;450;mittel (2-3 Segmente)
mongo;7447184893484684702;2658.1240677966102;494.8312551143486;2950;tief (4+ Segmente)
mongo;7449632599369639117;3328.9089655172415;395.73840093697527;1450;tief (4+ Segmente)
mongo;7454093421781551312;2275.2522033898304;453.5766420505598;2950;mittel (2-3 Segmente)
mongo;7454438584224283616;2129.366666666667;277.3790171474313;450;mittel (2-3 Segmente)
mongo;7455457546118458202;4541.532631578947;1179.8882841190953;950;tief (4+ Segmente)
mongo;7463514146013541636;10457.585714285715;5584.179082825637;1470;tief (4+ Segmente)
mongo;7466131081227029273;12514.092879256967;7237.907056570028;969;tief (4+ Segmente)
mongo;7483759199172463376;21145.17111111111;1300.1554882380967;450;tief (4+ Segmente)
mongo;7485963406192663527;4490.935789473684;947.8877594490493;950;tief (4+ Segmente)
mongo;7486112999374359057;3736.188888888889;349.8887412869787;450;tief (4+ Segmente)
mongo;7488422638392939646;5680.276240846217;1383.9079591837954;2458;tief (4+ Segmente)
mongo;7493740809639542951;3532.277777777778;412.6355949853917;450;tief (4+ Segmente)
mongo;7494493814875381508;6157.171111111111;498.79035820200886;450;tief (4+ Segmente)
mongo;7499152351859159970;8751.0;598.4979528407466;450;tief (4+ Segmente)
mongo;7501183493214368543;8804.424150177574;4872.007786402517;1971;tief (4+ Segmente)
mongo;7507878927214713905;2846.9244444444444;320.2839686266977;450;tief (4+ Segmente)
mongo;7509425978543611190;4013.109152542373;522.7311772216177;2950;tief (4+ Segmente)
mongo;7533754097498814268;3973.9933333333333;482.0287651870021;450;tief (4+ Segmente)
mongo;7540689372683472301;3484.7368421052633;372.5293863334673;475;tief (4+ Segmente)
mongo;7543667377026905370;5352.3189473684215;1509.12547700011;950;mittel (2-3 Segmente)
mongo;7545551363097580408;8903.657096643752;4959.915152752026;2473;tief (4+ Segmente)
mongo;7546705186708086090;4501.690040650406;497.0428262960118;984;tief (4+ Segmente)
mongo;7549320764247135497;14220.791111111112;793.0657470904391;450;tief (4+ Segmente)
mongo;7557900307389655720;3887.2694915254237;591.2891889500623;2950;tief (4+ Segmente)
mongo;7559034564390017530;13330.967346938776;6554.925627074093;1960;tief (4+ Segmente)
mongo;7572038563414648476;4390.833684210526;467.13031336519776;475;tief (4+ Segmente)
mongo;7573621614108211531;5801.468888888889;556.4938683698894;450;tief (4+ Segmente)
mongo;7590920077360219268;3231.5933333333332;360.4238243239642;450;tief (4+ Segmente)
mongo;7597423482031470806;7640.873333333333;763.6102297828083;450;tief (4+ Segmente)
mongo;7602163786987469196;3460.021052631579;375.58578003617487;950;tief (4+ Segmente)
mongo;7604175532727225915;7537.326148840993;4874.696056721323;2459;mittel (2-3 Segmente)
mongo;7605618333424473443;3813.4105263157894;486.5075901717979;950;tief (4+ Segmente)
mongo;7606048279799506040;2777.7305263157896;364.5302605670192;950;tief (4+ Segmente)
mongo;7607555325147277506;11856.20057072972;9576.724091055288;2453;tief (4+ Segmente)
mongo;7608372997036589439;3682.3533333333335;356.91689817785266;450;tief (4+ Segmente)
mongo;7609587362145515038;3558.6124137931033;518.8586376231294;1450;tief (4+ Segmente)
mongo;7614248818746077525;18584.957777777778;718.0279696858452;450;tief (4+ Segmente)
mongo;7618586604817474944;8665.032358939497;8572.416039653452;7355;mittel (2-3 Segmente)
mongo;7625970572310186924;22220.231111111112;1101.6643634207646;450;mittel (2-3 Segmente)
mongo;7627634243330493037;3649.902222222222;358.34147062807034;450;tief (4+ Segmente)
mongo;7643144860366089900;2842.5095477386935;561.4562087451042;9950;tief (4+ Segmente)
mongo;7649660162357036019;2152.940408163265;599.5511902807675;2450;mittel (2-3 Segmente)
mongo;7653243178001675108;3639.231376146789;552.7434450668376;5450;tief (4+ Segmente)
mongo;7657589701474899006;4128.7136842105265;403.51616770230834;475;tief (4+ Segmente)
mongo;7660917291807904298;4063.5310344827585;825.7672689941546;1450;tief (4+ Segmente)
mongo;7665538293914006793;2827.9517241379313;316.43996965713916;1450;tief (4+ Segmente)
mongo;7670966536050936040;3576.071111111111;362.3047288340454;450;tief (4+ Segmente)
mongo;7671448998683467364;2816.851111111111;310.58699015071204;450;tief (4+ Segmente)
mongo;7677636386512570970;6989.698487712665;6354.172593053023;1058;mittel (2-3 Segmente)
mongo;7678570372126106433;6380.3157467532465;4884.865265068852;2464;flach (<=1 Segment)
mongo;7685502158203892137;6744.96;643.9310876269855;450;tief (4+ Segmente)
mongo;7690256442500989885;2774.1463157894736;360.01871901647064;950;tief (4+ Segmente)
mongo;7695675953913130016;9984.548888888889;956.0318268509643;450;tief (4+ Segmente)
mongo;7702886428339155513;4694.988888888889;524.734899542919;450;tief (4+ Segmente)
mongo;7703167561387159713;8545.357894736842;836.9885493447522;950;tief (4+ Segmente)
mongo;7706472249485051110;18936.68944099379;1272.1557677988485;483;tief (4+ Segmente)
mongo;7706494380103420494;17215.284679089025;6957.5920248429975;966;mittel (2-3 Segmente)
mongo;7706847723523811402;5894.015555555556;587.0504106230733;450;tief (4+ Segmente)
mongo;7708758443249116019;1299.2331034482759;725.346042550098;1450;flach (<=1 Segment)
mongo;7712842238093308421;3367.242222222222;347.4276665926042;450;tief (4+ Segmente)
mongo;7714965275699847724;11848.717894736843;8449.911244656163;950;mittel (2-3 Segmente)
mongo;7715269961929926759;2212.193333333333;255.25185684567035;450;tief (4+ Segmente)
mongo;7716678126405782112;24067.904444444444;1287.9503795404455;450;tief (4+ Segmente)
mongo;7720713218050718227;2719.0755555555556;319.29055346238204;450;tief (4+ Segmente)
mongo;7724320098652030824;4731.732631578948;1971.16926677562;950;tief (4+ Segmente)
mongo;7728311153807530202;10000.485987696515;4687.130356676748;1463;mittel (2-3 Segmente)
mongo;7734423266130148812;6589.364444444444;490.6410792689211;450;tief (4+ Segmente)
mongo;7737339736405481309;4396.671111111111;436.82541584678927;450;tief (4+ Segmente)
mongo;7750167969799260466;10207.058947368421;841.2166324307997;475;tief (4+ Segmente)
mongo;7771309120905509014;3212.573684210526;511.01573714124555;950;tief (4+ Segmente)
mongo;7778649620297756760;2939.371111111111;381.2883535038721;450;mittel (2-3 Segmente)
mongo;7787523818165175056;1854.0852631578948;509.28936222126464;950;mittel (2-3 Segmente)
mongo;7794075152604672764;8248.886315789474;588.4124071852243;950;tief (4+ Segmente)
mongo;7794422157638965262;24241.9420935412;1345.0990109720324;449;tief (4+ Segmente)
mongo;7800756764645728766;10161.270408163266;4966.8742266952895;1960;mittel (2-3 Segmente)
mongo;7801391865468764418;3474.766666666667;472.96799333268774;450;tief (4+ Segmente)
mongo;7804196488754753987;5081.333333333333;501.31345967890553;450;tief (4+ Segmente)
mongo;7810575532098302266;4078.326666666667;476.7850925252835;450;tief (4+ Segmente)
mongo;7814797020253106575;6010.3822222222225;547.4123990647627;450;tief (4+ Segmente)
mongo;7817635255973720961;2936.6555555555556;305.2551512659734;450;tief (4+ Segmente)
mongo;7820486427534166711;3770.8;407.33568564733133;450;tief (4+ Segmente)
mongo;7820748042128337513;2217.08;267.27138564714716;450;mittel (2-3 Segmente)
mongo;7825766597069241617;2315.7684210526318;357.81694671311567;475;mittel (2-3 Segmente)
mongo;7833263001423434748;3625.3753846153845;409.6586682163524;975;tief (4+ Segmente)
mongo;7836930319685189986;4168.9557894736845;956.7988140910854;950;tief (4+ Segmente)
mongo;7847434196279705256;13436.011111111111;1395.3134211732197;450;mittel (2-3 Segmente)
mongo;7847923517565302487;4057.452631578947;588.357032104655;950;tief (4+ Segmente)
mongo;7855464912634564335;2097.02;230.8796040824997;450;tief (4+ Segmente)
mongo;7857336528897483230;15011.391111111112;711.7223582888869;450;tief (4+ Segmente)
mongo;7879453197154342024;2209.2452173913043;488.2038667658251;3450;mittel (2-3 Segmente)
mongo;7881054185804556936;7937.2555555555555;651.4225748863151;450;tief (4+ Segmente)
mongo;7889980091822876556;8602.893333333333;594.650695468677;450;tief (4+ Segmente)
mongo;7911839071298462646;2847.4466666666667;407.68880119418725;450;tief (4+ Segmente)
mongo;7914490114105234744;4549.877894736842;582.8094964132638;475;flach (<=1 Segment)
mongo;7924207866924397656;3563.1802898550723;417.54104558608145;3450;tief (4+ Segmente)
mongo;7934491539954805734;2393.3063157894735;412.1975876654849;950;tief (4+ Segmente)
mongo;7934716613387155528;3542.6624489795918;429.31641079976816;2450;tief (4+ Segmente)
mongo;7937674554515289025;2353.1307865168537;531.7548013657342;4450;mittel (2-3 Segmente)
mongo;7949162585090740504;5611.668888888889;518.6575477267322;450;tief (4+ Segmente)
mongo;7951255157451630271;6004.071578947369;588.3137771214248;475;mittel (2-3 Segmente)
mongo;7954557932981491205;20314.824444444443;876.2360777719157;450;tief (4+ Segmente)
mongo;7961861452809362955;7198.9511111111115;911.595418460773;450;tief (4+ Segmente)
mongo;7966613178259251389;4550.026915113872;485.4079275419248;483;tief (4+ Segmente)
mongo;7969185099911589695;4253.833333333333;468.76582616193633;450;tief (4+ Segmente)
mongo;7969231653249574758;7626.277777777777;798.8547513528164;450;tief (4+ Segmente)
mongo;7974865559595738319;2889.77593220339;437.06282091243554;2950;tief (4+ Segmente)
mongo;7977445607510394306;1467.0684210526315;263.77767994851615;950;mittel (2-3 Segmente)
mongo;7985905215544824736;5756.442222222222;562.6706343472559;450;tief (4+ Segmente)
mongo;8002107735070813616;2224.577974683544;497.8186561435879;3950;tief (4+ Segmente)
mongo;8004684252650471178;3498.915918367347;610.958042050563;2450;tief (4+ Segmente)
mongo;8009479675960637208;20738.78;1227.2728609901383;450;tief (4+ Segmente)
mongo;8011044633609515872;3943.02;561.9476362682921;1450;tief (4+ Segmente)
mongo;8012132781248765105;2166.682222222222;290.15188234442445;450;mittel (2-3 Segmente)
mongo;8017318032695903102;1667.0044444444445;234.84101616950545;450;tief (4+ Segmente)
mongo;8024740927160817212;3236.3768674698795;537.1305311239404;12450;tief (4+ Segmente)
mongo;8032770572855053139;2878.1604554865426;793.9615762680525;966;mittel (2-3 Segmente)
mongo;8048113068471940615;8800.17111111111;797.4204679634499;450;tief (4+ Segmente)
mongo;8048937605057907363;4091.4377777777777;408.0486421225233;450;tief (4+ Segmente)
mongo;8076852080027342566;4432.646896551724;537.9175314832582;1450;tief (4+ Segmente)
mongo;8083553919583443561;3498.8777777777777;384.7185830532473;450;tief (4+ Segmente)
mongo;8090357232966047723;2954.9266666666667;357.8561150303123;450;tief (4+ Segmente)
mongo;8091176873199077026;9683.254098360656;928.3271838919616;488;tief (4+ Segmente)
mongo;8093850040479481847;4120.024444444444;462.1167062340943;450;tief (4+ Segmente)
mongo;8101493982957132486;3337.9222222222224;456.0937276144189;450;tief (4+ Segmente)
mongo;8104036942285947105;6478.2052631578945;2983.2294003980046;950;tief (4+ Segmente)
mongo;8105571221077642590;2561.6715596330273;715.9218336918098;5450;mittel (2-3 Segmente)
mongo;8106696424884874206;3010.337777777778;337.22905533691033;450;tief (4+ Segmente)
mongo;8106733458892426760;13817.291111111112;1085.1064329110138;450;tief (4+ Segmente)
mongo;8112177468357193797;4298.964943820225;2853.2251716421574;4450;mittel (2-3 Segmente)
mongo;8114030632140888337;2929.6053211009175;532.6280356338049;5450;tief (4+ Segmente)
mongo;8119855050985611855;15792.097251585623;11431.048613735302;946;mittel (2-3 Segmente)
mongo;8129666619574747232;8523.666666666666;847.3159456802445;450;tief (4+ Segmente)
mongo;8133011164102318246;10735.030425963489;996.7907085000619;493;mittel (2-3 Segmente)
mongo;8138448085655749047;14931.193333333333;668.4748925093355;450;tief (4+ Segmente)
mongo;8144337049445978030;3611.0577777777776;461.6942761959596;450;tief (4+ Segmente)
mongo;8148081944159702026;11113.38;5915.088610329109;1950;tief (4+ Segmente)
mongo;8153092320714708777;3988.318947368421;423.29095579158064;950;tief (4+ Segmente)
mongo;8156985129812777584;9063.686666666666;776.3121901178757;450;tief (4+ Segmente)
mongo;8160885765280817874;2527.771020408163;412.41634985507886;2450;tief (4+ Segmente)
mongo;8162650708941819408;4061.953924050633;565.6543486448581;3950;tief (4+ Segmente)
mongo;8168728989765962238;4475.446666666667;384.3970004332674;450;tief (4+ Segmente)
mongo;8174801760365560288;6060.225641025641;934.5905062790096;1950;tief (4+ Segmente)
mongo;8175983140589636519;3563.32;417.9579957795763;450;tief (4+ Segmente)
mongo;8188579488157438975;21116.556792873052;1299.5003322034336;449;tief (4+ Segmente)
mongo;8189660113630321993;20568.426666666666;1289.1744376500917;450;tief (4+ Segmente)
mongo;8205447524040328507;3389.0041379310346;804.8534546665823;1450;tief (4+ Segmente)
mongo;8205875377611628785;5246.653684210526;3310.476054933297;950;mittel (2-3 Segmente)
mongo;8206122477087000540;2983.553684210526;403.10538613492326;950;tief (4+ Segmente)
mongo;8212931532045528175;3772.5444444444443;420.10598835310145;450;tief (4+ Segmente)
mongo;8212950357376289511;4929.661157024793;848.7872635090246;484;mittel (2-3 Segmente)
mongo;8214542636243761800;5224.858828315704;2997.5917388479893;2458;tief (4+ Segmente)
mongo;8214811004226730953;6150.875862068966;5038.145047204399;1450;mittel (2-3 Segmente)
mongo;8233228015036871977;2096.0110344827585;389.5634652530143;1450;mittel (2-3 Segmente)
mongo;8235149938687236331;3621.4356962025317;486.07778894666274;3950;tief (4+ Segmente)
mongo;8249255472453823918;4138.948888888889;368.8804220286047;450;tief (4+ Segmente)
mongo;8253634451158280355;3255.076853932584;497.06627383427633;4450;tief (4+ Segmente)
mongo;8257146847875986490;4104.131139240506;566.6136627485599;3950;tief (4+ Segmente)
mongo;8257418353453479818;6694.826666666667;719.1213744427301;450;tief (4+ Segmente)
mongo;8258316320189445057;8100.933333333333;688.7944408437061;450;tief (4+ Segmente)
mongo;8260022640083744436;25922.103375527426;969.3310654515673;474;tief (4+ Segmente)
mongo;8267759972787121734;30034.14285714286;122.49951782816112;14;tief (4+ Segmente)
mongo;8269340976754886854;9612.833684210525;6310.056706005535;950;tief (4+ Segmente)
mongo;8281093260033057697;2243.3020689655173;276.9819148521007;1450;tief (4+ Segmente)
mongo;8287723621987704628;3907.6515789473683;478.69039127419495;950;tief (4+ Segmente)
mongo;8289414837227842680;8207.968888888889;768.2255398637727;450;tief (4+ Segmente)
mongo;8296388784930078906;18944.298440979954;1253.9226771922692;449;tief (4+ Segmente)
mongo;8300456357319078326;2879.560512820513;464.2296577621532;1950;tief (4+ Segmente)
mongo;8301959069264339235;3986.794358974359;463.7538826717781;1950;tief (4+ Segmente)
mongo;8308147744105461042;4112.904943820225;518.050150439798;4450;tief (4+ Segmente)
mongo;8317057491140540170;13004.095555555556;775.4921576761262;450;mittel (2-3 Segmente)
mongo;8321230433727214796;4652.54;1197.6478894487632;1950;tief (4+ Segmente)
mongo;8323925667193372719;3348.3555555555554;380.721812145048;450;tief (4+ Segmente)
mongo;8360294386122036700;2975.8694736842103;356.1216208922893;950;tief (4+ Segmente)
mongo;8363527496076688360;6802.944444444444;494.62349770213007;450;tief (4+ Segmente)
mongo;8376299515471442782;3010.7726315789473;841.1831279079156;950;mittel (2-3 Segmente)
mongo;8380466740274136386;4978.982222222222;565.7369159204125;450;tief (4+ Segmente)
mongo;8393151609384013809;11050.055555555555;614.1842392617101;450;tief (4+ Segmente)
mongo;8396192385926769916;3882.58;503.3357361604816;450;tief (4+ Segmente)
mongo;8396269078108146250;7646.976842105263;599.3243712667007;475;tief (4+ Segmente)
mongo;8402887429041495631;3205.553684210526;438.96631952298816;950;tief (4+ Segmente)
mongo;8408992314278671286;5523.012631578948;507.27348860862975;475;tief (4+ Segmente)
mongo;8409498681106444953;6331.9549330085265;8332.172474633127;2463;mittel (2-3 Segmente)
mongo;8410331107270442448;13483.341052631578;10282.596734447263;950;mittel (2-3 Segmente)
mongo;8414147943106735390;3117.1555555555556;376.2904481395313;450;tief (4+ Segmente)
mongo;8415020037479111579;5751.343011478731;4187.640297215766;2962;tief (4+ Segmente)
mongo;8418011241908249638;4245.259565667011;504.01141768860117;967;mittel (2-3 Segmente)
mongo;8423558151577747481;2986.1303930131003;466.58313217090694;11450;tief (4+ Segmente)
mongo;8425003814613098514;2352.548888888889;301.92343099471094;450;tief (4+ Segmente)
mongo;8429013845431517632;4111.277777777777;396.03244529121093;450;tief (4+ Segmente)
mongo;8431874952822939305;9837.118801652892;9381.401946676391;1936;tief (4+ Segmente)
mongo;8434117233957624405;2661.866315789474;570.8171245649828;950;mittel (2-3 Segmente)
mongo;8437061596767422494;4734.317777777777;614.4242919973028;450;mittel (2-3 Segmente)
mongo;8443641335735353288;3034.8755555555554;303.59336826443496;450;tief (4+ Segmente)
mongo;8443675054191713769;15563.529647435897;9263.727726355835;1248;mittel (2-3 Segmente)
mongo;8444745583364723991;6445.295555555555;700.5034455754327;450;tief (4+ Segmente)
mongo;8447071061916630046;7936.459627329193;1712.4598977719659;966;tief (4+ Segmente)
mongo;8451694341713990404;13482.577777777778;997.1073997032286;450;tief (4+ Segmente)
mongo;8452036809630686673;4066.1511111111113;397.800180739137;450;tief (4+ Segmente)
mongo;8456235273847712642;8951.603249830738;7665.084645430567;1477;mittel (2-3 Segmente)
mongo;8458747794397874220;16499.25414364641;8947.341900591615;724;tief (4+ Segmente)
mongo;8472004466428278807;4453.161052631579;899.2034153927;950;tief (4+ Segmente)
mongo;8498222033452809729;18874.29224376731;10679.211777188082;1444;tief (4+ Segmente)
mongo;8506827345084879050;9706.56728778468;2350.8340389928258;966;tief (4+ Segmente)
mongo;8522206282596763468;4415.743157894737;445.3207507221746;475;tief (4+ Segmente)
mongo;8531024681537365356;4189.668888888889;361.1349582219751;450;tief (4+ Segmente)
mongo;8535890679090937799;5134.811111111111;458.51088725271836;450;flach (<=1 Segment)
mongo;8545964363446465189;2516.577894736842;396.2763957239909;950;tief (4+ Segmente)
mongo;8560624140887427162;3445.702222222222;347.8705827047022;450;tief (4+ Segmente)
mongo;8577468320924189972;2327.2466666666664;309.66920931571184;450;mittel (2-3 Segmente)
mongo;8582558276962013183;9589.625254582485;937.8173825179077;491;mittel (2-3 Segmente)
mongo;8584188565339401657;2192.9146788990824;517.2475875835657;5450;mittel (2-3 Segmente)
mongo;8590601449132935916;5998.232631578948;637.4786920453287;950;tief (4+ Segmente)
mongo;8594432863740065305;3293.292808988764;626.4670965279148;4450;tief (4+ Segmente)
mongo;8594908021206395210;3247.03724137931;402.6834933935074;1450;tief (4+ Segmente)
mongo;8595687398230414950;7462.855555555556;692.3049967232639;450;tief (4+ Segmente)
mongo;8598074595889583694;3736.832298136646;825.6223922237344;966;tief (4+ Segmente)
mongo;8647174678757329246;5184.562222222222;447.9681939616771;450;tief (4+ Segmente)
mongo;8651568214603415412;20439.51111111111;765.6400999702824;450;tief (4+ Segmente)
mongo;8656310884432374865;2400.9822222222224;396.6000545218334;450;tief (4+ Segmente)
mongo;8659459269724191954;2779.1128057553956;436.0002296482336;6950;tief (4+ Segmente)
mongo;8669842003089918082;3149.0659072416597;1417.5777427087114;2458;mittel (2-3 Segmente)
mongo;8670549772380930012;24585.241071428572;1304.042926892124;448;mittel (2-3 Segmente)
mongo;8677597585617978523;17630.03777777778;831.5792825983111;450;tief (4+ Segmente)
mongo;8678764399526992932;3650.402222222222;415.1811534685744;450;tief (4+ Segmente)
mongo;8680977486174658034;3384.8225641025642;540.7048981364436;1950;tief (4+ Segmente)
mongo;8701159403445503925;5218.9111111111115;566.3998100857136;450;tief (4+ Segmente)
mongo;8705865091978635203;2624.8175510204082;359.84784875399896;2450;tief (4+ Segmente)
mongo;8711357562119122254;4641.573333333334;460.05839679681094;450;tief (4+ Segmente)
mongo;8726739986708219218;3110.296923076923;599.0207011884509;1950;tief (4+ Segmente)
mongo;8731556128351205172;5319.156842105263;564.1727885430867;950;tief (4+ Segmente)
mongo;8735203901732896337;22814.58;1445.4058805435973;450;tief (4+ Segmente)
mongo;8736984908825457625;2939.6244444444446;401.1153423725673;450;tief (4+ Segmente)
mongo;8740225905563828685;3376.29593220339;405.17290711030785;2950;tief (4+ Segmente)
mongo;8742583655934098097;20678.613333333335;758.2522729268036;450;tief (4+ Segmente)
mongo;8742729829499830331;3023.3747368421054;359.7284958415523;950;tief (4+ Segmente)
mongo;8743037925953868264;15401.08888888889;674.0738931764189;450;tief (4+ Segmente)
mongo;8747979895821206748;5132.722278738555;1534.9229795460733;983;tief (4+ Segmente)
mongo;8755334839580773527;3916.3577777777778;414.9457243005621;450;tief (4+ Segmente)
mongo;8780722923799491923;4980.56;480.5007430774645;450;tief (4+ Segmente)
mongo;8788393911435412837;4454.508888888889;670.7504895989296;450;tief (4+ Segmente)
mongo;8791738825152125374;6163.34;3930.980126063583;950;tief (4+ Segmente)
mongo;8794439436530708103;2927.163076923077;448.95805039175286;1950;tief (4+ Segmente)
mongo;8795005962080040597;6191.790599853694;3365.5051588781084;5468;tief (4+ Segmente)
mongo;8795826941933653536;3733.8958620689655;654.3870845047148;1450;tief (4+ Segmente)
mongo;8806136256397710669;2435.2406896551724;989.6122073370443;1450;mittel (2-3 Segmente)
mongo;8811335922373119002;3970.8955532574973;618.3461884319534;967;tief (4+ Segmente)
mongo;8819066052731835583;3541.5244444444443;365.45928095768664;450;tief (4+ Segmente)
mongo;8819106869683253407;2707.962404371585;630.2519278488186;27450;tief (4+ Segmente)
mongo;8830007316182184432;3286.308965517241;511.2075040567156;1450;tief (4+ Segmente)
mongo;8830403994647853659;7981.786970010341;3372.6312752132258;967;tief (4+ Segmente)
mongo;8833160505194618735;3777.7733333333335;392.119041513096;450;tief (4+ Segmente)
mongo;8840886348864005235;11499.918947368422;7707.780780984383;950;tief (4+ Segmente)
mongo;8844845809667442264;4875.804444444444;506.47064037023927;450;tief (4+ Segmente)
mongo;8850070104197648684;1302.5955555555556;224.48446452519855;450;mittel (2-3 Segmente)
mongo;8860265615614077117;7012.763448275862;4661.260170015841;1450;mittel (2-3 Segmente)
mongo;8861112665549803868;5339.698947368421;553.2925381792139;475;tief (4+ Segmente)
mongo;8861491253099622633;2528.0222222222224;354.47288190207104;450;tief (4+ Segmente)
mongo;8871537179902423536;2803.86;348.9666137405811;450;mittel (2-3 Segmente)
mongo;8872279482524359855;4464.9511111111115;468.8784013881366;450;tief (4+ Segmente)
mongo;8874064694503012311;2309.1628571428573;481.9686304385663;2450;tief (4+ Segmente)
mongo;8876748007285764352;3146.3555555555554;315.03514531943756;450;tief (4+ Segmente)
mongo;8893533668912727216;3601.722222222222;386.42259163628006;450;tief (4+ Segmente)
mongo;8899636642394804462;9892.452804377564;10754.278437152077;1462;mittel (2-3 Segmente)
mongo;8902984046038825296;3598.6393103448277;358.60640311192276;1450;tief (4+ Segmente)
mongo;8909037740518159147;2414.266666666667;296.87801668845935;450;tief (4+ Segmente)
mongo;8913421745053953703;2953.52;284.7685666820616;450;tief (4+ Segmente)
mongo;8915428447504081249;3059.866315789474;324.88587284002926;950;tief (4+ Segmente)
mongo;8925105213045171097;5625.846315789474;926.7241918032854;950;tief (4+ Segmente)
mongo;8930327916756680454;4310.569743589744;554.9182680863591;1950;tief (4+ Segmente)
mongo;8930445657304385959;19278.984444444446;1290.2898924036424;450;tief (4+ Segmente)
mongo;8934546407287326153;3386.8641379310343;550.0587070965307;1450;tief (4+ Segmente)
mongo;8935742632642017209;12360.462105263157;8210.09782931025;950;tief (4+ Segmente)
mongo;8938566542267020118;7676.179547755653;5463.921461752797;2963;tief (4+ Segmente)
mongo;8941692186417022645;2591.0187755102043;608.2144277917787;2450;tief (4+ Segmente)
mongo;8944884728089404509;3773.1220253164556;1402.619852509745;1975;mittel (2-3 Segmente)
mongo;8951401630529051155;4023.2844444444445;475.73976526707537;450;tief (4+ Segmente)
mongo;8959091724109977090;8227.831570382425;7172.029700023417;2458;mittel (2-3 Segmente)
mongo;8960386008572195050;5904.187368421052;604.987387538462;475;tief (4+ Segmente)
mongo;8962786697308848151;2725.5482758620687;497.60288955557553;1450;tief (4+ Segmente)
mongo;8963442366358863938;2656.8255762081785;512.1580865600024;13450;tief (4+ Segmente)
mongo;8970058378905855103;3301.018633540373;488.72684721359497;483;tief (4+ Segmente)
mongo;8981240591022388473;1529.9643037974683;294.5281817195139;3950;mittel (2-3 Segmente)
mongo;8981429411013371358;7458.586315789474;1227.6763552832256;950;tief (4+ Segmente)
mongo;8982554129179380312;3148.3395918367346;555.4586741542347;2450;tief (4+ Segmente)
mongo;8996065119449288265;9855.02;670.0761131184563;450;tief (4+ Segmente)
mongo;8997629075749111289;1980.7777777777778;345.6098633991692;450;mittel (2-3 Segmente)
mongo;8998642927726512543;4130.477931034483;477.56036317811;1450;tief (4+ Segmente)
mongo;9011650695160907212;7427.553333333333;782.9462647568213;450;mittel (2-3 Segmente)
mongo;9024540605701094199;4421.275555555556;515.3902576339067;450;tief (4+ Segmente)
mongo;9031508311185911562;3380.1755555555555;361.3457435676485;450;tief (4+ Segmente)
mongo;9033801055404887136;10623.350912778904;9780.43063800023;1479;mittel (2-3 Segmente)
mongo;9054268297812994330;4707.848421052631;521.0110608217033;475;mittel (2-3 Segmente)
mongo;9055280571713369888;4491.273291925466;456.0003774600466;483;tief (4+ Segmente)
mongo;9061957716070271614;4131.631111111111;521.4752688723917;450;tief (4+ Segmente)
mongo;9068317030731138808;8061.675555555556;762.0333551543075;450;tief (4+ Segmente)
mongo;9071398499884036206;3379.4622222222224;360.2014836374911;450;tief (4+ Segmente)
mongo;9075343453913997370;3124.893559322034;625.464482156537;2950;tief (4+ Segmente)
mongo;9076007175678693997;4786.777777777777;453.2131800681421;450;tief (4+ Segmente)
mongo;9078217913552462163;8164.727368421052;1127.5988029758298;950;mittel (2-3 Segmente)
mongo;9090455464562450560;6833.669473684211;671.4381521850225;475;tief (4+ Segmente)
mongo;9091478849225629699;3078.7968421052633;403.20944230392433;950;tief (4+ Segmente)
mongo;9100978371370653485;2940.5933333333332;390.2459009485261;450;mittel (2-3 Segmente)
mongo;9111641009135166562;4301.742222222222;416.3775486550683;450;tief (4+ Segmente)
mongo;9115866093038978973;2275.8083018867924;431.5236688712247;7950;tief (4+ Segmente)
mongo;9131808939478792557;4072.3888888888887;371.3655201310327;450;mittel (2-3 Segmente)
mongo;9138725239290767154;3634.8379487179486;441.40999626278983;975;tief (4+ Segmente)
mongo;9141388857831991132;3694.0666666666666;416.57818629960497;450;tief (4+ Segmente)
mongo;9142645671052267769;5639.062222222222;464.3878751320505;450;tief (4+ Segmente)
mongo;9151057364614339943;13060.893333333333;835.1655009557312;450;tief (4+ Segmente)
mongo;9157807758483819474;2988.3918592964824;506.01862757855963;9950;tief (4+ Segmente)
mongo;9174086945711262061;3948.12;404.1256213876017;450;tief (4+ Segmente)
mongo;9182124499267812545;10050.670773549595;7667.033125698257;6412;mittel (2-3 Segmente)
mongo;9184270037968872234;3443.1133333333332;435.3648067616313;450;tief (4+ Segmente)
mongo;9186706996859359259;5260.544387755102;1717.8958439758503;1960;tief (4+ Segmente)
mongo;9189435296018933019;10061.02947368421;4020.9185757757746;950;mittel (2-3 Segmente)
mongo;9191880184226525548;7920.896842105263;795.6972950456853;950;tief (4+ Segmente)
mongo;9193842492896384246;5731.793333333333;545.5495743194099;450;tief (4+ Segmente)
mongo;9195685962015932564;6684.735555555556;879.3660369937338;450;tief (4+ Segmente)
mongo;9203205388289554788;11603.124505928854;5268.813793409895;1012;mittel (2-3 Segmente)
mongo;9211970861699437503;15878.635789473685;6099.200718073643;950;tief (4+ Segmente)
mongo;9214582849099619037;3973.9933333333333;488.6024727193249;450;tief (4+ Segmente)
mongo;9220928299843149547;3350.5041841004186;2111.9477569472924;478;tief (4+ Segmente)
mongo;9222315175809978640;3845.4894736842107;726.2273774706664;950;tief (4+ Segmente)
neo4j;-9220810666684772174;1421.0739957716703;265.1337424718675;946;tief (4+ Segmente)
neo4j;-9214582615166348497;1681.7718120805368;164.7941828506624;447;tief (4+ Segmente)
neo4j;-9203493062042131003;1837.9787910922587;305.8910057607629;943;tief (4+ Segmente)
neo4j;-9201414149695320974;1497.064587973274;177.88920563034847;449;tief (4+ Segmente)
neo4j;-9189486890650249090;1649.3664202745513;325.11759760895075;947;tief (4+ Segmente)
neo4j;-9184342509952197537;1677.6236786469344;241.6738373829942;473;mittel (2-3 Segmente)
neo4j;-9184273030035325040;2874.389755011136;299.55789892025905;449;tief (4+ Segmente)
neo4j;-9175951337406965087;1595.3424947145877;336.16707082112856;946;mittel (2-3 Segmente)
neo4j;-9175930393838634765;1824.1875;257.06537025848064;448;tief (4+ Segmente)
neo4j;-9174284291740939398;1367.3417721518988;248.35716026677989;948;tief (4+ Segmente)
neo4j;-9172142800780904043;2480.4293163383545;1242.166684624985;1726;tief (4+ Segmente)
neo4j;-9170050337977141023;1464.0524781341107;211.77099787771184;3430;tief (4+ Segmente)
neo4j;-9160123264818750988;1785.3231256599788;526.681207383497;947;tief (4+ Segmente)
neo4j;-9156189530701197677;1368.4208707671044;251.48555401744775;1447;tief (4+ Segmente)
neo4j;-9141858806667126421;1744.885575589459;489.20297463889113;1442;mittel (2-3 Segmente)
neo4j;-9139873533629146658;1872.683932346723;473.38348772486046;946;tief (4+ Segmente)
neo4j;-9118077925811008863;1328.2032938754503;211.04652273236997;1943;tief (4+ Segmente)
neo4j;-9117595604296714045;1531.487750556793;206.08503241677542;449;tief (4+ Segmente)
neo4j;-9107689034487902426;1755.279198341396;394.60428311365155;1447;tief (4+ Segmente)
neo4j;-9106386872253144930;1426.743670886076;251.99042637826383;948;tief (4+ Segmente)
neo4j;-9099807924756500148;4927.136363636364;42.61298216147082;88;tief (4+ Segmente)
neo4j;-9099558358969109853;1654.0527426160338;206.4548074044047;948;tief (4+ Segmente)
neo4j;-9098418040985425070;1394.3262801135843;259.472721921987;10917;mittel (2-3 Segmente)
neo4j;-9092797579576274550;1522.0622362869199;239.8652898253475;948;tief (4+ Segmente)
neo4j;-9088512481536411017;1428.842403846154;221.76577273665782;10400;tief (4+ Segmente)
neo4j;-9082133488132192081;1505.9714889123547;261.9477786146368;947;tief (4+ Segmente)
neo4j;-9071152264543309757;1866.9306487695749;292.6626367448348;447;flach (<=1 Segment)
neo4j;-9064518402238819992;1484.578125;196.79712390375443;448;tief (4+ Segmente)
neo4j;-9063743662860637297;2661.2069992553984;1204.0411334373493;1343;tief (4+ Segmente)
neo4j;-9055068252067126657;1367.7550111358576;207.57548675994272;449;tief (4+ Segmente)
neo4j;-9049252927181678069;2345.498886414254;313.0469080317221;449;tief (4+ Segmente)
neo4j;-9048272781892256286;1468.3318485523384;196.09856278707286;449;tief (4+ Segmente)
neo4j;-9043494540698518000;1470.3727025187202;222.11163126190783;2938;tief (4+ Segmente)
neo4j;-9039674123245801664;2733.185758513932;1089.4729128596173;969;mittel (2-3 Segmente)
neo4j;-9038032364799063184;4515.5447368421055;205.72706667250176;380;tief (4+ Segmente)
neo4j;-9035168799984503103;2091.712215320911;295.25588802730374;483;tief (4+ Segmente)
neo4j;-9018611685019991181;1404.705035971223;182.88782667360584;973;tief (4+ Segmente)
neo4j;-9018511473431277280;2156.097046413502;738.9483602133618;948;tief (4+ Segmente)
neo4j;-8980828898780742638;1842.5590200445433;255.00953538705798;449;tief (4+ Segmente)
neo4j;-8970604619785613911;2007.3672199170123;375.4711211648833;964;tief (4+ Segmente)
neo4j;-8969390127088813808;1379.7412549445435;216.7081322533653;12893;tief (4+ Segmente)
neo4j;-8968008738465313322;2567.730406237177;833.6639660701705;2437;mittel (2-3 Segmente)
neo4j;-8963022156125775533;1697.8603042876903;314.3361564089115;1446;tief (4+ Segmente)
neo4j;-8960757118882317094;1312.8730512249442;180.8544807933586;449;tief (4+ Segmente)
neo4j;-8959605807858275616;2208.2120253164558;482.76819300390275;948;tief (4+ Segmente)
neo4j;-8959222960077983007;1491.013392857143;217.17862378713403;448;tief (4+ Segmente)
neo4j;-8948470440533587388;1909.8797145769622;407.8689913294238;981;tief (4+ Segmente)
neo4j;-8936405626435660978;2150.7718446601943;945.3816107420973;1648;tief (4+ Segmente)
neo4j;-8932492692130618805;1420.0521562429442;221.13657655506515;4429;tief (4+ Segmente)
neo4j;-8931269497419999249;3399.96388261851;402.5921254906301;443;tief (4+ Segmente)
neo4j;-8926221603260559296;1640.2583518930958;275.4006984603643;449;tief (4+ Segmente)
neo4j;-8925620858352425577;1913.0624360286592;635.4736856168978;1954;tief (4+ Segmente)
neo4j;-8922075615958430308;1723.3028953229398;207.8976225032198;449;tief (4+ Segmente)
neo4j;-8911161231459864148;1848.195991091314;286.76655961955487;449;tief (4+ Segmente)
neo4j;-8907693545473358022;1428.0470874771665;212.06875808531345;4927;tief (4+ Segmente)
neo4j;-8905251576138390043;1991.6232081911262;675.4976985289013;1465;tief (4+ Segmente)
neo4j;-8897868829347026151;3064.6681514476613;310.6537804810293;449;tief (4+ Segmente)
neo4j;-8886513905334622269;1284.0066815144767;129.03632327029027;449;tief (4+ Segmente)
neo4j;-8884293806236867718;2989.8236514522823;415.6085536608169;482;tief (4+ Segmente)
neo4j;-8878398820989998606;1388.7151898734178;174.73777336819464;948;tief (4+ Segmente)
neo4j;-8871638785490024700;2503.768267223382;895.7195169448223;958;tief (4+ Segmente)
neo4j;-8868576193666532889;2130.0162368672395;952.14061679761;2094;mittel (2-3 Segmente)
neo4j;-8867307437843136952;2191.3125;273.98924785807634;448;tief (4+ Segmente)
neo4j;-8865210893662811499;2229.3282653766414;923.2092699957294;1447;mittel (2-3 Segmente)
neo4j;-8864825346472745968;2683.6796714579054;726.9269197343115;1461;mittel (2-3 Segmente)
neo4j;-8863324536948221499;1792.9755011135858;249.26735830493715;449;tief (4+ Segmente)
neo4j;-8854132160204059092;1350.6986869384934;208.6670609911228;1447;tief (4+ Segmente)
neo4j;-8851419415559083766;2579.7888262429524;633.1377777697243;1951;mittel (2-3 Segmente)
neo4j;-8847935128265786830;1485.571729957806;181.3134488270027;474;tief (4+ Segmente)
neo4j;-8845501176380365669;1508.8259493670887;189.3824797447256;948;tief (4+ Segmente)
neo4j;-8844405143345498316;2459.0556792873053;337.6020930506543;449;tief (4+ Segmente)
neo4j;-8837485588723511782;1409.09924330617;207.6838132257591;3436;tief (4+ Segmente)
neo4j;-8827417473763911647;1378.9710467706013;227.1436014456416;449;tief (4+ Segmente)
neo4j;-8826868068822003705;2151.373601789709;295.99058662957685;447;tief (4+ Segmente)
neo4j;-8821511129920621995;1455.65214384509;194.26423703617857;1446;tief (4+ Segmente)
neo4j;-8821089558319004273;1448.6517857142858;197.32041464854197;448;mittel (2-3 Segmente)
neo4j;-8820244006885364478;1467.3830734966593;226.14423391783058;449;tief (4+ Segmente)
neo4j;-8811343743320342866;2952.9531416400428;1015.182651824428;939;tief (4+ Segmente)
neo4j;-8809843387493838841;1354.8064961990324;214.73173752436352;1447;tief (4+ Segmente)
neo4j;-8792827206972889762;1877.9943386515697;557.6235422764988;1943;tief (4+ Segmente)
neo4j;-8767589030129780493;1321.109619686801;141.8285583883539;447;tief (4+ Segmente)
neo4j;-8763330282049299849;1344.0958070333634;233.66989902335607;4436;mittel (2-3 Segmente)
neo4j;-8760666331792099808;1427.8708240534522;160.86238370300887;449;tief (4+ Segmente)
neo4j;-8757914087123582176;1649.447661469933;271.5244538943029;449;tief (4+ Segmente)
neo4j;-8755783172254815563;1526.9240506329113;251.4144034277785;948;tief (4+ Segmente)
neo4j;-8753942577479169004;2968.0915417558886;915.7735565817084;1868;mittel (2-3 Segmente)
neo4j;-8752831526868893041;2179.7325501036626;567.2312894681082;1447;tief (4+ Segmente)
neo4j;-8748071314749581671;2386.698093220339;773.3974646597095;944;tief (4+ Segmente)
neo4j;-8741569798975651462;1422.1714922048998;206.5196494623769;449;tief (4+ Segmente)
neo4j;-8739848157431315477;1571.611607142857;237.77311586904327;448;tief (4+ Segmente)
neo4j;-8733002870029753705;2306.1274710293114;330.59898836360406;1467;tief (4+ Segmente)
neo4j;-8726528586104231862;1568.1135857461024;187.50691181978885;449;tief (4+ Segmente)
neo4j;-8724592081898755801;1553.8062360801782;238.7958919176348;449;mittel (2-3 Segmente)
neo4j;-8720317395257651008;1488.8350951374207;270.7057682969655;946;tief (4+ Segmente)
neo4j;-8719225896385492794;1848.045643153527;324.62644130554116;482;mittel (2-3 Segmente)
neo4j;-8710247163071466542;2505.94058856191;1244.9512374750025;1801;flach (<=1 Segment)
neo4j;-8708942422734321163;4328.825;232.21795218780028;400;tief (4+ Segmente)
neo4j;-8707097551918903467;1597.4276169265033;194.20786853237607;449;tief (4+ Segmente)
neo4j;-8694232949877315472;2432.551339285714;252.10561518192313;448;tief (4+ Segmente)
neo4j;-8684142369744531671;2289.3967684021545;1126.366076519913;557;tief (4+ Segmente)
neo4j;-8674623534688907109;1946.3296213808462;282.0602583163893;449;tief (4+ Segmente)
neo4j;-8674409623057442150;2576.377331420373;1503.52482011947;697;tief (4+ Segmente)
neo4j;-8670978809627728016;2991.7592397043295;682.2294127135784;947;mittel (2-3 Segmente)
neo4j;-8669817774221031794;4951.2;15.990622251807558;5;tief (4+ Segmente)
neo4j;-8668859246638575887;1431.9087767795438;200.2994714327728;1447;tief (4+ Segmente)
neo4j;-8660999925105304826;1643.946547884187;228.0031363209903;449;mittel (2-3 Segmente)
neo4j;-8660006181416411544;2231.20890515401;1073.8476812641668;3279;mittel (2-3 Segmente)
neo4j;-8656589776427845141;1361.3236313236314;239.05595051916433;1443;tief (4+ Segmente)
neo4j;-8648578680252804336;1499.6912751677853;192.31207935387377;447;tief (4+ Segmente)
neo4j;-8648538790474263704;1933.1825726141078;276.12850460664697;964;tief (4+ Segmente)
neo4j;-8647166242976894875;1915.9309576837416;266.5629317099511;449;tief (4+ Segmente)
neo4j;-8636821229382293858;1731.5278396436527;245.15401455552077;449;tief (4+ Segmente)
neo4j;-8630840683233181746;1947.7371937639198;301.1563761927874;449;tief (4+ Segmente)
neo4j;-8625563369301204115;1330.2639915522702;184.2515171354486;947;mittel (2-3 Segmente)
neo4j;-8615580515522033934;1639.3118040089087;292.41422104335163;449;tief (4+ Segmente)
neo4j;-8613138825718490073;1442.140311804009;165.77698660100467;449;tief (4+ Segmente)
neo4j;-8612116210823357314;4872.087719298245;81.02065304310443;114;tief (4+ Segmente)
neo4j;-8609403080379116412;1622.1681614349775;225.5004042842107;446;tief (4+ Segmente)
neo4j;-8609012991123138399;1529.4187082405344;185.16652304442968;449;tief (4+ Segmente)
neo4j;-8601798040360683852;2256.0267260579067;263.02472079333006;449;mittel (2-3 Segmente)
neo4j;-8597489119563233831;2896.667410714286;350.16773687298536;448;mittel (2-3 Segmente)
neo4j;-8593722447658869056;1862.6930379746836;236.93381837867759;948;tief (4+ Segmente)
neo4j;-8577816952270112202;1364.8864142538976;180.51085250768497;449;tief (4+ Segmente)
neo4j;-8574445515087983020;2619.148468185389;1317.1671380681112;1273;tief (4+ Segmente)
neo4j;-8570165074213041330;3146.761160714286;352.58918761345456;448;tief (4+ Segmente)
neo4j;-8569190850298727937;1369.8609958506224;195.96544971265664;1446;tief (4+ Segmente)
neo4j;-8565720390053318459;1705.7594654788418;304.916506510505;449;tief (4+ Segmente)
neo4j;-8565541950972434721;2358.1269487750556;308.22529794691405;449;tief (4+ Segmente)
neo4j;-8563855034434711303;1318.259539761142;192.0596921144643;3433;tief (4+ Segmente)
neo4j;-8550821682700352404;2890.027484143763;313.1870804997719;946;mittel (2-3 Segmente)
neo4j;-8544510894648778414;1833.921875;274.97245851763535;448;tief (4+ Segmente)
neo4j;-8544412354353746382;1446.8479408658923;185.53355464167487;947;tief (4+ Segmente)
neo4j;-8544069082932710042;1843.201943095073;980.1650231615406;4323;mittel (2-3 Segmente)
neo4j;-8536270034027290037;1660.8314606741574;241.45302622427738;445;tief (4+ Segmente)
neo4j;-8535849165095216844;1656.2025832766826;291.4963198915699;1471;tief (4+ Segmente)
neo4j;-8528951958244036344;2134.914988814318;278.5265393380653;447;tief (4+ Segmente)
neo4j;-8522249808477283640;2815.0199468085107;1461.3555891900448;752;tief (4+ Segmente)
neo4j;-8520377267484042080;3011.8777777777777;1696.8720194017717;900;mittel (2-3 Segmente)
neo4j;-8515512965613790733;1439.7984575835476;197.12834097752076;1945;tief (4+ Segmente)
neo4j;-8501298115282001663;1308.0696202531647;218.84044373760693;948;tief (4+ Segmente)
neo4j;-8497548437997379491;4006.5101123595505;255.6565439776399;445;tief (4+ Segmente)
neo4j;-8496921941224656611;1423.0;229.20177311094892;3433;tief (4+ Segmente)
neo4j;-8489018795258555493;1424.15144766147;195.08409188159263;449;tief (4+ Segmente)
neo4j;-8485008974219574087;3343.0515695067265;445.69409021627297;446;tief (4+ Segmente)
neo4j;-8481233300061118896;2400.5416666666665;1222.5687403489383;1440;tief (4+ Segmente)
neo4j;-8481160719233607107;1393.246614690193;200.5055973656275;2437;tief (4+ Segmente)
neo4j;-8470094523699272029;1527.9441964285713;183.8308093164445;448;tief (4+ Segmente)
neo4j;-8469867337780000135;3541.9937369519835;269.8834747050126;479;mittel (2-3 Segmente)
neo4j;-8466446329821354413;1780.4521158129176;209.4560302716661;449;tief (4+ Segmente)
neo4j;-8462340495469374186;1966.1808838643371;657.152704570185;973;tief (4+ Segmente)
neo4j;-8455307785434547612;1312.6361607142858;200.97582797990106;448;tief (4+ Segmente)
neo4j;-8454825685485169681;1937.767578125;776.5641716507945;1024;tief (4+ Segmente)
neo4j;-8449385008174014290;1719.0200892857142;301.3839547589117;448;tief (4+ Segmente)
neo4j;-8442175228036620158;2109.0712694877507;249.61117852579574;449;tief (4+ Segmente)
neo4j;-8437668858490485153;3245.9154334038053;418.53037022352487;473;tief (4+ Segmente)
neo4j;-8437519142383015425;1557.7919463087248;252.85505007325577;447;tief (4+ Segmente)
neo4j;-8433096231602196380;2988.2259615384614;369.2872252708135;1456;tief (4+ Segmente)
neo4j;-8424048143489346163;2458.7646153846154;721.6849622160576;1950;tief (4+ Segmente)
neo4j;-8412128355862573063;1459.6369710467707;205.10318519350017;449;tief (4+ Segmente)
neo4j;-8407846515510427434;1942.6606660666066;640.000805741042;4444;tief (4+ Segmente)
neo4j;-8407727365099844894;1419.857142857143;205.5108593893314;448;tief (4+ Segmente)
neo4j;-8396810599661642264;1419.7611607142858;180.64014584600838;448;tief (4+ Segmente)
neo4j;-8391515682622258395;1697.291759465479;232.02927953473088;449;tief (4+ Segmente)
neo4j;-8390617740702557023;1726.7689873417721;260.0451760123506;948;tief (4+ Segmente)
neo4j;-8383778567159847432;1407.6869384934346;194.26904029206776;1447;tief (4+ Segmente)
neo4j;-8365018369017893488;1580.7740932642487;196.67085197593852;965;tief (4+ Segmente)
neo4j;-8364448361350483744;4781.932692307692;98.30527926307853;312;tief (4+ Segmente)
neo4j;-8362817578352918157;997.6347438752784;108.97421567979173;449;flach (<=1 Segment)
neo4j;-8359046676761359478;2951.64312267658;1439.7552147625288;807;tief (4+ Segmente)
neo4j;-8357774928682580296;1348.791259640103;182.10189575611273;1945;tief (4+ Segmente)
neo4j;-8353228645605731054;4410.33729216152;194.08455511594667;421;tief (4+ Segmente)
neo4j;-8350950376116433385;1326.2895322939867;173.47033222572668;449;tief (4+ Segmente)
neo4j;-8345758620751304453;1464.7861915367482;180.17927254634284;449;tief (4+ Segmente)
neo4j;-8340759139435930884;1317.8786919831223;162.5439622104911;948;tief (4+ Segmente)
neo4j;-8334451838425426863;1678.913140311804;250.68662678585034;449;tief (4+ Segmente)
neo4j;-8330817687665832000;1468.285864978903;214.4506587483065;948;tief (4+ Segmente)
neo4j;-8329626368052206127;2921.188160676533;391.1066173445801;473;tief (4+ Segmente)
neo4j;-8326237584461347635;1248.293986636971;182.1288863307526;449;tief (4+ Segmente)
neo4j;-8324832231207458499;1424.4187082405344;155.8030986279721;449;tief (4+ Segmente)
neo4j;-8312195391483076399;1427.401691331924;202.38106797421804;946;tief (4+ Segmente)
neo4j;-8311088454620223280;1466.6035634743876;236.49203132480056;449;tief (4+ Segmente)
neo4j;-8307126176122542265;1538.7371937639198;257.84355976915316;449;mittel (2-3 Segmente)
neo4j;-8306898008898727557;1754.8953229398664;249.08947617925352;449;tief (4+ Segmente)
neo4j;-8302757645029320641;3049.9287305122493;333.7914625107068;449;tief (4+ Segmente)
neo4j;-8300225046718566017;1496.6040213377103;246.07242322435692;2437;tief (4+ Segmente)
neo4j;-8271748818605088500;4721.3481481481485;123.94781360885958;270;tief (4+ Segmente)
neo4j;-8264708200276336373;4068.852747252747;336.40502627783496;455;flach (<=1 Segment)
neo4j;-8262852863569660852;2394.8579003181335;543.3453787353294;943;tief (4+ Segmente)
neo4j;-8259456478652721231;1792.8975501113587;268.08920127027613;449;tief (4+ Segmente)
neo4j;-8258995779925367134;1692.7477017364658;479.96554998386756;2937;tief (4+ Segmente)
neo4j;-8257049174431386379;1646.1318565400843;269.21723624888375;948;tief (4+ Segmente)
neo4j;-8256801010456362867;1360.1915367483296;182.5142455780583;449;tief (4+ Segmente)
neo4j;-8255591641339785095;1802.5052742616033;231.89541522996214;948;tief (4+ Segmente)
neo4j;-8253970286196699283;1350.3207126948776;204.71308219290603;449;tief (4+ Segmente)
neo4j;-8249960927501156093;1759.3429844097996;250.309768713478;449;tief (4+ Segmente)
neo4j;-8249202099597469384;1649.265625;261.14743960821477;448;tief (4+ Segmente)
neo4j;-8244035916093779063;2119.613262127281;1052.877580247102;2247;tief (4+ Segmente)
neo4j;-8215649500057381643;1486.3191964285713;172.89081368359658;448;tief (4+ Segmente)
neo4j;-8211431013505666067;2145.349665924276;294.13065041643836;449;tief (4+ Segmente)
neo4j;-8209017987301123825;1276.9265033407573;145.40849613037696;449;tief (4+ Segmente)
neo4j;-8208926240619056275;2520.0539772727275;981.5018629815727;1056;tief (4+ Segmente)
neo4j;-8205575035441664691;1744.0232312565997;245.93143798020378;947;tief (4+ Segmente)
neo4j;-8194086568252790096;1454.0734966592427;185.85053383154246;449;tief (4+ Segmente)
neo4j;-8187591991609994505;2476.906976744186;329.5292864835758;473;mittel (2-3 Segmente)
neo4j;-8184161502419427399;1333.8352692713834;186.9014740331876;947;tief (4+ Segmente)
neo4j;-8183491629094992690;2757.4977678571427;357.72402595046685;448;tief (4+ Segmente)
neo4j;-8178784338695199694;2619.4323467230442;687.0100776123592;946;tief (4+ Segmente)
neo4j;-8172927526685965066;1357.6599587203302;180.3018705931506;1938;tief (4+ Segmente)
neo4j;-8172643884985862817;2815.568075117371;1295.7187741078803;1704;mittel (2-3 Segmente)
neo4j;-8167575901852936305;2356.28722280887;920.1126251700101;947;tief (4+ Segmente)
neo4j;-8161639645635324199;1669.997767857143;231.99367902833117;448;tief (4+ Segmente)
neo4j;-8160930001779990408;1324.487750556793;158.39330133453225;449;tief (4+ Segmente)
neo4j;-8153262172186255604;2204.9911660777384;1195.7917634415885;566;tief (4+ Segmente)
neo4j;-8143038598284227131;1530.2357293868922;228.40750372765123;946;mittel (2-3 Segmente)
neo4j;-8139052578603456672;1598.96875;206.15152418262358;448;tief (4+ Segmente)
neo4j;-8137387619517419337;1361.3965397923876;211.80061670013174;1445;tief (4+ Segmente)
neo4j;-8132126266657026359;4929.583333333333;42.328710079208726;12;tief (4+ Segmente)
neo4j;-8119707044297179291;2517.0093457943926;749.2153961924263;963;tief (4+ Segmente)
neo4j;-8113367623531001744;1728.4766066838047;316.72552505765526;1945;tief (4+ Segmente)
neo4j;-8111418754148159523;2729.613707165109;1285.9988343194957;642;tief (4+ Segmente)
neo4j;-8106920586724096958;1402.277508650519;242.6088437216596;1445;tief (4+ Segmente)
neo4j;-8106052610982231718;1642.2895322939867;231.66775182129362;449;tief (4+ Segmente)
neo4j;-8103642571794073932;1336.924276169265;164.9383097973798;449;tief (4+ Segmente)
neo4j;-8094902945789100959;1580.360801781737;195.41860717827913;449;tief (4+ Segmente)
neo4j;-8087631943479731421;1824.3674832962138;256.1105298379497;449;tief (4+ Segmente)
neo4j;-8084483538789174077;1570.6236080178173;208.95514614895637;449;tief (4+ Segmente)
neo4j;-8076214408330526945;4891.547619047619;57.9950386359724;42;tief (4+ Segmente)
neo4j;-8072428072391899215;4675.655405405405;130.29781859265577;296;tief (4+ Segmente)
neo4j;-8068575050971504590;1961.073087431694;487.3499553026107;1464;mittel (2-3 Segmente)
neo4j;-8065004063184728159;2898.7082405345213;361.7110959295403;449;tief (4+ Segmente)
neo4j;-8061323057077751463;1343.075723830735;220.5014345666696;449;tief (4+ Segmente)
neo4j;-8061273732237840740;1361.0583738707435;186.6952383651762;1439;tief (4+ Segmente)
neo4j;-8059509380533692860;4754.492440604751;132.1764343263074;463;tief (4+ Segmente)
neo4j;-8059087693695228909;1359.2566964285713;192.18060740120907;448;tief (4+ Segmente)
neo4j;-8055201954122718108;2992.159371492705;1285.2442147024524;891;tief (4+ Segmente)
neo4j;-8043864847740590424;1367.5882227891157;205.46932298755502;9408;tief (4+ Segmente)
neo4j;-8041792054744387462;3144.135593220339;423.58730697286273;472;tief (4+ Segmente)
neo4j;-8032228143654746683;2862.4830508474574;418.8158817570123;472;tief (4+ Segmente)
neo4j;-8030783203558293856;1361.5297372060857;189.91090648586706;1446;tief (4+ Segmente)
neo4j;-8026040798020815604;1351.9095115681234;173.26903198636444;1945;tief (4+ Segmente)
neo4j;-8021854972447211150;1442.2850779510022;220.4377013042454;449;tief (4+ Segmente)
neo4j;-8013431471801157824;2964.8147321428573;396.95850267673507;448;tief (4+ Segmente)
neo4j;-8007896379958664870;2287.832589285714;380.03623530344584;448;tief (4+ Segmente)
neo4j;-8006964206558616479;1422.5723830734967;150.72036768666302;449;tief (4+ Segmente)
neo4j;-8000894333040882942;2442.506300963677;1308.713154616245;1349;tief (4+ Segmente)
neo4j;-7995602693260893647;1535.2207612456748;246.20351773451432;1445;tief (4+ Segmente)
neo4j;-7988598427205345000;3242.427917620137;809.0436975423457;1311;tief (4+ Segmente)
neo4j;-7987118670858128694;2838.1307901907358;1389.0175183787587;734;mittel (2-3 Segmente)
neo4j;-7982782822673864124;1411.501113585746;244.70767112371627;449;tief (4+ Segmente)
neo4j;-7981799398264819645;3125.5;299.34541466736715;472;flach (<=1 Segment)
neo4j;-7981048338996309688;1629.8373812038014;294.23637316724546;947;tief (4+ Segmente)
neo4j;-7979594000264824080;2892.6488696488695;1270.608923854864;2079;tief (4+ Segmente)
neo4j;-7976555025469346161;1720.0357142857142;271.17632321832406;448;tief (4+ Segmente)
neo4j;-7971150627219656088;1470.044543429844;239.91175418717677;449;tief (4+ Segmente)
neo4j;-7969738793334654347;4341.260869565217;322.4699445001172;391;tief (4+ Segmente)
neo4j;-7968268173667279222;4881.169696969697;66.10372708602564;165;tief (4+ Segmente)
neo4j;-7957043064287628791;1446.328125;207.15421724347328;448;tief (4+ Segmente)
neo4j;-7952120373516532436;1926.426115431846;529.1445058128006;2443;tief (4+ Segmente)
neo4j;-7947652804911445737;1970.728285077951;283.1333326224919;449;tief (4+ Segmente)
neo4j;-7940152991048428107;2770.3073696824445;897.3124004249833;1669;tief (4+ Segmente)
neo4j;-7930888775568072035;1710.6263982102907;220.3851022474146;447;tief (4+ Segmente)
neo4j;-7930372110860962896;1313.412026726058;145.32043392362027;449;tief (4+ Segmente)
neo4j;-7929431047762976480;1467.582167832168;229.32714857840392;3432;tief (4+ Segmente)
neo4j;-7919630727938566794;1303.0168776371308;135.05117231858026;948;tief (4+ Segmente)
neo4j;-7912941866463176606;1288.587973273942;146.96316331956166;449;tief (4+ Segmente)
neo4j;-7909799874129628419;2137.7486486486487;316.81058097424665;1480;flach (<=1 Segment)
neo4j;-7894092519743735372;1386.1101556101555;235.25162151904803;2442;tief (4+ Segmente)
neo4j;-7890849115775772938;2153.8370535714284;303.6838736075489;448;tief (4+ Segmente)
neo4j;-7887735323782204758;1608.6194503171248;220.95874251106258;473;tief (4+ Segmente)
neo4j;-7887481807827727248;1246.700892857143;146.7409252699776;448;tief (4+ Segmente)
neo4j;-7883897058608291864;1624.1224944320713;205.94943609895677;449;tief (4+ Segmente)
neo4j;-7874851985170592555;1382.6167418957734;228.46066772695823;2437;tief (4+ Segmente)
neo4j;-7869210626479512184;4809.184931506849;113.33338087099702;146;tief (4+ Segmente)
neo4j;-7865301245416203779;4306.935406698564;286.1839946456143;418;tief (4+ Segmente)
neo4j;-7860451100958222718;2495.1482381530986;963.0454883662293;1646;tief (4+ Segmente)
neo4j;-7854489534091762632;2272.0677200902933;315.9888951038518;443;mittel (2-3 Segmente)
neo4j;-7854225011517024026;3740.7694063926942;365.08744355531053;438;mittel (2-3 Segmente)
neo4j;-7847174873461142236;1581.6846473029045;238.66299479820898;482;mittel (2-3 Segmente)
neo4j;-7840973138087629092;2168.23711790393;1162.807909821807;2290;tief (4+ Segmente)
neo4j;-7839327953627750890;2675.9366562824507;766.7091862191835;963;mittel (2-3 Segmente)
neo4j;-7837933486274733546;1351.4053452115813;184.06307286578024;449;mittel (2-3 Segmente)
neo4j;-7837523645932627222;1771.419642857143;259.87348112201875;448;tief (4+ Segmente)
neo4j;-7830500743850445521;2449.15221987315;679.9846170687167;946;tief (4+ Segmente)
neo4j;-7823217947635252278;1436.182628062361;203.28177479892116;449;tief (4+ Segmente)
neo4j;-7818191984586454636;1325.1830357142858;158.11332406297961;448;mittel (2-3 Segmente)
neo4j;-7803605068714768707;2578.1012861736335;1183.3662422256264;2488;tief (4+ Segmente)
neo4j;-7796918577961108381;2295.3029576338927;1353.2619129138477;1251;tief (4+ Segmente)
neo4j;-7795454207975708069;1563.2650334075724;223.0223476401629;449;tief (4+ Segmente)
neo4j;-7789365305870309296;2124.951587916344;868.9165281842445;2582;tief (4+ Segmente)
neo4j;-7760527692094528123;1413.2761692650333;132.125766613291;449;tief (4+ Segmente)
neo4j;-7749401242715234697;1788.72510373444;247.99644537467313;964;tief (4+ Segmente)
neo4j;-7723778099485237345;1812.683741648107;287.44862542269595;449;tief (4+ Segmente)
neo4j;-7718502464306335063;2252.753086419753;811.6515823831735;972;mittel (2-3 Segmente)
neo4j;-7712884023086902558;1367.8532657735823;263.0577718887869;14407;mittel (2-3 Segmente)
neo4j;-7711038431031380520;1648.377232142857;213.81420172322774;448;tief (4+ Segmente)
neo4j;-7708550806914360973;1375.1935038009676;181.06896705161694;1447;tief (4+ Segmente)
neo4j;-7684353874699465882;1416.8099260823653;199.18216981548505;947;tief (4+ Segmente)
neo4j;-7675510109211390924;1331.844580777096;178.29064019016377;2934;tief (4+ Segmente)
neo4j;-7674985149813876648;1562.0400843881857;170.9769481043558;474;tief (4+ Segmente)
neo4j;-7661308930292009028;2034.3622881355932;551.3404278080709;944;tief (4+ Segmente)
neo4j;-7658525033395164205;2069.645089285714;267.16004373618375;448;tief (4+ Segmente)
neo4j;-7649315944016503627;1408.86859688196;192.31340241452253;449;tief (4+ Segmente)
neo4j;-7647977275745192430;1502.7906458797327;185.9629158542622;449;tief (4+ Segmente)
neo4j;-7621754363053604327;1481.9240506329113;230.02921620588398;474;mittel (2-3 Segmente)
neo4j;-7618792820630367695;1717.478841870824;216.3849602034003;449;tief (4+ Segmente)
neo4j;-7602179824816203753;1644.2238648363252;272.5701774380301;947;tief (4+ Segmente)
neo4j;-7600351463073848518;1413.0867802108678;268.0153671765942;4932;tief (4+ Segmente)
neo4j;-7591877421520650853;1374.5159059474413;207.59948652549545;1446;tief (4+ Segmente)
neo4j;-7590987064690281987;1430.7923211169284;249.42850927402188;3438;tief (4+ Segmente)
neo4j;-7589199911756302846;2050.0940249266864;614.8135956752838;5456;tief (4+ Segmente)
neo4j;-7586548580370553329;1863.9844097995547;271.3954797943982;449;tief (4+ Segmente)
neo4j;-7570975764737239440;2089.011201629328;622.2897252621717;1964;tief (4+ Segmente)
neo4j;-7564020354393763455;1369.766827533655;225.3919350308482;3937;tief (4+ Segmente)
neo4j;-7553495425026688267;1315.263492063492;180.25412084923744;945;tief (4+ Segmente)
neo4j;-7550321463828823604;2695.7542372881358;1033.6225038875755;1062;tief (4+ Segmente)
neo4j;-7544086429616691147;1359.3814010651372;225.80204582740046;2441;tief (4+ Segmente)
neo4j;-7532712526601488038;3513.9573033707866;361.3949892610328;445;tief (4+ Segmente)
neo4j;-7522359583826824412;1311.688489968321;137.32095821488278;947;tief (4+ Segmente)
neo4j;-7512357003494067319;1410.0143266475645;229.9281112045668;2443;tief (4+ Segmente)
neo4j;-7504093176915043567;2187.102841677943;676.4422473070725;4434;tief (4+ Segmente)
neo4j;-7498630619787140663;1444.9050632911392;204.4973889989498;948;tief (4+ Segmente)
neo4j;-7491228115342104340;1378.6243576567317;194.03294237767045;1946;tief (4+ Segmente)
neo4j;-7485524457672007660;1457.6458797327393;218.37074621172547;449;tief (4+ Segmente)
neo4j;-7484980045360495417;4915.428571428572;49.330462246917236;14;tief (4+ Segmente)
neo4j;-7482706624800587016;1398.524216369177;235.4303692977711;18376;tief (4+ Segmente)
neo4j;-7475303678957239230;1951.8422535211268;1272.8800311691389;1775;tief (4+ Segmente)
neo4j;-7465177155122116151;2047.4118571749382;649.3425492976603;4453;mittel (2-3 Segmente)
neo4j;-7460105742845319214;1645.3742289239206;238.14413289485285;1459;tief (4+ Segmente)
neo4j;-7442807607354408300;1532.1905829596412;219.49521660703056;446;tief (4+ Segmente)
neo4j;-7440264874672375342;1604.7025316455697;221.07527402096952;948;tief (4+ Segmente)
neo4j;-7439092417788791372;1737.9917440660474;241.00756978173902;969;tief (4+ Segmente)
neo4j;-7437691575782386473;1306.6763392857142;205.26317514846104;448;tief (4+ Segmente)
neo4j;-7437538653196733902;4313.346774193548;312.4787098564565;372;tief (4+ Segmente)
neo4j;-7414794555950823396;1588.78125;236.29127629668218;448;tief (4+ Segmente)
neo4j;-7412627867473288228;1490.1347615756738;245.97232288373874;1447;tief (4+ Segmente)
neo4j;-7412090797992338044;1530.048523206751;232.93339836948743;948;tief (4+ Segmente)
neo4j;-7410066185498556592;1584.1523076923077;231.07048245678078;1950;tief (4+ Segmente)
neo4j;-7406957649902167351;3010.0283353010627;1340.2878405962158;847;tief (4+ Segmente)
neo4j;-7406724002234809339;1631.5723830734967;229.60580494441837;449;tief (4+ Segmente)
neo4j;-7405227276687536463;1853.3596673596674;583.8708796593436;1443;tief (4+ Segmente)
neo4j;-7397199293199438304;1928.109131403118;246.0250860673909;449;tief (4+ Segmente)
neo4j;-7386762183889623702;1543.73417721519;259.58509954048645;474;tief (4+ Segmente)
neo4j;-7381957401420581808;2581.925675675676;386.1979648478097;444;mittel (2-3 Segmente)
neo4j;-7373109668963445632;1419.0133630289533;216.12248469897676;449;tief (4+ Segmente)
neo4j;-7369442980390479230;1697.694877505568;227.7219443193702;449;tief (4+ Segmente)
neo4j;-7368416095860409071;1473.6345980126468;269.25227504480387;4428;tief (4+ Segmente)
neo4j;-7366385347056115836;1478.9309576837416;178.132718251881;449;tief (4+ Segmente)
neo4j;-7366305476319190516;1381.1291759465478;187.2696353177488;449;tief (4+ Segmente)
neo4j;-7365948439443071735;1409.996818663839;195.00115136699677;943;tief (4+ Segmente)
neo4j;-7352520494379624714;2947.2596867271227;1138.4301460162797;1213;tief (4+ Segmente)
neo4j;-7342101350381665731;1444.731673582296;197.41859325171907;1446;tief (4+ Segmente)
neo4j;-7340520243614001857;1471.9271978021977;266.71744484281965;1456;tief (4+ Segmente)
neo4j;-7334094718208712927;1399.0601336302896;207.35803758445198;449;tief (4+ Segmente)
neo4j;-7329035700573930939;1486.8210915059499;233.72516946688054;2437;tief (4+ Segmente)
neo4j;-7321923829592272460;2716.121420996819;1033.1709165519524;1886;mittel (2-3 Segmente)
neo4j;-7319322408939895565;1344.6510067114093;263.62303888345974;447;flach (<=1 Segment)
neo4j;-7308320674387425894;1454.075723830735;173.2297802143214;449;tief (4+ Segmente)
neo4j;-7301323925925640514;1776.0801781737193;277.3280158558445;449;tief (4+ Segmente)
neo4j;-7298442323784352615;2125.2946428571427;313.6660798295958;448;tief (4+ Segmente)
neo4j;-7292664667808819196;1447.5020508613618;223.18009116823882;2438;tief (4+ Segmente)
neo4j;-7281076734313036434;1669.5103734439833;322.24474713321115;1446;tief (4+ Segmente)
neo4j;-7269746876504426223;1546.263392857143;232.8375729788899;448;mittel (2-3 Segmente)
neo4j;-7256213042220919385;1393.81051175657;163.10417856663625;1446;tief (4+ Segmente)
neo4j;-7252632716882458528;1599.1712473572939;211.95588928369634;473;tief (4+ Segmente)
neo4j;-7246873250184560637;1370.9123592261046;259.0260284935071;6926;mittel (2-3 Segmente)
neo4j;-7246849701201532261;1378.4714091218516;233.93578975380845;2938;tief (4+ Segmente)
neo4j;-7235871410023008350;2612.865470852018;332.4066479690914;446;flach (<=1 Segment)
neo4j;-7233681590710299441;1498.912641315519;210.53316986080293;973;tief (4+ Segmente)
neo4j;-7232806385004646353;1924.0627450980392;875.4927055043186;510;tief (4+ Segmente)
neo4j;-7222031968169230903;1456.0462742429397;230.34002281079165;2939;tief (4+ Segmente)
neo4j;-7220506122052292669;1540.0676532769555;225.02638185773083;473;tief (4+ Segmente)
neo4j;-7219316805689547640;2977.467706013363;334.73265512295524;449;tief (4+ Segmente)
neo4j;-7213340763423275584;3272.627802690583;342.866522380202;446;tief (4+ Segmente)
neo4j;-7207850867400126250;1921.218262806236;285.22129022544647;449;tief (4+ Segmente)
neo4j;-7203292447646402119;2023.9720605355064;823.7467405350175;2577;tief (4+ Segmente)
neo4j;-7193773871357741693;1366.2501727712508;195.520604195332;1447;mittel (2-3 Segmente)
neo4j;-7176824557857765530;1348.4938271604938;204.24748080526953;1944;mittel (2-3 Segmente)
neo4j;-7172619356334035484;1731.5797254487857;310.78832917349564;947;tief (4+ Segmente)
neo4j;-7171665126349765582;1522.0846325167038;205.6100938147053;449;tief (4+ Segmente)
neo4j;-7166361055218801198;1943.1775604734946;511.99097538754415;1943;tief (4+ Segmente)
neo4j;-7164834534352788916;2004.4966592427618;217.79985613531616;449;tief (4+ Segmente)
neo4j;-7159005282477441449;4004.8036529680367;471.8763488359476;438;tief (4+ Segmente)
neo4j;-7157437100512535651;1272.9331848552338;200.2747220089733;449;tief (4+ Segmente)
neo4j;-7151884549922649514;1457.625;219.43836690061516;448;tief (4+ Segmente)
neo4j;-7146254636875971470;1284.7661469933184;147.40211980444667;449;tief (4+ Segmente)
neo4j;-7145760434156130099;2153.9110117838277;700.0743153094022;2461;mittel (2-3 Segmente)
neo4j;-7145105276408629015;1410.6598569969356;239.52673961554197;2937;tief (4+ Segmente)
neo4j;-7139379540804573357;1319.140311804009;227.38406661592498;449;tief (4+ Segmente)
neo4j;-7136841369858947226;1513.534521158129;216.42724834907236;449;tief (4+ Segmente)
neo4j;-7132200644511537190;2404.176580796253;1236.3915865422443;4270;flach (<=1 Segment)
neo4j;-7129719288923566187;1589.805805114029;280.6656093182192;1447;tief (4+ Segmente)
neo4j;-7129560717997800048;1604.82774049217;253.12482845487372;447;tief (4+ Segmente)
neo4j;-7122143021615721524;1371.8795676788473;199.258082984928;1943;tief (4+ Segmente)
neo4j;-7122137094634462045;4819.4;90.91302570411918;240;tief (4+ Segmente)
neo4j;-7115562516453538849;2032.3287526427061;529.8143797524905;946;tief (4+ Segmente)
neo4j;-7112026761042218126;1786.200947225981;350.23724942677796;1478;tief (4+ Segmente)
neo4j;-7107718962515762250;1367.240506329114;184.8087431835469;948;tief (4+ Segmente)
neo4j;-7106451175380136604;1315.9361440851412;241.23284740276;2443;mittel (2-3 Segmente)
neo4j;-7105030111213452381;1722.7795100222718;210.59749805343486;449;tief (4+ Segmente)
neo4j;-7097211390528003299;1649.8464730290457;284.5131553772298;1446;tief (4+ Segmente)
neo4j;-7094666188956990430;1409.9429460580914;223.9427122774341;964;tief (4+ Segmente)
neo4j;-7085401584586512475;1296.1714922048998;130.20243334814168;449;tief (4+ Segmente)
neo4j;-7081298328158021184;2595.4276169265036;326.3660230804014;449;tief (4+ Segmente)
neo4j;-7079601947117758010;1371.195991091314;180.25383115098293;449;mittel (2-3 Segmente)
neo4j;-7076770306703503331;1603.0658775090067;233.37617601249636;1943;tief (4+ Segmente)
neo4j;-7075894586493251987;2240.708245243129;714.0658569924926;946;tief (4+ Segmente)
neo4j;-7075353596192436268;2632.955602536998;301.54435147428165;473;mittel (2-3 Segmente)
neo4j;-7046771436248241760;1818.0506329113923;244.49660406038691;474;tief (4+ Segmente)
neo4j;-7035086327900870111;1344.5412026726058;170.235364168932;449;tief (4+ Segmente)
neo4j;-7030721353552840570;1902.7292327203552;918.6190154504702;1577;mittel (2-3 Segmente)
neo4j;-7028428752845001383;2351.440119760479;1414.6686658684748;668;mittel (2-3 Segmente)
neo4j;-7025137784625816776;2253.2204899777284;294.6681591952368;449;tief (4+ Segmente)
neo4j;-7021203572400686898;1429.9684210526316;410.8833622145907;1425;mittel (2-3 Segmente)
neo4j;-7013271605756341197;1405.15144766147;183.64986157159416;449;tief (4+ Segmente)
neo4j;-7004989074605782378;2287.960698689956;1416.2627898053136;1374;tief (4+ Segmente)
neo4j;-7000496661805857474;2360.428118393235;461.6987675643326;946;tief (4+ Segmente)
neo4j;-6996358352245791007;1300.5857461024498;175.5972521850621;449;tief (4+ Segmente)
neo4j;-6994358248579143086;2771.18776371308;660.8722265848629;948;mittel (2-3 Segmente)
neo4j;-6992028976446404228;3554.085201793722;453.1016771134193;446;tief (4+ Segmente)
neo4j;-6988431070210329017;2676.890868596882;271.94081573052125;449;tief (4+ Segmente)
neo4j;-6988337248491622329;2081.26148409894;1230.5710173940315;566;tief (4+ Segmente)
neo4j;-6979793650266060669;3160.050605060506;1176.2653443980669;909;mittel (2-3 Segmente)
neo4j;-6976885454451720719;2787.559071729958;353.3939845872832;474;tief (4+ Segmente)
neo4j;-6975279062263929423;1398.8627243928195;169.75175306386973;947;tief (4+ Segmente)
neo4j;-6957302813509783873;2934.4665178571427;334.36912280567134;448;tief (4+ Segmente)
neo4j;-6956976809361848448;1953.6547884187082;256.6337696478614;449;tief (4+ Segmente)
neo4j;-6949135628660705576;1503.879732739421;198.19956069740087;449;tief (4+ Segmente)
neo4j;-6948588123726258052;1659.031180400891;232.76441168495037;449;tief (4+ Segmente)
neo4j;-6946810274857160158;2874.9420935412027;274.8429198068031;449;tief (4+ Segmente)
neo4j;-6936810309264596532;2317.9038054968287;708.4374461273552;946;tief (4+ Segmente)
neo4j;-6934399617421274319;1658.9398340248963;220.172457708598;482;tief (4+ Segmente)
neo4j;-6925182367910746689;1331.7594654788418;145.4827556536197;449;tief (4+ Segmente)
neo4j;-6903560649879775477;1308.0604147880974;238.9695059199024;4436;mittel (2-3 Segmente)
neo4j;-6899269840634325122;4907.347826086957;53.10676099369166;23;tief (4+ Segmente)
neo4j;-6896918312241599304;2108.4255543822596;702.3487050532993;947;tief (4+ Segmente)
neo4j;-6893825418449213921;1314.6603375527427;208.31685472547815;948;tief (4+ Segmente)
neo4j;-6885774203144511327;2355.9824236817763;879.5899700607823;1081;flach (<=1 Segment)
neo4j;-6874595568413726795;1676.195991091314;264.638950273292;449;tief (4+ Segmente)
neo4j;-6873827590155288823;2772.8195991091316;316.97121456848015;449;tief (4+ Segmente)
neo4j;-6868688914372951088;2569.3363512901765;973.6775254165802;2209;tief (4+ Segmente)
neo4j;-6867103442146694089;1864.529598308668;598.3423730769113;946;tief (4+ Segmente)
neo4j;-6850059914820972704;4278.649758454107;233.48997736045658;414;tief (4+ Segmente)
neo4j;-6844857302802481252;1323.218262806236;182.05544319758272;449;mittel (2-3 Segmente)
neo4j;-6837130839391444797;1501.3683035714287;266.4232063824943;448;flach (<=1 Segment)
neo4j;-6828208767401915217;1451.9198218262807;164.53489041614816;449;tief (4+ Segmente)
neo4j;-6811649275624039646;1502.5272978576365;238.8164348152207;1447;tief (4+ Segmente)
neo4j;-6811414892248722223;2761.9011764705883;926.5001958701413;1700;tief (4+ Segmente)
neo4j;-6803221044830049013;2983.1383928571427;341.15065006455643;448;tief (4+ Segmente)
neo4j;-6797273311895284442;1594.9472573839662;217.31774304153146;474;tief (4+ Segmente)
neo4j;-6796067545179231240;1780.0111607142858;267.0062335119167;448;tief (4+ Segmente)
neo4j;-6789971939343671116;2051.3681434599157;399.9314995701104;948;tief (4+ Segmente)
neo4j;-6775084990438535555;1931.306691449814;1105.1294255842608;538;tief (4+ Segmente)
neo4j;-6767972254969206671;1572.5919661733615;204.44420073901003;946;tief (4+ Segmente)
neo4j;-6759263645972961866;1418.2204899777282;213.02214826316123;449;mittel (2-3 Segmente)
neo4j;-6758614348905270000;1690.0356347438753;253.4724001857046;449;tief (4+ Segmente)
neo4j;-6757566375692791201;1373.042194092827;185.59026617207286;948;tief (4+ Segmente)
neo4j;-6753655140833022951;1631.465478841871;250.4748513311857;449;tief (4+ Segmente)
neo4j;-6748690611283000896;1601.2281879194632;225.20142814719026;447;tief (4+ Segmente)
neo4j;-6740863954081701539;2883.138590203106;1530.10488739031;837;tief (4+ Segmente)
neo4j;-6739258872610228445;1420.6481069042316;188.05429022869185;449;tief (4+ Segmente)
neo4j;-6726808660816207298;2822.289655172414;1493.4291418909468;870;tief (4+ Segmente)
neo4j;-6710651746455849195;3023.17037037037;370.29289479372176;945;tief (4+ Segmente)
neo4j;-6710327954712161716;1540.2873051224944;222.11129739891737;449;tief (4+ Segmente)
neo4j;-6707734381751296223;1493.4129464285713;185.5107623940079;448;tief (4+ Segmente)
neo4j;-6700417440635237481;1579.4361140443507;273.5670737734341;947;mittel (2-3 Segmente)
neo4j;-6699139474728937629;1409.5433403805496;247.25087985793527;946;tief (4+ Segmente)
neo4j;-6679748796890946576;1493.6964285714287;238.3210133435292;448;tief (4+ Segmente)
neo4j;-6677609071886050874;2839.384778012685;358.91612367738037;473;mittel (2-3 Segmente)
neo4j;-6673467461251328360;1506.96875;221.5326901430429;448;tief (4+ Segmente)
neo4j;-6662293240245504506;1710.8839662447258;243.857367498254;474;tief (4+ Segmente)
neo4j;-6658343281237524383;1881.182682154171;277.33125909007373;947;tief (4+ Segmente)
neo4j;-6651502544698381425;1640.591517857143;249.62732960611808;448;tief (4+ Segmente)
neo4j;-6647451198889251727;2177.7821576763486;753.0675765994384;964;tief (4+ Segmente)
neo4j;-6645392296341722106;1507.6458797327393;232.07920203101273;449;tief (4+ Segmente)
neo4j;-6641658664564100867;1419.5233853006682;194.15940618456457;449;tief (4+ Segmente)
neo4j;-6635961803189943275;2575.6461071789686;510.02294883009495;1978;mittel (2-3 Segmente)
neo4j;-6635372506210487474;1325.6875;142.1907551499459;448;tief (4+ Segmente)
neo4j;-6629514580404672367;1404.383068783069;188.04441677202743;945;mittel (2-3 Segmente)
neo4j;-6621861843013455075;1448.0424107142858;178.20096612269344;448;tief (4+ Segmente)
neo4j;-6605848531290461883;2186.4308035714284;274.1903756362045;448;tief (4+ Segmente)
neo4j;-6598574273296535216;1577.3296213808462;221.44211401001027;449;tief (4+ Segmente)
neo4j;-6588892110796564074;1735.7423795476893;772.921018023066;1017;tief (4+ Segmente)
neo4j;-6588436469768813084;2581.5822784810125;277.3859908692706;474;tief (4+ Segmente)
neo4j;-6576994799877015586;1725.71875;214.8835934937714;448;tief (4+ Segmente)
neo4j;-6576153887309386856;1466.9265033407573;231.34263865786508;449;tief (4+ Segmente)
neo4j;-6575199212504416347;4876.105263157895;76.99969485341349;57;tief (4+ Segmente)
neo4j;-6565989812154708784;1465.761692650334;237.8279009989305;449;tief (4+ Segmente)
neo4j;-6565412110138754149;1605.86859688196;245.65288031161566;449;tief (4+ Segmente)
neo4j;-6562680230627899185;2527.338530066815;399.6975378317051;449;mittel (2-3 Segmente)
neo4j;-6562241423079351546;4937.578947368421;24.329487799955636;19;mittel (2-3 Segmente)
neo4j;-6559666420822005929;4756.326086956522;136.39056011880913;184;tief (4+ Segmente)
neo4j;-6545010086897829116;2094.6431535269708;677.2232722387383;1446;tief (4+ Segmente)
neo4j;-6525297353181452519;1661.5123042505593;239.92679975960334;447;tief (4+ Segmente)
neo4j;-6520205348818754480;1395.8149766899767;208.2854907927777;3432;tief (4+ Segmente)
neo4j;-6498897864734470584;1597.5924276169264;290.74425899570144;449;tief (4+ Segmente)
neo4j;-6489721478747992302;1803.0178173719376;268.1575773476772;449;tief (4+ Segmente)
neo4j;-6481406666004924656;1235.6234122401847;222.71434396363233;6928;mittel (2-3 Segmente)
neo4j;-6473947770647761716;1424.695147679325;176.9906806967973;948;tief (4+ Segmente)
neo4j;-6469286977681477081;1818.8015006821283;419.5060001008493;1466;mittel (2-3 Segmente)
neo4j;-6452546471843300852;1287.4053452115813;116.70431795142709;449;tief (4+ Segmente)
neo4j;-6439109871709270528;1483.4630010277492;221.93402970341896;1946;tief (4+ Segmente)
neo4j;-6438786418323422333;1919.322033898305;289.44949964857403;472;mittel (2-3 Segmente)
neo4j;-6425628314718183383;1478.59388185654;227.50957055310343;948;tief (4+ Segmente)
neo4j;-6419337897515532608;2113.601336302895;294.61695636937316;449;tief (4+ Segmente)
neo4j;-6417696522921284235;1483.8839662447258;267.22296935298743;948;tief (4+ Segmente)
neo4j;-6408996643007026810;3144.792270531401;1124.3192607310043;1449;mittel (2-3 Segmente)
neo4j;-6403672685856589080;1350.3630289532293;143.48438057634147;449;tief (4+ Segmente)
neo4j;-6402016991082830377;2281.5147808358815;511.4651453758751;981;tief (4+ Segmente)
neo4j;-6398771572470348980;1494.047817047817;227.6150620208743;481;tief (4+ Segmente)
neo4j;-6396294310349783343;1466.9331848552338;250.40662465004547;449;tief (4+ Segmente)
neo4j;-6392606640220061706;1851.4543429844098;253.84710190859184;449;tief (4+ Segmente)
neo4j;-6388704047970216938;2405.0306230200636;815.6199888990475;947;tief (4+ Segmente)
neo4j;-6386059311774000358;1504.8681434599157;285.95698740576324;948;tief (4+ Segmente)
neo4j;-6375793954059545516;1190.5412026726058;144.24578701255643;449;mittel (2-3 Segmente)
neo4j;-6371827137227156214;1854.2997918112421;661.7761551362373;1441;tief (4+ Segmente)
neo4j;-6364297989481772377;1412.7355473554735;198.59443176936426;2439;tief (4+ Segmente)
neo4j;-6358366384040462806;1514.3118040089087;229.98818073008226;449;tief (4+ Segmente)
neo4j;-6353059554412204309;1295.0848214285713;196.14063105752948;448;tief (4+ Segmente)
neo4j;-6350945554140056453;1818.1628513474354;565.609181524996;3451;tief (4+ Segmente)
neo4j;-6334589951661855855;1419.387811634349;216.90094827382015;1444;tief (4+ Segmente)
neo4j;-6311915375304211110;1407.0138960370562;199.54902376634288;1943;mittel (2-3 Segmente)
neo4j;-6311236768381253109;1817.32295988935;635.703486938989;1446;flach (<=1 Segment)
neo4j;-6303915019696121789;1781.6138392857142;260.8559829386541;448;tief (4+ Segmente)
neo4j;-6302642715155064698;4708.14859437751;172.90354273045452;249;tief (4+ Segmente)
neo4j;-6290100626662039565;1375.611156685808;189.35882720299966;2438;tief (4+ Segmente)
neo4j;-6278000975056340238;1456.8712858768492;233.88450392156443;7909;tief (4+ Segmente)
neo4j;-6277148651614826350;1689.6078028747434;567.4030438565458;487;tief (4+ Segmente)
neo4j;-6272873873941586569;1475.6325167037862;227.1875324978171;449;tief (4+ Segmente)
neo4j;-6272662008898459088;2716.712518195051;1233.1570511408356;1374;tief (4+ Segmente)
neo4j;-6267839925759664823;1372.8646423057128;179.73085410715598;1943;tief (4+ Segmente)
neo4j;-6255444281116885983;1420.695115681234;228.7013977282145;1945;tief (4+ Segmente)
neo4j;-6253102459019525389;1867.3966244725739;229.55665255611234;474;mittel (2-3 Segmente)
neo4j;-6251693237213141644;1383.3384773662551;221.60005249089983;1944;tief (4+ Segmente)
neo4j;-6236660569686699095;1599.140311804009;238.86803439962048;449;mittel (2-3 Segmente)
neo4j;-6219272261775514606;4667.14598540146;182.9538479462224;274;tief (4+ Segmente)
neo4j;-6210646464716806404;4621.0;213.2105630264284;216;flach (<=1 Segment)
neo4j;-6210602284427661252;1454.286307053942;195.03435003590647;964;tief (4+ Segmente)
neo4j;-6186488047882466983;2595.871293001186;1198.0024113039008;1686;tief (4+ Segmente)
neo4j;-6179542327117817919;1313.279017857143;151.62629294791586;448;tief (4+ Segmente)
neo4j;-6177401092608249733;1519.024312896406;220.00216074168182;946;tief (4+ Segmente)
neo4j;-6177099683467398248;2969.5278396436524;330.1457061378505;449;tief (4+ Segmente)
neo4j;-6169033808209947210;1369.2066344160332;221.1982944971723;1447;tief (4+ Segmente)
neo4j;-6153043081879341744;2296.60593220339;429.70811742272343;944;tief (4+ Segmente)
neo4j;-6152836736162187040;2487.1842696629215;281.7183953108204;445;tief (4+ Segmente)
neo4j;-6152082242094800767;1451.0359897172236;304.04806370296535;1945;mittel (2-3 Segmente)
neo4j;-6152051243982562733;1538.7515592515592;191.65036459769064;962;tief (4+ Segmente)
neo4j;-6138712295667485918;1388.2227171492204;247.68413842878138;449;tief (4+ Segmente)
neo4j;-6116162571567606153;2381.7497648165568;1517.7038804216747;2126;mittel (2-3 Segmente)
neo4j;-6115401621386745213;1198.4187082405344;163.7658749314938;449;mittel (2-3 Segmente)
neo4j;-6112387449330558252;1908.175017158545;781.6797883170199;1457;mittel (2-3 Segmente)
neo4j;-6110546606076950775;1578.5300668151447;235.222633162722;449;tief (4+ Segmente)
neo4j;-6103473817964113113;2273.5973154362414;315.31457534937135;447;tief (4+ Segmente)
neo4j;-6101191402261605049;1473.948024948025;483.77725526282524;481;tief (4+ Segmente)
neo4j;-6092164153643529140;2182.1372756071805;512.3343543519509;947;tief (4+ Segmente)
neo4j;-6091595338018682011;1910.9177215189873;254.62841056215757;474;flach (<=1 Segment)
neo4j;-6087403437793251177;2049.3504464285716;296.55604093268875;448;tief (4+ Segmente)
neo4j;-6081240581991308005;1606.2338530066816;158.60218403284145;449;tief (4+ Segmente)
neo4j;-6073684774233649055;3078.512244897959;323.51161917837857;490;mittel (2-3 Segmente)
neo4j;-6065039149863780566;1357.187082405345;144.62840535778136;449;tief (4+ Segmente)
neo4j;-6064276009065611274;1426.9331848552338;217.3246213881111;449;tief (4+ Segmente)
neo4j;-6064004817308326899;1827.7578475336322;247.374391449518;446;tief (4+ Segmente)
neo4j;-6048809495027789208;4459.5658362989325;279.4037083813401;281;tief (4+ Segmente)
neo4j;-6048497804784615895;3421.3957597173144;711.1872329177278;566;mittel (2-3 Segmente)
neo4j;-6043858223540002205;1858.218262806236;268.9907999714804;449;tief (4+ Segmente)
neo4j;-6038950843296056471;1405.0622362869199;211.588374590718;948;tief (4+ Segmente)
neo4j;-6036568305867287847;1404.1763392857142;171.57518078205456;448;tief (4+ Segmente)
neo4j;-6029527964868559490;2843.568253968254;325.5164277787434;945;tief (4+ Segmente)
neo4j;-6006096263127452530;2513.8058035714284;262.3085265450483;448;tief (4+ Segmente)
neo4j;-6004428986168675716;2070.1336302895324;272.5560721397141;449;tief (4+ Segmente)
neo4j;-5996316285487721093;1416.2257868020304;219.1474206628025;4925;tief (4+ Segmente)
neo4j;-5993846557356283449;1604.1559020044544;200.02348682884465;449;mittel (2-3 Segmente)
neo4j;-5992406757212379471;1926.225948808473;1171.904430007688;1133;mittel (2-3 Segmente)
neo4j;-5986059564532913744;1628.0601336302896;231.1113453839093;449;tief (4+ Segmente)
neo4j;-5978109960846246885;1617.3318485523384;228.83936366558504;449;tief (4+ Segmente)
neo4j;-5973114722557526135;1467.1460905349795;209.1576622895647;1944;tief (4+ Segmente)
neo4j;-5965850375575491644;1623.8191964285713;241.80500563313606;448;tief (4+ Segmente)
neo4j;-5965698429050988300;1731.009493670886;279.007115218808;948;tief (4+ Segmente)
neo4j;-5965619002964368351;1496.3340757238307;206.22679462877852;449;tief (4+ Segmente)
neo4j;-5964636757577096730;1768.5933609958506;297.7862011520754;964;tief (4+ Segmente)
neo4j;-5962616622534652363;1428.8348214285713;202.31910348473616;448;tief (4+ Segmente)
neo4j;-5955150146816155288;2632.2521186440677;290.6539993558907;472;tief (4+ Segmente)
neo4j;-5949739138519965505;1338.0935412026727;208.66169042721006;449;tief (4+ Segmente)
neo4j;-5946536595213085649;2295.003593429158;788.2816263442061;1948;mittel (2-3 Segmente)
neo4j;-5923334249787927886;1928.5272652726528;597.8244060614404;2439;tief (4+ Segmente)
neo4j;-5913966514793616838;1445.7438752783964;216.8343238185357;449;tief (4+ Segmente)
neo4j;-5906152671689770067;1468.6352072219943;255.2308725773457;2437;tief (4+ Segmente)
neo4j;-5883824215796995569;2571.7072072072074;371.8581550030812;444;tief (4+ Segmente)
neo4j;-5882335788003643425;3215.6490984743414;1143.4774667543206;721;tief (4+ Segmente)
neo4j;-5879743373747971609;1783.3284823284823;369.1965489803013;962;tief (4+ Segmente)
neo4j;-5875715153546024850;2366.2798310454064;511.7392521624443;947;tief (4+ Segmente)
neo4j;-5868780714118275360;1364.5417106652587;192.832374441089;947;tief (4+ Segmente)
neo4j;-5866802431592467742;2695.4118673647467;977.6342277230073;573;tief (4+ Segmente)
neo4j;-5855969632006255615;1522.936575052854;203.06240220457434;473;tief (4+ Segmente)
neo4j;-5850866507022430799;1636.076062639821;224.4055396362577;447;tief (4+ Segmente)
neo4j;-5842315164550157124;4503.34131736527;232.6180354570147;334;tief (4+ Segmente)
neo4j;-5835015654411897951;1861.6316964285713;292.6204152984968;448;tief (4+ Segmente)
neo4j;-5832944822212267536;1373.7679324894514;164.19091877758063;948;tief (4+ Segmente)
neo4j;-5828081269918276145;1872.2848101265822;264.5114504007345;948;tief (4+ Segmente)
neo4j;-5820903511978681437;1395.7732067510549;207.4061466084165;948;tief (4+ Segmente)
neo4j;-5818007705189964950;2527.198660714286;358.6033163841241;448;tief (4+ Segmente)
neo4j;-5814722966580029384;2127.835991820041;762.452335778555;2445;tief (4+ Segmente)
neo4j;-5812501235839181269;3084.7729762629338;709.1750625754515;1643;tief (4+ Segmente)
neo4j;-5808263739570140977;1409.6108374384237;213.51552663092505;2436;tief (4+ Segmente)
neo4j;-5806799612665184324;1790.1452282157677;227.07847029511518;482;tief (4+ Segmente)
neo4j;-5802156859761475262;3217.575678040245;746.3697144286674;1143;tief (4+ Segmente)
neo4j;-5800103716773734909;1643.9599109131402;206.90087385886878;449;tief (4+ Segmente)
neo4j;-5793047647317326241;1559.741288278775;233.2585731791054;947;tief (4+ Segmente)
neo4j;-5777440401488282806;1387.6308016877638;180.87580779765085;948;tief (4+ Segmente)
neo4j;-5777216055990111103;1392.2306558585115;234.8852572313806;5428;tief (4+ Segmente)
neo4j;-5776536685470068481;4722.007575757576;191.7100823310047;132;mittel (2-3 Segmente)
neo4j;-5774620469028228876;1398.1318565400843;191.97358945294303;948;tief (4+ Segmente)
neo4j;-5773406725925685609;1490.9977728285078;206.36035466428982;449;tief (4+ Segmente)
neo4j;-5771421180516274588;1370.6981966655326;212.06844241508486;2939;tief (4+ Segmente)
neo4j;-5769746364751834848;1537.828125;257.4989227649541;448;tief (4+ Segmente)
neo4j;-5767873946546154713;1784.7995545657016;326.0595501862478;449;flach (<=1 Segment)
neo4j;-5762007289657223436;1629.870253164557;242.11965031744296;948;tief (4+ Segmente)
neo4j;-5754873180549726652;2173.1258039619242;1096.5383947817472;3887;tief (4+ Segmente)
neo4j;-5749526198420894274;3292.5816761363635;934.3023829908042;1408;tief (4+ Segmente)
neo4j;-5743685055566964215;1952.7906976744187;299.76352360281425;473;tief (4+ Segmente)
neo4j;-5739948443174651179;1433.0269709543568;235.44318799615823;1446;tief (4+ Segmente)
neo4j;-5727196668349692333;1596.795100222717;260.47522310373125;449;tief (4+ Segmente)
neo4j;-5722341178241687974;1374.210970464135;174.44306855459922;948;tief (4+ Segmente)
neo4j;-5717255938840428804;1763.8902953586498;326.94385393018456;948;tief (4+ Segmente)
neo4j;-5716294536481732578;1371.736607142857;177.21999952562697;448;tief (4+ Segmente)
neo4j;-5713786879890770045;2140.0548523206753;303.88064743516844;948;tief (4+ Segmente)
neo4j;-5712143898378332058;2608.757823129252;752.0057001331146;1470;mittel (2-3 Segmente)
neo4j;-5695771351640187113;1444.2850779510022;156.42478445570575;449;tief (4+ Segmente)
neo4j;-5695508271900811649;1349.9888392857142;174.39876228572533;448;mittel (2-3 Segmente)
neo4j;-5683980667424810681;1863.7074973600845;354.2754747737731;947;tief (4+ Segmente)
neo4j;-5682983035226623821;1466.5377221089427;241.18526364613203;3433;tief (4+ Segmente)
neo4j;-5678352338196676757;1830.185267857143;292.1870459989501;448;tief (4+ Segmente)
neo4j;-5667477617883698090;1395.8906574394464;229.5007388745363;1445;mittel (2-3 Segmente)
neo4j;-5664841436984336662;2626.5877300613497;496.3935732408203;2445;tief (4+ Segmente)
neo4j;-5661161407548451498;3245.064315352697;361.8862601614008;482;mittel (2-3 Segmente)
neo4j;-5642812060548835485;1384.6388595564943;209.21795510378675;947;tief (4+ Segmente)
neo4j;-5641823172920587800;1577.955456570156;244.91766614522814;449;tief (4+ Segmente)
neo4j;-5639666697648966159;1944.8118006103764;425.2631314553132;1966;tief (4+ Segmente)
neo4j;-5625330014806647348;1552.195991091314;200.59887320302016;449;tief (4+ Segmente)
neo4j;-5620212038768794750;1328.1514522821576;188.5776369117455;1446;mittel (2-3 Segmente)
neo4j;-5608871831886919204;2187.663697104677;309.9727026369433;449;tief (4+ Segmente)
neo4j;-5606939739887060778;1484.2138084632518;204.21290248425427;449;tief (4+ Segmente)
neo4j;-5598556343628437139;1964.810267857143;290.1110752056446;448;tief (4+ Segmente)
neo4j;-5594982232974545270;1483.3871308016878;220.00368846623797;948;tief (4+ Segmente)
neo4j;-5592647426786851172;1766.4097995545658;218.0429931642841;449;tief (4+ Segmente)
neo4j;-5592271172756412787;1344.3964365256124;141.36066646343878;449;tief (4+ Segmente)
neo4j;-5588489618868799521;1352.1878589007383;179.80165285776127;2438;tief (4+ Segmente)
neo4j;-5587257885024767239;2712.895322939866;332.28559843750236;449;tief (4+ Segmente)
neo4j;-5585385935022294898;1965.0602739726028;661.3298929767808;1460;tief (4+ Segmente)
neo4j;-5573259745841257798;2978.2579185520362;1208.0314092926421;884;tief (4+ Segmente)
neo4j;-5569355695355565011;2144.1986721144026;709.264781487732;1958;mittel (2-3 Segmente)
neo4j;-5564023198293866649;1353.6364892881825;176.09927178265897;1447;tief (4+ Segmente)
neo4j;-5560627520849921213;1627.5263879369431;245.224241230374;1459;tief (4+ Segmente)
neo4j;-5547326296607645691;1807.8786516853932;236.5022115165776;445;mittel (2-3 Segmente)
neo4j;-5535326991102345370;1449.1469933184856;191.8904559761488;449;tief (4+ Segmente)
neo4j;-5531082894168151131;1753.633723892002;341.79241785758273;1963;tief (4+ Segmente)
neo4j;-5526843765156059105;1907.3097657976139;1156.921300522677;2263;tief (4+ Segmente)
neo4j;-5525961468521724371;2825.1183035714284;298.0981503225924;448;tief (4+ Segmente)
neo4j;-5517715926648206197;2524.1116071428573;309.36076266344946;448;tief (4+ Segmente)
neo4j;-5515449036696307416;1403.7461024498887;179.47421382431398;449;tief (4+ Segmente)
neo4j;-5515223517124398605;4653.094285714285;134.28454039688606;350;tief (4+ Segmente)
neo4j;-5513526704211434606;3355.3541202672604;334.95620947424084;449;tief (4+ Segmente)
neo4j;-5502574534773065056;2204.27518172378;438.48484172298936;963;tief (4+ Segmente)
neo4j;-5500746375760375425;1458.9326131687242;222.94333912747862;1944;tief (4+ Segmente)
neo4j;-5499186085991376364;2271.013867488444;711.4835558676536;1947;tief (4+ Segmente)
neo4j;-5497442397475264705;1367.0235553919765;240.60798388966708;5434;tief (4+ Segmente)
neo4j;-5494516054765786143;1412.5038918476034;225.40709820982096;2441;tief (4+ Segmente)
neo4j;-5491781560808473528;1420.5448804691023;267.1422878036234;4434;tief (4+ Segmente)
neo4j;-5487083530192151184;1399.4608501118569;155.26535267688217;447;tief (4+ Segmente)
neo4j;-5483397862379750986;1832.60020768432;470.5436134758489;963;mittel (2-3 Segmente)
neo4j;-5469425175976081239;1400.810380267215;221.04085749917013;1946;tief (4+ Segmente)
neo4j;-5467056188101367174;1385.2145061728395;250.89465605286696;1944;mittel (2-3 Segmente)
neo4j;-5465521132528267517;4280.562801932367;326.2875032655825;414;tief (4+ Segmente)
neo4j;-5464130279940922008;1865.5033407572382;209.03694054194307;449;tief (4+ Segmente)
neo4j;-5461920241018718388;2128.6490486257926;685.8608629041638;946;tief (4+ Segmente)
neo4j;-5460417360495928725;1429.5337552742617;200.8373168069912;474;mittel (2-3 Segmente)
neo4j;-5459529508677784380;1348.042603863456;235.4491844224886;18895;tief (4+ Segmente)
neo4j;-5455945351047528348;1375.6537664132688;204.0913735391414;1447;tief (4+ Segmente)
neo4j;-5451048173845360575;1539.1804008908687;212.88934074004692;449;tief (4+ Segmente)
neo4j;-5440275539053613694;2620.5;706.0169973372451;946;tief (4+ Segmente)
neo4j;-5438924001466061596;1379.195991091314;198.19249499710747;449;tief (4+ Segmente)
neo4j;-5428759079027337731;1515.6875;249.9823271158305;448;tief (4+ Segmente)
neo4j;-5427647888368570886;1508.0760295670539;221.7347293422506;947;tief (4+ Segmente)
neo4j;-5411604250872952292;3119.2091743119267;697.1140063026455;545;tief (4+ Segmente)
neo4j;-5405851585881233947;1909.5345781466112;725.0690351435086;1446;tief (4+ Segmente)
neo4j;-5398439071298040395;2113.6188197767146;711.6218607891242;2508;tief (4+ Segmente)
neo4j;-5394753951669411123;1625.620253164557;230.16153737914308;474;tief (4+ Segmente)
neo4j;-5384551343859667203;1534.4894291754756;206.43563224043896;946;tief (4+ Segmente)
neo4j;-5379300466718626006;1748.109131403118;240.669052797544;449;tief (4+ Segmente)
neo4j;-5374572761050677881;1377.3333333333333;205.3125895207079;948;tief (4+ Segmente)
neo4j;-5370515708455476927;4843.931372549019;84.58966299274495;102;tief (4+ Segmente)
neo4j;-5364467522406069715;2862.287305122494;345.4652528579834;449;mittel (2-3 Segmente)
neo4j;-5363780357034106698;1410.0221147201105;229.54015805061997;1447;mittel (2-3 Segmente)
neo4j;-5359148194983551056;2933.573563218391;1393.8028295723068;870;mittel (2-3 Segmente)
neo4j;-5359128119391558564;2788.6993318485524;331.0928886501963;449;tief (4+ Segmente)
neo4j;-5348276044281728863;1620.5946547884187;264.2353279612579;449;tief (4+ Segmente)
neo4j;-5345513832960369156;1595.3073496659242;242.31563124725284;449;tief (4+ Segmente)
neo4j;-5343774759014959695;2124.7534448818897;705.342300897721;2032;tief (4+ Segmente)
neo4j;-5342707591890649025;1825.534521158129;251.6485454658817;449;mittel (2-3 Segmente)
neo4j;-5342634912139478849;1454.765625;180.93017421987042;448;tief (4+ Segmente)
neo4j;-5338533552051012948;1469.446088794926;230.76369560722864;473;tief (4+ Segmente)
neo4j;-5329008311052562635;1921.852092645266;619.0704374865642;2461;mittel (2-3 Segmente)
neo4j;-5324451219330851070;1710.7135306553912;307.3112503976392;946;tief (4+ Segmente)
neo4j;-5320608850791703672;1615.0527426160338;189.49535564957296;474;tief (4+ Segmente)
neo4j;-5314226005153970995;2133.8326020924737;695.9120255143216;2963;mittel (2-3 Segmente)
neo4j;-5309520533253043796;1517.460970464135;240.38499030689064;948;tief (4+ Segmente)
neo4j;-5300985780181865069;2586.275939849624;1035.3353131361714;3990;tief (4+ Segmente)
neo4j;-5286425961117494141;2241.7846470891295;929.2004039563378;1941;tief (4+ Segmente)
neo4j;-5285146008176180891;1407.0886075949368;161.40929811316116;948;tief (4+ Segmente)
neo4j;-5284401565153653460;2178.853968253968;515.2991971179885;945;tief (4+ Segmente)
neo4j;-5267701289591227711;2885.0022321428573;326.10321103228296;448;tief (4+ Segmente)
neo4j;-5261434466886637283;1530.3843717001057;282.2490542676634;947;tief (4+ Segmente)
neo4j;-5252841233912325586;1632.5233853006682;222.54591221960703;449;tief (4+ Segmente)
neo4j;-5244360951439217236;1379.3696269261964;257.41699686661997;4932;tief (4+ Segmente)
neo4j;-5235977595726000287;1817.8565400843881;249.44308474248655;474;mittel (2-3 Segmente)
neo4j;-5226036592603722017;1310.641425389755;134.1185282479356;449;tief (4+ Segmente)
neo4j;-5224931266997543772;1397.0770042194092;198.25685285242488;948;tief (4+ Segmente)
neo4j;-5218472874076861174;1408.705912596401;211.04284688469303;1945;tief (4+ Segmente)
neo4j;-5209287720641858121;1815.162447257384;256.4998279059348;474;tief (4+ Segmente)
neo4j;-5207210836231447793;1431.5067650676506;250.1302151761014;2439;tief (4+ Segmente)
neo4j;-5207149682114104729;2510.374831460674;1038.9021411560525;2225;tief (4+ Segmente)
neo4j;-5201087425454154880;1392.7857142857142;224.49650066564894;448;tief (4+ Segmente)
neo4j;-5178466308555676172;1515.955456570156;203.2365853349167;449;mittel (2-3 Segmente)
neo4j;-5178108277874210634;1834.7750556792873;272.2633731819099;449;tief (4+ Segmente)
neo4j;-5166758166615889260;1359.1781737193764;239.11403504330957;449;tief (4+ Segmente)
neo4j;-5160051043232685409;1901.549107142857;251.62384891238543;448;tief (4+ Segmente)
neo4j;-5150722834323543363;4941.75;25.83408601054036;16;tief (4+ Segmente)
neo4j;-5144315344668596618;4907.137254901961;48.824182372198756;51;tief (4+ Segmente)
neo4j;-5141935615555527759;1512.2493599590373;238.74846103025197;1953;tief (4+ Segmente)
neo4j;-5135396572485217962;1224.7035864978902;199.1708199785955;948;mittel (2-3 Segmente)
neo4j;-5131102034679840446;1565.9449152542372;215.55633989449183;944;tief (4+ Segmente)
neo4j;-5125139397723190836;1581.0824053452116;216.87615762866332;449;tief (4+ Segmente)
neo4j;-5099680629040393383;2673.979910714286;330.49117002692196;448;tief (4+ Segmente)
neo4j;-5097860271646654569;4919.785714285715;46.717998978674295;56;tief (4+ Segmente)
neo4j;-5082787786952255498;1573.599552572707;314.4844928338809;447;mittel (2-3 Segmente)
neo4j;-5077009057426912129;1420.374201016659;255.02200416826312;19869;tief (4+ Segmente)
neo4j;-5071165962017329573;1652.3586497890296;250.76092667268128;474;mittel (2-3 Segmente)
neo4j;-5069385433236695636;1320.487750556793;162.0736865500926;449;tief (4+ Segmente)
neo4j;-5058371157059503447;1499.804008908686;194.25276216541351;449;tief (4+ Segmente)
neo4j;-5056602359699702122;1258.8035902851109;200.9451595687622;947;tief (4+ Segmente)
neo4j;-5053831697246900660;2141.083672086721;708.1038072254528;2952;tief (4+ Segmente)
neo4j;-5044664517312258266;1631.0165975103735;340.19205640087404;964;mittel (2-3 Segmente)
neo4j;-5044193782781900929;1687.7404921700224;238.84627351114537;447;tief (4+ Segmente)
neo4j;-5041754852353699776;1489.913140311804;181.46121690908333;449;tief (4+ Segmente)
neo4j;-5040912885430738178;1424.502418797512;178.65044208591408;1447;tief (4+ Segmente)
neo4j;-5033768322586823505;2517.3533678756476;654.6438315324137;965;mittel (2-3 Segmente)
neo4j;-5032019190172518818;1845.6547884187082;255.35949577177354;449;tief (4+ Segmente)
neo4j;-5024328514612217296;1648.4587973273942;224.86616797429346;449;tief (4+ Segmente)
neo4j;-5024208557582392276;1589.5558035714287;221.65007896545654;448;tief (4+ Segmente)
neo4j;-5015120425027576488;1424.5992509363296;245.1089212632167;2937;tief (4+ Segmente)
neo4j;-5011353317799970907;1423.427666314678;196.33998804104135;947;tief (4+ Segmente)
neo4j;-5008219390423718808;2145.3541202672604;266.9161464386097;449;tief (4+ Segmente)
neo4j;-4995478460864369218;1829.044543429844;222.37541209475285;449;tief (4+ Segmente)
neo4j;-4991242542706695795;1335.350622406639;157.54662541103806;482;mittel (2-3 Segmente)
neo4j;-4986413182667982703;1435.9782696994314;217.77479654433031;4924;tief (4+ Segmente)
neo4j;-4977701059592049106;2357.3143459915614;804.1201940692195;948;tief (4+ Segmente)
neo4j;-4968887456523623734;1957.207039337474;250.1475303122124;483;tief (4+ Segmente)
neo4j;-4961078492920920751;1513.9487750556793;186.92020966407605;449;tief (4+ Segmente)
neo4j;-4958342640276341984;1426.891348600509;237.02423572100628;3930;tief (4+ Segmente)
neo4j;-4957062178621389345;1386.0200633579725;167.86991785961777;947;tief (4+ Segmente)
neo4j;-4947961311573179947;1271.3624678663239;181.9628821024833;1945;mittel (2-3 Segmente)
neo4j;-4946907198558303490;1331.1358574610244;166.52290110022938;449;mittel (2-3 Segmente)
neo4j;-4939588207657506264;2634.310780669145;1206.2195999418955;1345;tief (4+ Segmente)
neo4j;-4939410373693120361;1637.3496659242762;230.52561303333957;449;tief (4+ Segmente)
neo4j;-4937827706945432852;1432.8619153674833;228.0058418676756;449;tief (4+ Segmente)
neo4j;-4898283819223492457;1585.730512249443;254.8486788061612;449;tief (4+ Segmente)
neo4j;-4897849497684829669;2840.578244274809;680.6170209735988;524;tief (4+ Segmente)
neo4j;-4893324965547891798;1875.8106995884773;330.75753822460905;972;tief (4+ Segmente)
neo4j;-4875547280245400494;2265.6075949367087;631.7137432877514;948;tief (4+ Segmente)
neo4j;-4874636633179472494;4128.804255319149;348.6002041411757;470;mittel (2-3 Segmente)
neo4j;-4874252998550178301;2333.33748701973;622.9452889055059;963;mittel (2-3 Segmente)
neo4j;-4873343804286660286;1308.8504464285713;169.13339439765105;448;tief (4+ Segmente)
neo4j;-4871370053082911399;2285.650334075724;395.1511693735124;449;mittel (2-3 Segmente)
neo4j;-4861310363441694786;1409.6258351893096;238.88469994281218;449;tief (4+ Segmente)
neo4j;-4842461907420003826;1283.1049107142858;138.58119410071947;448;tief (4+ Segmente)
neo4j;-4841957798128054190;2596.6902286902287;669.0938641559532;962;tief (4+ Segmente)
neo4j;-4829524623674207947;1981.8329621380847;242.44778742104026;449;tief (4+ Segmente)
neo4j;-4827810657882304328;1854.075723830735;302.07565213079477;449;tief (4+ Segmente)
neo4j;-4822507739762896251;1472.867072895509;253.85868018392767;4431;tief (4+ Segmente)
neo4j;-4815062270997185507;1410.345523107954;245.04935740989347;11403;tief (4+ Segmente)
neo4j;-4796442568503065056;1436.3478007573551;223.18650458579185;3433;tief (4+ Segmente)
neo4j;-4791996957842821846;1449.3937493356011;219.36501241141383;9407;tief (4+ Segmente)
neo4j;-4785997821961319168;1516.6137566137565;270.94815866404605;945;tief (4+ Segmente)
neo4j;-4779864208395615380;1394.6489288182447;224.84432551511784;1447;tief (4+ Segmente)
neo4j;-4776776821262256735;1312.1247216035636;175.93450115174625;449;tief (4+ Segmente)
neo4j;-4761852614843918681;2090.964365256125;283.26636501490816;449;tief (4+ Segmente)
neo4j;-4761428702208833957;1398.467706013363;163.06323941502123;449;tief (4+ Segmente)
neo4j;-4749000791284578302;1409.8911205073996;227.91812273795614;946;mittel (2-3 Segmente)
neo4j;-4747473398088409065;1403.9799554565702;178.34558909849966;449;tief (4+ Segmente)
neo4j;-4740475439702323037;1818.089724310777;509.69163536313937;1995;tief (4+ Segmente)
neo4j;-4740390881742014702;1299.552338530067;142.83992210972968;449;tief (4+ Segmente)
neo4j;-4739814946804750818;1516.1054852320676;219.50163734641748;948;tief (4+ Segmente)
neo4j;-4739166284935712582;1451.356347438753;205.13274765777655;449;mittel (2-3 Segmente)
neo4j;-4735798919015313814;1614.218262806236;227.33357634450445;449;tief (4+ Segmente)
neo4j;-4733555193103343079;1825.9487750556793;237.3683555350916;449;tief (4+ Segmente)
neo4j;-4732975980012026065;2306.3095768374164;372.66666923535314;449;tief (4+ Segmente)
neo4j;-4729826751658225643;1555.3189017951427;197.64325949803674;947;tief (4+ Segmente)
neo4j;-4714327134776533845;1489.7126948775056;194.9380736012675;449;tief (4+ Segmente)
neo4j;-4693117103401591086;1388.7371399176955;203.88305948428356;1944;tief (4+ Segmente)
neo4j;-4689343579589988006;1482.5357142857142;175.5922635452323;448;tief (4+ Segmente)
neo4j;-4684883608728383880;1326.7795100222718;141.6672343681114;449;tief (4+ Segmente)
neo4j;-4683466733528029984;4756.275862068966;142.35277721587244;232;tief (4+ Segmente)
neo4j;-4676788807481445879;1643.064413938754;241.20087833826793;947;tief (4+ Segmente)
neo4j;-4673353206667825060;3625.978723404255;376.22281592461593;470;tief (4+ Segmente)
neo4j;-4672469192043385743;1470.4771642808453;238.8146572017232;2934;tief (4+ Segmente)
neo4j;-4668990062350755570;1326.9773429454171;198.33232718271972;1942;mittel (2-3 Segmente)
neo4j;-4667005679283095670;3059.6213808463253;432.94576954079054;449;tief (4+ Segmente)
neo4j;-4666993633576113566;1403.6098807495741;230.70259474787133;2935;tief (4+ Segmente)
neo4j;-4666257582748138611;3028.926339285714;289.83182877165075;448;tief (4+ Segmente)
neo4j;-4664614301531584127;1812.427293064877;243.5823880980211;447;tief (4+ Segmente)
neo4j;-4659922606055819979;1404.7605485232068;204.88110917310772;948;tief (4+ Segmente)
neo4j;-4658160888114092108;1874.4584199584199;300.23238456523256;962;tief (4+ Segmente)
neo4j;-4657876557125563350;4700.613138686132;198.48361954078223;274;tief (4+ Segmente)
neo4j;-4645752574217179241;2909.9826086956523;1330.908552362527;1380;mittel (2-3 Segmente)
neo4j;-4637814915460662614;4274.219839142092;326.09661134076663;373;tief (4+ Segmente)
neo4j;-4637300342170756678;2757.2433035714284;320.1593859213505;448;tief (4+ Segmente)
neo4j;-4637268725182035375;4338.773170731707;195.76282931649757;410;tief (4+ Segmente)
neo4j;-4634561863237665433;1741.236607142857;255.4705222519678;448;tief (4+ Segmente)
neo4j;-4632284199320475386;1532.0295670538542;241.5027021592825;947;tief (4+ Segmente)
neo4j;-4630655326080260094;4818.938016528926;93.69961872252534;242;tief (4+ Segmente)
neo4j;-4626393923207072780;3001.9866071428573;378.2504701447827;448;tief (4+ Segmente)
neo4j;-4624562881615697265;1348.7550111358576;165.21028977180634;449;tief (4+ Segmente)
neo4j;-4618564456874863468;1491.671052631579;253.46062848900266;1444;tief (4+ Segmente)
neo4j;-4603056426283545470;1311.3296213808462;131.09340331586745;449;tief (4+ Segmente)
neo4j;-4599372613788020815;1374.1434447300771;200.64430294934593;1945;tief (4+ Segmente)
neo4j;-4597655321726496462;2586.801710730949;1247.712427095517;1286;tief (4+ Segmente)
neo4j;-4594047624188458402;1458.6542185338865;236.1697634521472;1446;tief (4+ Segmente)
neo4j;-4593083999969587264;1445.4936575052855;225.66282021046044;946;tief (4+ Segmente)
neo4j;-4590448825784698352;1381.417743031951;283.3429428365776;2942;tief (4+ Segmente)
neo4j;-4581676286138909315;3256.7372488408037;984.0845405082555;647;tief (4+ Segmente)
neo4j;-4575919560628637170;1363.432735426009;229.58210928448207;446;tief (4+ Segmente)
neo4j;-4563863516680787554;2918.9599109131404;328.6915933939429;449;tief (4+ Segmente)
neo4j;-4557772878703724449;1515.5701559020044;190.32781893594307;449;tief (4+ Segmente)
neo4j;-4544565475870946460;2274.3417475728156;705.7941767586042;515;mittel (2-3 Segmente)
neo4j;-4542195951841501067;1696.2058212058212;224.71292159711163;481;mittel (2-3 Segmente)
neo4j;-4534274549723910168;1635.0632911392406;257.58191743350824;474;mittel (2-3 Segmente)
neo4j;-4517731257819290313;1620.9351851851852;224.87439431835728;972;tief (4+ Segmente)
neo4j;-4510627770206247755;2639.6463963963965;353.5141335619673;444;tief (4+ Segmente)
neo4j;-4509811322892460617;3228.155902004454;342.1758864202074;449;tief (4+ Segmente)
neo4j;-4504737725421766912;2067.7966804979255;287.35941722294854;482;mittel (2-3 Segmente)
neo4j;-4502187227123282337;1449.318565400844;186.92797938095742;948;tief (4+ Segmente)
neo4j;-4502071029324830737;4532.317679558011;235.68158050089204;362;tief (4+ Segmente)
neo4j;-4494945511878696896;1468.1670378619153;192.72591377301515;449;tief (4+ Segmente)
neo4j;-4493625856504543006;1709.3019390581717;327.2689552351202;1444;tief (4+ Segmente)
neo4j;-4486138919262733324;1412.1881051175658;241.58394392471538;1446;tief (4+ Segmente)
neo4j;-4477668623603539460;2051.6994535519125;802.1905619718552;1464;mittel (2-3 Segmente)
neo4j;-4471523665514559964;1953.5982142857142;274.1436439824093;448;tief (4+ Segmente)
neo4j;-4471366908169490886;1432.4348860931657;255.96382529056018;2941;tief (4+ Segmente)
neo4j;-4462751613962044385;1370.3435211716014;260.74423857836484;9423;mittel (2-3 Segmente)
neo4j;-4457535041426753831;2117.556401384083;794.4333878020423;1445;tief (4+ Segmente)
neo4j;-4453776190590330885;1420.163787145819;231.54862040541394;1447;tief (4+ Segmente)
neo4j;-4432531465376682328;1347.273942093541;144.5817652464905;449;mittel (2-3 Segmente)
neo4j;-4432424045426456829;4331.406403940887;315.4230862142355;406;tief (4+ Segmente)
neo4j;-4431082177255906247;1336.9933035714287;179.31756652439208;448;tief (4+ Segmente)
neo4j;-4428546229654696322;1354.335562663565;239.5742531920336;3439;mittel (2-3 Segmente)
neo4j;-4427128417070892903;1695.4613800205973;228.01007235336863;971;tief (4+ Segmente)
neo4j;-4425194853357473311;1457.7050327239901;215.33041620720002;4431;tief (4+ Segmente)
neo4j;-4401867878209090829;1303.7547568710359;206.58590614453797;946;flach (<=1 Segment)
neo4j;-4396994413191877738;1454.7926744989634;250.35353674877587;1447;tief (4+ Segmente)
neo4j;-4396915826490272159;2290.0176899063476;340.03645744989547;961;flach (<=1 Segment)
neo4j;-4390679353671524992;1393.5699588477366;224.77217663077747;1944;tief (4+ Segmente)
neo4j;-4388999584927429525;1414.735154662452;236.86460687713767;4429;tief (4+ Segmente)
neo4j;-4388232172985298679;1342.574610244989;180.41766864000016;449;tief (4+ Segmente)
neo4j;-4375952734133586295;3087.4129213483147;1302.7638340152353;1068;tief (4+ Segmente)
neo4j;-4367850737831274143;1796.2115812917596;219.79159619610456;449;tief (4+ Segmente)
neo4j;-4346322136789032671;2563.9841437632135;913.9017873912882;946;tief (4+ Segmente)
neo4j;-4344835905014448078;2006.0801781737193;293.1296836116293;449;tief (4+ Segmente)
neo4j;-4342709722299994492;1344.631551901336;180.97581088307984;1946;tief (4+ Segmente)
neo4j;-4341571513054630966;2996.40625;378.4829250106384;448;tief (4+ Segmente)
neo4j;-4339959230632978770;4873.986111111111;74.97238797925145;72;tief (4+ Segmente)
neo4j;-4328232644936007029;1635.1003167898627;212.46090915141798;947;tief (4+ Segmente)
neo4j;-4323890691125576478;2627.4653243847874;303.151071621723;447;tief (4+ Segmente)
neo4j;-4321868154511745046;1439.86859688196;182.8286866900856;449;tief (4+ Segmente)
neo4j;-4311169317778515006;1429.661469933185;202.62607706282586;449;tief (4+ Segmente)
neo4j;-4309258218497228630;2135.119511485897;751.866785115459;3439;tief (4+ Segmente)
neo4j;-4287670792887575561;2686.8253968253966;398.38465182293453;441;mittel (2-3 Segmente)
neo4j;-4283686439890580155;1444.347438752784;195.80347175823303;449;tief (4+ Segmente)
neo4j;-4281030541591401725;1422.9487750556793;175.96628521072498;449;tief (4+ Segmente)
neo4j;-4274838038606700592;2741.422818791946;376.7280992091521;447;tief (4+ Segmente)
neo4j;-4274085375623645413;1562.008908685969;208.43365660605872;449;tief (4+ Segmente)
neo4j;-4272104453127532454;2108.3262955854125;922.6900518527236;521;tief (4+ Segmente)
neo4j;-4271893115755735177;4698.470989761092;133.23050120015466;293;tief (4+ Segmente)
neo4j;-4271048459967372044;1455.5123042505593;228.39949896243832;447;tief (4+ Segmente)
neo4j;-4270487615053959352;1930.517552657974;635.0875812723576;997;tief (4+ Segmente)
neo4j;-4259932546269520393;1620.4699331848553;265.7259339496863;449;flach (<=1 Segment)
neo4j;-4259197431112688208;1237.106940874036;192.4886824692665;1945;mittel (2-3 Segmente)
neo4j;-4248631598481604956;1845.9577167019027;455.36462081805496;946;tief (4+ Segmente)
neo4j;-4240769881951139420;2127.8126984126984;735.988976237868;945;tief (4+ Segmente)
neo4j;-4233727445142011005;1269.0032786885247;229.85742588310794;2440;mittel (2-3 Segmente)
neo4j;-4230844380626341797;1842.6536430834212;273.0960622038692;947;tief (4+ Segmente)
neo4j;-4229832352331061512;1582.1447661469933;221.4497161069309;449;tief (4+ Segmente)
neo4j;-4228723970955965392;1638.977728285078;282.42416719740766;449;tief (4+ Segmente)
neo4j;-4225576333149071977;1417.619153674833;208.89031787082658;449;tief (4+ Segmente)
neo4j;-4218507756455058698;2141.1613964077915;725.2360290493376;3953;tief (4+ Segmente)
neo4j;-4217367478877096021;3004.3789649415694;994.6728500132295;599;tief (4+ Segmente)
neo4j;-4217330062552593323;1354.7377892030847;181.23963894395084;1945;tief (4+ Segmente)
neo4j;-4217316725329100546;1387.4810690423162;219.44698192826894;449;tief (4+ Segmente)
neo4j;-4212642039506505994;1356.8586564472498;257.8860923213202;4436;tief (4+ Segmente)
neo4j;-4199547168227325811;1778.0552097428958;881.6416681738813;3695;tief (4+ Segmente)
neo4j;-4196162389349588621;1336.3719376391982;154.57346905515865;449;tief (4+ Segmente)
neo4j;-4194781619237670529;1474.3255281242045;296.48377181126835;3929;tief (4+ Segmente)
neo4j;-4192314133527059247;1452.2362262760273;215.08385422677378;5427;tief (4+ Segmente)
neo4j;-4186372680884589851;1681.497767857143;201.51838613452546;448;tief (4+ Segmente)
neo4j;-4182458807829078718;1408.7875432525952;180.8966658698784;1445;tief (4+ Segmente)
neo4j;-4180846409515872312;1378.3694758478932;181.02132605530326;1946;tief (4+ Segmente)
neo4j;-4174274780149230036;4816.1287128712875;113.00120914099445;101;tief (4+ Segmente)
neo4j;-4173144961721650055;2292.6257425742574;491.74400759908224;1010;flach (<=1 Segment)
neo4j;-4168103656108952337;2816.6673728813557;376.1664964790706;472;tief (4+ Segmente)
neo4j;-4164812585361712580;1289.3826638477801;222.31736568559612;946;mittel (2-3 Segmente)
neo4j;-4160275119538064612;1560.6708860759493;212.20010907116864;948;tief (4+ Segmente)
neo4j;-4152894270729049852;1424.8721821460776;259.9573221964231;4436;tief (4+ Segmente)
neo4j;-4152049086685398138;4909.804347826087;50.9132681092583;46;tief (4+ Segmente)
neo4j;-4143105066502186803;1379.8463251670378;194.92817127427102;449;tief (4+ Segmente)
neo4j;-4132544216340459806;1340.753164556962;187.42310282500262;948;tief (4+ Segmente)
neo4j;-4131517150752057350;2515.2917594654787;336.97026806738637;449;tief (4+ Segmente)
neo4j;-4128749846351716576;3323.7645739910313;343.0457639083098;446;tief (4+ Segmente)
neo4j;-4124322171561077089;1344.9779124069166;247.09670528769357;7923;tief (4+ Segmente)
neo4j;-4117919015360381592;2140.9500901984366;1030.119938823584;1663;tief (4+ Segmente)
neo4j;-4117872328883684516;2568.340034462952;1125.3389197526728;1741;tief (4+ Segmente)
neo4j;-4112643593091320477;1439.130615065653;196.63576130403823;1447;tief (4+ Segmente)
neo4j;-4112216471776591082;1661.0594262295083;275.2797766899877;1464;tief (4+ Segmente)
neo4j;-4106589167222585693;1881.8134150493702;621.205168709956;2937;tief (4+ Segmente)
neo4j;-4099632399018224270;1718.4825765575501;260.8846643632168;947;tief (4+ Segmente)
neo4j;-4098722152038689726;1484.0378619153676;246.59018541989553;449;tief (4+ Segmente)
neo4j;-4090361968613381126;1690.8839285714287;230.49688552727918;448;mittel (2-3 Segmente)
neo4j;-4073926486776313084;1412.051662544655;251.6015616208163;10917;mittel (2-3 Segmente)
neo4j;-4071759940405210904;1567.924276169265;215.52423331486244;449;tief (4+ Segmente)
neo4j;-4064790898001820650;1370.2299578059071;175.8549153021859;474;tief (4+ Segmente)
neo4j;-4060150288907580103;1451.6403326403326;220.55683900542937;1443;tief (4+ Segmente)
neo4j;-4058312743012287302;1368.5464107283724;243.9623587976759;11409;mittel (2-3 Segmente)
neo4j;-4051520265842123441;1602.2175290390708;201.0292153965103;947;tief (4+ Segmente)
neo4j;-4048913558334126270;1524.4721603563473;218.8187233986876;449;tief (4+ Segmente)
neo4j;-4044290608458691151;2557.4209354120267;310.263689130509;449;tief (4+ Segmente)
neo4j;-4043607590788593819;3414.2033898305085;734.0644784231603;944;mittel (2-3 Segmente)
neo4j;-4042728677307257254;1806.9586466165413;1008.0623795175288;532;tief (4+ Segmente)
neo4j;-4036618108666552957;3327.338174273859;325.86426225812784;482;mittel (2-3 Segmente)
neo4j;-4022752367078306175;2056.9674629324545;1171.476728648138;2428;mittel (2-3 Segmente)
neo4j;-4011441305066784358;4447.008522727273;216.96864540654113;352;tief (4+ Segmente)
neo4j;-3994052831580854780;1496.113924050633;184.19086437795613;474;mittel (2-3 Segmente)
neo4j;-3991618333686173333;2759.704496788009;1327.8976503552467;934;tief (4+ Segmente)
neo4j;-3987227324518956570;3256.0939597315437;389.09274734909525;447;tief (4+ Segmente)
neo4j;-3980062101561761553;1622.8161434977578;248.69944373045058;446;tief (4+ Segmente)
neo4j;-3977076585419708292;1493.035864978903;211.9764854679199;948;tief (4+ Segmente)
neo4j;-3964761055817373891;3313.1964285714284;286.1886344421467;448;tief (4+ Segmente)
neo4j;-3947905046597411221;2026.2166761202495;1236.7590530475054;1763;mittel (2-3 Segmente)
neo4j;-3944750614836855200;3047.131991051454;368.0837641450553;447;tief (4+ Segmente)
neo4j;-3943202241301625173;1474.076109936575;272.96254966027607;473;tief (4+ Segmente)
neo4j;-3938749633820036327;1198.8084632516704;170.01144609470705;449;mittel (2-3 Segmente)
neo4j;-3920016997572014127;1616.7354260089687;215.60334355805708;446;tief (4+ Segmente)
neo4j;-3918154505880664776;1461.4834024896265;249.75837611006153;1446;tief (4+ Segmente)
neo4j;-3908525107220653281;4895.5;63.29152449712932;42;tief (4+ Segmente)
neo4j;-3902871786790025279;2803.0405862457724;1538.2406709556374;887;tief (4+ Segmente)
neo4j;-3891314924071610570;2351.7505133470227;368.95678378207185;974;tief (4+ Segmente)
neo4j;-3891052298661084903;2720.4754464285716;312.1817994467976;448;tief (4+ Segmente)
neo4j;-3890098727378472595;1660.2262156448203;248.22947111137512;473;mittel (2-3 Segmente)
neo4j;-3888385733096107310;2920.4754464285716;318.83074177589333;448;tief (4+ Segmente)
neo4j;-3881173094021628667;2235.5973223480946;650.7740119144594;1942;tief (4+ Segmente)
neo4j;-3878145113394675201;2708.8129829984546;1291.090511758391;647;tief (4+ Segmente)
neo4j;-3877505909532562809;1445.9067088321663;236.0968654703841;4427;tief (4+ Segmente)
neo4j;-3859679604270931723;2235.447257383966;277.41682631196574;474;tief (4+ Segmente)
neo4j;-3839862497474670759;1443.1440329218108;259.1661493819693;1944;tief (4+ Segmente)
neo4j;-3839406225160242006;1395.7401520387007;226.4787525981193;1447;tief (4+ Segmente)
neo4j;-3839106192609990989;1441.3165169315826;234.05311285496566;1447;tief (4+ Segmente)
neo4j;-3816488196033164373;1623.3518930957684;276.810825362201;449;tief (4+ Segmente)
neo4j;-3807424651146635724;1479.5623678646934;160.91745969614158;473;tief (4+ Segmente)
neo4j;-3792322384223798082;1415.857461024499;183.7754044483275;449;tief (4+ Segmente)
neo4j;-3782807446544081509;1744.5047947832759;802.6342335404947;2607;tief (4+ Segmente)
neo4j;-3778784913940635780;1676.595982142857;201.63339644265764;448;tief (4+ Segmente)
neo4j;-3777480662132073386;1820.9133192389006;272.24816505895063;946;mittel (2-3 Segmente)
neo4j;-3769780400415518394;1858.2204899777282;281.6567898308065;449;tief (4+ Segmente)
neo4j;-3765637595450338383;1526.815400843882;245.03543414459108;948;tief (4+ Segmente)
neo4j;-3756366900398102517;1754.391982182628;215.31891324232714;449;mittel (2-3 Segmente)
neo4j;-3748033292675745743;1680.218262806236;236.65179650855262;449;tief (4+ Segmente)
neo4j;-3745502774084088871;3547.2937219730943;328.6059028322956;446;tief (4+ Segmente)
neo4j;-3726019920786302422;1879.3073496659242;265.43258823429085;449;tief (4+ Segmente)
neo4j;-3721071299473618834;2183.3646739130436;1244.0412029250501;1840;tief (4+ Segmente)
neo4j;-3718438776692728370;1542.9176346356917;250.26956624419336;947;tief (4+ Segmente)
neo4j;-3715938599462826261;1523.0805785123966;186.1686041931945;484;tief (4+ Segmente)
neo4j;-3714618028890911456;1782.487750556793;231.23170865221607;449;tief (4+ Segmente)
neo4j;-3708019725399023584;2619.1163831692033;1025.6001673599203;1117;tief (4+ Segmente)
neo4j;-3702717600198550322;4443.952646239554;204.48499279041832;359;tief (4+ Segmente)
neo4j;-3694526509975280144;3279.0762331838564;368.8070273041516;446;tief (4+ Segmente)
neo4j;-3692749767555325211;1627.3796296296296;316.26989041086546;972;mittel (2-3 Segmente)
neo4j;-3690558348516185085;1656.9500203169443;272.8449996655227;2461;tief (4+ Segmente)
neo4j;-3684498814444754832;1328.8775055679287;180.9671577766638;449;tief (4+ Segmente)
neo4j;-3683829177405907125;2333.4151074151073;465.86756074490546;1443;mittel (2-3 Segmente)
neo4j;-3683614618455973720;1481.1642096642097;235.063326298933;2442;tief (4+ Segmente)
neo4j;-3678357943161747135;1421.4620535714287;182.1934424133131;448;tief (4+ Segmente)
neo4j;-3676881084074566723;1590.0337552742617;176.07600619487684;474;tief (4+ Segmente)
neo4j;-3668655334104939360;1489.509225092251;213.04987875554022;2439;tief (4+ Segmente)
neo4j;-3667478027983115739;1373.8084632516704;197.53374218905873;449;mittel (2-3 Segmente)
neo4j;-3660740516772338941;1790.388392857143;243.51152382656846;448;tief (4+ Segmente)
neo4j;-3652499568536550374;2912.661381653454;1576.7632744823695;883;tief (4+ Segmente)
neo4j;-3639911156800034403;1963.7254464285713;301.63660681771904;448;tief (4+ Segmente)
neo4j;-3633339754071656844;2933.988857938719;1006.7546145081333;1795;tief (4+ Segmente)
neo4j;-3631693902268246725;1381.0581395348838;198.79436559123297;946;tief (4+ Segmente)
neo4j;-3630920621924141947;1426.7639198218262;168.77761001312808;449;tief (4+ Segmente)
neo4j;-3625245890019156948;1326.8637803590286;147.52751356845133;947;tief (4+ Segmente)
neo4j;-3622167603476446754;2874.1405919661734;375.7007199974911;946;tief (4+ Segmente)
neo4j;-3620129443986684230;1563.6420274551215;247.5679411035886;947;tief (4+ Segmente)
neo4j;-3610984402371050600;1439.766631467793;199.92220851168224;947;tief (4+ Segmente)
neo4j;-3610598463704526979;2859.8035714285716;1492.323745870856;896;tief (4+ Segmente)
neo4j;-3601857904485420187;1517.504711183941;261.5712862398564;2441;tief (4+ Segmente)
neo4j;-3600455022819663122;1448.3006681514476;196.46782957417796;449;tief (4+ Segmente)
neo4j;-3572135588625160487;1434.4053452115813;189.45251376364712;449;tief (4+ Segmente)
neo4j;-3570927948634768619;2689.6714727085478;556.1303731667164;971;flach (<=1 Segment)
neo4j;-3563833553475103659;3083.4445617740234;1089.6459264703656;947;mittel (2-3 Segmente)
neo4j;-3560998796567577966;3038.6102117061023;1333.5376923069414;803;tief (4+ Segmente)
neo4j;-3554138312104682453;1534.1045406546991;239.04726913752657;947;tief (4+ Segmente)
neo4j;-3549287587287223397;1459.2806236080178;185.48377047689252;449;tief (4+ Segmente)
neo4j;-3547496906315114537;2649.4638403990025;1501.776063576988;802;tief (4+ Segmente)
neo4j;-3532792092053307707;1420.86859688196;171.29020153268314;449;tief (4+ Segmente)
neo4j;-3531873854146980879;1390.795847750865;202.6502738728781;1445;tief (4+ Segmente)
neo4j;-3522997256302151934;1697.2396265560167;569.1035139599146;964;flach (<=1 Segment)
neo4j;-3522249324045554673;1259.966517857143;135.61160240339242;448;mittel (2-3 Segmente)
neo4j;-3517741766059070814;1542.7589285714287;231.6528875770531;448;tief (4+ Segmente)
neo4j;-3507153991332661974;3291.25;1070.2653429882005;728;tief (4+ Segmente)
neo4j;-3503367717617922028;1549.0200445434298;232.62833832907822;449;tief (4+ Segmente)
neo4j;-3500391200928892636;2513.7254464285716;323.22792821663563;448;tief (4+ Segmente)
neo4j;-3488431292224007325;1445.494714587738;285.42019237506884;946;mittel (2-3 Segmente)
neo4j;-3486116257254813095;1393.4362416107383;180.74955999106595;447;tief (4+ Segmente)
neo4j;-3484006641078675234;1598.902004454343;250.0142482019953;449;tief (4+ Segmente)
neo4j;-3475672386428446748;1678.3830734966593;221.76087160980336;449;tief (4+ Segmente)
neo4j;-3469481155828456263;1591.2360801781738;213.40378694999927;449;tief (4+ Segmente)
neo4j;-3466645359788004394;2477.8710359408033;513.0180172237356;946;tief (4+ Segmente)
neo4j;-3466530343922674174;1317.1522131887984;222.50029880884927;4428;mittel (2-3 Segmente)
neo4j;-3458661152874732570;2672.701226993865;918.4348088769676;1630;tief (4+ Segmente)
neo4j;-3456088958917939665;1411.9844097995547;161.79167664439086;449;tief (4+ Segmente)
neo4j;-3453207969321372932;1351.3006681514476;157.79500723276468;449;tief (4+ Segmente)
neo4j;-3448140023911276759;1340.710235131397;167.83142306031326;1446;tief (4+ Segmente)
neo4j;-3434524196705491812;1898.086859688196;291.1498586748947;449;tief (4+ Segmente)
neo4j;-3427029874693539698;2364.337837837838;1479.6088443607339;666;tief (4+ Segmente)
neo4j;-3424549957063609785;1825.877232142857;236.74381441530898;448;tief (4+ Segmente)
neo4j;-3424011050099766293;1486.4810690423162;209.5136379440939;449;tief (4+ Segmente)
neo4j;-3420129238593635096;1372.9097250718096;215.30145565239698;2437;tief (4+ Segmente)
neo4j;-3407600804326062172;1410.6051175656985;251.5152000636656;1446;tief (4+ Segmente)
neo4j;-3405729081373709725;2209.1070175438595;1147.1205844530027;570;tief (4+ Segmente)
neo4j;-3405328795977089456;3456.175675675676;428.806639237249;444;tief (4+ Segmente)
neo4j;-3403713236862577217;1438.640625;184.33658265818048;448;tief (4+ Segmente)
neo4j;-3403371953495898319;1446.9754464285713;188.57930363162748;448;tief (4+ Segmente)
neo4j;-3402443354715318271;4890.782608695652;65.53194441014925;92;mittel (2-3 Segmente)
neo4j;-3399727487980641152;2380.497885835095;535.4871791585159;946;tief (4+ Segmente)
neo4j;-3393218265570599300;1806.0323232323233;640.6452360462954;990;tief (4+ Segmente)
neo4j;-3392408947060220694;1418.8832588176851;621.1674450693836;2013;flach (<=1 Segment)
neo4j;-3377903988410497297;1863.0859715364509;534.3538813075651;3443;tief (4+ Segmente)
neo4j;-3369626089221044920;1979.2717842323652;325.4355705744946;482;tief (4+ Segmente)
neo4j;-3365335957668431316;1902.3628691983122;370.6956233445951;948;tief (4+ Segmente)
neo4j;-3361468394996372886;1719.9894403379092;352.67685784828143;947;tief (4+ Segmente)
neo4j;-3353914713027062714;1418.1135857461024;188.22709739694704;449;tief (4+ Segmente)
neo4j;-3352887610090032328;2050.9443207126947;278.3290046677232;449;tief (4+ Segmente)
neo4j;-3349377567608344314;1526.423162583519;175.302758509011;449;tief (4+ Segmente)
neo4j;-3348447003203175989;1445.9429460580914;202.83214843374373;964;tief (4+ Segmente)
neo4j;-3347165239717756527;1583.4320712694878;228.25044094276444;449;tief (4+ Segmente)
neo4j;-3342871886132936201;1456.4183445190156;186.6275563115794;447;tief (4+ Segmente)
neo4j;-3340599510936814973;1403.619153674833;171.18620993410536;449;tief (4+ Segmente)
neo4j;-3339084642037903925;4687.807471264367;186.07576546012032;348;mittel (2-3 Segmente)
neo4j;-3321757619841395868;1275.5278396436527;97.56808408111718;449;mittel (2-3 Segmente)
neo4j;-3320123132674782609;1848.2682154171066;323.45400690150507;947;tief (4+ Segmente)
neo4j;-3307927672604127069;1441.2129963898917;322.4350798396752;4432;tief (4+ Segmente)
neo4j;-3303363298699957718;1346.6248228537331;249.1695335045894;13407;mittel (2-3 Segmente)
neo4j;-3303281525399304302;3823.6992924528304;777.6089758905629;848;tief (4+ Segmente)
neo4j;-3301930824992744885;2185.891078838174;734.4023131732805;964;tief (4+ Segmente)
neo4j;-3300510525255103430;1811.5033407572382;283.5256123673463;449;tief (4+ Segmente)
neo4j;-3296067642732273707;1395.8847840755736;332.4432578767346;5928;mittel (2-3 Segmente)
neo4j;-3293259676194782427;1544.761692650334;286.7781679912441;449;tief (4+ Segmente)
neo4j;-3293249707387605242;1292.4944320712696;155.3017529055487;449;mittel (2-3 Segmente)
neo4j;-3281777396123298885;1180.3731292517007;267.82096374449725;2940;flach (<=1 Segment)
neo4j;-3275844229428859267;1350.105596620908;207.11339705402392;947;tief (4+ Segmente)
neo4j;-3266941514243669716;1440.512658227848;201.4412363967152;474;mittel (2-3 Segmente)
neo4j;-3265948048194450142;1562.6728907330566;281.5689290095947;1446;tief (4+ Segmente)
neo4j;-3258635834576871254;1535.2745535714287;168.36047954797985;448;tief (4+ Segmente)
neo4j;-3253181087760982914;1626.465478841871;188.6244480426108;449;tief (4+ Segmente)
neo4j;-3252016337469246042;1917.5902004454342;240.4279879792582;449;tief (4+ Segmente)
neo4j;-3244572697417268675;1415.9964028776978;194.94810722722;1946;tief (4+ Segmente)
neo4j;-3241270081535330322;1493.2117647058824;225.5290228910788;1445;tief (4+ Segmente)
neo4j;-3221077713252935128;2292.870535714286;278.25991941721446;448;tief (4+ Segmente)
neo4j;-3218893446209568056;1914.3763919821827;230.52839822426654;449;tief (4+ Segmente)
neo4j;-3214585510522985765;1337.0577632117984;218.2991619797482;2441;tief (4+ Segmente)
neo4j;-3208979975196295882;2687.9333333333334;973.3187626337119;960;tief (4+ Segmente)
neo4j;-3195851809285684582;1457.3044397463002;215.85916312845768;473;tief (4+ Segmente)
neo4j;-3190590634785963684;1460.3028960817717;210.50363352961293;2935;tief (4+ Segmente)
neo4j;-3186312978222321866;1658.781737193764;227.0896545058418;449;tief (4+ Segmente)
neo4j;-3182780897600962555;2843.6604166666666;309.68645213934826;480;tief (4+ Segmente)
neo4j;-3181795016785207024;1390.3605414273995;184.7444997680215;2438;tief (4+ Segmente)
neo4j;-3180863263788377465;2931.0977683315623;887.1296668189681;941;tief (4+ Segmente)
neo4j;-3179159996648849261;1848.332627118644;279.1778602599525;472;tief (4+ Segmente)
neo4j;-3178690273898646873;2769.9303370786515;1057.9559011567856;1780;tief (4+ Segmente)
neo4j;-3169099412187820852;2563.0787011557513;1118.374697772486;1817;tief (4+ Segmente)
neo4j;-3158041873128310693;1711.4432071269487;242.28382670444276;449;tief (4+ Segmente)
neo4j;-3154888016820135248;3488.832589285714;387.3947759109868;448;tief (4+ Segmente)
neo4j;-3145266493558771926;1451.5902004454342;174.93837305760022;449;tief (4+ Segmente)
neo4j;-3144947654514236922;3418.2219321148823;1006.6942174333655;766;tief (4+ Segmente)
neo4j;-3136892053621096306;3423.079411764706;913.8688427371395;680;tief (4+ Segmente)
neo4j;-3131549334285417536;1454.0378619153676;218.05899204046605;449;tief (4+ Segmente)
neo4j;-3124908906709483926;1771.0;236.6771368639016;448;tief (4+ Segmente)
neo4j;-3113581913393171152;1630.8329875518673;306.9946676604633;964;mittel (2-3 Segmente)
neo4j;-3108025498305334423;1397.1429158110882;255.40154012646823;2435;tief (4+ Segmente)
neo4j;-3098646952459630062;1294.3372093023256;162.6923003164461;946;tief (4+ Segmente)
neo4j;-3088890563917686328;1689.7112024665983;377.2239948095086;1946;tief (4+ Segmente)
neo4j;-3087599515705297114;2356.7;306.08596803745223;470;mittel (2-3 Segmente)
neo4j;-3083991999622905120;1371.078624078624;219.882953579762;2442;mittel (2-3 Segmente)
neo4j;-3083796904901502797;2818.9015659955257;318.4322219485971;447;tief (4+ Segmente)
neo4j;-3083367917815956205;3050.1851428571426;1279.8302974991884;875;tief (4+ Segmente)
neo4j;-3071608691774656431;1927.2029598308668;279.2304289450703;473;mittel (2-3 Segmente)
neo4j;-3070708722384956656;1924.2856169052488;1252.0528437095604;2934;tief (4+ Segmente)
neo4j;-3065042425106332645;1929.962302947224;572.8123727303662;1459;tief (4+ Segmente)
neo4j;-3048102631505364116;1309.9025570145127;176.9973221475375;1447;tief (4+ Segmente)
neo4j;-3030575409255423798;1400.4503171247356;180.5271182646106;473;tief (4+ Segmente)
neo4j;-3027973178064757987;1280.1387031113695;234.58839030852303;3439;mittel (2-3 Segmente)
neo4j;-3023546514004782415;1995.8345864661653;529.350828438978;1463;tief (4+ Segmente)
neo4j;-3017144945881683176;2123.2538975501116;301.7524967928399;449;tief (4+ Segmente)
neo4j;-3015889914071122656;1278.8291139240507;138.94871660548048;948;tief (4+ Segmente)
neo4j;-3000291476142001502;2121.042410714286;257.8931250908398;448;tief (4+ Segmente)
neo4j;-2997971896890458336;1588.118040089087;202.97816530111638;449;tief (4+ Segmente)
neo4j;-2997100093229795678;1461.1943419434194;233.10813001631706;2439;tief (4+ Segmente)
neo4j;-2995448924509090272;1944.3118040089087;284.0691657926011;449;tief (4+ Segmente)
neo4j;-2992329027767932743;2228.697095435685;800.7679877787074;964;tief (4+ Segmente)
neo4j;-2990818102231951408;1430.328125;191.7654395758419;448;tief (4+ Segmente)
neo4j;-2986806035648228175;1483.9246655031995;248.81138064584187;3438;tief (4+ Segmente)
neo4j;-2982640914438560254;1587.8392116182572;206.02386738757778;964;tief (4+ Segmente)
neo4j;-2976612325514127951;4025.4731934731935;342.9185720548031;429;tief (4+ Segmente)
neo4j;-2956734987158443760;1321.6410788381743;186.92166765994003;1446;tief (4+ Segmente)
neo4j;-2956620910149731957;2056.3763919821827;280.37766856635193;449;tief (4+ Segmente)
neo4j;-2946785958391034539;1385.6698304029874;242.45850742213315;6427;mittel (2-3 Segmente)
neo4j;-2944184378851594918;1938.4367088607594;259.2832395496174;474;tief (4+ Segmente)
neo4j;-2937381665289622347;1335.633208574345;252.80973602146676;2939;mittel (2-3 Segmente)
neo4j;-2929846861573373466;1482.4521158129176;213.4114341461301;449;tief (4+ Segmente)
neo4j;-2925961785290407744;1436.552338530067;221.9687931535152;449;tief (4+ Segmente)
neo4j;-2921777886404634018;2500.4620535714284;335.27191994232635;448;tief (4+ Segmente)
neo4j;-2916083665076915082;1740.3080357142858;270.13476415997644;448;tief (4+ Segmente)
neo4j;-2908511111454022448;2253.5537974683543;706.0232669617719;948;tief (4+ Segmente)
neo4j;-2906113030669765010;1714.3184855233853;206.77501066856914;449;mittel (2-3 Segmente)
neo4j;-2887574797271615051;1269.9977728285078;197.17815660325368;449;tief (4+ Segmente)
neo4j;-2881247343325013557;1145.0759493670887;182.92039725936073;948;flach (<=1 Segment)
neo4j;-2878837800110024829;2691.666435506241;1055.21102952556;1442;mittel (2-3 Segmente)
neo4j;-2876154350468006443;1580.5055679287304;184.96787990998135;449;tief (4+ Segmente)
neo4j;-2871297792908950110;2353.6623277182234;1360.2370956521306;1306;tief (4+ Segmente)
neo4j;-2870434648333380819;1451.5995901639344;222.0149386058551;2440;tief (4+ Segmente)
neo4j;-2865921430745577598;1401.4358683314415;239.35291372923928;7929;tief (4+ Segmente)
neo4j;-2863248243619485151;3501.5011286681715;963.2217780885336;886;tief (4+ Segmente)
neo4j;-2854405418442449444;2349.9690721649486;1370.0288456567612;1261;tief (4+ Segmente)
neo4j;-2844573062851963249;1682.1141649048625;264.4406305926766;473;tief (4+ Segmente)
neo4j;-2839499292725179601;1502.3403361344538;345.2340315771964;476;tief (4+ Segmente)
neo4j;-2836578565749014132;1319.1035940803383;220.53845565100738;946;mittel (2-3 Segmente)
neo4j;-2836150694403063002;1439.3993055555557;226.16063924977985;1440;tief (4+ Segmente)
neo4j;-2833546460768277607;2670.383022774327;357.7338371155292;483;tief (4+ Segmente)
neo4j;-2824490495631783833;1391.3901658423044;236.55223969240728;3437;mittel (2-3 Segmente)
neo4j;-2819076654114747488;1687.3541202672607;250.69665743895715;449;tief (4+ Segmente)
neo4j;-2817916460640071856;1328.7695749440716;167.62289023975853;447;flach (<=1 Segment)
neo4j;-2808881694951013908;2092.051339285714;268.40218169594283;448;tief (4+ Segmente)
neo4j;-2806692448524173408;1313.2583518930958;145.04243553289288;449;tief (4+ Segmente)
neo4j;-2803706779591232774;957.9611133851821;159.27536473778753;2443;flach (<=1 Segment)
neo4j;-2793019412465416944;1302.924276169265;147.37810812024333;449;tief (4+ Segmente)
neo4j;-2790207858170765516;1381.756329113924;218.5815478107001;948;tief (4+ Segmente)
neo4j;-2785659637603282379;1521.4268795056644;236.60096371606403;1942;tief (4+ Segmente)
neo4j;-2784156708912863147;3012.9785714285713;1436.5059996482332;840;tief (4+ Segmente)
neo4j;-2781805606403239779;2081.529837251356;1160.3201830086628;553;tief (4+ Segmente)
neo4j;-2766852004021046007;1372.2419024190242;216.24139892189947;2439;tief (4+ Segmente)
neo4j;-2766057866324535103;1464.6049107142858;134.08984824782226;448;tief (4+ Segmente)
neo4j;-2765878085214523825;2387.8668857847165;1244.274900622313;1217;tief (4+ Segmente)
neo4j;-2755747397067675126;1357.4209354120267;195.44484198146222;449;tief (4+ Segmente)
neo4j;-2748512631501562962;1711.0622362869199;230.79793026048316;948;tief (4+ Segmente)
neo4j;-2748163848039650369;1687.966592427617;264.9985196171859;449;tief (4+ Segmente)
neo4j;-2747453729609688010;1469.0623608017818;241.32247363439095;449;tief (4+ Segmente)
neo4j;-2741144795332851552;1652.1141649048625;286.6766991049763;946;tief (4+ Segmente)
neo4j;-2734324657072267647;1541.055679287305;223.22630057387252;449;mittel (2-3 Segmente)
neo4j;-2728495970187018159;2114.3270042194094;572.8740070100972;948;tief (4+ Segmente)
neo4j;-2723263709560322935;1422.1078838174274;186.85988527966558;1446;tief (4+ Segmente)
neo4j;-2719889291921202371;1266.7283600243259;268.26907770747806;4933;flach (<=1 Segment)
neo4j;-2718012122064883133;2932.155756207675;395.70787208369785;443;flach (<=1 Segment)
neo4j;-2717619951245037790;1462.5501113585747;228.88910252689618;449;tief (4+ Segmente)
neo4j;-2717556854464536979;2788.58574610245;290.42693692085464;449;tief (4+ Segmente)
neo4j;-2714998602368320872;1374.3781588447653;195.45354451298454;4432;tief (4+ Segmente)
neo4j;-2712361034082028310;1690.845982142857;256.3397859192332;448;tief (4+ Segmente)
neo4j;-2709058652755598101;1445.0843621399176;183.7269872637144;1944;tief (4+ Segmente)
neo4j;-2707747465642361202;1421.6784234569213;246.73416752644624;9413;tief (4+ Segmente)
neo4j;-2701213530918112162;1457.2405345211582;188.04933826297346;449;tief (4+ Segmente)
neo4j;-2699523125284817998;1898.9308035714287;289.7446413133858;448;tief (4+ Segmente)
neo4j;-2692603405524539954;1895.263392857143;292.7452600679741;448;tief (4+ Segmente)
neo4j;-2692024911108744520;3029.478813559322;382.1627741709954;472;tief (4+ Segmente)
neo4j;-2677311226834765389;1678.4051779935276;747.8753776820832;1545;mittel (2-3 Segmente)
neo4j;-2668680902333762389;1673.9229957805908;260.93750516874223;948;tief (4+ Segmente)
neo4j;-2664133057355673802;1877.4792531120331;277.32507660392037;482;tief (4+ Segmente)
neo4j;-2658033047011429709;1446.4966592427618;185.6613675593093;449;tief (4+ Segmente)
neo4j;-2651510607260178200;2897.7796610169494;304.03081572480164;472;tief (4+ Segmente)
neo4j;-2636197913029062940;1416.42194092827;209.08808148191818;474;tief (4+ Segmente)
neo4j;-2635169691858422041;1433.5202135774218;268.0033344844174;3933;tief (4+ Segmente)
neo4j;-2631869997534430466;1441.184855233853;169.90485557715974;449;tief (4+ Segmente)
neo4j;-2627516338502745969;2265.6021276595743;530.8954229932783;940;mittel (2-3 Segmente)
neo4j;-2611186425277629673;1686.7388392857142;243.24147898972856;448;tief (4+ Segmente)
neo4j;-2611151824069505738;1786.590909090909;289.40525527312275;946;tief (4+ Segmente)
neo4j;-2607457006016854014;2094.9923901764096;1023.5202399576522;2891;mittel (2-3 Segmente)
neo4j;-2604234694360545704;1285.392857142857;135.06555585490935;448;tief (4+ Segmente)
neo4j;-2595662229810141790;1355.2759146341464;260.9197612652812;3936;mittel (2-3 Segmente)
neo4j;-2592638182945132307;1899.1559020044544;229.32497550487565;449;tief (4+ Segmente)
neo4j;-2586428021143681650;2277.7584615384617;603.4901531286456;1950;tief (4+ Segmente)
neo4j;-2585917544149042233;1620.2130801687763;240.78754453759862;474;tief (4+ Segmente)
neo4j;-2572662091531493257;1959.8470588235293;447.4186126643024;1445;tief (4+ Segmente)
neo4j;-2568985926059986554;2722.299026425591;1480.1216912955565;719;mittel (2-3 Segmente)
neo4j;-2563742711189158642;2114.4324894514766;276.68279033693256;474;tief (4+ Segmente)
neo4j;-2561856897830632792;1291.4810690423162;185.0961869222062;449;mittel (2-3 Segmente)
neo4j;-2559625314131134194;1470.7385892116183;221.2117043067543;1446;tief (4+ Segmente)
neo4j;-2559222448037904339;2743.30289532294;349.3073209627955;449;tief (4+ Segmente)
neo4j;-2553393805967597362;1872.899777282851;273.51576936933685;449;mittel (2-3 Segmente)
neo4j;-2548180345763249486;1483.5634743875278;203.62420766847936;449;tief (4+ Segmente)
neo4j;-2539689392805719317;1402.762467866324;220.9590397634039;1945;tief (4+ Segmente)
neo4j;-2534861538726150348;1481.6518987341772;207.15946387792297;474;tief (4+ Segmente)
neo4j;-2531272331947415437;2364.8730512249444;402.21613149813004;449;tief (4+ Segmente)
neo4j;-2530968450542712343;1373.6875425459496;220.72769361975628;2938;tief (4+ Segmente)
neo4j;-2526248153524971894;1723.983870967742;521.0662666398638;992;tief (4+ Segmente)
neo4j;-2526193079753697511;2901.4754464285716;386.74249544759806;448;tief (4+ Segmente)
neo4j;-2525549918523340614;1250.338530066815;115.12007069707158;449;tief (4+ Segmente)
neo4j;-2515453411050691590;2387.398663697105;323.7011326853549;449;tief (4+ Segmente)
neo4j;-2513669228355612391;1871.6642636457261;603.3730258261787;1942;tief (4+ Segmente)
neo4j;-2502606358750552702;1237.0848214285713;129.3636185693799;448;tief (4+ Segmente)
neo4j;-2500061965448855004;1493.9309576837416;196.23466079548302;449;tief (4+ Segmente)
neo4j;-2498109516761305073;1715.2610993657506;262.13891972857044;946;tief (4+ Segmente)
neo4j;-2492132652619806627;1350.8482993197279;225.06922177522566;2940;tief (4+ Segmente)
neo4j;-2491691680243594012;4709.188271604939;111.9151535573492;324;mittel (2-3 Segmente)
neo4j;-2490098750171211390;4900.166666666667;53.66104853691641;42;tief (4+ Segmente)
neo4j;-2479684404196726103;1430.1837381203802;226.67325215998767;947;tief (4+ Segmente)
neo4j;-2476119167425695774;1594.6097046413502;191.10671777841677;474;tief (4+ Segmente)
neo4j;-2474243421088712014;1505.0401785714287;172.17967877342087;448;tief (4+ Segmente)
neo4j;-2473466321970047199;1425.8192389006342;242.3625560202936;946;mittel (2-3 Segmente)
neo4j;-2473133952275352072;1642.8841870824053;212.90865106962264;449;tief (4+ Segmente)
neo4j;-2462595281108359651;4845.630434782609;133.32889304200614;46;tief (4+ Segmente)
neo4j;-2460366365582918487;2359.358816964286;1248.915923497116;1792;mittel (2-3 Segmente)
neo4j;-2447161183827422226;1386.4010282776349;243.59294370150423;1945;tief (4+ Segmente)
neo4j;-2442219366103423959;1938.447661469933;232.54276210077285;449;tief (4+ Segmente)
neo4j;-2429736004923101315;1512.1964285714287;220.47601904976136;448;tief (4+ Segmente)
neo4j;-2427181927202493854;3028.6085011185683;386.0402825460019;447;tief (4+ Segmente)
neo4j;-2422562548704182940;1492.837416481069;217.48900388563942;449;tief (4+ Segmente)
neo4j;-2413725091312963324;2003.1373569198752;375.85051032747464;961;mittel (2-3 Segmente)
neo4j;-2394122212832927905;4819.485875706215;97.00492650004911;177;tief (4+ Segmente)
neo4j;-2388632957523736160;1783.7962962962963;526.6310464163514;1944;mittel (2-3 Segmente)
neo4j;-2386877530086829807;1958.8285077951002;278.852943015398;449;tief (4+ Segmente)
neo4j;-2378682564792297801;1375.9883843717;173.00913121677962;947;tief (4+ Segmente)
neo4j;-2372400804455694713;1387.497767857143;151.35689040282014;448;tief (4+ Segmente)
neo4j;-2370117466822224111;2477.835189309577;427.4004943822996;449;tief (4+ Segmente)
neo4j;-2366481354115452249;2172.0155902004453;365.63032319344893;449;tief (4+ Segmente)
neo4j;-2365722912682918962;1415.9219666215606;245.7041731787412;4434;tief (4+ Segmente)
neo4j;-2363833932719172136;1451.2098214285713;238.7234426087534;448;tief (4+ Segmente)
neo4j;-2361268915247699615;1748.380846325167;233.7482996274977;449;tief (4+ Segmente)
neo4j;-2359573907541260342;1770.8319238900635;272.01664335148723;946;tief (4+ Segmente)
neo4j;-2359507157190040994;1577.0712694877507;268.61459096771154;449;tief (4+ Segmente)
neo4j;-2350813857348316232;2316.524225575854;1284.2595678166908;1259;tief (4+ Segmente)
neo4j;-2329111875858135937;1206.4944320712696;195.7480970309811;449;mittel (2-3 Segmente)
neo4j;-2321850361956096217;1807.5072164948454;239.2201736591964;970;tief (4+ Segmente)
neo4j;-2315334763871060540;2445.9389806173726;1375.0449412230707;1393;tief (4+ Segmente)
neo4j;-2307751624437518829;1288.2917547568711;190.65373881049456;946;tief (4+ Segmente)
neo4j;-2294493723353783153;2506.87023977433;1478.313554760744;709;tief (4+ Segmente)
neo4j;-2293713195386313295;2363.8089047773806;826.2048013318665;3077;tief (4+ Segmente)
neo4j;-2287281154508766753;1335.8870116156284;163.29659169964887;947;tief (4+ Segmente)
neo4j;-2282878099682577570;1473.7973273942093;141.37567541831262;449;tief (4+ Segmente)
neo4j;-2282821879317257870;2689.406580493537;1142.310570525106;1702;mittel (2-3 Segmente)
neo4j;-2281199101954446374;2153.017817371938;263.14115516006893;449;tief (4+ Segmente)
neo4j;-2280516890771335684;1458.2964487905301;221.88844633889877;1943;mittel (2-3 Segmente)
neo4j;-2272515555249843981;2764.2780678851177;1475.3850796840127;2298;tief (4+ Segmente)
neo4j;-2264455898882511178;2748.0446428571427;357.87584585308684;448;tief (4+ Segmente)
neo4j;-2254328874468802996;1994.2312673450508;1022.0261594205732;1081;mittel (2-3 Segmente)
neo4j;-2252596734790495438;2459.3963114754097;1170.324095902193;2440;tief (4+ Segmente)
neo4j;-2249501303391780954;1835.6779324055667;657.986799487019;1509;tief (4+ Segmente)
neo4j;-2242902358044541173;1446.0147679324893;243.4341244775186;948;tief (4+ Segmente)
neo4j;-2239728505033406305;1313.1634917077545;224.2559921700247;8924;mittel (2-3 Segmente)
neo4j;-2236585610138008708;1699.467706013363;251.94034415473485;449;tief (4+ Segmente)
neo4j;-2235061985917903347;4927.086956521739;50.72377337867074;23;tief (4+ Segmente)
neo4j;-2227468585668544777;1948.4966592427618;238.9815549002987;449;mittel (2-3 Segmente)
neo4j;-2224482451458984380;1371.654017857143;193.85324699587903;448;tief (4+ Segmente)
neo4j;-2216150376932900568;2036.3180887372014;521.8110013738822;1465;tief (4+ Segmente)
neo4j;-2214069644226296987;1480.2026726057907;224.2702081036205;449;tief (4+ Segmente)
neo4j;-2212346967192022625;1339.8586497890296;190.92672637926972;948;tief (4+ Segmente)
neo4j;-2212002541095008200;1647.8130939809926;256.9759367105015;947;tief (4+ Segmente)
neo4j;-2211511155296728805;1423.4312370421562;204.98659489296608;1447;tief (4+ Segmente)
neo4j;-2193589123262849998;1525.6947584789311;207.03464935167;973;tief (4+ Segmente)
neo4j;-2184253864351611050;2073.409688581315;537.8430847743473;1445;tief (4+ Segmente)
neo4j;-2168950290245615470;2890.6834975369457;1523.8973032813092;812;tief (4+ Segmente)
neo4j;-2167313672290001832;1548.892405063291;207.17196497392945;474;tief (4+ Segmente)
neo4j;-2163735345737031950;1356.7527839643653;178.82634208307414;449;tief (4+ Segmente)
neo4j;-2160073313449185716;1615.9177215189873;210.7449075278455;474;tief (4+ Segmente)
neo4j;-2157811771078368447;1803.1966173361523;277.21800725756486;473;tief (4+ Segmente)
neo4j;-2146719503866079926;1906.1974169741698;1138.0395650097196;542;tief (4+ Segmente)
neo4j;-2138307860817785056;2694.0959821428573;323.3128947371008;448;tief (4+ Segmente)
neo4j;-2124652646841345608;1366.5248152059135;218.7791373934166;947;mittel (2-3 Segmente)
neo4j;-2115073278496856356;1977.6599970135883;806.8380929935289;6697;tief (4+ Segmente)
neo4j;-2101800666867182197;3365.5137420718816;329.53261123269726;473;tief (4+ Segmente)
neo4j;-2097149577849111398;2484.380787836904;683.1756015975608;1447;tief (4+ Segmente)
neo4j;-2088677723591833123;1616.9441964285713;205.1406981835988;448;tief (4+ Segmente)
neo4j;-2078414972084297330;2775.0313199105144;291.76120357875686;447;tief (4+ Segmente)
neo4j;-2070861517930654852;1675.229398663697;214.16147410524675;449;tief (4+ Segmente)
neo4j;-2061286800128394160;1650.5637305699481;282.11461674631306;965;tief (4+ Segmente)
neo4j;-2056523262372144471;2514.6584821428573;376.4719678972871;448;tief (4+ Segmente)
neo4j;-2052709122785280996;1654.1135857461024;191.41004745286588;449;tief (4+ Segmente)
neo4j;-2050093895247344708;1383.9095930232559;298.72065337626333;3440;mittel (2-3 Segmente)
neo4j;-2033482807439470710;1939.484942886812;283.43848132186554;963;tief (4+ Segmente)
neo4j;-2028843548471971381;1783.3558091286307;418.50156098850016;964;mittel (2-3 Segmente)
neo4j;-2027626163511880585;1716.546875;236.50875572341215;448;tief (4+ Segmente)
neo4j;-2024085127205405848;1457.9621380846324;261.40667873693565;449;tief (4+ Segmente)
neo4j;-2021924311826792474;2667.278396436526;316.663169546796;449;tief (4+ Segmente)
neo4j;-2011270478929697698;2893.615302869288;1229.4729595374024;941;tief (4+ Segmente)
neo4j;-2010625861911557214;1431.204732510288;194.81008411028256;1944;tief (4+ Segmente)
neo4j;-2009117548160280328;3835.9662162162163;326.99718174568966;444;mittel (2-3 Segmente)
neo4j;-2007028123159912770;1724.0081799591003;274.0011665617747;489;flach (<=1 Segment)
neo4j;-1998734532161289197;1624.0044543429844;237.47137041300113;449;flach (<=1 Segment)
neo4j;-1996310669034281617;1475.5745884773662;233.15130986364338;1944;tief (4+ Segmente)
neo4j;-1995015254960720404;1355.6145723336854;200.48728776902203;947;tief (4+ Segmente)
neo4j;-1993673301792951122;1486.8329621380847;209.5080039819501;449;tief (4+ Segmente)
neo4j;-1990194161503355941;1658.2538975501113;243.24699498804233;449;mittel (2-3 Segmente)
neo4j;-1981398416571784923;2463.5612472160356;283.09046448821823;449;tief (4+ Segmente)
neo4j;-1975748125637613533;2271.8177163338455;626.4387591853987;1953;tief (4+ Segmente)
neo4j;-1975348128262159923;1295.3407572383073;129.7484419131483;449;tief (4+ Segmente)
neo4j;-1971516975377010929;1799.7657657657658;636.2966354946154;1443;mittel (2-3 Segmente)
neo4j;-1960823302128198557;1368.3453009503696;193.24641152481766;947;tief (4+ Segmente)
neo4j;-1958701701688886655;1381.4870654810024;256.60807807792304;7422;tief (4+ Segmente)
neo4j;-1958337024384335204;1398.71714922049;244.23902902484224;449;tief (4+ Segmente)
neo4j;-1954236290671977169;1901.884778012685;583.1463631797247;946;tief (4+ Segmente)
neo4j;-1949043044700079151;1330.1302356902356;268.53577294274515;7425;mittel (2-3 Segmente)
neo4j;-1944310021015993582;1711.587973273942;213.6257093477298;449;tief (4+ Segmente)
neo4j;-1942861049087869311;1307.643652561247;128.82353122525134;449;tief (4+ Segmente)
neo4j;-1926093232407215810;1553.0110573600552;359.95576205746374;1447;tief (4+ Segmente)
neo4j;-1920021398539691648;2579.690800681431;1138.4800484715647;1174;tief (4+ Segmente)
neo4j;-1916192693791446888;3025.208443271768;1325.9474024099454;758;tief (4+ Segmente)
neo4j;-1915637386904052378;1929.6236080178173;283.4108474622568;449;tief (4+ Segmente)
neo4j;-1909062255350704550;1962.3853006681516;285.98817698068046;449;tief (4+ Segmente)
neo4j;-1893838939607344977;1670.42194092827;296.60500547902956;948;tief (4+ Segmente)
neo4j;-1891259635261591478;2928.5038860103627;1441.738524402926;772;tief (4+ Segmente)
neo4j;-1888431145472274022;2705.8348214285716;340.94576899813677;448;tief (4+ Segmente)
neo4j;-1885952285704562067;1994.6361176868447;732.5684842072183;2957;tief (4+ Segmente)
neo4j;-1869224647772042763;1473.5055679287304;209.27817183245872;449;tief (4+ Segmente)
neo4j;-1865730100338779607;1944.92194092827;289.3316864097447;474;tief (4+ Segmente)
neo4j;-1858820068631560524;1465.360759493671;240.26781656108128;948;tief (4+ Segmente)
neo4j;-1851435750967224438;1566.6409714889123;194.56109311425047;947;tief (4+ Segmente)
neo4j;-1843639645334988463;1486.9430379746836;201.0787054789584;474;tief (4+ Segmente)
neo4j;-1835018937319001327;2784.4362416107383;357.6142732881133;447;tief (4+ Segmente)
neo4j;-1832417558461740835;1944.4074844074844;692.3332659769733;1443;tief (4+ Segmente)
neo4j;-1830648821890703589;1725.142857142857;186.06747986405202;448;tief (4+ Segmente)
neo4j;-1821161108874144535;2021.9936575052855;284.8622064342738;473;tief (4+ Segmente)
neo4j;-1800341513869000947;1429.2021524141942;267.6877936601163;3438;mittel (2-3 Segmente)
neo4j;-1800040906186465766;4798.686507936508;100.40924692991078;252;tief (4+ Segmente)
neo4j;-1791448009188052876;1876.4743875278396;280.37650051926585;449;tief (4+ Segmente)
neo4j;-1787583064969438898;2964.7477678571427;1320.2487233908332;896;tief (4+ Segmente)
neo4j;-1784871458323169704;1773.310052910053;251.05601153203713;945;tief (4+ Segmente)
neo4j;-1746396400544390957;1408.419530452535;197.2342390080482;2939;tief (4+ Segmente)
neo4j;-1744851439597939055;1592.678270042194;293.5832676241861;948;tief (4+ Segmente)
neo4j;-1741671178055945263;1365.69339994741;239.056450358515;11409;tief (4+ Segmente)
neo4j;-1735120549682882055;1484.9419488597098;223.97238382500325;1447;tief (4+ Segmente)
neo4j;-1728251763703322130;1444.6503340757238;163.83713672894768;449;tief (4+ Segmente)
neo4j;-1726993727960646403;4788.908296943231;126.20647719906921;229;tief (4+ Segmente)
neo4j;-1725546785079524455;1780.3278008298755;449.702239528512;1446;mittel (2-3 Segmente)
neo4j;-1713056452721807782;1793.2075892857142;313.17800076951056;448;tief (4+ Segmente)
neo4j;-1710671758518066422;2753.402587519026;1255.681965628708;1314;tief (4+ Segmente)
neo4j;-1706194777670473832;1754.9419218585006;329.53975818693107;947;tief (4+ Segmente)
neo4j;-1705627249398031490;3419.2309433962264;1468.5945465284615;1325;tief (4+ Segmente)
neo4j;-1699433280926514410;2884.2602739726026;1531.3140823184044;803;tief (4+ Segmente)
neo4j;-1699244005488499831;2270.11232;1235.7833441245987;3125;tief (4+ Segmente)
neo4j;-1694929928793156643;1482.7803203661326;239.30928508091813;3933;tief (4+ Segmente)
neo4j;-1676626672733862023;1778.5189309576838;312.5870310562625;449;tief (4+ Segmente)
neo4j;-1675197142867180288;1463.0275103163685;343.68062619812207;2908;tief (4+ Segmente)
neo4j;-1667758683105623158;1479.5691657866948;213.6296914112703;947;tief (4+ Segmente)
neo4j;-1659105654470979794;1461.643652561247;243.96114016709507;449;tief (4+ Segmente)
neo4j;-1647721556896226882;1446.957683741648;198.64095276667274;449;tief (4+ Segmente)
neo4j;-1641438488246982060;1450.271714922049;187.5875203522841;449;tief (4+ Segmente)
neo4j;-1633147539068353945;3465.855465221319;1303.3533582221696;2214;mittel (2-3 Segmente)
neo4j;-1624285646769042414;1807.6035634743876;242.85927654005525;449;mittel (2-3 Segmente)
neo4j;-1613339134958709081;1497.5233853006682;212.78040325636843;449;mittel (2-3 Segmente)
neo4j;-1603150502992841560;1388.4079218106997;221.42243973528088;1944;tief (4+ Segmente)
neo4j;-1601412177641468563;1426.3959917069799;326.85626300320513;1447;mittel (2-3 Segmente)
neo4j;-1595757443120272267;1342.4630687051022;209.58974552824867;5429;tief (4+ Segmente)
neo4j;-1586211853011333181;1693.6299376299376;221.74703177691254;481;tief (4+ Segmente)
neo4j;-1585054192346006240;1944.4484396200814;572.8142182772806;2948;mittel (2-3 Segmente)
neo4j;-1580824183314979738;4892.3;59.36337319862607;130;tief (4+ Segmente)
neo4j;-1573792320451393056;1467.2984409799556;165.3060744019142;449;tief (4+ Segmente)
neo4j;-1572877992067423616;1594.7639198218262;226.074255813756;449;tief (4+ Segmente)
neo4j;-1563927171327311874;1507.7193763919822;216.3490206892134;449;mittel (2-3 Segmente)
neo4j;-1563432360193507530;1673.8402489626556;265.9971278788544;1446;tief (4+ Segmente)
neo4j;-1561458633857057472;2606.874739039666;1245.102477168311;958;tief (4+ Segmente)
neo4j;-1557546456096026081;4775.288732394366;145.41906091154624;142;tief (4+ Segmente)
neo4j;-1554507165358929129;1424.9343015214386;172.80820169614768;1446;tief (4+ Segmente)
neo4j;-1554506515955689131;1436.0535714285713;182.13758544561608;448;tief (4+ Segmente)
neo4j;-1549210256231273624;1374.1759465478842;169.32624562026504;449;tief (4+ Segmente)
neo4j;-1544453233239967066;2044.4017857142858;308.4938792810176;448;mittel (2-3 Segmente)
neo4j;-1542606408322102479;1618.2316258351893;262.2000323112157;449;tief (4+ Segmente)
neo4j;-1536450279590851616;1250.9487750556793;193.07606188681012;449;mittel (2-3 Segmente)
neo4j;-1525667263991209270;1755.9086859688196;292.2105835271516;449;tief (4+ Segmente)
neo4j;-1509261703355422284;1846.880675818374;300.06089148839686;947;tief (4+ Segmente)
neo4j;-1488826422821386386;4843.991666666667;91.85826640233607;120;tief (4+ Segmente)
neo4j;-1481568067479354530;3717.1604439959638;1063.0963806898042;991;tief (4+ Segmente)
neo4j;-1473055545607857683;1364.182628062361;192.00702777606685;449;tief (4+ Segmente)
neo4j;-1441783554162140748;2492.7225950783;298.72843225444166;447;tief (4+ Segmente)
neo4j;-1430533228852714126;1444.7550111358576;184.7778652581022;449;tief (4+ Segmente)
neo4j;-1427610732977106879;1799.661469933185;226.96522971311563;449;tief (4+ Segmente)
neo4j;-1419557097211611717;2350.628062360802;267.4575019913639;449;tief (4+ Segmente)
neo4j;-1408389466798581606;1720.069815195072;263.17656540966937;487;tief (4+ Segmente)
neo4j;-1406448004936380398;2360.2237288135593;1035.518734111009;2360;mittel (2-3 Segmente)
neo4j;-1404784167605904000;1477.9891919711786;249.2848047701784;1943;tief (4+ Segmente)
neo4j;-1398124522055334829;1366.5840206185567;198.09123098723393;1940;tief (4+ Segmente)
neo4j;-1389568747789579864;1552.532700421941;244.23111681906818;948;tief (4+ Segmente)
neo4j;-1384190424761786695;1464.4499178981937;251.5064386078098;2436;tief (4+ Segmente)
neo4j;-1382049182286913592;2197.138084632517;276.8854336906749;449;tief (4+ Segmente)
neo4j;-1380326174732680875;2826.21875;286.9310441154483;448;tief (4+ Segmente)
neo4j;-1374185655333523060;3380.5670347003156;755.5938674860446;1268;tief (4+ Segmente)
neo4j;-1367162939048514842;1411.6973595125253;200.80520594767955;4431;tief (4+ Segmente)
neo4j;-1366006857886691735;1671.737923946557;248.77316293216606;973;tief (4+ Segmente)
neo4j;-1364420539027505950;1914.2134020618557;326.5123118810062;970;mittel (2-3 Segmente)
neo4j;-1361657041113727222;1397.3549107142858;135.7098049571704;448;mittel (2-3 Segmente)
neo4j;-1345594660209774617;1599.0345781466112;269.9981779652644;1446;tief (4+ Segmente)
neo4j;-1342981523981779810;1533.4610244988864;228.30300573670144;449;mittel (2-3 Segmente)
neo4j;-1341758745470569978;1365.4672518568534;253.13994272045764;5924;tief (4+ Segmente)
neo4j;-1335089315095507441;2629.3207126948773;361.30170112415084;449;tief (4+ Segmente)
neo4j;-1334037166214330178;2201.698065173116;499.336328747114;1964;mittel (2-3 Segmente)
neo4j;-1325178304634695891;2117.948660714286;301.0895866562529;448;tief (4+ Segmente)
neo4j;-1310165631407369507;1402.4576098059244;223.24478641981997;2937;tief (4+ Segmente)
neo4j;-1309272175266543735;1897.0;295.28845612625724;449;tief (4+ Segmente)
neo4j;-1303325678300116417;2235.3690721649486;645.311249509262;970;tief (4+ Segmente)
neo4j;-1302905048541662668;2825.15144766147;294.68903745833984;449;tief (4+ Segmente)
neo4j;-1301531761954020883;1458.4577167019027;266.19833241116413;946;tief (4+ Segmente)
neo4j;-1301484730361378037;1534.647119341564;225.64036616930315;1944;tief (4+ Segmente)
neo4j;-1301297254704677002;1956.9399054692776;389.899851750237;2962;mittel (2-3 Segmente)
neo4j;-1300831433226011196;2038.663697104677;314.0416765245285;449;tief (4+ Segmente)
neo4j;-1291215617970060793;1376.4801473598036;260.9679171911571;2443;tief (4+ Segmente)
neo4j;-1284151286954756014;1326.443505807814;225.879572133821;947;tief (4+ Segmente)
neo4j;-1282560662279443740;4759.280632411067;127.06599140221222;253;tief (4+ Segmente)
neo4j;-1282510367994906480;1568.5077951002227;202.7141516590561;449;tief (4+ Segmente)
neo4j;-1282396922315895454;1945.1863196683555;980.1634865287577;4342;tief (4+ Segmente)
neo4j;-1281172931481335592;1541.8864142538976;189.21380579022946;449;tief (4+ Segmente)
neo4j;-1280356115095216296;1662.0564817965294;463.7682965530155;2939;tief (4+ Segmente)
neo4j;-1277837148899482197;1313.3496659242762;149.63148260251134;449;tief (4+ Segmente)
neo4j;-1275009963540448219;2779.9026455026456;763.5218875156445;945;flach (<=1 Segment)
neo4j;-1274683139898931224;1686.7283298097252;270.79060650664;946;tief (4+ Segmente)
neo4j;-1270775026250410433;1443.033407572383;180.51873727245845;449;tief (4+ Segmente)
neo4j;-1266462508769765441;1576.2280887011616;348.3899766461818;947;tief (4+ Segmente)
neo4j;-1262681611626735380;2198.005503144654;1420.315921839097;1272;tief (4+ Segmente)
neo4j;-1257208105912944907;2961.140625;382.8832630917171;448;tief (4+ Segmente)
neo4j;-1257060556545671225;1942.210235131397;796.3541795583254;1446;mittel (2-3 Segmente)
neo4j;-1252144122924932230;1491.5242616033756;195.04282269350043;948;tief (4+ Segmente)
neo4j;-1246359357310331910;4860.372881355932;85.83763709209755;59;tief (4+ Segmente)
neo4j;-1243585957331624032;1600.2686322686322;501.5344850840124;2442;mittel (2-3 Segmente)
neo4j;-1232941133641981219;2103.7961985216475;696.5208917992389;947;tief (4+ Segmente)
neo4j;-1229807527270756024;2673.9933184855236;344.2866492187258;449;tief (4+ Segmente)
neo4j;-1226004613452889364;1112.5412262156449;164.69080844352348;473;flach (<=1 Segment)
neo4j;-1198660050556180889;2026.8515104966718;403.90117769228004;1953;mittel (2-3 Segmente)
neo4j;-1186302153172792635;1682.3202959830867;292.41729251755737;946;tief (4+ Segmente)
neo4j;-1181655708163936728;1655.467706013363;229.6405274210865;449;tief (4+ Segmente)
neo4j;-1178802131553019457;1414.0590526643814;216.83768437468322;6418;tief (4+ Segmente)
neo4j;-1171417445788865595;1581.6884353741495;344.3647354230628;1470;tief (4+ Segmente)
neo4j;-1164875004444016445;1679.7861915367482;231.55959716894387;449;mittel (2-3 Segmente)
neo4j;-1163225176108269525;1752.142857142857;216.96112940215937;448;tief (4+ Segmente)
neo4j;-1162206770566412425;1176.9955456570156;155.10952345303895;449;flach (<=1 Segment)
neo4j;-1161149510275607283;1949.338266384778;482.93727588465947;946;tief (4+ Segmente)
neo4j;-1160332040732524336;4914.558823529412;35.749287915324594;34;tief (4+ Segmente)
neo4j;-1155144216831261604;2722.6174496644294;318.34219392071253;447;mittel (2-3 Segmente)
neo4j;-1154564160911596242;3597.474683544304;504.69797175945024;474;tief (4+ Segmente)
neo4j;-1147786320482881259;2032.9820675105486;636.0010083930928;948;tief (4+ Segmente)
neo4j;-1147427650133624562;2447.6082901554405;599.7143371958492;965;tief (4+ Segmente)
neo4j;-1142806706128653399;3146.1870824053453;283.0443486715572;449;mittel (2-3 Segmente)
neo4j;-1139035755361484990;2262.6914963744234;814.3922664182063;1517;tief (4+ Segmente)
neo4j;-1138670312123838500;1932.56570155902;299.2953715746221;449;tief (4+ Segmente)
neo4j;-1138583354255454768;4894.8378378378375;75.42564900966069;37;tief (4+ Segmente)
neo4j;-1133666134339386689;1969.0322434150771;1059.024373075167;2202;tief (4+ Segmente)
neo4j;-1117996510351194316;2168.596914822267;753.3604076776584;1491;tief (4+ Segmente)
neo4j;-1116646742328492647;1396.4699331848553;204.55000613333473;449;tief (4+ Segmente)
neo4j;-1105912045595790768;2323.6409714889123;957.4697683061308;947;tief (4+ Segmente)
neo4j;-1102119628411974236;1827.7655024946544;1088.0670456334285;2806;tief (4+ Segmente)
neo4j;-1099182290545768373;2516.5089947089946;335.65160536461025;945;flach (<=1 Segment)
neo4j;-1094314109542553440;1394.8511087645195;181.0293856933146;947;tief (4+ Segmente)
neo4j;-1092728409132368592;1438.112724757953;202.3127912046772;1446;tief (4+ Segmente)
neo4j;-1066283094928762422;1850.30549898167;387.16875072706597;982;tief (4+ Segmente)
neo4j;-1062834293453104512;2155.4113924050635;301.9060197723809;474;mittel (2-3 Segmente)
neo4j;-1060510342248940710;1487.2806236080178;203.33099248068822;449;mittel (2-3 Segmente)
neo4j;-1058932256941506053;2296.1470588235293;1421.6041691308412;612;tief (4+ Segmente)
neo4j;-1057225652520132560;1420.781140325643;244.76468790025905;17381;tief (4+ Segmente)
neo4j;-1041163284904308633;1919.9137577002055;244.01270955322175;487;mittel (2-3 Segmente)
neo4j;-1038672730964159000;3059.991786447639;434.06449703554404;487;tief (4+ Segmente)
neo4j;-1031567380572404322;4658.465587044534;197.50621537497875;247;tief (4+ Segmente)
neo4j;-1015176070002537863;1743.8995535714287;231.73854394873132;448;tief (4+ Segmente)
neo4j;-1011705502904244685;1250.8307349665924;212.3343847054765;449;mittel (2-3 Segmente)
neo4j;-1005999689980963900;2004.204899777283;283.19441812663183;449;tief (4+ Segmente)
neo4j;-1005036532248870835;1745.674107142857;286.959827803911;448;tief (4+ Segmente)
neo4j;-999662701872284303;2073.350580781415;403.4197652375684;947;mittel (2-3 Segmente)
neo4j;-997680069722330455;3104.5602678571427;531.3590493373378;448;mittel (2-3 Segmente)
neo4j;-988486435997465584;1817.0825892857142;272.1809173632968;448;tief (4+ Segmente)
neo4j;-982923286628806194;1643.5724043715848;276.54191640287775;1464;tief (4+ Segmente)
neo4j;-980900924742861384;2427.678606965174;1080.2846114903043;1005;tief (4+ Segmente)
neo4j;-980586427626818000;4595.150819672132;215.76863112742353;305;tief (4+ Segmente)
neo4j;-980081605682327130;4951.75;21.339098923271106;8;tief (4+ Segmente)
neo4j;-958716564305523346;1504.909090909091;195.59343150229077;473;flach (<=1 Segment)
neo4j;-956958556399154076;2301.6385008517886;998.281851769526;2935;tief (4+ Segmente)
neo4j;-951867557279280905;1513.0368852459017;249.52154045560667;1952;tief (4+ Segmente)
neo4j;-951548361852289622;2191.2008928571427;363.9935095410568;448;tief (4+ Segmente)
neo4j;-948298255490516979;1376.9643652561247;198.24375907716455;449;mittel (2-3 Segmente)
neo4j;-946987447466547686;1387.763321799308;182.10312034040376;1445;tief (4+ Segmente)
neo4j;-937303043881024454;2257.176531671859;640.9122380409824;963;tief (4+ Segmente)
neo4j;-935989585016573881;1654.3206751054852;350.082845097621;948;tief (4+ Segmente)
neo4j;-927218716151091781;1434.5256124721604;177.79608074742302;449;tief (4+ Segmente)
neo4j;-926503039785092662;1653.9964157706092;483.47361050714954;1953;tief (4+ Segmente)
neo4j;-904736880637141719;1476.073356401384;239.42667008749;1445;tief (4+ Segmente)
neo4j;-904584677280862342;1286.5611814345991;197.8744160614365;948;tief (4+ Segmente)
neo4j;-886666454737913978;1264.4741288278776;174.91456723507085;947;mittel (2-3 Segmente)
neo4j;-886348599410472089;1380.8816964285713;167.36647307189418;448;tief (4+ Segmente)
neo4j;-876203789336077986;1447.4846884899682;218.87272824915735;947;tief (4+ Segmente)
neo4j;-868554760229265647;3220.5521541950116;1266.3904115036428;882;tief (4+ Segmente)
neo4j;-864801177655640342;1795.8752783964364;267.6288533768354;449;mittel (2-3 Segmente)
neo4j;-861170935330533380;3321.0779220779223;851.6723121316147;616;tief (4+ Segmente)
neo4j;-860610073248486863;1376.9688581314879;199.39509908522743;1445;tief (4+ Segmente)
neo4j;-850787889858782036;3477.7804117280098;902.5939186384561;1603;tief (4+ Segmente)
neo4j;-846944826254059170;1348.3875278396436;193.24956437159776;449;tief (4+ Segmente)
neo4j;-845312719791041569;1485.1135857461024;195.7478516982494;449;tief (4+ Segmente)
neo4j;-838837378139975782;1936.5902004454342;211.54648782453768;449;tief (4+ Segmente)
neo4j;-838525581036616800;1843.6026785714287;284.44107946736284;448;tief (4+ Segmente)
neo4j;-833408029171626823;1614.478841870824;265.83184823858386;449;tief (4+ Segmente)
neo4j;-825698979634363711;1403.7019027484143;223.54151854833148;946;tief (4+ Segmente)
neo4j;-825665939864897028;1637.232142857143;245.44519136110273;448;mittel (2-3 Segmente)
neo4j;-820555431689515143;1532.483086680761;272.4005380919623;946;tief (4+ Segmente)
neo4j;-812649424073779382;2862.8715151515153;1571.4232512097065;825;tief (4+ Segmente)
neo4j;-809769926997623909;2696.234375;335.21454077339325;448;tief (4+ Segmente)
neo4j;-806896306229536840;2880.3278301886794;1547.5016887926367;848;mittel (2-3 Segmente)
neo4j;-799480849859012961;2167.6247798003524;1178.2994620837364;1703;mittel (2-3 Segmente)
neo4j;-788012020680796868;1324.4502074688796;163.81493887063192;1446;tief (4+ Segmente)
neo4j;-786944327308176392;1496.0379464285713;224.99643723209957;448;tief (4+ Segmente)
neo4j;-768942943594687045;2330.7942876572592;724.7014638799002;2941;tief (4+ Segmente)
neo4j;-762537106096969326;4936.714285714285;26.743935672187394;7;tief (4+ Segmente)
neo4j;-754649393949767036;1724.9420935412027;237.52253884797076;449;flach (<=1 Segment)
neo4j;-734300358027829356;1382.9449152542372;145.29785330026675;472;tief (4+ Segmente)
neo4j;-720759650088013854;1431.4806094182825;200.20394739456478;1444;tief (4+ Segmente)
neo4j;-717309087279289976;1298.392857142857;159.9446552570172;448;mittel (2-3 Segmente)
neo4j;-715299219599024243;2739.8968192397206;1243.8369468585133;1289;tief (4+ Segmente)
neo4j;-713455792700484488;1414.5787037037037;190.5608699770477;1944;tief (4+ Segmente)
neo4j;-704218783515392055;4744.927835051546;136.38259559715553;194;tief (4+ Segmente)
neo4j;-702205980756045710;2205.776955602537;563.6272642941386;946;tief (4+ Segmente)
neo4j;-698097641641718618;1357.9746300211416;211.7367322883007;946;tief (4+ Segmente)
neo4j;-692562246734684061;3006.6243781094527;1372.2249662900854;804;tief (4+ Segmente)
neo4j;-685680277932629972;2558.969214437367;938.9401423811468;942;tief (4+ Segmente)
neo4j;-683833268483829410;1774.5436793422405;313.0793483903181;973;tief (4+ Segmente)
neo4j;-676524237274392942;1317.0044543429844;138.04872644458433;449;tief (4+ Segmente)
neo4j;-672679351817544965;2957.9170403587445;312.48283703158916;446;mittel (2-3 Segmente)
neo4j;-671720453024294149;1403.5459837019791;215.5988104890686;3436;tief (4+ Segmente)
neo4j;-668162802569951284;1486.0726810673443;251.9510745739267;3935;tief (4+ Segmente)
neo4j;-667023484916216473;1685.817371937639;232.36759394416273;449;tief (4+ Segmente)
neo4j;-663959119880159562;1386.110883797054;237.52492249224952;2444;tief (4+ Segmente)
neo4j;-650535156121947178;1552.955357142857;243.05822351029303;448;tief (4+ Segmente)
neo4j;-649275921769806741;1394.6025295109612;244.8197495284225;5930;tief (4+ Segmente)
neo4j;-646934847537396402;1578.56570155902;200.5015714658536;449;tief (4+ Segmente)
neo4j;-634323770002774154;1543.097713097713;161.3518825907913;481;tief (4+ Segmente)
neo4j;-626347549977314207;1560.7371937639198;194.36117307770914;449;tief (4+ Segmente)
neo4j;-625412731657493661;4747.774919614148;109.34671469278997;311;tief (4+ Segmente)
neo4j;-625057257957658654;2968.3825503355706;352.484320752627;447;tief (4+ Segmente)
neo4j;-623562049912430588;1488.641425389755;231.3680454957753;449;tief (4+ Segmente)
neo4j;-620929178760929530;2957.491024287223;1277.9101054059454;947;mittel (2-3 Segmente)
neo4j;-617254561896405400;1802.533299180328;291.9622471922046;1952;tief (4+ Segmente)
neo4j;-608101593959131118;1685.5701559020044;220.0263582023078;449;tief (4+ Segmente)
neo4j;-605701124795670244;3741.1322869955156;457.22964307420966;446;tief (4+ Segmente)
neo4j;-590476832650313023;1540.4097995545658;252.5850395909917;449;tief (4+ Segmente)
neo4j;-587320557263378781;1460.7521097046413;193.63117365377713;948;tief (4+ Segmente)
neo4j;-582445372750389800;2257.3079584775087;1141.2221960279537;2312;tief (4+ Segmente)
neo4j;-577948604998728801;3408.582589285714;322.25888596644154;448;flach (<=1 Segment)
neo4j;-576904222660268632;1731.833157338965;287.8122142199417;947;tief (4+ Segmente)
neo4j;-572372410351709424;1320.5223214285713;135.4209426765458;448;tief (4+ Segmente)
neo4j;-561311154760784585;1589.080357142857;227.49888564342405;448;tief (4+ Segmente)
neo4j;-556305337681428603;2324.4969758064517;730.8235888731346;992;tief (4+ Segmente)
neo4j;-550419488999605943;1515.3512658227849;186.9400573321696;948;tief (4+ Segmente)
neo4j;-549531212040157439;1827.6325167037862;286.6908269889177;449;tief (4+ Segmente)
neo4j;-538411094949865799;1943.2895322939867;316.3532594014684;449;tief (4+ Segmente)
neo4j;-534695858185029386;1952.3125;284.0161488697288;448;tief (4+ Segmente)
neo4j;-530081266796103014;1553.4632516703787;219.58819841501733;449;tief (4+ Segmente)
neo4j;-527562961117850576;1559.1113585746102;261.8572762160752;449;tief (4+ Segmente)
neo4j;-523799415667217518;1410.4017857142858;157.40405037705943;448;tief (4+ Segmente)
neo4j;-520597336239082261;1931.200892857143;269.97198429365153;448;tief (4+ Segmente)
neo4j;-517031666257435008;1472.6932602517256;233.031057173413;4926;tief (4+ Segmente)
neo4j;-511470964265651158;4742.4;116.4115544093455;265;tief (4+ Segmente)
neo4j;-496889103183574071;1755.2351330203444;730.1411089752979;2556;tief (4+ Segmente)
neo4j;-484428940663733261;1774.7371937639198;227.8860587633974;449;tief (4+ Segmente)
neo4j;-482516043077965790;1599.6570155902004;199.7569012552737;449;tief (4+ Segmente)
neo4j;-481379052557260490;2228.347046413502;782.1702788477091;948;tief (4+ Segmente)
neo4j;-471621837324455169;1362.0801781737193;169.56514178070634;449;tief (4+ Segmente)
neo4j;-470555950724741090;1901.4559915164368;655.678580703101;943;tief (4+ Segmente)
neo4j;-468591450227640401;4684.044585987262;127.07537668789786;314;tief (4+ Segmente)
neo4j;-466587019627091675;2769.2460850111856;316.4369705750993;447;tief (4+ Segmente)
neo4j;-466354075266607078;1755.7683741648107;211.21234824494854;449;tief (4+ Segmente)
neo4j;-465475944412454114;2040.86859688196;259.50253425345267;449;tief (4+ Segmente)
neo4j;-465007406534964700;1255.6749654218534;141.21142026644523;1446;tief (4+ Segmente)
neo4j;-462084867582288005;1341.4443012336587;228.66539883129454;5431;tief (4+ Segmente)
neo4j;-461641511560889927;2147.758230452675;609.0268903331772;1944;tief (4+ Segmente)
neo4j;-461248594621337422;1578.3407572383073;205.8705647461278;449;tief (4+ Segmente)
neo4j;-458674988903639283;1456.9267456359103;281.62790317875437;6416;mittel (2-3 Segmente)
neo4j;-458597930885644573;2472.3331944155034;1224.1469471737125;4799;mittel (2-3 Segmente)
neo4j;-457687612228832777;1484.3236607142858;251.42987097911364;448;tief (4+ Segmente)
neo4j;-455523543713398416;2935.418230563003;1459.7062283797225;746;tief (4+ Segmente)
neo4j;-452865757161756819;1538.3523206751054;228.13078183444674;474;mittel (2-3 Segmente)
neo4j;-448423979179807019;1321.008990318119;194.96854663040824;1446;tief (4+ Segmente)
neo4j;-428178919660219369;1377.0245535714287;176.03242741937046;448;tief (4+ Segmente)
neo4j;-427237297978106495;1451.596881959911;203.8476433189372;449;tief (4+ Segmente)
neo4j;-419140903170904598;1406.955456570156;182.62049049098596;449;tief (4+ Segmente)
neo4j;-419122866998631468;3059.3942093541204;375.9465412015295;449;tief (4+ Segmente)
neo4j;-418254811949825438;1635.812917594655;267.19364251534955;449;tief (4+ Segmente)
neo4j;-410374789153668853;1914.6926503340758;265.3560427660711;449;tief (4+ Segmente)
neo4j;-399534151784418069;1863.710970464135;264.49171567276227;474;tief (4+ Segmente)
neo4j;-398378841008639226;1285.6476793248946;226.08775040152074;948;mittel (2-3 Segmente)
neo4j;-397197836751117986;1445.6659242761693;196.05909668844467;449;tief (4+ Segmente)
neo4j;-382367704045985936;1846.4789029535864;318.93819115339187;948;tief (4+ Segmente)
neo4j;-364415697452410789;1977.924276169265;281.60034300702387;449;tief (4+ Segmente)
neo4j;-354141664031981590;1893.8987714987716;700.0114531053816;4070;tief (4+ Segmente)
neo4j;-354029295299657776;1721.4097995545658;250.38665009662856;449;tief (4+ Segmente)
neo4j;-350198810894283870;1660.8708240534522;220.42102827293905;449;tief (4+ Segmente)
neo4j;-348103487528742732;1668.7569721115538;811.3529647658452;502;tief (4+ Segmente)
neo4j;-343326838841243641;1439.5871934604904;236.52188540483922;2936;tief (4+ Segmente)
neo4j;-337597371140235294;1606.34996582365;232.80511923362096;1463;tief (4+ Segmente)
neo4j;-331443925577116998;1712.2251585623678;372.83243188575767;946;tief (4+ Segmente)
neo4j;-317441495434257212;1845.753814147018;462.8822861469275;1442;tief (4+ Segmente)
neo4j;-317387764582358453;1529.8440979955456;228.85247064185967;449;tief (4+ Segmente)
neo4j;-303432801253302717;4635.479274611399;122.92508894208915;386;tief (4+ Segmente)
neo4j;-290972776070374872;4492.901960784314;177.36440911225702;357;tief (4+ Segmente)
neo4j;-290220819521966770;2942.1964285714284;339.3544427874276;448;tief (4+ Segmente)
neo4j;-283422899342197380;1780.638392857143;270.5787624899825;448;tief (4+ Segmente)
neo4j;-277753507893058776;1277.8059071729958;159.33301543206156;948;tief (4+ Segmente)
neo4j;-266524265600946630;1448.6970954356846;233.44832097479784;1446;tief (4+ Segmente)
neo4j;-246801436883014674;1549.2544642857142;228.77399626498243;448;tief (4+ Segmente)
neo4j;-246001255999645660;1404.489977728285;176.73324206335022;449;mittel (2-3 Segmente)
neo4j;-241425858211006117;1358.2961937716263;194.29607164076086;1445;tief (4+ Segmente)
neo4j;-238865806560541738;1611.8549107142858;234.05224932068597;448;tief (4+ Segmente)
neo4j;-233770229532936674;1432.9059474412172;214.2743531420184;1446;tief (4+ Segmente)
neo4j;-230870765191498583;1948.4532062391681;563.9680232162654;3462;tief (4+ Segmente)
neo4j;-229540045068107337;2767.7897091722593;320.9065292599452;447;tief (4+ Segmente)
neo4j;-222351038864903952;2879.055928411633;326.58127083685014;447;tief (4+ Segmente)
neo4j;-219643762026423677;1385.634163208852;214.86537423838283;1446;tief (4+ Segmente)
neo4j;-210588630405208782;3055.0044742729306;389.75617303565286;447;tief (4+ Segmente)
neo4j;-210505075524916099;1406.295007906031;227.09158914377554;4427;tief (4+ Segmente)
neo4j;-209323759840863446;1530.661469933185;250.87344091368107;449;tief (4+ Segmente)
neo4j;-207721613753010951;1511.8764519535375;234.1082006778221;947;tief (4+ Segmente)
neo4j;-200115574970390025;1761.726057906459;243.94411366497712;449;tief (4+ Segmente)
neo4j;-192549819336644918;1434.0982019363762;215.74864276489959;1446;tief (4+ Segmente)
neo4j;-190574955427962001;1399.8533755274261;253.33375654681836;948;mittel (2-3 Segmente)
neo4j;-190069003866816928;1440.4075723830736;206.60945092223676;449;tief (4+ Segmente)
neo4j;-188946110895000965;1447.0624133148406;277.5223161032709;1442;flach (<=1 Segment)
neo4j;-178955440572685079;1433.608017817372;178.38955298487232;449;tief (4+ Segmente)
neo4j;-177579081297321619;2810.5505376344086;1256.8832706692813;1395;mittel (2-3 Segmente)
neo4j;-166297005415469509;1401.2924107142858;177.55870374500714;448;tief (4+ Segmente)
neo4j;-163214882111700806;4328.19298245614;290.66507578704494;399;tief (4+ Segmente)
neo4j;-161673237611990535;1532.877232142857;241.36788711452382;448;tief (4+ Segmente)
neo4j;-156080587126985948;1604.015625;206.54710525794405;448;tief (4+ Segmente)
neo4j;-154629916319403428;1431.6097312010888;254.70092805238198;2939;tief (4+ Segmente)
neo4j;-148782878555390425;4689.480286738351;151.46839594351573;279;tief (4+ Segmente)
neo4j;-147018835580887759;1394.022645393721;196.68324841691128;1943;tief (4+ Segmente)
neo4j;-133064584206998065;2701.910913140312;297.23915048581733;449;tief (4+ Segmente)
neo4j;-131922105061207877;1636.136488340192;330.9997022797448;1458;tief (4+ Segmente)
neo4j;-113989919693148287;1273.599109131403;170.68470200695944;449;tief (4+ Segmente)
neo4j;-99519943041115125;1360.84375;215.0320254099411;448;tief (4+ Segmente)
neo4j;-98785862471909174;1703.8672199170123;241.094374127936;1446;tief (4+ Segmente)
neo4j;-98624059311581746;1663.7233368532206;404.7020744233382;947;tief (4+ Segmente)
neo4j;-97824124323916450;1978.484439834025;721.0285767432323;964;mittel (2-3 Segmente)
neo4j;-88358986606102469;2995.651785714286;346.04546932800855;448;tief (4+ Segmente)
neo4j;-84351002558133935;2253.761562178828;379.9700804260204;973;tief (4+ Segmente)
neo4j;-74083701468800201;1437.9440337909186;186.4433043688218;947;tief (4+ Segmente)
neo4j;-65857146176232050;2811.831223628692;333.7778961044102;474;tief (4+ Segmente)
neo4j;-58807584850226995;1912.1138392857142;254.32004882694326;448;tief (4+ Segmente)
neo4j;-46412961072352623;1727.1559020044544;263.15436757923305;449;tief (4+ Segmente)
neo4j;-46146791877617245;1491.881959910913;178.69422671266102;449;tief (4+ Segmente)
neo4j;-43942694157641021;1389.5756172839506;188.51467106439003;1944;tief (4+ Segmente)
neo4j;-41039363517434150;2052.3704986149583;661.1428799289101;1444;tief (4+ Segmente)
neo4j;-28721297025428128;2016.3875278396436;260.8806624161122;449;tief (4+ Segmente)
neo4j;-28414817254969043;1342.1182572614107;197.59444113681892;1446;tief (4+ Segmente)
neo4j;-26275185089862004;1343.6088458880442;246.29535144414763;1447;flach (<=1 Segment)
neo4j;-26019162020834691;1339.9955456570156;230.7050528460224;449;tief (4+ Segmente)
neo4j;-21110876835005195;1933.720982142857;280.2579832714852;448;tief (4+ Segmente)
neo4j;-20489772213607730;2925.543429844098;354.10630530024224;449;tief (4+ Segmente)
neo4j;-19498224542677218;2013.220696937698;407.82742442411774;947;tief (4+ Segmente)
neo4j;-16060888547024929;1689.550847457627;268.0057325943173;944;tief (4+ Segmente)
neo4j;-12691401629138590;2329.816067653277;633.591593121178;946;tief (4+ Segmente)
neo4j;-4479627821460623;2128.1215644820295;409.8692978146757;946;tief (4+ Segmente)
neo4j;-3865811228107998;1448.4298440979956;166.35783318170854;449;tief (4+ Segmente)
neo4j;220234770526988;1481.0997942386832;249.9700472431506;1944;tief (4+ Segmente)
neo4j;765635123294869;2849.15144766147;384.0425934965436;449;tief (4+ Segmente)
neo4j;778453150526408;1402.6438450899032;230.73243627401433;1446;tief (4+ Segmente)
neo4j;14515925934050544;1466.3763919821827;190.65509358334646;449;tief (4+ Segmente)
neo4j;24292029224103532;2166.84375;1389.2410395692523;1248;tief (4+ Segmente)
neo4j;31621440109336445;1423.456570155902;203.77181852458654;449;mittel (2-3 Segmente)
neo4j;31783551850831752;1674.2843866171004;1190.380086936891;538;mittel (2-3 Segmente)
neo4j;35130999116599943;1296.2669491525423;192.9183991386187;944;mittel (2-3 Segmente)
neo4j;48824298147340786;1588.8017817371938;212.76129606665114;449;tief (4+ Segmente)
neo4j;50684139167807982;1410.7737056428157;256.05654172141925;3438;tief (4+ Segmente)
neo4j;55621005251156460;1721.9097510373444;279.7180733692561;964;tief (4+ Segmente)
neo4j;69965469543567790;1253.0739460953698;189.77283699094156;1447;mittel (2-3 Segmente)
neo4j;71761511155842919;1850.3942093541202;247.29223433586057;449;tief (4+ Segmente)
neo4j;73845720636440095;1566.074894514768;267.4524337353669;948;tief (4+ Segmente)
neo4j;81519984447899441;2777.581232492997;1410.334922766146;714;tief (4+ Segmente)
neo4j;86213027746613746;2771.077144917087;1223.3944700700188;1387;tief (4+ Segmente)
neo4j;89066815405866784;1315.3230958230959;249.96923700723207;2442;mittel (2-3 Segmente)
neo4j;90896676295319176;2996.349078341014;1490.6327938111754;868;tief (4+ Segmente)
neo4j;109055709707097422;1842.8017817371938;205.50192994496197;449;tief (4+ Segmente)
neo4j;113094063037578259;2832.73640167364;1097.909479275956;956;mittel (2-3 Segmente)
neo4j;116562657665866286;1293.6342728297632;220.56041550004008;4435;tief (4+ Segmente)
neo4j;122345333946523605;1481.781737193764;186.4741736369478;449;tief (4+ Segmente)
neo4j;127658213382634400;2715.373212942062;1242.3844995183097;1329;tief (4+ Segmente)
neo4j;130004579459825462;1899.3296213808462;258.86015260604023;449;tief (4+ Segmente)
neo4j;145396509579989882;2082.3386426592797;561.4837865449311;1444;tief (4+ Segmente)
neo4j;154762076167983203;1448.595853161115;262.8703384722013;2942;tief (4+ Segmente)
neo4j;160880577866574195;1358.321729957806;222.37629208691766;948;tief (4+ Segmente)
neo4j;169020085276254000;1461.3691983122362;200.71300174725067;474;tief (4+ Segmente)
neo4j;171992246172382490;2054.138084632517;313.9252763068929;449;tief (4+ Segmente)
neo4j;189453191465587307;2067.9308035714284;251.74690272398627;448;mittel (2-3 Segmente)
neo4j;196204178423726517;1614.542876901798;231.07856157702375;1446;tief (4+ Segmente)
neo4j;198385241727043463;2409.763603925067;1048.0104409048474;1121;mittel (2-3 Segmente)
neo4j;205102982441293824;2421.778935185185;749.5428880230636;3456;mittel (2-3 Segmente)
neo4j;216066959344576262;1423.3034744156664;229.12998283489975;7915;tief (4+ Segmente)
neo4j;224220800015987504;1753.351184346035;279.9725561774107;971;tief (4+ Segmente)
neo4j;261597305119200377;2253.3259878419453;1353.801308399612;1316;tief (4+ Segmente)
neo4j;262677537877632232;2927.7477678571427;304.92592160782993;448;tief (4+ Segmente)
neo4j;269281139764885068;2761.6473214285716;289.71620873459494;448;tief (4+ Segmente)
neo4j;279850790422375921;1409.1380303321175;246.9955511654316;10418;mittel (2-3 Segmente)
neo4j;284898153821570014;1387.276279159067;291.1953104030807;10417;mittel (2-3 Segmente)
neo4j;291435979607624138;1908.983413959917;546.7120036537495;1447;tief (4+ Segmente)
neo4j;298595583207991329;2065.7689161554194;303.3541351735571;489;mittel (2-3 Segmente)
neo4j;299361657169361136;1380.879746835443;224.18916033228575;948;tief (4+ Segmente)
neo4j;301876092220321866;2495.816651075772;974.0939012558472;2138;tief (4+ Segmente)
neo4j;304097774186092443;1417.2669112860272;248.51968959589234;16897;tief (4+ Segmente)
neo4j;308162024531195583;4856.66;87.72373378617525;50;tief (4+ Segmente)
neo4j;317286058574969493;1284.4661733615221;175.77938739921106;946;tief (4+ Segmente)
neo4j;323692559288206343;1522.9587737843551;259.74158381378317;946;tief (4+ Segmente)
neo4j;329151663944448143;2693.7260458839405;1549.6024509301747;741;mittel (2-3 Segmente)
neo4j;336549245393134503;1073.2232142857142;209.23012003245424;448;flach (<=1 Segment)
neo4j;342978303977375831;1438.3184855233853;236.24751253683962;449;tief (4+ Segmente)
neo4j;344095167307157100;1241.3101265822784;187.27380668694656;474;mittel (2-3 Segmente)
neo4j;346416045918984180;1399.2160356347438;214.79016984888554;449;tief (4+ Segmente)
neo4j;348182224927877444;1312.693147208122;301.13802766718044;3940;mittel (2-3 Segmente)
neo4j;352134611303073693;1697.7463002114164;226.70084969149832;946;tief (4+ Segmente)
neo4j;352905326162789826;1637.7004219409282;230.21634129943973;948;tief (4+ Segmente)
neo4j;362945847240383480;1542.447661469933;237.8432717563023;449;tief (4+ Segmente)
neo4j;379805405681127987;1668.3753424657534;302.15647180892387;1460;tief (4+ Segmente)
neo4j;381080849618286075;1435.434599156118;176.13438119231486;474;mittel (2-3 Segmente)
neo4j;391547727805288058;1589.935412026726;214.99979820873398;449;tief (4+ Segmente)
neo4j;404347370846090296;1448.513631406761;233.9427186954315;6419;tief (4+ Segmente)
neo4j;414336757615280431;1348.9852320675107;167.25811639735414;948;tief (4+ Segmente)
neo4j;414807045963464707;1371.886316872428;233.91894100389874;1944;tief (4+ Segmente)
neo4j;420793949386833617;1455.8864142538976;190.55510549495668;449;tief (4+ Segmente)
neo4j;421813618953015950;1423.1714922048998;172.82296238737686;449;tief (4+ Segmente)
neo4j;432923968139421101;1720.107822410148;208.97210857733265;473;tief (4+ Segmente)
neo4j;434976712988593884;2949.6723044397463;318.04868580243004;473;tief (4+ Segmente)
neo4j;446082632477242252;1432.337552742616;295.1425084581479;948;flach (<=1 Segment)
neo4j;450111746268530078;1464.879746835443;191.74333259117628;474;tief (4+ Segmente)
neo4j;451107429500455202;1997.9372197309417;278.4584540941832;446;tief (4+ Segmente)
neo4j;452835052595440373;2083.3892405063293;427.8562156342558;948;mittel (2-3 Segmente)
neo4j;461907301796001958;4798.520089285715;132.88283361758278;448;tief (4+ Segmente)
neo4j;464614326349322068;2217.194708994709;661.0027790506277;945;tief (4+ Segmente)
neo4j;467117702599375475;2265.7633928571427;320.27551380324155;448;tief (4+ Segmente)
neo4j;472276104792498011;2857.6828143021917;1554.9504903541379;867;mittel (2-3 Segmente)
neo4j;472754285631005677;1679.7906458797327;229.15020768081857;449;tief (4+ Segmente)
neo4j;477190216694263929;1424.5679287305122;201.28028930323725;449;tief (4+ Segmente)
neo4j;492480190192452627;2110.6680761099365;476.0548540887703;946;tief (4+ Segmente)
neo4j;499293259869532627;1774.2974683544303;250.43478917662543;474;mittel (2-3 Segmente)
neo4j;500012930986694444;3284.882687927107;1105.8246611488998;878;mittel (2-3 Segmente)
neo4j;501531815956227038;1603.0594744121715;314.34043309608086;1446;tief (4+ Segmente)
neo4j;503337790243898993;2595.257796257796;251.32937400146196;481;tief (4+ Segmente)
neo4j;519247055886916772;1576.512249443207;159.0075258118143;449;tief (4+ Segmente)
neo4j;523569322275171621;1574.7457805907172;245.75089277993564;948;tief (4+ Segmente)
neo4j;529357289428057073;4598.587030716723;236.88273087624194;293;mittel (2-3 Segmente)
neo4j;532459917383678850;1994.9338374291115;948.0256454664354;2116;mittel (2-3 Segmente)
neo4j;534558442269524382;1509.7126948775056;233.92472431642636;449;tief (4+ Segmente)
neo4j;536291892245051489;1427.2326621923937;194.90487390646035;447;tief (4+ Segmente)
neo4j;537487025181692291;1721.8619153674833;255.81891195042974;449;tief (4+ Segmente)
neo4j;540897163100036440;1529.2692713833158;232.34035946917092;947;tief (4+ Segmente)
neo4j;541958686418023372;1356.4145328719724;179.27962323324672;1445;mittel (2-3 Segmente)
neo4j;546253624952219151;1528.2338530066816;190.37806866860288;449;mittel (2-3 Segmente)
neo4j;546450313911305658;1535.1962025316457;280.0916067043519;474;tief (4+ Segmente)
neo4j;551503524306605506;4521.788029925187;221.20946511476185;401;tief (4+ Segmente)
neo4j;555810284822535545;2665.4241071428573;294.9608301437862;448;tief (4+ Segmente)
neo4j;555894838874132227;1413.994478188846;257.10075782648534;5433;tief (4+ Segmente)
neo4j;571323860803538148;1384.639198218263;131.9200883492352;449;mittel (2-3 Segmente)
neo4j;571649642927370185;2254.9240183579805;630.1919102254808;1961;flach (<=1 Segment)
neo4j;574045781432188866;4734.580357142857;150.80377404805398;224;tief (4+ Segmente)
neo4j;574058482254279801;1785.9821826280624;184.82465059495416;449;tief (4+ Segmente)
neo4j;574100122439552409;3609.9101123595506;421.5845709470076;445;tief (4+ Segmente)
neo4j;577967302292120497;1319.138392857143;153.737183999732;448;tief (4+ Segmente)
neo4j;578251888895364054;1366.687086934418;256.5984524072234;3934;mittel (2-3 Segmente)
neo4j;578463988515721045;2112.45493107105;524.9214538700901;943;mittel (2-3 Segmente)
neo4j;579891964443763564;1742.7195290858726;499.55009794106985;1444;mittel (2-3 Segmente)
neo4j;584385028264445970;3036.21111589832;929.8216130357074;6963;flach (<=1 Segment)
neo4j;591457710187147916;2890.9933184855236;317.5267599098212;449;tief (4+ Segmente)
neo4j;592098668111574451;1332.8841870824053;180.1159347483903;449;tief (4+ Segmente)
neo4j;595984656418740831;1344.308750563825;196.59095409104145;4434;tief (4+ Segmente)
neo4j;610439811260925795;1545.1118568232662;187.74253913963747;447;tief (4+ Segmente)
neo4j;612069711136148679;3690.285393258427;344.3622933597179;445;tief (4+ Segmente)
neo4j;616692867258240645;1775.2449888641424;274.56976511974653;449;tief (4+ Segmente)
neo4j;625867593058149322;1796.8310880829015;272.2380111541658;965;tief (4+ Segmente)
neo4j;630993574768687092;1929.0256937307297;552.0126552547283;973;tief (4+ Segmente)
neo4j;631903631023055486;1818.1581291759464;284.73744866366314;449;tief (4+ Segmente)
neo4j;638724923650942432;1824.8455618265778;676.974831315884;1949;tief (4+ Segmente)
neo4j;644710201368662322;1558.4836325237593;257.68870729863835;947;tief (4+ Segmente)
neo4j;644992069957152118;1458.417106652587;197.838350533271;947;tief (4+ Segmente)
neo4j;660258847720122551;2111.125125125125;720.6343741188613;999;tief (4+ Segmente)
neo4j;663958971997491345;1478.4595155709342;234.933574748452;1445;tief (4+ Segmente)
neo4j;666837293074761061;1909.09375;242.3361231026086;448;tief (4+ Segmente)
neo4j;667240083722010687;1717.5253164556962;210.4554016933472;474;mittel (2-3 Segmente)
neo4j;674835182984831971;2606.858744394619;476.3655288543317;446;tief (4+ Segmente)
neo4j;675848341813823045;1563.204899777283;241.16134172747442;449;mittel (2-3 Segmente)
neo4j;685541436957367618;1634.2410714285713;183.40044306157097;448;tief (4+ Segmente)
neo4j;692923801389120410;1824.2452054794521;334.85525830425377;1460;mittel (2-3 Segmente)
neo4j;695561264036356355;1447.9174107142858;189.61366553347096;448;tief (4+ Segmente)
neo4j;696792148691169892;1599.656429156429;351.6922842772937;2442;flach (<=1 Segment)
neo4j;701806793089666002;1344.639198218263;167.06277924801194;449;tief (4+ Segmente)
neo4j;702120818418443809;1512.6729957805908;205.81880321230742;948;tief (4+ Segmente)
neo4j;702449647868112313;1843.5625;587.5448903495095;1440;mittel (2-3 Segmente)
neo4j;702707616975188689;2081.619153674833;287.29543916404367;449;tief (4+ Segmente)
neo4j;704576258559910110;2414.10529986053;1216.1783591176616;1434;tief (4+ Segmente)
neo4j;705857345076947779;2898.2067510548522;364.1507765067057;474;tief (4+ Segmente)
neo4j;709714851240357095;1334.0848214285713;123.79860943284933;448;tief (4+ Segmente)
neo4j;710066153261140959;1496.6086497890296;207.15372834933564;948;tief (4+ Segmente)
neo4j;713639260851148059;1483.1535580524344;253.50677276349367;2937;tief (4+ Segmente)
neo4j;715526251058155140;1395.4810690423162;189.0467044115146;449;tief (4+ Segmente)
neo4j;719053761332066191;2651.9957805907175;277.60826123370913;474;tief (4+ Segmente)
neo4j;720121612753188864;1437.8955739972337;200.73423224312745;1446;tief (4+ Segmente)
neo4j;727293615200937896;1413.6780122532334;236.972068938789;2938;tief (4+ Segmente)
neo4j;728651541046469923;1602.860759493671;241.90471655271037;948;tief (4+ Segmente)
neo4j;732749034716642520;1460.4228329809725;191.4022598371574;473;tief (4+ Segmente)
neo4j;739276447270787241;2034.932463545664;818.2189261655567;5212;mittel (2-3 Segmente)
neo4j;748118726363390543;4322.394014962593;210.79529018479053;401;mittel (2-3 Segmente)
neo4j;770283466765960222;1909.7805907172997;285.6298702335967;948;tief (4+ Segmente)
neo4j;771711346146492937;1579.968819599109;237.935885550615;449;tief (4+ Segmente)
neo4j;778577796266662606;1447.6468193384223;234.2570803321258;3930;tief (4+ Segmente)
neo4j;779957869093870285;1471.4620535714287;173.2189608566213;448;tief (4+ Segmente)
neo4j;791467191652943023;1427.9524004924087;238.730104079448;2437;tief (4+ Segmente)
neo4j;793237766005492046;1561.5844559585491;333.6680500144648;965;mittel (2-3 Segmente)
neo4j;810478841380607058;1887.9308035714287;226.96954459147113;448;tief (4+ Segmente)
neo4j;820279755359982521;2786.4675615212527;280.2976848046034;447;tief (4+ Segmente)
neo4j;827258738557331255;2112.2461964038725;510.15608463965657;1446;tief (4+ Segmente)
neo4j;841443722960668080;1365.5173978819969;250.56522783926965;9915;mittel (2-3 Segmente)
neo4j;841623167744017229;2801.8571428571427;425.22565888942796;448;tief (4+ Segmente)
neo4j;844072058332395339;1224.9357290946787;209.80146879608466;1447;mittel (2-3 Segmente)
neo4j;850840742481327360;1329.6316964285713;185.30313896629556;448;tief (4+ Segmente)
neo4j;851620494779174381;1366.751677852349;166.5333659200681;447;tief (4+ Segmente)
neo4j;860892702388395162;1783.1754756871037;349.3612173395764;946;tief (4+ Segmente)
neo4j;863151931467042775;1392.4944320712696;160.1455827359026;449;tief (4+ Segmente)
neo4j;866816578257378487;1445.21875;187.34828351082356;448;tief (4+ Segmente)
neo4j;868794215893605913;1741.048076923077;916.1527476513124;520;tief (4+ Segmente)
neo4j;883025930476208538;3040.85201793722;300.3434971068056;446;tief (4+ Segmente)
neo4j;884969185107227811;1363.3724928366762;237.36552555878768;2443;tief (4+ Segmente)
neo4j;885736626129999021;1334.7916955017301;185.35175494497332;1445;tief (4+ Segmente)
neo4j;892596341944618525;1449.6017206477734;248.5072025216866;5928;tief (4+ Segmente)
neo4j;894610186173888786;2913.2447257383965;418.6623812263925;474;tief (4+ Segmente)
neo4j;894811393929770784;1326.9487750556793;212.48053388690033;449;tief (4+ Segmente)
neo4j;906410208746516722;2868.859688195991;395.7896553104887;449;tief (4+ Segmente)
neo4j;908040430437087314;2517.789964157706;1309.9923432425153;1395;tief (4+ Segmente)
neo4j;922987097739956310;1644.21875;250.92360291976746;448;tief (4+ Segmente)
neo4j;924430201589061782;1873.2766251728908;376.79824468431826;1446;tief (4+ Segmente)
neo4j;928034772859449220;1585.5379464285713;233.18114894063947;448;tief (4+ Segmente)
neo4j;934033264968957075;1440.2849135917795;243.88594249007932;6423;tief (4+ Segmente)
neo4j;936109814944659244;1365.2901785714287;171.16916209111596;448;tief (4+ Segmente)
neo4j;939072347979899171;1351.8864142538976;158.5607224204021;449;mittel (2-3 Segmente)
neo4j;941578832741102879;2164.1331967213114;799.2282945006668;1464;tief (4+ Segmente)
neo4j;942884485302015840;1445.5501113585747;181.48281305440292;449;tief (4+ Segmente)
neo4j;943174070164045574;1818.5872689938399;253.17631602912977;487;mittel (2-3 Segmente)
neo4j;944641628550881975;2441.4208400646203;354.32895831539054;2476;flach (<=1 Segment)
neo4j;945228569708136545;2815.5491666666667;1138.1969020073325;1200;tief (4+ Segmente)
neo4j;947346635220761434;1993.608134920635;627.0960912489221;1008;tief (4+ Segmente)
neo4j;947533190914524242;1327.0357142857142;170.18760163630927;448;tief (4+ Segmente)
neo4j;950010022006984728;1307.751847940866;187.54635419756116;947;flach (<=1 Segment)
neo4j;952660895531099633;2475.91975308642;791.4396298414441;972;tief (4+ Segmente)
neo4j;966278925912315269;2622.4040178571427;337.4193743211339;448;tief (4+ Segmente)
neo4j;976780217932779086;1397.152709359606;186.21358339693444;2436;tief (4+ Segmente)
neo4j;980987944792705654;1392.423162583519;180.02547934194533;449;tief (4+ Segmente)
neo4j;982283969931344316;1292.6517857142858;171.478057235132;448;tief (4+ Segmente)
neo4j;986834840907361064;2561.9590163934427;1065.6650058004477;1708;tief (4+ Segmente)
neo4j;990959519800614164;1413.3090717299579;209.3913249670841;948;tief (4+ Segmente)
neo4j;996214500070654972;1544.011316872428;243.58520836412583;972;tief (4+ Segmente)
neo4j;1001113396833123475;2518.9933184855236;304.16646559826984;449;tief (4+ Segmente)
neo4j;1003997077660890209;3527.9539748953976;398.74019900797776;478;mittel (2-3 Segmente)
neo4j;1006115099566102738;1316.8953229398664;159.58450571619855;449;tief (4+ Segmente)
neo4j;1008367685215887102;1340.8062360801782;170.82252526993017;449;tief (4+ Segmente)
neo4j;1017719584948036457;1368.4917078847832;250.67301901146877;3437;mittel (2-3 Segmente)
neo4j;1019220999000052943;2195.2264150943397;1072.8353741637209;1113;tief (4+ Segmente)
neo4j;1024439070495996524;1325.767489711934;198.43035223027897;1944;mittel (2-3 Segmente)
neo4j;1031963741124383336;1425.5010288065844;211.95649394570424;1944;mittel (2-3 Segmente)
neo4j;1044890140955998032;2425.129175946548;251.60279294790314;449;tief (4+ Segmente)
neo4j;1052200557843376719;2065.2170022371365;365.0336428711255;447;tief (4+ Segmente)
neo4j;1058109469347465380;1394.3891656288918;204.5550991437183;6424;tief (4+ Segmente)
neo4j;1058427436752790349;2518.04845814978;1364.4368292397658;1362;tief (4+ Segmente)
neo4j;1061550679335091760;1405.4216445427728;213.62729763243277;5424;tief (4+ Segmente)
neo4j;1063590212119669211;1478.7973273942093;236.38777424873257;449;tief (4+ Segmente)
neo4j;1064070546250850038;2319.9837662337663;1335.1909932118033;616;tief (4+ Segmente)
neo4j;1079853038159629685;1421.7615621788284;210.21482140596277;1946;tief (4+ Segmente)
neo4j;1091559841481006654;1711.448312236287;314.26653594503085;948;tief (4+ Segmente)
neo4j;1091761124864821958;1414.6908842223831;255.29650041480033;24858;tief (4+ Segmente)
neo4j;1096266053513768534;1337.580357142857;140.15249849635757;448;tief (4+ Segmente)
neo4j;1105819212810472252;1423.7561181434598;225.28598997118883;5925;tief (4+ Segmente)
neo4j;1107012126207592050;1544.8120380147836;315.7029381913136;947;tief (4+ Segmente)
neo4j;1110987757642066515;2761.977225672878;407.5418486504372;483;flach (<=1 Segment)
neo4j;1123998492227682002;1386.7911522633744;236.39142849670083;1944;tief (4+ Segmente)
neo4j;1129444051888013986;1906.374193548387;551.3915750488819;2945;tief (4+ Segmente)
neo4j;1148471543107984423;2086.1223628691982;265.06385565549056;474;tief (4+ Segmente)
neo4j;1150651606152735991;1443.158482142857;195.8900626925037;448;tief (4+ Segmente)
neo4j;1165458953488540869;1386.9661733615221;169.50605151454172;946;tief (4+ Segmente)
neo4j;1170618604290476525;2798.75;356.23731501416444;448;tief (4+ Segmente)
neo4j;1174486356289274692;1367.288278775079;214.00591340522422;947;tief (4+ Segmente)
neo4j;1180045122745345662;1437.0178173719376;190.1121958298867;449;tief (4+ Segmente)
neo4j;1184582857010550870;2110.4573671066714;1100.9113987055978;2803;mittel (2-3 Segmente)
neo4j;1192458518372942788;2858.866525423729;298.47070432442547;472;tief (4+ Segmente)
neo4j;1192466059122394115;2386.006085192698;1171.2061589125622;1479;tief (4+ Segmente)
neo4j;1196898599040711063;1990.620633631194;488.10962827262347;2462;tief (4+ Segmente)
neo4j;1197418899183458150;2028.945445187854;634.1719887675409;1943;tief (4+ Segmente)
neo4j;1198917728635788491;1872.2151639344263;656.1676652628644;1952;tief (4+ Segmente)
neo4j;1205950391028914172;1437.984988058683;248.33405700815064;2931;tief (4+ Segmente)
neo4j;1207091471046834000;1480.4388185654009;217.8503246275144;948;tief (4+ Segmente)
neo4j;1210508000477463450;1129.279535864979;254.8094116078205;948;flach (<=1 Segment)
neo4j;1214764517525893179;2016.4186046511627;570.7608513663529;946;mittel (2-3 Segmente)
neo4j;1216857385186861346;2858.3568464730292;327.1720663532923;964;tief (4+ Segmente)
neo4j;1217987404552529599;2442.1544571932923;967.617391810742;1133;tief (4+ Segmente)
neo4j;1224761702047800647;1673.2901785714287;226.7646597466968;448;tief (4+ Segmente)
neo4j;1224801279248777517;2819.944071588367;418.4982911971738;447;mittel (2-3 Segmente)
neo4j;1234668911638465037;1806.1629464285713;237.02994980109287;448;mittel (2-3 Segmente)
neo4j;1235605563547606794;1717.9177215189873;264.96207312119867;474;tief (4+ Segmente)
neo4j;1240305265040232137;1958.705986959099;1013.4634370595054;3374;tief (4+ Segmente)
neo4j;1247822760208748346;1414.6849912739965;271.7136342790202;3438;tief (4+ Segmente)
neo4j;1250577393356769475;1289.2088607594937;153.5011828687355;948;tief (4+ Segmente)
neo4j;1254063499522762898;2729.6197033898306;830.0461897185562;944;tief (4+ Segmente)
neo4j;1255375134081242730;1713.2405345211582;223.34463490885733;449;tief (4+ Segmente)
neo4j;1260268606450345231;2646.7701529557667;1094.0036211830952;2419;tief (4+ Segmente)
neo4j;1267619242023312148;1629.2611607142858;230.70204325290635;448;tief (4+ Segmente)
neo4j;1274112401804631222;2814.941964285714;319.4806204927082;448;tief (4+ Segmente)
neo4j;1283830801827014687;2637.9955456570156;310.5467168929205;449;tief (4+ Segmente)
neo4j;1285593015819318607;4779.388157894737;109.38086139251355;152;tief (4+ Segmente)
neo4j;1296663213432021271;1524.7268326417704;258.16283466716567;1446;tief (4+ Segmente)
neo4j;1298828997764405831;1505.0690423162584;252.95220671745994;449;tief (4+ Segmente)
neo4j;1300558329237860451;1483.008908685969;271.24347410009096;449;tief (4+ Segmente)
neo4j;1306266163645734090;1599.8020761245675;293.01097068720003;1445;tief (4+ Segmente)
neo4j;1317909952453965209;1728.1358574610244;273.07389074227245;449;tief (4+ Segmente)
neo4j;1319060920957222650;1488.9827109266944;206.53213858466455;1446;tief (4+ Segmente)
neo4j;1320927311701068674;1380.7212443716742;267.15715678978836;2443;mittel (2-3 Segmente)
neo4j;1323114184584579285;4507.351351351352;165.5777025386801;333;tief (4+ Segmente)
neo4j;1331249161984034190;1356.0244988864142;196.51951881038386;449;mittel (2-3 Segmente)
neo4j;1333707329423800120;1405.6625172890733;239.09937027096132;1446;tief (4+ Segmente)
neo4j;1336726014856782946;1376.8975501113587;171.71768311643825;449;tief (4+ Segmente)
neo4j;1341103690676261251;2086.1945031712476;285.221650746339;473;flach (<=1 Segment)
neo4j;1347883061730129623;3717.4978813559323;427.2339464580472;472;mittel (2-3 Segmente)
neo4j;1349459455890926656;2108.0712694877507;417.44852580292616;449;tief (4+ Segmente)
neo4j;1351281421635700200;1625.7012711864406;246.78336976128952;472;tief (4+ Segmente)
neo4j;1356836463227298037;1635.5362244897958;385.6144989771112;1960;mittel (2-3 Segmente)
neo4j;1359086945570788338;1624.3340757238307;228.96345373069687;449;tief (4+ Segmente)
neo4j;1366651016783804805;1366.2080262080262;241.75653999499352;2442;tief (4+ Segmente)
neo4j;1376370721144223503;3231.0381355932204;298.049082271362;472;flach (<=1 Segment)
neo4j;1377313767990376940;1439.34451901566;160.66948599874894;447;tief (4+ Segmente)
neo4j;1382910101992532460;4488.496124031008;210.91198925835687;387;tief (4+ Segmente)
neo4j;1384780729080607034;1962.7866948257656;725.9730300003596;947;tief (4+ Segmente)
neo4j;1399816806175798498;2156.7118959107806;1046.079405946497;538;tief (4+ Segmente)
neo4j;1420436247092928426;3342.8421985815603;722.157116183263;564;tief (4+ Segmente)
neo4j;1422912377713087727;1347.7924107142858;162.505162156495;448;tief (4+ Segmente)
neo4j;1435344616435448106;1300.661469933185;181.44233971591237;449;tief (4+ Segmente)
neo4j;1439172101841367227;2381.398936170213;1237.1598409065973;1880;tief (4+ Segmente)
neo4j;1443113700463833642;1519.0736607142858;200.1860352288918;448;tief (4+ Segmente)
neo4j;1452010747493044424;1439.402195945946;243.49356867909503;5920;tief (4+ Segmente)
neo4j;1469321756263440472;1352.1003167898627;160.91006860853523;947;tief (4+ Segmente)
neo4j;1479572852636679391;1459.3407572383073;215.859654224097;449;tief (4+ Segmente)
neo4j;1486210760028573363;1406.9398663697104;161.46713907441023;449;tief (4+ Segmente)
neo4j;1506404664137565756;1543.626582278481;256.0276883499583;948;tief (4+ Segmente)
neo4j;1517341995874318841;2465.4665629860033;1308.8183401523797;1286;tief (4+ Segmente)
neo4j;1532387263848077728;1445.8218262806236;166.01403599560524;449;tief (4+ Segmente)
neo4j;1536961433538996972;1739.0401691331924;279.9450257324686;946;tief (4+ Segmente)
neo4j;1544157272286921624;1412.1223094170405;241.96255534314636;8920;tief (4+ Segmente)
neo4j;1545390734418803734;1487.6604554865423;211.66787925742474;483;mittel (2-3 Segmente)
neo4j;1548543301448725952;2095.2663847780127;659.0373136749621;946;tief (4+ Segmente)
neo4j;1549581616649113561;1482.3273942093542;177.70407579995978;449;tief (4+ Segmente)
neo4j;1550520271948297705;1633.6697247706422;295.25518050029996;1962;mittel (2-3 Segmente)
neo4j;1551199702030526754;1640.8169642857142;218.32519405771455;448;tief (4+ Segmente)
neo4j;1551488042045096015;2258.2289029535864;302.2652934635169;948;tief (4+ Segmente)
neo4j;1561586235850677378;1588.03125;206.6365762309889;448;tief (4+ Segmente)
neo4j;1572446431233414486;1316.7857142857142;175.60990827668942;448;tief (4+ Segmente)
neo4j;1574197128625307796;1620.8325892857142;209.9501402629029;448;tief (4+ Segmente)
neo4j;1585848835667854762;1407.3080357142858;218.14409113941463;448;tief (4+ Segmente)
neo4j;1588708903577277077;1710.7243523316063;341.4004242318466;965;mittel (2-3 Segmente)
neo4j;1589757240955385579;1873.7879464285713;280.5854651524804;448;tief (4+ Segmente)
neo4j;1593840043356105979;1602.432801161103;353.6677729723454;3445;tief (4+ Segmente)
neo4j;1601693688490054344;1439.0579064587973;165.5459211110324;449;tief (4+ Segmente)
neo4j;1604098447104866056;1578.2552742616033;269.5906854049538;474;tief (4+ Segmente)
neo4j;1605435379003421491;1868.3029423151374;769.5216682134447;5166;tief (4+ Segmente)
neo4j;1607591716469079271;3044.818181818182;1275.1933741018968;1331;mittel (2-3 Segmente)
neo4j;1633833737861590706;1552.118040089087;197.35770610856792;449;tief (4+ Segmente)
neo4j;1633836459440881713;1673.5715767634854;268.2186149413231;964;tief (4+ Segmente)
neo4j;1634087082394646356;4304.466819221968;383.9577539383141;437;mittel (2-3 Segmente)
neo4j;1639840190049647370;2203.227626459144;784.0946870931999;1542;tief (4+ Segmente)
neo4j;1640038162004689600;1894.2566964285713;224.38818373978037;448;tief (4+ Segmente)
neo4j;1648361073138611008;1452.3073496659242;115.34004061115668;449;tief (4+ Segmente)
neo4j;1651872849558094366;3073.6118143459917;294.94359862820204;474;flach (<=1 Segment)
neo4j;1657519836323589944;1380.1232745805903;237.59305457318803;9418;mittel (2-3 Segmente)
neo4j;1664155460377545707;1261.2901785714287;123.71387820981532;448;mittel (2-3 Segmente)
neo4j;1670806681553262669;2315.1111111111113;675.684324590393;945;tief (4+ Segmente)
neo4j;1693831707291403119;1899.325892857143;281.7687995853741;448;tief (4+ Segmente)
neo4j;1694706032511766814;1343.5774484161582;247.13852250353779;3441;tief (4+ Segmente)
neo4j;1706540686163170054;1436.7772828507796;202.60008399887352;449;tief (4+ Segmente)
neo4j;1716607502897468017;2102.386160714286;287.9108121991949;448;tief (4+ Segmente)
neo4j;1718406927838679076;1508.0066803699897;275.71794472852895;1946;mittel (2-3 Segmente)
neo4j;1720518224364321299;1439.2538975501113;217.73547934034517;449;tief (4+ Segmente)
neo4j;1723319906543505586;2854.1941964285716;285.64982279669323;448;tief (4+ Segmente)
neo4j;1726723007447426020;1496.3452115812918;237.15051114842106;449;tief (4+ Segmente)
neo4j;1730884936415930028;1768.3614697120158;615.290630998308;6042;tief (4+ Segmente)
neo4j;1736795191242317024;1447.1700069108501;217.9458740055841;1447;tief (4+ Segmente)
neo4j;1740058229889580562;1882.6486347243688;608.0992298844176;1941;tief (4+ Segmente)
neo4j;1753949949084152026;4605.586826347306;145.93835324909216;334;tief (4+ Segmente)
neo4j;1757040141546718762;1791.830303030303;581.7420340237314;2475;tief (4+ Segmente)
neo4j;1759607453612596626;1605.0664556962026;225.19010111508683;948;tief (4+ Segmente)
neo4j;1764446796910666865;1961.411495422177;350.869174563877;1966;mittel (2-3 Segmente)
neo4j;1767127748645358733;2687.641425389755;446.5565155539416;449;tief (4+ Segmente)
neo4j;1768538210307550565;1731.5567928730513;262.8128866643229;449;tief (4+ Segmente)
neo4j;1781777077478460937;1382.7454050374404;240.19656117932362;2938;tief (4+ Segmente)
neo4j;1789906248242211168;2004.07822410148;612.5897495730093;946;tief (4+ Segmente)
neo4j;1790322390662773905;1401.5701559020044;170.79210184832985;449;tief (4+ Segmente)
neo4j;1791456716324990400;1643.9823766364552;440.8267424030942;1986;tief (4+ Segmente)
neo4j;1791536826426032215;2401.1646859083194;634.3862692100737;2945;tief (4+ Segmente)
neo4j;1794445362784521165;1488.773264781491;274.42491403157896;1945;tief (4+ Segmente)
neo4j;1796672804654232882;2458.238839285714;336.08119772389335;448;tief (4+ Segmente)
neo4j;1837667720311484355;2063.930158730159;512.3344310795172;945;tief (4+ Segmente)
neo4j;1838813442061083112;1750.0179514255544;300.1976422511258;947;flach (<=1 Segment)
neo4j;1847540645866231359;2791.9176346356917;423.7909223325595;947;tief (4+ Segmente)
neo4j;1847593386462299368;2667.908618127786;1229.3480599934617;1346;tief (4+ Segmente)
neo4j;1855626062595687034;2892.683035714286;330.9196357866258;448;tief (4+ Segmente)
neo4j;1856508447361017397;1389.5701559020044;180.2879395880744;449;mittel (2-3 Segmente)
neo4j;1866741444884692068;1548.5812917594656;236.54496553646837;449;tief (4+ Segmente)
neo4j;1873877654382191983;1159.273942093541;147.98810962976478;449;tief (4+ Segmente)
neo4j;1883719810469011727;3645.9036402569595;542.2093971537828;934;mittel (2-3 Segmente)
neo4j;1887040470621257809;1500.447204968944;511.24392559717893;483;mittel (2-3 Segmente)
neo4j;1889816417550576150;1451.7973273942093;204.689303736834;449;mittel (2-3 Segmente)
neo4j;1890504914675429711;1456.1206954760298;248.108848681337;5924;tief (4+ Segmente)
neo4j;1892451228872793500;1356.2529371112646;204.6507422334268;1447;mittel (2-3 Segmente)
neo4j;1895128064055001213;1845.1893095768373;207.69610413094912;449;tief (4+ Segmente)
neo4j;1901145703407450002;1449.3404844290658;222.4339680436746;1445;tief (4+ Segmente)
neo4j;1901375619194703056;1432.251670378619;161.84543001601764;449;tief (4+ Segmente)
neo4j;1906145296510787395;1429.4604012671593;211.1976651588491;947;tief (4+ Segmente)
neo4j;1910824650983392745;1465.515625;197.52798850544946;448;mittel (2-3 Segmente)
neo4j;1915010223075123225;1756.7388392857142;283.61513467706413;448;tief (4+ Segmente)
neo4j;1917844029020332135;1392.2020846297448;248.2582414047991;6428;mittel (2-3 Segmente)
neo4j;1923552200829818935;2125.1666666666665;823.9055135866918;948;mittel (2-3 Segmente)
neo4j;1934584289398945923;2265.75;351.18508221261345;448;mittel (2-3 Segmente)
neo4j;1937996089051845946;1675.3095768374164;193.65050422744514;449;tief (4+ Segmente)
neo4j;1940582614406398976;1679.455602536998;270.3192481314959;946;tief (4+ Segmente)
neo4j;1944149983396672111;1258.064587973274;180.94467588132125;449;tief (4+ Segmente)
neo4j;1951232365645848411;1417.045358649789;192.74140515306553;948;tief (4+ Segmente)
neo4j;1953988266580220012;1542.4;254.7920183485111;965;flach (<=1 Segment)
neo4j;1959141293707821862;3547.446188340807;347.7472096464605;446;tief (4+ Segmente)
neo4j;1963417963905730956;1489.5573997233748;273.22762192207574;1446;tief (4+ Segmente)
neo4j;1965229437382233346;4668.332268370607;170.92260435581326;313;tief (4+ Segmente)
neo4j;1966310726417236882;1615.7984764542937;293.33126262024416;1444;tief (4+ Segmente)
neo4j;1978240166712151516;1718.46484055601;493.15052870049897;2446;tief (4+ Segmente)
neo4j;1989234600680026314;1573.2004219409282;278.3439181454577;948;tief (4+ Segmente)
neo4j;1989874574699905090;1529.2561247216036;227.8271369766657;449;mittel (2-3 Segmente)
neo4j;1993119620606420470;1317.0611814345991;192.2173687371158;948;tief (4+ Segmente)
neo4j;1998264306625965746;1554.923937360179;220.80340165759577;447;tief (4+ Segmente)
neo4j;2002603999498611246;1700.0984743411927;555.5133417638275;1442;mittel (2-3 Segmente)
neo4j;2014085875831355355;1330.2793936911103;214.2731704607569;2441;tief (4+ Segmente)
neo4j;2018376262866930162;1606.1915367483296;222.36090921308687;449;tief (4+ Segmente)
neo4j;2019035338499799533;1924.6825726141078;541.4341709329588;1446;tief (4+ Segmente)
neo4j;2034554308232627435;1366.2204899777282;156.40307624147005;449;tief (4+ Segmente)
neo4j;2038532497899322982;3025.1741071428573;336.390720476156;448;tief (4+ Segmente)
neo4j;2041055530755168668;1234.022271714922;123.93701396852732;449;tief (4+ Segmente)
neo4j;2044629615397661204;1625.7973273942093;252.96561806184772;449;tief (4+ Segmente)
neo4j;2045761926092664005;1842.536997885835;238.63650289477837;473;tief (4+ Segmente)
neo4j;2045920304836163584;2052.319532908705;719.229509232404;942;tief (4+ Segmente)
neo4j;2046950954199376615;1607.292531120332;251.4716962704846;964;mittel (2-3 Segmente)
neo4j;2048829351531528041;1470.4789029535864;173.61104670227738;474;tief (4+ Segmente)
neo4j;2049459885376794149;1478.748329621381;204.7790215851111;449;tief (4+ Segmente)
neo4j;2052091248318190967;1327.859688195991;172.50421941239918;449;tief (4+ Segmente)
neo4j;2067375006326643056;1419.0212765957447;250.07711859551182;2444;tief (4+ Segmente)
neo4j;2071474455994368162;2017.8945480631278;833.3733523112129;4182;tief (4+ Segmente)
neo4j;2074028614184868604;1703.6294642857142;287.3586355734565;448;tief (4+ Segmente)
neo4j;2081920351230401344;1462.9069413950347;228.14866749671086;5921;tief (4+ Segmente)
neo4j;2082657125302087068;2623.5383022774326;318.29872592280805;483;tief (4+ Segmente)
neo4j;2089358078329460064;2852.668903803132;292.37509309489485;447;tief (4+ Segmente)
neo4j;2090151473270540504;1368.1093434002967;229.47887891640514;7417;tief (4+ Segmente)
neo4j;2092179689046110778;1384.3458862054852;333.07418677041846;2443;mittel (2-3 Segmente)
neo4j;2093530430360907404;1518.1781737193764;223.23788034063296;449;tief (4+ Segmente)
neo4j;2095315331927981807;1273.9285714285713;168.43576776307555;448;tief (4+ Segmente)
neo4j;2098693030226100613;1415.2029804727647;241.78864851668231;1946;tief (4+ Segmente)
neo4j;2100940137091480512;1734.0044642857142;266.09770955699656;448;tief (4+ Segmente)
neo4j;2102858635558553962;2775.938021454112;1550.5487183240398;839;tief (4+ Segmente)
neo4j;2117242822564236007;1493.5613305613306;190.22989622618715;481;tief (4+ Segmente)
neo4j;2125107236338590207;2199.206131078224;598.6817836713723;946;tief (4+ Segmente)
neo4j;2132481796706894528;2542.91259879126;985.9227262442614;2151;tief (4+ Segmente)
neo4j;2134320606790372185;1942.1607142857142;272.07343901241705;448;tief (4+ Segmente)
neo4j;2137531360487500395;1904.3897550111358;329.59216137710945;449;tief (4+ Segmente)
neo4j;2138434062654560545;1759.3062302006335;274.61066268539065;947;tief (4+ Segmente)
neo4j;2143831841678049411;2025.4775784753363;337.9485941754077;446;tief (4+ Segmente)
neo4j;2146760125764350344;2456.247096092925;791.5238762674111;947;tief (4+ Segmente)
neo4j;2154805681906148668;1459.5786699107866;306.0663843212001;4932;tief (4+ Segmente)
neo4j;2159236020344786070;1383.3188189942177;278.44828113264003;11414;mittel (2-3 Segmente)
neo4j;2161929041151719152;1301.299107142857;127.90056540169591;448;tief (4+ Segmente)
neo4j;2177359470296744644;2266.761160714286;284.9213771381984;448;mittel (2-3 Segmente)
neo4j;2182129581729219376;1286.362840967576;255.98459700089046;1943;mittel (2-3 Segmente)
neo4j;2186430596436968658;4937.625;19.663417810747003;16;tief (4+ Segmente)
neo4j;2192872874539957459;1686.6807610993658;267.5495312725578;473;tief (4+ Segmente)
neo4j;2195159580678080313;1472.6325167037862;221.02293819457066;449;tief (4+ Segmente)
neo4j;2196937443072854578;2210.5936856554563;671.7321382548986;1457;tief (4+ Segmente)
neo4j;2198089151329978714;1907.4445617740232;313.6780574416937;947;tief (4+ Segmente)
neo4j;2208832249592198307;1319.4941921858501;152.23157056330396;947;mittel (2-3 Segmente)
neo4j;2209580843653095812;1487.707805907173;232.54549364094325;948;tief (4+ Segmente)
neo4j;2221794275631220522;1586.0475184794086;221.41890803349332;947;tief (4+ Segmente)
neo4j;2229200487106548871;1437.2144459398833;251.22519074391022;8916;tief (4+ Segmente)
neo4j;2234167526062426894;1555.9417989417989;292.33384350464934;945;tief (4+ Segmente)
neo4j;2237708394730218119;1428.288590604027;174.92663274249577;447;tief (4+ Segmente)
neo4j;2238570731320101607;1285.4743875278396;177.84471027275814;449;tief (4+ Segmente)
neo4j;2245152646134367618;1947.1528662420383;281.0339685443911;471;tief (4+ Segmente)
neo4j;2249930414602789482;1489.8975501113587;192.43864564513711;449;tief (4+ Segmente)
neo4j;2259444571665923272;1361.6369294605809;196.29661263017454;1446;tief (4+ Segmente)
neo4j;2261158587699928359;1444.1603563474387;182.1108403061597;449;flach (<=1 Segment)
neo4j;2263923122314911123;1573.9181910569105;228.71960290007436;1968;tief (4+ Segmente)
neo4j;2268549451465018203;2664.8337988826815;1482.4423069103152;716;tief (4+ Segmente)
neo4j;2269390135057037111;1388.6504237288136;183.600881853611;944;tief (4+ Segmente)
neo4j;2272677085964503740;1295.6455696202531;188.37410516501066;948;tief (4+ Segmente)
neo4j;2273721806058458227;1966.8392857142858;275.2297735562738;448;tief (4+ Segmente)
neo4j;2283307085643402034;4617.516320474778;186.96931375608364;337;tief (4+ Segmente)
neo4j;2288234378672859304;1942.4589127686472;870.4646170183574;1582;mittel (2-3 Segmente)
neo4j;2292279689590805890;1580.1188959660296;312.9736957022794;942;mittel (2-3 Segmente)
neo4j;2296644181999688909;3264.216035634744;348.780675956762;449;tief (4+ Segmente)
neo4j;2298239981936239358;1831.7075892857142;233.30340824817733;448;tief (4+ Segmente)
neo4j;2307707590829515963;1716.247096092925;310.5964564384608;947;tief (4+ Segmente)
neo4j;2308552826081532396;1535.0836791147995;350.12447897630227;1446;tief (4+ Segmente)
neo4j;2311658522699135076;1918.490486257928;245.91277652716016;473;tief (4+ Segmente)
neo4j;2323120535790224753;1723.527484143763;250.08302068161362;946;tief (4+ Segmente)
neo4j;2323819394288308747;1366.118040089087;178.04712422881246;449;mittel (2-3 Segmente)
neo4j;2328634512611387566;4669.977272727273;126.53480988925679;308;tief (4+ Segmente)
neo4j;2328711177812360244;1388.4301768607222;260.66561075376893;5428;mittel (2-3 Segmente)
neo4j;2329891204480368535;2580.1286307053942;312.94109148390936;964;tief (4+ Segmente)
neo4j;2334845781125134036;2110.2650334075724;342.9322268171758;449;tief (4+ Segmente)
neo4j;2343106573888751061;1574.9866369710467;236.2731655300751;449;tief (4+ Segmente)
neo4j;2348061783544198262;2632.662192393736;294.9719831305237;447;mittel (2-3 Segmente)
neo4j;2353924280960454152;1377.2134899736682;298.04125034757413;4937;mittel (2-3 Segmente)
neo4j;2353939831351073230;1992.21665815023;554.4629294658142;1957;tief (4+ Segmente)
neo4j;2367951398487800945;1936.521158129176;267.78929637352417;449;tief (4+ Segmente)
neo4j;2374138813102168574;2641.4122621564484;320.2799246027736;473;tief (4+ Segmente)
neo4j;2376698756268890053;2981.4598214285716;299.3436566561604;448;tief (4+ Segmente)
neo4j;2381118063726409067;1903.345982142857;243.02069664841443;448;tief (4+ Segmente)
neo4j;2381151030915309745;1608.0668151447662;233.138390057555;449;tief (4+ Segmente)
neo4j;2383373375731000140;1417.5714285714287;166.38120776079595;448;tief (4+ Segmente)
neo4j;2387020442539211262;1477.7327394209353;201.3760360038667;449;tief (4+ Segmente)
neo4j;2389516077109816015;2813.929842931937;1116.290725367916;955;mittel (2-3 Segmente)
neo4j;2402756770401555775;1520.4958847736625;211.71477356069124;486;mittel (2-3 Segmente)
neo4j;2403660444816062527;1456.0863753213368;254.09411379871318;1945;tief (4+ Segmente)
neo4j;2411597394295810775;1445.0981012658228;248.928716056403;948;tief (4+ Segmente)
neo4j;2411990202450327137;1449.1937639198218;165.5495188012041;449;mittel (2-3 Segmente)
neo4j;2420125548069914849;3886.130337078652;275.96551407008656;445;mittel (2-3 Segmente)
neo4j;2420561863598133121;1456.837416481069;171.85514256330356;449;tief (4+ Segmente)
neo4j;2433368473768577996;1446.115250291036;266.3968597019567;3436;mittel (2-3 Segmente)
neo4j;2445965536954995854;1432.6464410735123;237.56304677383284;3428;tief (4+ Segmente)
neo4j;2448541284934001314;1460.1224944320713;161.25602330116783;449;tief (4+ Segmente)
neo4j;2453777987905094367;2498.781314168378;1060.2673141288426;974;mittel (2-3 Segmente)
neo4j;2454022727241841914;1407.4224106155548;249.99548303195695;5426;tief (4+ Segmente)
neo4j;2456874762257196296;1374.0884588804422;198.7764660514976;1447;tief (4+ Segmente)
neo4j;2466492766491423154;1345.2420470262794;172.30766577291712;1446;tief (4+ Segmente)
neo4j;2472888668371180062;1797.4855233853007;257.15963182593936;449;tief (4+ Segmente)
neo4j;2478679994006575032;1527.9469207213338;267.7733855661804;2939;tief (4+ Segmente)
neo4j;2480471100766463939;2044.8994974874372;488.2184176057738;995;tief (4+ Segmente)
neo4j;2486246695190771505;1474.9101589495508;205.39474580642212;1447;tief (4+ Segmente)
neo4j;2491548280293304218;1612.5949367088608;280.3624793109471;948;tief (4+ Segmente)
neo4j;2494744367975933711;2965.184855233853;343.53845327308983;449;tief (4+ Segmente)
neo4j;2494814407738302880;2115.60774972209;866.4848464128993;6297;tief (4+ Segmente)
neo4j;2499808841690280408;1685.5567928730513;220.07244546734384;449;tief (4+ Segmente)
neo4j;2500972548703369190;1582.1450892857142;209.1772610801953;448;tief (4+ Segmente)
neo4j;2502536247828245921;1504.9328254847646;250.4748068910144;1444;tief (4+ Segmente)
neo4j;2506748581057725363;1592.619153674833;269.45541919933487;449;tief (4+ Segmente)
neo4j;2523563029624436543;1670.57805907173;254.06371005783447;948;tief (4+ Segmente)
neo4j;2529026594324953526;1483.3073496659242;185.5419762969644;449;tief (4+ Segmente)
neo4j;2534595067014822379;1470.8418708240536;222.13087244442366;449;tief (4+ Segmente)
neo4j;2542112639557913679;1376.0195164579086;216.43003823137371;3433;tief (4+ Segmente)
neo4j;2544455351485087363;2932.921074043938;1119.6666054158861;1229;tief (4+ Segmente)
neo4j;2550252111723364382;1691.0223214285713;245.5631330168678;448;tief (4+ Segmente)
neo4j;2554567821150524881;1356.2783964365256;184.4531505101964;449;tief (4+ Segmente)
neo4j;2561357311962086976;1415.501113585746;215.87373463854496;449;tief (4+ Segmente)
neo4j;2569951289568261990;1414.6085011185683;207.68697604148176;447;tief (4+ Segmente)
neo4j;2583943092483506303;1601.420470262794;362.30041478924204;1446;tief (4+ Segmente)
neo4j;2587873310709306827;2605.7436270939547;1290.1676506865647;1373;tief (4+ Segmente)
neo4j;2589941098968372424;1355.716459197787;188.748993440376;1446;tief (4+ Segmente)
neo4j;2593680323369695361;2020.80464625132;735.2923774943016;947;tief (4+ Segmente)
neo4j;2595305705687695207;2477.909836065574;1118.8182267443428;2318;tief (4+ Segmente)
neo4j;2598741097144539200;2243.8132780082988;872.471525629717;1446;tief (4+ Segmente)
neo4j;2607969487233226446;1772.801269035533;347.285994050705;3940;tief (4+ Segmente)
neo4j;2614336428805471147;1364.804008908686;135.48682685689386;449;tief (4+ Segmente)
neo4j;2627236521939009719;2028.157569515963;674.6427191084343;1942;tief (4+ Segmente)
neo4j;2632607418949897107;1418.520979020979;198.57668308305998;3432;tief (4+ Segmente)
neo4j;2636494108788645033;1889.0647275706679;750.9350815005887;2441;tief (4+ Segmente)
neo4j;2641331754462075590;2914.6473214285716;327.1364617423596;448;tief (4+ Segmente)
neo4j;2648175046005969814;1445.67081604426;231.61443816031021;1446;tief (4+ Segmente)
neo4j;2650682697124740569;2099.9851157662624;1288.3722963782968;1814;tief (4+ Segmente)
neo4j;2659359767823655819;1374.1572022160665;199.42170606626308;1444;flach (<=1 Segment)
neo4j;2661675469276076208;2456.324181626188;431.27790527877625;947;tief (4+ Segmente)
neo4j;2665605335134382128;1363.1681233933161;199.58002461708855;1945;tief (4+ Segmente)
neo4j;2670355998952897387;1502.64393768345;261.21143728898807;4429;tief (4+ Segmente)
neo4j;2672809979922878093;2440.888764673002;1189.9994968472631;1789;mittel (2-3 Segmente)
neo4j;2673075412890015621;1420.1372756071805;184.6142946662224;947;tief (4+ Segmente)
neo4j;2682754095962584671;1372.3318485523384;168.6128381360638;449;tief (4+ Segmente)
neo4j;2687882624001527167;1560.434599156118;259.1163665011368;948;mittel (2-3 Segmente)
neo4j;2698649414877154974;1574.510022271715;204.55634814033132;449;tief (4+ Segmente)
neo4j;2707226452967486190;1605.568345323741;305.95761209051096;973;tief (4+ Segmente)
neo4j;2707885299155116412;1200.064587973274;191.3054840557279;449;tief (4+ Segmente)
neo4j;2712006118668742977;4818.4857142857145;93.31471516097452;245;tief (4+ Segmente)
neo4j;2713631113709226102;3258.6272321428573;393.5351189106706;448;tief (4+ Segmente)
neo4j;2715419437359324914;1861.71875;248.11761374734738;448;tief (4+ Segmente)
neo4j;2719517399381835614;1444.6510067114093;183.78939470962047;447;tief (4+ Segmente)
neo4j;2721977679866064612;1880.022271714922;238.60834324714884;449;tief (4+ Segmente)
neo4j;2725273689489815816;1695.273942093541;249.6085922835816;449;tief (4+ Segmente)
neo4j;2726105929454303291;1444.560718057022;230.74602619176233;947;tief (4+ Segmente)
neo4j;2732621107156706964;2244.8253073770493;868.8904155848077;1952;flach (<=1 Segment)
neo4j;2740847137526126228;2830.6190476190477;398.4742310017007;945;tief (4+ Segmente)
neo4j;2748831041528643275;1313.0254506892895;218.0677678350467;943;mittel (2-3 Segmente)
neo4j;2759578265709357889;2440.991891891892;347.64356547440406;1480;flach (<=1 Segment)
neo4j;2764334221547572481;1539.0611814345991;176.32856143181664;474;tief (4+ Segmente)
neo4j;2783416536753622163;4481.572429906542;207.3408690042109;428;flach (<=1 Segment)
neo4j;2786683579865006579;3649.288636363636;375.0607493487006;440;tief (4+ Segmente)
neo4j;2787559791205897686;3094.7421524663678;335.865406922909;446;tief (4+ Segmente)
neo4j;2787909025637180517;1388.0066872427983;245.51348074917564;1944;mittel (2-3 Segmente)
neo4j;2789949760202994975;1363.9198312236288;177.2616522205607;474;tief (4+ Segmente)
neo4j;2790143685763972200;1621.4621761658032;207.0885509011705;965;tief (4+ Segmente)
neo4j;2792386092715463662;1434.6960817717206;247.01009151822268;2935;tief (4+ Segmente)
neo4j;2797786161768639270;1366.6721991701245;255.94799242266922;1446;tief (4+ Segmente)
neo4j;2797963103825822467;1964.9136047666336;670.2137119240177;4028;tief (4+ Segmente)
neo4j;2798755672638114246;1475.358574610245;198.3810213185533;449;tief (4+ Segmente)
neo4j;2805340125163131457;1567.772828507795;233.3782606920221;449;tief (4+ Segmente)
neo4j;2806256729314048797;1752.1991701244813;359.7073977602685;964;tief (4+ Segmente)
neo4j;2806284670513468435;1541.0512249443207;252.615248724231;449;mittel (2-3 Segmente)
neo4j;2808113683800896806;4757.176678445229;102.24867416778552;283;tief (4+ Segmente)
neo4j;2809947504448209835;1325.8118948824342;159.45184830417625;1446;tief (4+ Segmente)
neo4j;2812672674163977290;2725.7911832946634;1030.689973057197;1724;tief (4+ Segmente)
neo4j;2817182428179761185;1832.416050686378;415.2880378898579;947;tief (4+ Segmente)
neo4j;2819406717366158301;1404.015938303342;238.87628358852587;1945;tief (4+ Segmente)
neo4j;2820012866136833956;4680.3442622950815;189.8459838846362;366;tief (4+ Segmente)
neo4j;2821082129328769972;1371.96875;215.94020820101352;448;tief (4+ Segmente)
neo4j;2821916717988921199;1373.338530066815;197.21416105380442;449;tief (4+ Segmente)
neo4j;2825718537552896381;1788.0284810126582;379.8725293773101;948;tief (4+ Segmente)
neo4j;2828570049230106382;4745.520202020202;134.40856381330354;198;tief (4+ Segmente)
neo4j;2835182330125126210;1449.9643652561247;176.39170740603504;449;tief (4+ Segmente)
neo4j;2837081699173891479;1386.1784061696658;197.31562354457282;1945;mittel (2-3 Segmente)
neo4j;2841819633489578541;1542.970982142857;225.24502503658357;448;tief (4+ Segmente)
neo4j;2845720777456021134;3808.9955156950673;330.5112280845511;446;tief (4+ Segmente)
neo4j;2846925796203800688;1757.4593453009504;269.59845480606975;947;tief (4+ Segmente)
neo4j;2854051505547505281;2061.741551939925;861.3110197102773;1598;mittel (2-3 Segmente)
neo4j;2861486001489131564;2305.949636803874;1474.3234778784333;2065;tief (4+ Segmente)
neo4j;2867704939721572405;4749.483333333334;112.93098666021238;300;mittel (2-3 Segmente)
neo4j;2870540244752076213;1419.6547884187082;218.14665514796025;449;tief (4+ Segmente)
neo4j;2882802387856675306;1793.0928270042193;264.16298413506445;948;tief (4+ Segmente)
neo4j;2886141709556655491;1536.0512249443207;210.53228577178098;449;tief (4+ Segmente)
neo4j;2886295166452185861;2221.5371762740183;1272.9193527445825;1197;tief (4+ Segmente)
neo4j;2887619094078827264;1374.423106060606;230.02860997206685;7920;tief (4+ Segmente)
neo4j;2896936521266450122;2230.910788381743;644.4548166664696;964;tief (4+ Segmente)
neo4j;2897089879746801534;1459.6570155902004;210.1239386626597;449;tief (4+ Segmente)
neo4j;2903762015701789770;2141.3960302457467;1350.3439537078946;3174;mittel (2-3 Segmente)
neo4j;2912837971764615472;1516.478841870824;217.99775785727385;449;tief (4+ Segmente)
neo4j;2918812126481176230;1441.7314473144731;214.94484965055727;2439;tief (4+ Segmente)
neo4j;2921144446012485532;4532.7775;196.3820071329447;400;tief (4+ Segmente)
neo4j;2922544822425988099;1676.2427616926504;254.73998709370093;449;tief (4+ Segmente)
neo4j;2924390582220681140;1859.6203319502074;309.44996767452335;964;tief (4+ Segmente)
neo4j;2926041602926614853;1284.2761692650333;148.63331073582637;449;tief (4+ Segmente)
neo4j;2927072493273219488;1675.0044543429844;242.8957374385744;449;tief (4+ Segmente)
neo4j;2927265023349389513;2801.7633928571427;373.495912545558;448;mittel (2-3 Segmente)
neo4j;2933057465778838639;1353.714344262295;197.93987961024717;2440;tief (4+ Segmente)
neo4j;2940680193263201100;1451.4959016393443;189.4548446321139;2440;tief (4+ Segmente)
neo4j;2958485052438315578;1895.1115158874723;558.9547202252561;4941;tief (4+ Segmente)
neo4j;2958890442225525276;1909.2525720164608;325.3361798925247;1944;tief (4+ Segmente)
neo4j;2961852843891267434;1862.0893042575285;425.25978646864064;963;tief (4+ Segmente)
neo4j;2964585585306549437;1973.658835546476;519.4019213291787;979;mittel (2-3 Segmente)
neo4j;2966281108889863324;2179.6843220338983;660.6345931536019;944;tief (4+ Segmente)
neo4j;2976852719259860637;1605.3192389006342;218.12256892397863;473;tief (4+ Segmente)
neo4j;2984436085959465646;1814.7568710359408;278.6725078125358;473;mittel (2-3 Segmente)
neo4j;2996589294423734482;1451.5501113585747;237.81344505394364;449;tief (4+ Segmente)
neo4j;3000360462453768381;1455.4839901477833;294.5040744136641;2436;tief (4+ Segmente)
neo4j;3007201936102381126;2241.221067221067;724.5446934559855;1443;tief (4+ Segmente)
neo4j;3021583100639558046;1970.1135857461024;314.03043531101025;449;tief (4+ Segmente)
neo4j;3023036639377030247;1564.4585062240665;259.8296527536555;1446;tief (4+ Segmente)
neo4j;3029100555007080868;1448.2378435517971;212.7491144485102;946;tief (4+ Segmente)
neo4j;3030584433083973349;1437.9754464285713;142.728890938468;448;tief (4+ Segmente)
neo4j;3036552172266907038;1619.336302895323;251.50818388001284;449;tief (4+ Segmente)
neo4j;3036647007769181795;1599.2249443207127;183.1336253491826;449;tief (4+ Segmente)
neo4j;3044052854995689818;1424.4964028776978;229.19116130193746;1946;tief (4+ Segmente)
neo4j;3049302115890307647;1402.9263392857142;213.77123280701483;448;tief (4+ Segmente)
neo4j;3067948546089765646;4595.4857142857145;190.5755685323503;385;tief (4+ Segmente)
neo4j;3068884502999416134;2015.9334741288278;605.1248388741659;947;tief (4+ Segmente)
neo4j;3075880912694805017;1794.2062283737025;703.0480662651638;1445;mittel (2-3 Segmente)
neo4j;3081336326414722249;1390.986272439282;239.16228627671487;947;tief (4+ Segmente)
neo4j;3082745727814781417;1619.434599156118;256.55075586087315;948;tief (4+ Segmente)
neo4j;3099514774349080749;2049.82774049217;290.6962946633166;447;tief (4+ Segmente)
neo4j;3102016810124254162;1417.4480531463369;222.23437245957916;5419;tief (4+ Segmente)
neo4j;3110430455042621465;1475.7307107884517;225.80465950893378;5923;tief (4+ Segmente)
neo4j;3110530943530626179;2147.3752560426055;560.036885591967;2441;mittel (2-3 Segmente)
neo4j;3111431919469788237;2660.386929460581;1264.308570996427;964;flach (<=1 Segment)
neo4j;3113581222995154997;4552.858974358975;224.65267819235268;390;tief (4+ Segmente)
neo4j;3117835757025244675;1700.991091314031;219.42762374713752;449;tief (4+ Segmente)
neo4j;3120937634698859325;1457.2111932418163;251.87527904884197;947;tief (4+ Segmente)
neo4j;3124511983957626739;1183.8325892857142;139.34294876156068;448;mittel (2-3 Segmente)
neo4j;3128038759728618302;1558.002111932418;245.71084261251704;947;tief (4+ Segmente)
neo4j;3136419766178649002;1383.0467706013362;153.03840859096968;449;tief (4+ Segmente)
neo4j;3140063653330046280;1387.3409742120343;234.5628210571963;2443;tief (4+ Segmente)
neo4j;3155728295784223437;1654.4222069910898;306.3397120026368;1459;mittel (2-3 Segmente)
neo4j;3160328979584970112;1408.2038834951456;212.82069318213186;4429;tief (4+ Segmente)
neo4j;3161340987213804514;4473.290167865707;235.97307686271824;417;tief (4+ Segmente)
neo4j;3166443748347896079;2736.8143405889887;1579.8905017556351;781;tief (4+ Segmente)
neo4j;3173076819331554546;1501.451476793249;213.99607899360748;948;tief (4+ Segmente)
neo4j;3176388521757450062;1452.5200892857142;226.06510425728158;448;tief (4+ Segmente)
neo4j;3190458565385132477;1628.6347438752784;244.11130775915086;449;tief (4+ Segmente)
neo4j;3192256760890911401;1447.0116279069769;320.0914231930761;3440;mittel (2-3 Segmente)
neo4j;3194785107464614757;1913.9732142857142;267.8385840593137;448;tief (4+ Segmente)
neo4j;3200381190457382989;2255.2883817427387;848.9721290100158;964;mittel (2-3 Segmente)
neo4j;3202211365669527935;3064.4519015659957;347.9103110929043;447;tief (4+ Segmente)
neo4j;3215831998296865140;3808.886509635974;308.27025023205624;467;tief (4+ Segmente)
neo4j;3221325576274428927;1851.4142538975502;240.2036754282291;449;mittel (2-3 Segmente)
neo4j;3222438904071852770;2734.579418344519;268.5840756152539;447;tief (4+ Segmente)
neo4j;3241814426376271384;1382.7551867219918;195.35619023477273;1446;tief (4+ Segmente)
neo4j;3248953055685958192;1262.739420935412;115.21294833846807;449;tief (4+ Segmente)
neo4j;3259799261017064105;4601.256880733945;206.41800777202465;327;mittel (2-3 Segmente)
neo4j;3261133048331320170;1525.4743875278396;225.00384895247876;449;tief (4+ Segmente)
neo4j;3261478348576152721;1354.2472160356347;223.70945142869326;449;tief (4+ Segmente)
neo4j;3263614477520229780;1872.7039312039312;756.160801753343;2442;flach (<=1 Segment)
neo4j;3275741986180029854;2737.5022321428573;401.7864135864444;448;tief (4+ Segmente)
neo4j;3288907717009321313;2159.8594080338266;753.0791791400511;946;tief (4+ Segmente)
neo4j;3289357297162308358;1383.7245949926362;412.384997442503;5432;mittel (2-3 Segmente)
neo4j;3296617004102873399;1317.033482142857;153.9160445326651;448;tief (4+ Segmente)
neo4j;3297153504833265846;1446.9046398705152;221.32512011227686;7414;tief (4+ Segmente)
neo4j;3310718966135253991;2385.6549657534247;1116.2492196808225;1168;mittel (2-3 Segmente)
neo4j;3317416114657017055;1917.5254237288136;402.95051704058847;944;tief (4+ Segmente)
neo4j;3319170845696506316;2801.977135980746;1565.3735935642997;831;mittel (2-3 Segmente)
neo4j;3326021639852809711;2456.003036437247;881.278566541178;988;tief (4+ Segmente)
neo4j;3334329832290543500;1415.065400843882;182.63766110413215;948;tief (4+ Segmente)
neo4j;3336185515023949275;1613.1466244725739;292.6079735896387;948;tief (4+ Segmente)
neo4j;3347979617050149635;1657.388392857143;250.17267602433867;448;tief (4+ Segmente)
neo4j;3378795299755823342;2007.4735532047293;988.9038477952545;3214;mittel (2-3 Segmente)
neo4j;3388857925826367120;1451.0074508918492;217.59814612377625;4429;tief (4+ Segmente)
neo4j;3392805047568212714;2173.173719376392;276.96474460518516;449;tief (4+ Segmente)
neo4j;3396907689893065996;1375.8038808038807;219.68522036303483;1443;tief (4+ Segmente)
neo4j;3404394375356235918;1324.6473214285713;173.51029262925638;448;tief (4+ Segmente)
neo4j;3414530502045895047;1367.5698324022346;208.8242588119228;3938;tief (4+ Segmente)
neo4j;3415663833623047467;4500.895561357703;217.02910644214083;383;mittel (2-3 Segmente)
neo4j;3417177734816394538;1295.6597051597053;205.70694863247854;2442;mittel (2-3 Segmente)
neo4j;3420369868108846028;1394.0115228900654;224.86880396840084;6422;tief (4+ Segmente)
neo4j;3432818947346243940;1331.881959910913;162.1302162386109;449;tief (4+ Segmente)
neo4j;3434247539806629820;2402.9128943758574;730.2405729605787;1458;tief (4+ Segmente)
neo4j;3456433022944572533;1384.902004454343;183.3673109705771;449;tief (4+ Segmente)
neo4j;3457446398939683235;1506.1714922048998;219.247046501834;449;tief (4+ Segmente)
neo4j;3471206235656602714;1947.0147835269272;399.88175021815783;947;tief (4+ Segmente)
neo4j;3479431793345632775;1456.8240534521158;206.39159155110235;449;tief (4+ Segmente)
neo4j;3481954182564605683;1486.98755186722;236.30061168708625;1446;tief (4+ Segmente)
neo4j;3487637972446573394;1293.5902004454342;162.56253327622227;449;tief (4+ Segmente)
neo4j;3498468880562509946;1883.3719376391982;270.3487615497072;449;tief (4+ Segmente)
neo4j;3507682271515106878;1817.1986607142858;245.8913353750391;448;tief (4+ Segmente)
neo4j;3516194695484753276;2704.87326943557;1215.6579649556825;939;tief (4+ Segmente)
neo4j;3523963613398988469;2657.9297205757834;1220.8564002950402;1181;tief (4+ Segmente)
neo4j;3536479365430034037;2134.2494845360825;363.21653516700275;970;tief (4+ Segmente)
neo4j;3537782048658173279;4916.0;24.217762076624602;5;tief (4+ Segmente)
neo4j;3544126070687975336;1384.8285077951002;198.69939716942176;449;mittel (2-3 Segmente)
neo4j;3547977486419581169;1523.6610169491526;201.16600596763627;944;tief (4+ Segmente)
neo4j;3550391795970447616;1428.2531808961828;210.52480548868178;5423;tief (4+ Segmente)
neo4j;3552968137883419888;1630.3175105485232;245.4826064360673;948;tief (4+ Segmente)
neo4j;3563909995635615954;2581.1590668080594;858.460242183494;943;mittel (2-3 Segmente)
neo4j;3564915207424306218;1422.097995545657;196.46757552476788;449;tief (4+ Segmente)
neo4j;3565401547534179323;2786.8649789029537;346.318595326044;474;tief (4+ Segmente)
neo4j;3566956409836881143;1524.7550111358576;248.52055575384196;449;flach (<=1 Segment)
neo4j;3580708077801495241;1979.1054852320676;728.2506135432795;948;mittel (2-3 Segmente)
neo4j;3585919634432309369;1781.8084632516704;237.55345980957463;449;tief (4+ Segmente)
neo4j;3585994923593594701;2225.8222683264175;883.0938494499344;1446;tief (4+ Segmente)
neo4j;3590297390973875139;1459.2544642857142;215.7337668182097;448;tief (4+ Segmente)
neo4j;3595118456291147895;1288.4498886414253;208.02828148697725;449;tief (4+ Segmente)
neo4j;3606049875013788822;4854.098360655737;90.11635162722193;61;tief (4+ Segmente)
neo4j;3607097140598192557;1988.7630375114363;887.3077982974319;4372;tief (4+ Segmente)
neo4j;3608569204972256250;1782.886075949367;218.93672446497644;474;mittel (2-3 Segmente)
neo4j;3611300418059034857;3625.952914798206;342.52388421998785;446;tief (4+ Segmente)
neo4j;3625272256298212169;4586.275862068966;220.15487490362318;319;tief (4+ Segmente)
neo4j;3635270747230348872;1384.4725910793327;196.63837163027307;2937;tief (4+ Segmente)
neo4j;3643119441653020287;1888.5223935389133;478.15443404755456;5448;tief (4+ Segmente)
neo4j;3643589172838446052;1359.160553633218;187.392626229914;1445;tief (4+ Segmente)
neo4j;3647847843154521230;1289.7299107142858;167.39423064902243;448;tief (4+ Segmente)
neo4j;3649897855357838569;1389.4145569620252;207.91725285039496;948;tief (4+ Segmente)
neo4j;3651868906368202484;1675.4432071269487;256.36035429445224;449;tief (4+ Segmente)
neo4j;3659403081438033165;1463.5818373812037;199.856360701629;947;mittel (2-3 Segmente)
neo4j;3659613335116451026;2295.8491561181436;561.3582895809316;948;tief (4+ Segmente)
neo4j;3669152841533124640;1323.9977628635347;157.7248483837425;447;tief (4+ Segmente)
neo4j;3675219937821948932;1657.8352692713834;255.5636979344077;947;mittel (2-3 Segmente)
neo4j;3677321723798790293;2881.9842726081256;1425.8545008152514;763;mittel (2-3 Segmente)
neo4j;3683308172773620903;1224.5714285714287;168.85601211795705;448;mittel (2-3 Segmente)
neo4j;3685572742344822981;1967.6940928270042;571.0170138281565;948;tief (4+ Segmente)
neo4j;3695734104761155772;1434.1258992805756;194.4546367023732;1946;tief (4+ Segmente)
neo4j;3696949945884152762;4422.600472813238;224.74171315113662;423;tief (4+ Segmente)
neo4j;3712538988608445784;1365.6979893311448;238.96083501966487;2437;tief (4+ Segmente)
neo4j;3718404708143474634;1694.9843400447428;236.43314023008494;447;tief (4+ Segmente)
neo4j;3723107069178485897;4697.6509433962265;145.74622770453126;212;tief (4+ Segmente)
neo4j;3734783067619274546;1695.3372093023256;312.79434126302925;946;tief (4+ Segmente)
neo4j;3739482995729882842;1371.7856388595565;193.51079173158337;947;tief (4+ Segmente)
neo4j;3754765572100097232;2392.9927219796214;1336.0025158855235;1374;tief (4+ Segmente)
neo4j;3754966664134148757;1737.470982142857;266.7353195579926;448;tief (4+ Segmente)
neo4j;3755526052031903523;2297.2316258351893;285.75547547760317;449;tief (4+ Segmente)
neo4j;3755955398566322723;1788.7683741648107;319.6414980898843;449;tief (4+ Segmente)
neo4j;3769371214912330417;4844.142857142857;98.68930651686223;56;tief (4+ Segmente)
neo4j;3781727411837071052;4149.714964370546;369.11401579523726;421;tief (4+ Segmente)
neo4j;3787301617075373168;1298.5590200445433;163.73293726512728;449;tief (4+ Segmente)
neo4j;3789019246174160960;1681.3073496659242;234.85420812777886;449;tief (4+ Segmente)
neo4j;3796023155283431160;1561.78125;218.89370287871523;448;tief (4+ Segmente)
neo4j;3803672197374155933;4918.333333333333;53.26858048293259;33;tief (4+ Segmente)
neo4j;3804005052875959276;1561.2316258351893;268.820937111894;449;tief (4+ Segmente)
neo4j;3810849906010968994;1968.162583518931;263.9996581242845;449;tief (4+ Segmente)
neo4j;3811033731503242300;2643.0066964285716;256.30712046254246;448;mittel (2-3 Segmente)
neo4j;3818089527857838660;1736.5322245322245;220.20907560827172;481;tief (4+ Segmente)
neo4j;3819935279415552982;1856.3776290630974;834.8345402245335;2092;mittel (2-3 Segmente)
neo4j;3822478447697777479;1469.2672605790647;178.43356061907758;449;tief (4+ Segmente)
neo4j;3833740586251316329;1420.7434002111931;198.70572929964172;947;tief (4+ Segmente)
neo4j;3840424596703495292;1573.0928270042193;213.10227380948626;474;mittel (2-3 Segmente)
neo4j;3851310546134049106;1502.6339285714287;235.36360544005066;448;tief (4+ Segmente)
neo4j;3853589610675073559;2569.629464285714;306.2738991855288;448;tief (4+ Segmente)
neo4j;3868155924179058877;1401.4418604651162;193.4552524783332;946;tief (4+ Segmente)
neo4j;3870236719326081720;2535.744394618834;333.0283412745898;446;tief (4+ Segmente)
neo4j;3873748047651230255;2144.1105169340462;1079.8961202918272;561;tief (4+ Segmente)
neo4j;3878961557317991262;1480.521158129176;223.66787224287646;449;tief (4+ Segmente)
neo4j;3886876946105366297;1433.089757127772;201.06134709750637;947;tief (4+ Segmente)
neo4j;3889997607173555493;1385.3921635434413;190.01684317027983;2935;tief (4+ Segmente)
neo4j;3891656702170846730;1513.7394514767932;243.28949613101253;948;tief (4+ Segmente)
neo4j;3895722141170587079;1901.9192386831276;340.08066791556774;1944;mittel (2-3 Segmente)
neo4j;3896903176155676309;1398.3011065812464;262.6475736296178;3434;tief (4+ Segmente)
neo4j;3899535496863022922;1462.3340757238307;174.8787966033382;449;tief (4+ Segmente)
neo4j;3904514229250850682;1802.423162583519;225.0003154715503;449;tief (4+ Segmente)
neo4j;3913107047435642817;1314.544226044226;202.58068498795083;2442;tief (4+ Segmente)
neo4j;3913459189325488870;1740.759336099585;315.87128499501694;1446;tief (4+ Segmente)
neo4j;3914216136895944238;1592.2149274360747;234.29325195104877;1447;tief (4+ Segmente)
neo4j;3918716477406235665;2930.8839285714284;291.52805769122944;448;tief (4+ Segmente)
neo4j;3923437832175591519;1378.5576005453306;226.10875411896095;2934;tief (4+ Segmente)
neo4j;3928376022621326975;1585.408713692946;255.95187308602794;964;tief (4+ Segmente)
neo4j;3933585818771976907;2285.1049522944118;1057.802173195145;2201;tief (4+ Segmente)
neo4j;3934201656950115060;1674.4451901565997;225.90648689939408;447;tief (4+ Segmente)
neo4j;3940649039255244552;1665.4276169265033;240.1410759917181;449;tief (4+ Segmente)
neo4j;3946113611354068527;1411.8218262806236;175.0297152456654;449;tief (4+ Segmente)
neo4j;3948472410549915612;1527.0314432989692;298.09361541172177;1940;tief (4+ Segmente)
neo4j;3956536916856180610;2400.964693665628;356.8958786408676;963;tief (4+ Segmente)
neo4j;3963482031086955647;3335.5491071428573;428.8207828479553;448;tief (4+ Segmente)
neo4j;3965299800942593653;1726.325167037862;281.733562573551;449;tief (4+ Segmente)
neo4j;3992328409672396940;1479.9398663697104;194.58353751616178;449;tief (4+ Segmente)
neo4j;4005390956225853129;4398.0;221.34421932164835;392;mittel (2-3 Segmente)
neo4j;4016867799604547100;1718.09922099221;312.20390992662175;2439;tief (4+ Segmente)
neo4j;4031863119841526644;4661.094915254237;199.61216939689893;295;tief (4+ Segmente)
neo4j;4032305653960327814;1415.510022271715;159.46811848927175;449;mittel (2-3 Segmente)
neo4j;4038818657726882960;2908.699373695198;880.8502609732595;958;tief (4+ Segmente)
neo4j;4039916875983072751;2881.0119695321;1462.5447511423536;919;mittel (2-3 Segmente)
neo4j;4049235939914529055;2506.1158129175947;374.524359002189;449;tief (4+ Segmente)
neo4j;4062941903455482520;1872.2737913486005;363.0007986028128;1965;tief (4+ Segmente)
neo4j;4066493230910611264;1368.6758811333793;213.8395764248059;1447;tief (4+ Segmente)
neo4j;4071450458474756222;3166.728215767635;319.3247794223786;482;mittel (2-3 Segmente)
neo4j;4078292495643720816;1371.9715302491104;213.24593748271707;3934;tief (4+ Segmente)
neo4j;4100463526053598080;1368.347438752784;166.33218832807356;449;tief (4+ Segmente)
neo4j;4102101010025821740;1977.9690436705362;667.1746451646918;5427;tief (4+ Segmente)
neo4j;4112994323536552978;2531.223374827109;639.6331414220878;1446;mittel (2-3 Segmente)
neo4j;4134404560654942603;1560.5412026726058;197.15323019929087;449;tief (4+ Segmente)
neo4j;4140399047001701858;2159.7515432098767;681.7927916183278;1944;tief (4+ Segmente)
neo4j;4141464553976602275;1368.872767857143;178.26185241471717;448;tief (4+ Segmente)
neo4j;4150100612492736095;2349.1100136239784;658.3605111790423;2936;mittel (2-3 Segmente)
neo4j;4151741773157995536;2625.859375;311.43469746384403;448;tief (4+ Segmente)
neo4j;4158197619097622581;1582.8307372793354;238.8735288734213;963;mittel (2-3 Segmente)
neo4j;4159541923464136344;1604.310267857143;217.66700689323807;448;tief (4+ Segmente)
neo4j;4165058049501326344;2622.570870535714;1164.5229381023469;1792;tief (4+ Segmente)
neo4j;4165749284448927646;1626.9265033407573;238.77131811430087;449;tief (4+ Segmente)
neo4j;4168402147445921470;1475.9467148340484;247.3074558887972;4429;tief (4+ Segmente)
neo4j;4192931489984148803;1884.6171194259355;749.0713467741626;1951;tief (4+ Segmente)
neo4j;4204695989499575757;1419.4097995545658;171.03733273606866;449;tief (4+ Segmente)
neo4j;4215647407607905754;1912.138392857143;235.6893332098636;448;tief (4+ Segmente)
neo4j;4227704896290288189;2470.712694877506;356.92457417011246;449;tief (4+ Segmente)
neo4j;4229265125445942484;1815.9493136219642;483.8047537090493;947;tief (4+ Segmente)
neo4j;4236377137475107287;1384.6986301369864;186.70734211247859;3431;tief (4+ Segmente)
neo4j;4250279004740819190;3047.1491124260356;1246.4138240837613;845;tief (4+ Segmente)
neo4j;4254761336031490237;1590.156236450354;364.9297076767152;6919;flach (<=1 Segment)
neo4j;4256293593172314903;1452.0178173719376;188.41988550378974;449;tief (4+ Segmente)
neo4j;4261803482903705334;1789.7388392857142;253.58488531181231;448;tief (4+ Segmente)
neo4j;4264482344189581292;1498.358574610245;208.33942337848123;449;tief (4+ Segmente)
neo4j;4269421408407852474;2520.1870824053453;337.35286569625805;449;tief (4+ Segmente)
neo4j;4281891480035973882;1360.3061440677966;200.75329114878105;944;tief (4+ Segmente)
neo4j;4283305514821440474;1330.054852320675;177.49731811612062;948;tief (4+ Segmente)
neo4j;4283424038569623202;1481.255195911414;253.88352820889216;2935;tief (4+ Segmente)
neo4j;4287381450348421489;2036.6793365583967;673.6086142216724;1447;tief (4+ Segmente)
neo4j;4292781412878287736;1394.2291446673707;192.98655671725058;947;tief (4+ Segmente)
neo4j;4300426865494945845;1429.5401785714287;161.11054243341601;448;tief (4+ Segmente)
neo4j;4308072053910303466;1627.990506329114;222.52071534751965;948;tief (4+ Segmente)
neo4j;4318377509632641096;1397.5093296475466;277.53748158026315;1447;tief (4+ Segmente)
neo4j;4341726153114387814;1605.9113924050632;235.04932317761174;948;tief (4+ Segmente)
neo4j;4347400014211613576;3368.4376869391826;1397.7555871798381;1003;tief (4+ Segmente)
neo4j;4353620601935508200;1353.3587223587224;238.286120448437;2442;tief (4+ Segmente)
neo4j;4357046050427091211;2031.8932346723045;565.478191811584;946;tief (4+ Segmente)
neo4j;4371885988685334114;1740.2974683544303;179.99142014413107;474;tief (4+ Segmente)
neo4j;4376435179265440110;1333.152951439372;239.09923893237382;3439;mittel (2-3 Segmente)
neo4j;4382755889648527889;1803.6514522821576;356.145149461437;964;tief (4+ Segmente)
neo4j;4393729520820948911;1825.3236607142858;262.60929574744193;448;tief (4+ Segmente)
neo4j;4402028814572909973;1596.457805907173;245.14218728643536;948;tief (4+ Segmente)
neo4j;4408077533316268804;1452.9398663697104;182.46624795762116;449;mittel (2-3 Segmente)
neo4j;4409706447306874890;1436.388392857143;344.87147176157526;448;tief (4+ Segmente)
neo4j;4415259477754575886;1374.2279979413279;202.68460326851988;1943;tief (4+ Segmente)
neo4j;4416432419295674644;1652.7393561786084;294.73655310528346;963;tief (4+ Segmente)
neo4j;4417367993319531843;2463.7008928571427;268.02461538280875;448;tief (4+ Segmente)
neo4j;4418265955436031880;2431.5151515151515;1385.2697080018188;627;tief (4+ Segmente)
neo4j;4421801000397892958;2599.848214285714;398.20575122667844;448;tief (4+ Segmente)
neo4j;4431369374423056775;2576.325717633275;1017.7677695083763;1707;tief (4+ Segmente)
neo4j;4440680777437443981;1446.100422832981;203.0833526058728;946;tief (4+ Segmente)
neo4j;4453036992782425065;1344.7362869198312;196.41352964334916;948;tief (4+ Segmente)
neo4j;4453861910228536379;1208.4743875278396;146.71516345043207;449;mittel (2-3 Segmente)
neo4j;4458042409602501047;2022.481046931408;1068.953035982588;1108;tief (4+ Segmente)
neo4j;4461123307922673957;1516.8730512249442;258.9534214352753;449;mittel (2-3 Segmente)
neo4j;4466978486503613818;1708.7719112988384;298.07997410921035;947;tief (4+ Segmente)
neo4j;4495190071245461079;1366.2088607594937;184.78269050199196;948;tief (4+ Segmente)
neo4j;4497556262491918752;1403.3934599156119;252.21319454184953;948;tief (4+ Segmente)
neo4j;4498095840308661327;1674.2873051224944;242.24889400473245;449;tief (4+ Segmente)
neo4j;4504773287280016395;1228.982142857143;176.61967542582312;448;mittel (2-3 Segmente)
neo4j;4509318013151414978;2754.2608695652175;1097.123377154368;943;tief (4+ Segmente)
neo4j;4512211502444576148;1625.0200445434298;261.35469885803957;449;tief (4+ Segmente)
neo4j;4515122007691488685;1429.1073071967605;268.2783592899566;5433;mittel (2-3 Segmente)
neo4j;4522825983303919137;1993.879732739421;310.1863693294494;449;tief (4+ Segmente)
neo4j;4524604628270756295;1417.4620253164558;146.64304085137798;474;tief (4+ Segmente)
neo4j;4527243647178999377;1954.0048351648352;1135.193744955896;2275;tief (4+ Segmente)
neo4j;4534946520256716868;2774.2651515151515;1314.3471534990392;924;tief (4+ Segmente)
neo4j;4535940053343985013;1590.064587973274;249.7538660099964;449;tief (4+ Segmente)
neo4j;4543716116558186567;2734.15644820296;334.08406414072164;473;tief (4+ Segmente)
neo4j;4547743506895772969;1489.3037974683543;219.54592893413664;474;tief (4+ Segmente)
neo4j;4567133072829164348;1310.5357142857142;139.55237988147982;448;tief (4+ Segmente)
neo4j;4573362821973780380;1357.5501113585747;136.50311615437076;449;tief (4+ Segmente)
neo4j;4575670565821940145;1908.6280623608018;268.6073744733388;449;tief (4+ Segmente)
neo4j;4579276211525586462;1686.909090909091;218.64280468394492;473;mittel (2-3 Segmente)
neo4j;4580247388507946078;2179.5604674796746;587.0730257575501;1968;tief (4+ Segmente)
neo4j;4589729700629537321;1414.9176346356917;188.42618345808756;947;tief (4+ Segmente)
neo4j;4589807919407200719;1560.577202072539;248.60443571026505;965;tief (4+ Segmente)
neo4j;4610155078393391626;1541.50020500205;256.7089686107125;2439;tief (4+ Segmente)
neo4j;4623508568691477633;1482.501113585746;209.13255285568468;449;tief (4+ Segmente)
neo4j;4633754270469104159;2011.612460401267;609.1313788977659;947;flach (<=1 Segment)
neo4j;4634248194497132557;1733.9265033407573;217.49478942142335;449;tief (4+ Segmente)
neo4j;4639915060332960167;1547.493670886076;186.16325600927826;474;tief (4+ Segmente)
neo4j;4641244012547269446;1335.9705359410718;253.1567992081337;3937;mittel (2-3 Segmente)
neo4j;4648181644699990419;1495.2533401849948;224.32048101367184;1946;tief (4+ Segmente)
neo4j;4659695156998644845;2104.676268861454;633.596331309888;1458;tief (4+ Segmente)
neo4j;4670510045319651098;2548.2984409799556;399.76466293829833;449;tief (4+ Segmente)
neo4j;4677754761264657178;2639.2834821428573;301.2972511525013;448;tief (4+ Segmente)
neo4j;4678769539852280662;1427.4071729957807;228.45726768617175;948;tief (4+ Segmente)
neo4j;4679084161918376602;1793.77829218107;603.2268467485115;1944;tief (4+ Segmente)
neo4j;4682998484889960232;2645.731981981982;344.6233430079136;444;tief (4+ Segmente)
neo4j;4701786301696691982;1497.6607142857142;231.2686073465392;448;tief (4+ Segmente)
neo4j;4702342798875794959;2739.7661469933187;278.0444885291124;449;tief (4+ Segmente)
neo4j;4710647500810119952;2813.2650306748465;1635.7028284319447;815;tief (4+ Segmente)
neo4j;4714447974476615794;2691.513452914798;348.3102434056585;446;mittel (2-3 Segmente)
neo4j;4727086781211084254;1397.7961783439491;192.80352050706207;942;tief (4+ Segmente)
neo4j;4737959499426007730;4953.066666666667;21.661244742847256;15;tief (4+ Segmente)
neo4j;4738512377537525548;1334.837552742616;190.22810659915234;474;mittel (2-3 Segmente)
neo4j;4743342200235847394;1266.831045406547;212.65486078950795;947;mittel (2-3 Segmente)
neo4j;4753294365454070101;2092.7884187082404;273.64371264971015;449;tief (4+ Segmente)
neo4j;4764252504545443827;2407.359203296703;708.6000287759089;1456;tief (4+ Segmente)
neo4j;4767628794932411739;1362.1937639198218;177.69320560496217;449;tief (4+ Segmente)
neo4j;4774566024494583485;1414.2389516957862;209.18401621865962;1946;tief (4+ Segmente)
neo4j;4777555364182055805;1424.814732142857;214.026695645999;448;tief (4+ Segmente)
neo4j;4788224452306924983;1928.1113585746102;280.72482090400854;449;mittel (2-3 Segmente)
neo4j;4793230121412209949;2312.5613652868556;1380.0121379081113;1377;tief (4+ Segmente)
neo4j;4795694675296039750;1463.9309576837416;173.65731636210924;449;tief (4+ Segmente)
neo4j;4800260931776010204;2731.0923236514523;1083.7603943704605;1928;tief (4+ Segmente)
neo4j;4802275196400856029;1740.350622406639;335.84059000118776;1446;tief (4+ Segmente)
neo4j;4812567371484893431;1520.392857142857;168.47351810398274;448;mittel (2-3 Segmente)
neo4j;4813352676232280336;1889.5058823529412;512.888311914607;1445;mittel (2-3 Segmente)
neo4j;4824934416699454755;1846.1651785714287;255.42587053696317;448;tief (4+ Segmente)
neo4j;4826821428921132287;2523.3482794577685;1111.3291209669842;959;mittel (2-3 Segmente)
neo4j;4828303459348883028;2651.02004454343;315.1716468974229;449;tief (4+ Segmente)
neo4j;4828973474960432161;2440.376449275362;1381.6980444359976;2760;tief (4+ Segmente)
neo4j;4835640579109680537;1431.9328859060402;217.20584968141006;447;tief (4+ Segmente)
neo4j;4844101236482558609;2784.9932228915663;1198.411032562852;1328;tief (4+ Segmente)
neo4j;4844130484136711114;1332.165548098434;216.47899756992712;447;tief (4+ Segmente)
neo4j;4854780213911673063;1456.3095768374164;193.56510745291382;449;tief (4+ Segmente)
neo4j;4874894816484915832;1354.8399382398354;196.4960059142779;1943;tief (4+ Segmente)
neo4j;4876818473854518465;1809.9175946547884;288.76549104628367;449;tief (4+ Segmente)
neo4j;4882339586454577870;1543.7053941908714;248.51554357230387;482;mittel (2-3 Segmente)
neo4j;4904266080130449660;1848.360801781737;271.2096067278935;449;tief (4+ Segmente)
neo4j;4905602830088584466;2236.942917547569;294.5761083304228;473;tief (4+ Segmente)
neo4j;4907173806842509547;1368.249443207127;227.92568133193484;449;tief (4+ Segmente)
neo4j;4911186353960094092;1616.8839285714287;200.59023623577104;448;flach (<=1 Segment)
neo4j;4917563164768629095;2945.76072234763;1423.4705671969004;886;tief (4+ Segmente)
neo4j;4918280030936636528;1271.8912945421741;247.50220810967946;4434;mittel (2-3 Segmente)
neo4j;4918641992477343419;1381.4173027989823;215.2039179421127;3930;tief (4+ Segmente)
neo4j;4937627862133058739;3146.646532438479;275.58987755385044;447;mittel (2-3 Segmente)
neo4j;4942252356738335392;1479.7641509433963;214.3777507559982;2438;tief (4+ Segmente)
neo4j;4947926941571921986;1518.6592950932966;225.00700009470555;1447;mittel (2-3 Segmente)
neo4j;4948081202319746508;1973.4839961202715;825.7617802345906;2062;mittel (2-3 Segmente)
neo4j;4950540811177845709;1249.7546296296296;197.2296183807474;1944;mittel (2-3 Segmente)
neo4j;4952287512291397032;1459.7447033898304;252.63679131952645;944;mittel (2-3 Segmente)
neo4j;4956768400069381178;1510.3386075949368;230.1087395192278;948;mittel (2-3 Segmente)
neo4j;4961745285941640790;1427.9045643153527;232.81339779141118;482;tief (4+ Segmente)
neo4j;4963642270147836011;1436.5868512110726;213.5360556367629;1445;tief (4+ Segmente)
neo4j;4970694818808608384;2113.566390041494;298.3727815820673;482;tief (4+ Segmente)
neo4j;4971090868917932865;1701.5233853006682;249.95774644916048;449;tief (4+ Segmente)
neo4j;4976204784530172824;1408.482142857143;178.0356891624041;448;tief (4+ Segmente)
neo4j;4984810063227241945;1331.0437242798355;179.69041725775085;1944;tief (4+ Segmente)
neo4j;4985150180654362304;2128.6061224489795;668.6371287981387;2450;tief (4+ Segmente)
neo4j;4988318199250381764;1432.6975254730714;235.75635523948935;3435;tief (4+ Segmente)
neo4j;4992939184942049469;2128.4775784753365;338.0160001391624;446;tief (4+ Segmente)
neo4j;4993950888931160425;1429.8236536430834;187.82764902996908;947;tief (4+ Segmente)
neo4j;4994536293403350271;1677.9151785714287;245.28610321681072;448;tief (4+ Segmente)
neo4j;4994903797601483418;1562.8930957683742;248.60190704987016;449;tief (4+ Segmente)
neo4j;5000812701819644021;1504.5449871465296;241.91719061708304;1945;tief (4+ Segmente)
neo4j;5001544293929511440;1307.3229398663698;176.10235820777044;449;tief (4+ Segmente)
neo4j;5003743577581343223;1303.2289029535864;203.329527766458;948;mittel (2-3 Segmente)
neo4j;5003768501643499907;1519.5131086142321;280.0195690328106;2937;tief (4+ Segmente)
neo4j;5008626891160969203;1392.599745870394;238.50104293988443;3935;tief (4+ Segmente)
neo4j;5013239167240222303;1405.6206896551723;266.6382443910164;1943;mittel (2-3 Segmente)
neo4j;5036536994344787831;1389.5337966595673;259.2588306352669;8921;tief (4+ Segmente)
neo4j;5038396445364138925;4838.869565217391;85.3763764571426;92;tief (4+ Segmente)
neo4j;5039903547457250685;1550.271714922049;212.00595326662415;449;tief (4+ Segmente)
neo4j;5067314732210816776;1983.05658436214;339.39414410746457;972;tief (4+ Segmente)
neo4j;5068245199112738631;4873.6949152542375;73.63311994618961;59;tief (4+ Segmente)
neo4j;5069014671643130431;1493.195020746888;242.96292881416687;1446;tief (4+ Segmente)
neo4j;5071340673001783811;4305.785202863962;340.60670140747226;419;mittel (2-3 Segmente)
neo4j;5078852879163573250;2111.154042988741;630.0148693508786;1954;mittel (2-3 Segmente)
neo4j;5084209680721016762;1623.7004219409282;193.60105587788232;474;tief (4+ Segmente)
neo4j;5086200875250484993;1670.4521158129176;228.51887826678123;449;tief (4+ Segmente)
neo4j;5089032977161818952;1802.899777282851;231.8650435385395;449;tief (4+ Segmente)
neo4j;5090683410679505951;1291.268326417704;176.57009329810364;1446;mittel (2-3 Segmente)
neo4j;5098196716152230410;4613.255384615384;141.3808642459395;325;mittel (2-3 Segmente)
neo4j;5098693526405511162;2256.8229879011046;1041.5745924521664;3802;mittel (2-3 Segmente)
neo4j;5100542165749969500;1456.552338530067;197.64797248361833;449;tief (4+ Segmente)
neo4j;5107956063525520296;1429.194121071013;255.60061955425678;3436;mittel (2-3 Segmente)
neo4j;5110652671339873797;3424.979865771812;332.9444021605212;447;tief (4+ Segmente)
neo4j;5114707729326352490;1745.4686098654709;223.4690188442947;446;tief (4+ Segmente)
neo4j;5123573233662941034;1441.164810690423;178.4175092255079;449;tief (4+ Segmente)
neo4j;5132217028704022278;3228.7078220858893;1165.219959762081;1304;mittel (2-3 Segmente)
neo4j;5140558166930360594;1423.1044303797469;215.03227002094718;948;tief (4+ Segmente)
neo4j;5145699040459185510;1753.8266384778012;217.30077464604082;473;tief (4+ Segmente)
neo4j;5156761752207896840;1829.5450138504154;606.3348338593803;1444;tief (4+ Segmente)
neo4j;5171482786720269397;1404.6548452676757;213.48459446740827;4427;tief (4+ Segmente)
neo4j;5175401758409031451;1501.195991091314;190.36896009075548;449;tief (4+ Segmente)
neo4j;5185368923685255472;2870.2048997772827;348.86071319092565;449;tief (4+ Segmente)
neo4j;5206296607846935853;1722.9440928270042;306.6859543412453;948;tief (4+ Segmente)
neo4j;5208293331801981119;1859.622767857143;210.59717608900144;448;tief (4+ Segmente)
neo4j;5213096934715077152;2182.8014553014555;664.7289958760172;962;tief (4+ Segmente)
neo4j;5213552895087825586;1400.4721603563473;229.69350649096955;449;tief (4+ Segmente)
neo4j;5223853072882824892;1580.970464135021;222.22143683830717;474;tief (4+ Segmente)
neo4j;5238516466910165669;1540.7085533262937;180.29154672069618;947;mittel (2-3 Segmente)
neo4j;5248968730913874096;1488.8307349665924;204.13625272903704;449;tief (4+ Segmente)
neo4j;5250211424285324727;1485.542345276873;254.77109057566298;2456;mittel (2-3 Segmente)
neo4j;5251334780437825912;1798.5190156599554;309.4968851975912;447;tief (4+ Segmente)
neo4j;5253781330196685061;1593.3830734966593;276.35951332586905;449;tief (4+ Segmente)
neo4j;5262132187125352066;1498.9336099585062;227.20036069339164;482;tief (4+ Segmente)
neo4j;5262180595156701638;1225.6426735218508;195.70811423236307;1945;mittel (2-3 Segmente)
neo4j;5273720711980555008;1392.1455696202531;161.28351312685052;948;tief (4+ Segmente)
neo4j;5278382984790960961;2873.368484848485;1532.8051747890074;825;tief (4+ Segmente)
neo4j;5302986612871203940;1379.6870229007634;224.04952380301378;3930;tief (4+ Segmente)
neo4j;5310330488411565811;1484.9114186851211;228.02338453121172;1445;tief (4+ Segmente)
neo4j;5312357934696303765;1934.3833157338966;282.51567685811904;947;tief (4+ Segmente)
neo4j;5316870681666191450;1553.621964097149;359.9499740070586;947;mittel (2-3 Segmente)
neo4j;5319301555773514394;1741.3630289532293;211.10302276229112;449;tief (4+ Segmente)
neo4j;5323825588506649051;2565.390481064483;1074.2563479007654;1954;tief (4+ Segmente)
neo4j;5327695371455149476;1317.5726141078837;204.1619241272346;1446;mittel (2-3 Segmente)
neo4j;5330466651416252739;1359.1982182628062;203.52777845778493;449;tief (4+ Segmente)
neo4j;5330718611700897910;1555.667524446732;273.17776116864445;1943;tief (4+ Segmente)
neo4j;5339282866568473281;1304.8230822391154;195.26976536296002;1447;tief (4+ Segmente)
neo4j;5359736074125503781;2606.0412698412697;308.1488871348614;945;tief (4+ Segmente)
neo4j;5361193217007111717;1854.3742331288342;257.72242707353803;489;flach (<=1 Segment)
neo4j;5364554835927879892;1314.595982142857;136.88869294704858;448;tief (4+ Segmente)
neo4j;5376447224146146878;1726.595847750865;336.30374121311553;1445;tief (4+ Segmente)
neo4j;5385452811400269000;1645.2460850111856;238.78643539345353;447;tief (4+ Segmente)
neo4j;5387328610238367396;2172.236248516027;776.0305945984516;2527;tief (4+ Segmente)
neo4j;5389850693796701204;2559.5602678571427;313.2653897470178;448;tief (4+ Segmente)
neo4j;5407928157323162812;1428.1239997697312;233.89779700079563;17371;tief (4+ Segmente)
neo4j;5410294649952048386;2265.7224183583407;1112.1212018058222;2266;tief (4+ Segmente)
neo4j;5410385908106914672;1784.0712694877507;271.9337979086759;449;mittel (2-3 Segmente)
neo4j;5413671066199565272;1464.4944320712696;182.4717947632113;449;tief (4+ Segmente)
neo4j;5415221220816637711;4927.285714285715;39.1948733285118;7;tief (4+ Segmente)
neo4j;5416601852897259614;2157.5401785714284;270.677546081201;448;tief (4+ Segmente)
neo4j;5417465298170475465;1395.164810690423;177.51180672508966;449;tief (4+ Segmente)
neo4j;5423020749723056959;1591.060267857143;228.92285157858782;448;flach (<=1 Segment)
neo4j;5433453865291437777;1445.507399577167;224.15592250358975;473;tief (4+ Segmente)
neo4j;5434615217429814103;1334.2611607142858;133.02260025804023;448;tief (4+ Segmente)
neo4j;5436961904390642996;2970.5959821428573;370.103896993737;448;mittel (2-3 Segmente)
neo4j;5442355129992800342;3394.9887892376682;354.2693603027465;446;tief (4+ Segmente)
neo4j;5444454853020086605;4688.715736040609;160.5245241804458;197;tief (4+ Segmente)
neo4j;5446068306253880448;1506.6881959910913;218.66601626313593;449;mittel (2-3 Segmente)
neo4j;5454861746150378108;2279.520844468199;1204.704167620412;3742;tief (4+ Segmente)
neo4j;5456936052226783288;1313.5233853006682;177.5257904078806;449;tief (4+ Segmente)
neo4j;5459538003171853369;4756.026845637584;135.82186994561388;149;tief (4+ Segmente)
neo4j;5461389132692339064;4898.724137931034;51.962827751964085;29;tief (4+ Segmente)
neo4j;5468773637961384141;4789.462121212121;110.31214596140896;132;tief (4+ Segmente)
neo4j;5473403024752546956;1376.9487750556793;171.63204140837195;449;tief (4+ Segmente)
neo4j;5475078144932870756;1362.051742344245;192.0673894702388;947;tief (4+ Segmente)
neo4j;5478050461100281106;4785.43795620438;116.51488552426831;137;tief (4+ Segmente)
neo4j;5484885789159007185;1454.0650519031142;250.96165719696683;1445;tief (4+ Segmente)
neo4j;5486669699480165382;1417.461475409836;226.16894596558473;2440;tief (4+ Segmente)
neo4j;5493468535583883465;2753.4693094629156;1624.7240517255066;782;tief (4+ Segmente)
neo4j;5498899749585258179;4688.029166666666;158.09788287115137;240;flach (<=1 Segment)
neo4j;5500536538076759562;1564.3184855233853;191.09447140425772;449;tief (4+ Segmente)
neo4j;5503837698919266075;1596.4498886414253;170.25767710359142;449;tief (4+ Segmente)
neo4j;5505496635485408344;1454.229398663697;194.1680936664804;449;tief (4+ Segmente)
neo4j;5508967759134792772;2295.587684069612;1089.4699770129214;2241;tief (4+ Segmente)
neo4j;5510819102807609432;1373.4464285714287;229.19341457545306;448;tief (4+ Segmente)
neo4j;5518877400221737153;2602.0337941628263;1363.5252395376476;651;tief (4+ Segmente)
neo4j;5519077511538053557;1453.8839662447258;195.89040542070725;948;tief (4+ Segmente)
neo4j;5519778755691890712;2114.165867032214;568.1343785212592;1459;tief (4+ Segmente)
neo4j;5535559360605700569;1726.0210970464136;357.3460776270208;948;tief (4+ Segmente)
neo4j;5538151497547625503;2340.865150713908;1167.6744814310464;3782;tief (4+ Segmente)
neo4j;5540782288121118049;1468.7639198218262;157.2198967289377;449;tief (4+ Segmente)
neo4j;5546448881229045391;1572.204899777283;257.46498179546387;449;tief (4+ Segmente)
neo4j;5555959410971175832;2864.324384787472;299.41197215162566;447;tief (4+ Segmente)
neo4j;5556366266301609909;1735.417445482866;371.8345318999008;963;tief (4+ Segmente)
neo4j;5561613688855469990;1965.9703389830509;262.98803822202234;472;tief (4+ Segmente)
neo4j;5567264031995499744;1786.3482142857142;225.65197450630433;448;tief (4+ Segmente)
neo4j;5569223570165696314;1377.8881313616287;242.33037892313195;10414;tief (4+ Segmente)
neo4j;5583591783156248783;2583.4891191709844;508.44248700217327;965;tief (4+ Segmente)
neo4j;5616400302968271686;2192.313953488372;815.6097973544353;946;tief (4+ Segmente)
neo4j;5617510144668734022;1563.1982182628062;227.34461608119096;449;tief (4+ Segmente)
neo4j;5639228393184476633;4674.48064516129;136.65657927731309;310;tief (4+ Segmente)
neo4j;5643283541426986774;1479.0591286307053;204.01433284425346;964;tief (4+ Segmente)
neo4j;5645528311713269004;1329.642405063291;176.39884662047936;948;mittel (2-3 Segmente)
neo4j;5645932708983841900;2813.329087048832;310.41247093116334;471;flach (<=1 Segment)
neo4j;5646237379063164568;1507.7571277719112;215.5162986615668;947;tief (4+ Segmente)
neo4j;5653097961270931210;1416.659978880676;203.07926183883433;947;tief (4+ Segmente)
neo4j;5658960865002591843;1414.7857636489289;255.87166614221363;1447;tief (4+ Segmente)
neo4j;5660280600680046639;1363.2186218211648;240.3989131707133;2438;tief (4+ Segmente)
neo4j;5662321701118212826;1485.6308793456033;282.36238348333603;978;flach (<=1 Segment)
neo4j;5695366282730021544;1419.377202072539;194.38925715466553;965;mittel (2-3 Segmente)
neo4j;5711066561672110822;1437.182628062361;250.79971655195732;449;tief (4+ Segmente)
neo4j;5716674029087508827;1384.32206969377;204.48728429518002;947;tief (4+ Segmente)
neo4j;5716693611716872390;1596.7808032675289;264.5239482967758;1469;tief (4+ Segmente)
neo4j;5731059930125300756;1700.6146788990825;382.072621514341;981;mittel (2-3 Segmente)
neo4j;5735454426847853064;4798.837438423645;122.86029326325323;203;tief (4+ Segmente)
neo4j;5742504891104958874;1414.0802213001384;211.55256808136238;1446;tief (4+ Segmente)
neo4j;5743147211319887222;2316.5956678700363;1093.3828484195674;554;mittel (2-3 Segmente)
neo4j;5755920539766019477;1510.0020746887967;191.18072211340618;1446;tief (4+ Segmente)
neo4j;5765871667095525341;2148.988864142539;281.6788672419638;449;tief (4+ Segmente)
neo4j;5771652216708352702;1595.1964285714287;198.52414475286423;448;tief (4+ Segmente)
neo4j;5773441925639100410;1392.2771343926745;236.65940909555482;7426;tief (4+ Segmente)
neo4j;5778074154933205916;2179.4253112033193;550.3751972423186;1446;tief (4+ Segmente)
neo4j;5778283478472109328;1320.8816964285713;193.0587693781474;448;tief (4+ Segmente)
neo4j;5792613558349454696;2296.890102148644;1069.272537893457;2839;tief (4+ Segmente)
neo4j;5794832710217745243;1339.0489977728284;144.07197576559517;449;tief (4+ Segmente)
neo4j;5800696778223532823;3174.5116279069766;265.23104009797663;473;tief (4+ Segmente)
neo4j;5802402265317097606;1395.541152642239;275.1177730572925;5431;mittel (2-3 Segmente)
neo4j;5804769346532838474;1697.053452115813;222.59578955890183;449;tief (4+ Segmente)
neo4j;5807067889361935726;1525.913140311804;233.00981744947936;449;tief (4+ Segmente)
neo4j;5817152135548445042;1458.3691983122362;192.41806709740723;948;tief (4+ Segmente)
neo4j;5819340622713286740;2869.7946428571427;327.13407792169806;448;tief (4+ Segmente)
neo4j;5829886005468403501;1367.4066620402498;175.6949133204984;1441;tief (4+ Segmente)
neo4j;5834342123852753324;4728.685039370079;146.8533564915845;254;tief (4+ Segmente)
neo4j;5836632896192132813;2087.6495983935743;798.2590747759468;996;flach (<=1 Segment)
neo4j;5849097989878732809;2234.3097713097713;773.1614045125609;962;tief (4+ Segmente)
neo4j;5859182835041635332;2936.580375782881;318.6097961586033;479;mittel (2-3 Segmente)
neo4j;5859254473806996859;2108.4441964285716;319.43028355378954;448;tief (4+ Segmente)
neo4j;5860065544297083765;3289.093191964286;1077.8130688625527;1792;tief (4+ Segmente)
neo4j;5862733684318313920;1409.7529411764706;269.47139544669517;1445;tief (4+ Segmente)
neo4j;5868855570061413019;1453.3273942093542;180.9606241271546;449;tief (4+ Segmente)
neo4j;5875718575240205075;2175.682223747426;580.4044404300123;1457;tief (4+ Segmente)
neo4j;5885546580582353764;1650.523875432526;347.5222271397351;1445;tief (4+ Segmente)
neo4j;5886596981376127229;4714.895833333333;195.28151134617804;192;flach (<=1 Segment)
neo4j;5888878149548264107;2159.86859688196;315.6198523173432;449;tief (4+ Segmente)
neo4j;5891390962599358429;2060.676741130092;888.9888422849813;1522;tief (4+ Segmente)
neo4j;5893594624922640028;1869.360465116279;563.8320513208832;946;tief (4+ Segmente)
neo4j;5895473172555763567;1818.6864244741873;999.2861710609171;523;tief (4+ Segmente)
neo4j;5896318729371520181;1975.835189309577;317.50410502130035;449;tief (4+ Segmente)
neo4j;5897379912763917991;1437.8680089485458;198.4017711825141;447;tief (4+ Segmente)
neo4j;5901670165386940992;1357.3763919821827;216.8433405759368;449;tief (4+ Segmente)
neo4j;5906496958719775160;1560.904017857143;236.1360794912797;448;tief (4+ Segmente)
neo4j;5910193922027097194;1903.5426356589148;915.652736631634;516;tief (4+ Segmente)
neo4j;5912189776611221043;1642.0253164556962;214.32944596686198;474;tief (4+ Segmente)
neo4j;5914753639352548704;2088.5485232067513;241.22539258860567;474;tief (4+ Segmente)
neo4j;5918637790316114906;1443.0890868596882;224.88804971131518;449;tief (4+ Segmente)
neo4j;5921539581227958474;2924.2561247216036;312.96692098159303;449;tief (4+ Segmente)
neo4j;5922958655594018315;1469.5129257283545;252.99251730177534;2437;tief (4+ Segmente)
neo4j;5923002263897518223;1478.6915629322268;214.24741128808407;1446;tief (4+ Segmente)
neo4j;5924333401567263561;1827.6083333333333;447.42693824367564;480;tief (4+ Segmente)
neo4j;5925631308366978494;1977.2364273204903;1243.6673309084579;571;tief (4+ Segmente)
neo4j;5933687442628233442;1662.5478841870824;244.47249708597246;449;tief (4+ Segmente)
neo4j;5944985292157549540;1473.663697104677;172.1511367376089;449;tief (4+ Segmente)
neo4j;5947284626184853258;4717.491638795987;165.11170503435977;598;tief (4+ Segmente)
neo4j;5960114202768520784;2630.5313901345294;317.6275646082405;446;mittel (2-3 Segmente)
neo4j;5967069896472678376;1344.470628887353;203.94610606293705;1447;tief (4+ Segmente)
neo4j;5973769856620448192;1434.185089974293;209.95809812169009;1945;tief (4+ Segmente)
neo4j;5974380146517149184;1634.314031180401;252.3061168713954;449;tief (4+ Segmente)
neo4j;5977659869415509245;2150.9333333333334;639.3439805173177;945;tief (4+ Segmente)
neo4j;5980280963167919123;1837.7484143763213;230.37065316953917;473;tief (4+ Segmente)
neo4j;5982466854000436152;1867.5513392857142;225.66148758276864;448;tief (4+ Segmente)
neo4j;5990245324121103853;1440.6659242761693;198.34701895920483;449;mittel (2-3 Segmente)
neo4j;6003749780346662346;1483.84855233853;229.41016031393573;449;tief (4+ Segmente)
neo4j;6006906626162987288;1398.8513605442176;279.57308267335156;2940;tief (4+ Segmente)
neo4j;6035569127364925393;1360.8863172226004;269.016382598187;2938;tief (4+ Segmente)
neo4j;6039915015557696696;1312.4855233853007;148.4152758242747;449;tief (4+ Segmente)
neo4j;6041468693350349300;2431.234331583822;990.6982088693458;3239;mittel (2-3 Segmente)
neo4j;6045321278204704508;2847.8934531450577;1549.0964943435306;779;tief (4+ Segmente)
neo4j;6045614919224892697;1373.038560411311;187.7253379932382;1945;tief (4+ Segmente)
neo4j;6049919751840135324;3408.3191964285716;376.1839278200702;448;tief (4+ Segmente)
neo4j;6059082588762000963;1688.8552338530067;234.57561219203674;449;tief (4+ Segmente)
neo4j;6060061873406280289;1707.9219073946094;375.20334567469916;1447;tief (4+ Segmente)
neo4j;6072609984358472914;1473.2806236080178;225.30866051526212;449;tief (4+ Segmente)
neo4j;6072704197946584965;1388.6506323396568;207.27520639903727;4428;tief (4+ Segmente)
neo4j;6079944415408147363;1360.3095768374164;197.87621248173113;449;tief (4+ Segmente)
neo4j;6080560130574856177;1302.478841870824;129.84601155412082;449;tief (4+ Segmente)
neo4j;6085608012517089869;2807.7861915367484;375.2253711889705;449;tief (4+ Segmente)
neo4j;6095850063032474994;1469.7970401691332;166.13310543065882;473;tief (4+ Segmente)
neo4j;6099361836995198340;1378.144820295983;238.20295281493893;946;tief (4+ Segmente)
neo4j;6100245412723762295;1929.6662601626017;614.3472004627248;2460;tief (4+ Segmente)
neo4j;6101663781689786793;1377.7422739686647;243.19784732111216;20871;tief (4+ Segmente)
neo4j;6108289690992007831;2420.6392405063293;373.88875042695264;474;tief (4+ Segmente)
neo4j;6110262331357099103;2853.3513513513512;1398.6858473715254;888;tief (4+ Segmente)
neo4j;6113274652996133645;4880.324675324675;63.68744434602005;77;tief (4+ Segmente)
neo4j;6123855792281854719;1620.8641425389756;253.47147236942172;449;tief (4+ Segmente)
neo4j;6125059177722119175;1613.075892857143;209.9076894143319;448;tief (4+ Segmente)
neo4j;6125266700812000818;1407.118339100346;216.8095701895362;1445;tief (4+ Segmente)
neo4j;6131199456104076946;1566.042316258352;253.71464477478318;449;tief (4+ Segmente)
neo4j;6142840522258834137;4744.688442211055;129.3544321164414;199;tief (4+ Segmente)
neo4j;6143266762331186035;1196.5587828492394;212.14096720763516;1446;flach (<=1 Segment)
neo4j;6144479911199903239;2196.7536997885836;726.0145112109967;946;mittel (2-3 Segmente)
neo4j;6148415941960067061;1365.7929479294794;233.33591993842836;2439;tief (4+ Segmente)
neo4j;6150368096895214572;1420.4305555555557;194.75060344568914;1944;tief (4+ Segmente)
neo4j;6168051656989246146;2064.0702692003165;807.5641276359366;5052;tief (4+ Segmente)
neo4j;6168740178041897396;1335.8779069767443;220.87406971652527;3440;mittel (2-3 Segmente)
neo4j;6169347855890187016;1626.7661469933184;236.11253769878192;449;tief (4+ Segmente)
neo4j;6169545201980741840;4886.51282051282;59.0409633866591;39;tief (4+ Segmente)
neo4j;6173833612598305791;3113.3883089770356;417.6008929641515;479;tief (4+ Segmente)
neo4j;6177503259314778938;1392.3652561247216;158.3621393611041;449;tief (4+ Segmente)
neo4j;6184059470523558657;2190.207468879668;696.9913870379432;1446;tief (4+ Segmente)
neo4j;6187185220356631838;1340.9487750556793;229.7045842617475;449;tief (4+ Segmente)
neo4j;6187373095626766966;1370.8370535714287;182.61673110858337;448;tief (4+ Segmente)
neo4j;6200439226761143438;1303.184599156118;180.62692856626225;948;mittel (2-3 Segmente)
neo4j;6221993639873759947;1791.6936376210235;314.29238946741856;1446;tief (4+ Segmente)
neo4j;6233718223374923264;1465.6763392857142;256.81850618918565;448;tief (4+ Segmente)
neo4j;6234908303186164022;1454.4649063416837;346.3873659497439;4431;mittel (2-3 Segmente)
neo4j;6235554368285594860;1605.8435517970402;247.35178931128357;473;tief (4+ Segmente)
neo4j;6239033509622230920;1856.681434599156;232.31804991049813;474;tief (4+ Segmente)
neo4j;6247557390256356085;1663.0691964285713;237.78443631609431;448;tief (4+ Segmente)
neo4j;6249949900317052497;1648.3792387543253;230.70749035535886;1445;tief (4+ Segmente)
neo4j;6251330316207379170;1418.1362229102167;314.926582055732;969;tief (4+ Segmente)
neo4j;6256039240167545991;2755.6815144766147;361.361992824945;449;tief (4+ Segmente)
neo4j;6256094020817159034;2155.260042283298;756.9314284219593;946;tief (4+ Segmente)
neo4j;6260692276606985163;1191.1113585746102;163.21153583227658;449;tief (4+ Segmente)
neo4j;6261944467058099329;1361.5537974683543;178.42165054037417;948;tief (4+ Segmente)
neo4j;6267148307619687107;1742.1697278911565;553.1346178951787;2940;mittel (2-3 Segmente)
neo4j;6271170465901072318;4945.181818181818;28.099175012153562;11;tief (4+ Segmente)
neo4j;6277209744862038553;4513.927083333333;250.91739748607267;384;tief (4+ Segmente)
neo4j;6280426571937034084;2324.6476793248944;565.9440537169601;948;mittel (2-3 Segmente)
neo4j;6283829592363211063;1417.1737504250254;229.17563906754535;2941;tief (4+ Segmente)
neo4j;6286048607598540720;1376.5036958817318;192.8795556244086;947;tief (4+ Segmente)
neo4j;6295969277559646253;1431.2403163658487;242.86337957995104;4931;tief (4+ Segmente)
neo4j;6303171249662756917;1307.5567928730513;160.08985201524436;449;tief (4+ Segmente)
neo4j;6303255107028490935;2564.1054852320676;329.7467676611472;948;tief (4+ Segmente)
neo4j;6311265279055986334;2920.2441379310344;1421.3714681726738;725;tief (4+ Segmente)
neo4j;6314424938776649240;1508.7900843881857;251.10581880008675;948;tief (4+ Segmente)
neo4j;6318616562776186417;2547.0168776371306;295.32876962289737;474;tief (4+ Segmente)
neo4j;6324187711132849850;1362.43429844098;190.87901876092624;449;mittel (2-3 Segmente)
neo4j;6326301636553745261;2052.1066525871174;647.6046775795606;947;mittel (2-3 Segmente)
neo4j;6326302990615755519;2933.427983539095;363.154893655078;972;tief (4+ Segmente)
neo4j;6328275225611674199;1435.876355748373;217.74066589022954;6915;tief (4+ Segmente)
neo4j;6333738282814291938;2299.101800554017;491.90873379182716;1444;tief (4+ Segmente)
neo4j;6339223741432742184;1473.0278816729003;268.5095354934705;2941;mittel (2-3 Segmente)
neo4j;6344414612961676944;1619.1603563474387;193.55605762344376;449;tief (4+ Segmente)
neo4j;6348797976397034655;1321.2544878563886;185.98181748754075;947;mittel (2-3 Segmente)
neo4j;6352040687010451590;1758.7199170124481;184.20748486938794;482;tief (4+ Segmente)
neo4j;6359260740098691462;1669.271714922049;226.66061225775735;449;tief (4+ Segmente)
neo4j;6367920086937354966;1993.249443207127;268.8567813710456;449;tief (4+ Segmente)
neo4j;6382660261821217963;3716.3566621803498;896.7533958363914;743;mittel (2-3 Segmente)
neo4j;6390866362114641753;1477.740848343986;252.42747588798656;3442;tief (4+ Segmente)
neo4j;6391729233649087586;2474.4460580912864;595.1567192359796;964;tief (4+ Segmente)
neo4j;6394189367554203785;1535.9287305122493;205.68752153804857;449;tief (4+ Segmente)
neo4j;6410038533119315912;1772.8507795100222;235.78991009243788;449;tief (4+ Segmente)
neo4j;6411574319166152051;1410.3204918032786;219.04362680758962;2440;tief (4+ Segmente)
neo4j;6421599164714961175;1417.0623608017818;198.86154918763708;449;tief (4+ Segmente)
neo4j;6445178872878901031;2486.1354705274043;582.6614876280821;967;tief (4+ Segmente)
neo4j;6447843030872828034;2188.3987341772154;287.18411873458916;474;tief (4+ Segmente)
neo4j;6449890693743718550;1385.7975120939875;176.6483673637677;1447;tief (4+ Segmente)
neo4j;6451941728521548721;2234.7879746835442;488.2503127296304;948;tief (4+ Segmente)
neo4j;6486231326478176361;1447.0244988864142;188.88413357485052;449;tief (4+ Segmente)
neo4j;6493150003484457479;1391.061115668581;189.56530613705485;2438;tief (4+ Segmente)
neo4j;6496301240597002292;1481.3536036036037;357.18767153387074;444;tief (4+ Segmente)
neo4j;6502829199176474386;2243.4672304439746;397.9090501013174;946;tief (4+ Segmente)
neo4j;6506346987539001533;1314.9959456720048;220.32557285369276;4933;mittel (2-3 Segmente)
neo4j;6509557777674824088;2029.924404272802;1398.6498679663073;1217;tief (4+ Segmente)
neo4j;6512615701195798917;3286.95966620306;1052.5162235699177;719;tief (4+ Segmente)
neo4j;6513625981320547530;1616.2093541202673;220.7983703715535;449;tief (4+ Segmente)
neo4j;6522901251238644740;1475.313969571231;244.16369155815173;1446;tief (4+ Segmente)
neo4j;6528462012521620044;1590.7349665924276;218.42511313246393;449;tief (4+ Segmente)
neo4j;6537095173671556838;1358.3429844097996;187.913230239675;449;tief (4+ Segmente)
neo4j;6540301177922409811;1298.34163208852;166.5217822628372;1446;tief (4+ Segmente)
neo4j;6552899473397833164;1345.5835189309578;183.97819357171363;449;tief (4+ Segmente)
neo4j;6558346256756296246;1382.1492204899778;163.4601374122403;449;tief (4+ Segmente)
neo4j;6559513867929632046;4904.636363636364;62.925159972587636;22;tief (4+ Segmente)
neo4j;6560775341801200185;1337.2721518987341;147.55083882092396;948;tief (4+ Segmente)
neo4j;6569585492190948236;1347.1395526182002;216.36611812473132;3934;mittel (2-3 Segmente)
neo4j;6573411717329715258;1112.711813067936;242.27438752799355;6933;flach (<=1 Segment)
neo4j;6579500761435026265;1764.0892857142858;291.9234999410514;448;mittel (2-3 Segmente)
neo4j;6605551749643767128;1327.694877505568;176.2697633183543;449;tief (4+ Segmente)
neo4j;6611072465153856650;2317.0886075949365;676.3215234801063;948;tief (4+ Segmente)
neo4j;6616207873525727301;4064.62471395881;314.6132417189136;437;tief (4+ Segmente)
neo4j;6617872096341455819;1381.0581395348838;235.7675581722509;3440;tief (4+ Segmente)
neo4j;6633615500066057814;2053.267869535045;546.8149840734019;1441;tief (4+ Segmente)
neo4j;6642361558204199206;1652.7805907172997;298.1864762486761;948;mittel (2-3 Segmente)
neo4j;6645597472538920772;1814.5464135021098;255.0714673258643;474;tief (4+ Segmente)
neo4j;6645921071018426350;1492.182628062361;177.25503106210508;449;tief (4+ Segmente)
neo4j;6646076156020530585;4629.048913043478;133.44544568583848;368;tief (4+ Segmente)
neo4j;6648117281892177276;1387.9397838394236;209.02950426506862;1943;tief (4+ Segmente)
neo4j;6649062256857120113;2571.9669540229884;1502.0980656756035;696;tief (4+ Segmente)
neo4j;6650713113887104138;3774.9404388714734;429.7624618849512;957;mittel (2-3 Segmente)
neo4j;6654294049969334944;1434.5221300138312;216.01316887935496;1446;tief (4+ Segmente)
neo4j;6656091326550870156;2150.8257655755015;522.6523633028829;947;tief (4+ Segmente)
neo4j;6675930577918684863;1532.5176470588235;284.5821215985256;1445;tief (4+ Segmente)
neo4j;6681866036184840066;2769.223602484472;312.10981898975365;483;tief (4+ Segmente)
neo4j;6686923937955848699;2947.676532769556;386.0670155377924;473;tief (4+ Segmente)
neo4j;6688321457301195843;2216.7053571428573;316.3028633418633;448;mittel (2-3 Segmente)
neo4j;6689831521915727449;1636.0155902004453;228.02541804426144;449;tief (4+ Segmente)
neo4j;6701351818718900713;1373.7293736063248;251.32686237360437;4933;mittel (2-3 Segmente)
neo4j;6713014167349696218;3244.408988764045;480.8980749364449;445;tief (4+ Segmente)
neo4j;6717295252140531492;1574.8111168296448;308.7145916769259;1943;tief (4+ Segmente)
neo4j;6717494840143294197;1911.5557586837294;1178.6601282357017;547;tief (4+ Segmente)
neo4j;6718416350717849323;1303.8708240534522;141.88681124368034;449;tief (4+ Segmente)
neo4j;6719381451999393753;2219.1405919661734;782.8529403692172;946;tief (4+ Segmente)
neo4j;6730369401503643849;2328.674532139951;1268.7199170268543;1229;tief (4+ Segmente)
neo4j;6731502890053543086;2198.6423432682427;631.7514060358304;973;tief (4+ Segmente)
neo4j;6733952511934450038;1317.890625;183.4011363777892;448;tief (4+ Segmente)
neo4j;6735492487403172990;1751.5790645879733;211.14170641000837;449;tief (4+ Segmente)
neo4j;6738676196440896408;1447.3108108108108;262.04664727496856;2442;tief (4+ Segmente)
neo4j;6752565762017988765;2731.8444700460827;1538.0091791982582;868;tief (4+ Segmente)
neo4j;6759193123074634681;1603.8976793248946;219.61799674212696;948;tief (4+ Segmente)
neo4j;6770192758383095727;4894.611111111111;65.24778169311975;36;tief (4+ Segmente)
neo4j;6779073791728776433;1363.4543429844098;172.83002406647876;449;tief (4+ Segmente)
neo4j;6785269743222454495;1331.3583299554114;241.2120395377653;4934;mittel (2-3 Segmente)
neo4j;6790777157275220611;1333.3372494816863;163.00492025228624;1447;tief (4+ Segmente)
neo4j;6794932373788399675;2050.5655456417294;461.9118847562979;1457;mittel (2-3 Segmente)
neo4j;6806418340651381205;1531.013392857143;182.50201138692933;448;tief (4+ Segmente)
neo4j;6808161814986139354;1479.8348092643052;246.0582671417252;2936;tief (4+ Segmente)
neo4j;6808285859891611528;1356.889924994932;236.71078853875545;4933;tief (4+ Segmente)
neo4j;6826322663245396868;1502.324894514768;258.07496807399735;474;tief (4+ Segmente)
neo4j;6831327114562572897;1384.944320712695;227.48118842956106;449;tief (4+ Segmente)
neo4j;6835931035346480990;2423.5491071428573;374.63755167127005;448;tief (4+ Segmente)
neo4j;6856741613265116973;2769.0541795665636;862.204761500618;1938;tief (4+ Segmente)
neo4j;6874137629783320727;1502.3830734966593;150.76690937620884;449;tief (4+ Segmente)
neo4j;6877062122530207313;1939.8182354097073;1075.4561871088365;5089;tief (4+ Segmente)
neo4j;6886741728153381842;2157.036953582695;1013.7845759097362;2219;tief (4+ Segmente)
neo4j;6891435750456311247;1338.2814661134164;205.7287098022054;1446;tief (4+ Segmente)
neo4j;6892347886550699060;1416.3028953229398;169.4410770307731;449;tief (4+ Segmente)
neo4j;6897743134406407913;2352.8903680501176;1366.2649554205382;1277;tief (4+ Segmente)
neo4j;6916223122062731847;1646.7589285714287;239.25834307280843;448;tief (4+ Segmente)
neo4j;6916229976131609307;1449.1540443070583;222.75700428752117;1941;tief (4+ Segmente)
neo4j;6918508674184897224;1389.1943555426244;482.8880104813302;3437;flach (<=1 Segment)
neo4j;6920728789574406068;2049.6051175656985;565.8969935259867;1446;tief (4+ Segmente)
neo4j;6923286108552797372;3426.4040178571427;291.52458874873383;448;tief (4+ Segmente)
neo4j;6924759920109969572;1435.0088465464444;218.81416730366053;2939;tief (4+ Segmente)
neo4j;6928965224961782591;2947.2639821029084;278.34708649595916;447;tief (4+ Segmente)
neo4j;6933988547591829902;1330.818373812038;152.0716239683795;947;tief (4+ Segmente)
neo4j;6934291779761673195;2496.7245762711864;302.1261813706279;944;tief (4+ Segmente)
neo4j;6941355212589978942;4770.660194174758;114.42467356283846;206;tief (4+ Segmente)
neo4j;6944619809665527286;1880.5957671957672;255.00738520185675;945;tief (4+ Segmente)
neo4j;6951233344159055958;4670.615646258503;172.02086912076152;294;mittel (2-3 Segmente)
neo4j;6955290752189237719;1756.457475994513;286.9051338738625;1458;tief (4+ Segmente)
neo4j;6955990833255922179;3005.8058035714284;294.3738818876563;448;tief (4+ Segmente)
neo4j;6957954546553947698;1457.5256124721604;238.18316197954206;449;tief (4+ Segmente)
neo4j;6959823792660505874;1340.8369039391846;183.19942332418455;1447;tief (4+ Segmente)
neo4j;6963818490678498482;1970.8358050847457;574.3048798004944;944;tief (4+ Segmente)
neo4j;6963969301241299631;1308.8996832101373;152.4024710485946;947;tief (4+ Segmente)
neo4j;6964655324573933129;4891.18085106383;63.78862317513782;94;tief (4+ Segmente)
neo4j;6965431344619332755;3926.035490605428;364.9671917296635;479;mittel (2-3 Segmente)
neo4j;6966956981063676358;1430.3293604651162;268.5452239705927;3440;mittel (2-3 Segmente)
neo4j;6975054252646366377;2385.8629213483146;261.11277221876924;445;mittel (2-3 Segmente)
neo4j;6981467809402919174;1586.6236080178173;125.99367003086304;449;tief (4+ Segmente)
neo4j;6991396919801460314;1435.3875278396436;169.71573245900925;449;tief (4+ Segmente)
neo4j;6993855822822896526;1865.5274949083503;263.38465073441006;491;mittel (2-3 Segmente)
neo4j;6999390392602078999;2569.095394736842;1184.8671648331554;1216;mittel (2-3 Segmente)
neo4j;7001670474862672429;1661.1729957805908;261.7256112622216;474;tief (4+ Segmente)
neo4j;7019273673230404745;1622.8118393234672;301.7061405505786;946;tief (4+ Segmente)
neo4j;7023997211398386107;1802.1145038167938;619.5781405895764;1441;tief (4+ Segmente)
neo4j;7024105307023026624;1359.40611814346;177.6120395227671;948;tief (4+ Segmente)
neo4j;7026137585052751663;2006.5144766146993;295.5462261247249;449;tief (4+ Segmente)
neo4j;7032653165590605654;1649.8794926004227;186.4679740932846;473;tief (4+ Segmente)
neo4j;7064942382154644362;2438.240888144114;1060.0451437684342;2387;tief (4+ Segmente)
neo4j;7074953339264050056;1527.740506329114;229.1070776472715;474;tief (4+ Segmente)
neo4j;7079622581995693957;1465.0178173719376;189.25123759656802;449;tief (4+ Segmente)
neo4j;7081456869338977085;1552.3028953229398;241.47740395544812;449;tief (4+ Segmente)
neo4j;7083861744864570255;2779.002227171492;303.8163470962117;449;tief (4+ Segmente)
neo4j;7088882595890314483;2997.4158004158003;458.03780966549056;481;mittel (2-3 Segmente)
neo4j;7090784894766664535;1613.436376210235;252.56071748871784;1446;tief (4+ Segmente)
neo4j;7092268058044733161;1639.5121436114043;248.8574199101625;947;tief (4+ Segmente)
neo4j;7102054589116163334;2992.017817371938;393.05250540259993;449;tief (4+ Segmente)
neo4j;7103939474194307731;1364.5256124721604;167.70624266599057;449;mittel (2-3 Segmente)
neo4j;7116810954923767783;1276.0824053452116;194.49602887404373;449;tief (4+ Segmente)
neo4j;7118184789286238807;2273.101514531314;573.7386074603834;2443;tief (4+ Segmente)
neo4j;7130876767735522282;1381.1970164609054;179.8506922682385;1944;tief (4+ Segmente)
neo4j;7133253344475891479;1692.1459459459459;436.0008951579689;1480;tief (4+ Segmente)
neo4j;7137050689974810421;4645.429936305733;214.60980982880596;314;tief (4+ Segmente)
neo4j;7150485708328714877;2581.0446841294297;689.938941216264;1947;mittel (2-3 Segmente)
neo4j;7160837301264405624;2798.834451901566;367.6881225876348;447;tief (4+ Segmente)
neo4j;7162281709022027790;1328.140311804009;126.97611347671877;449;tief (4+ Segmente)
neo4j;7166342363427531355;1533.5490356996306;289.7282044023408;2437;tief (4+ Segmente)
neo4j;7166971978966371759;4109.862068965517;331.0659829061433;464;tief (4+ Segmente)
neo4j;7168117380502047753;2393.195991091314;237.1963319585847;449;tief (4+ Segmente)
neo4j;7169919946765129646;1621.3095768374164;302.6948235110752;449;tief (4+ Segmente)
neo4j;7180493025967689598;1450.2984409799556;199.64623852103944;449;tief (4+ Segmente)
neo4j;7193081606829572076;1660.8214285714287;192.99031350247765;448;tief (4+ Segmente)
neo4j;7195516590065718983;2891.6870415647923;1426.713208752099;818;tief (4+ Segmente)
neo4j;7201513845208385946;2870.4491080797484;1235.2750347738117;953;tief (4+ Segmente)
neo4j;7203135976160683060;1322.1763463569166;142.490426777422;947;mittel (2-3 Segmente)
neo4j;7206319879082967727;3169.1625282167042;336.664159557036;443;tief (4+ Segmente)
neo4j;7210960697097646052;1377.1962025316457;177.7018774241057;948;tief (4+ Segmente)
neo4j;7215686585499329261;1441.6599861783;199.69893091980117;1447;tief (4+ Segmente)
neo4j;7218765816327827919;1885.470982142857;273.029042807689;448;tief (4+ Segmente)
neo4j;7219744551829154106;1723.3318485523384;290.83256241842986;449;tief (4+ Segmente)
neo4j;7223834057976010290;1554.7683557394002;328.9489600759949;967;tief (4+ Segmente)
neo4j;7225340296034766726;1551.7171507607193;272.8129228522692;1446;tief (4+ Segmente)
neo4j;7227339809588056304;4805.701754385965;115.71668722697855;171;mittel (2-3 Segmente)
neo4j;7230413800350601507;1532.1404958677685;224.49324781668062;484;tief (4+ Segmente)
neo4j;7239704071197237017;1316.5428475033739;227.61751234151072;5928;tief (4+ Segmente)
neo4j;7249485003278207740;1313.7888067581837;188.20536038021723;947;tief (4+ Segmente)
neo4j;7254258091620370867;1416.271714922049;158.58718345504556;449;tief (4+ Segmente)
neo4j;7262283538636734599;1677.2650475184794;293.0275486422583;947;tief (4+ Segmente)
neo4j;7269964128757582341;1476.2890733056709;201.20139709242426;1446;tief (4+ Segmente)
neo4j;7271460581007129364;1321.957683741648;127.85109394602142;449;tief (4+ Segmente)
neo4j;7289772492937031987;1444.288422477996;228.9879753741024;4431;tief (4+ Segmente)
neo4j;7290382544211164749;1400.803911650649;282.4719762396797;5931;mittel (2-3 Segmente)
neo4j;7295766255755397120;3998.475982532751;308.9472710203382;458;tief (4+ Segmente)
neo4j;7319314336225477525;1449.049107142857;175.2294687277526;448;tief (4+ Segmente)
neo4j;7323861348285808901;1325.3184855233853;181.4626182515318;449;tief (4+ Segmente)
neo4j;7325785846958233655;1634.9003115264798;258.641244943998;963;tief (4+ Segmente)
neo4j;7334523721464836294;1460.1835443037974;152.45189191377017;474;tief (4+ Segmente)
neo4j;7335319426941232207;1330.8708240534522;132.41545911275858;449;tief (4+ Segmente)
neo4j;7336185532041334466;2553.0602536997885;504.79731755961853;946;tief (4+ Segmente)
neo4j;7338120438875108379;2013.7977412731007;482.5771778359226;1948;tief (4+ Segmente)
neo4j;7347999273263298992;1342.3296213808462;125.2878223477883;449;tief (4+ Segmente)
neo4j;7358393570826298146;4558.675840978593;233.75802626647732;327;tief (4+ Segmente)
neo4j;7365661320660538846;1371.4402907580477;219.52278453040336;963;flach (<=1 Segment)
neo4j;7372654943741226211;1395.1434447300771;203.08865436642785;1945;tief (4+ Segmente)
neo4j;7377292304080866557;2581.071275837491;1370.2538465722128;1403;mittel (2-3 Segmente)
neo4j;7379177825003423233;2434.393135725429;1277.7967883074728;1282;tief (4+ Segmente)
neo4j;7383760680730060475;1661.2316258351893;214.5588284657007;449;tief (4+ Segmente)
neo4j;7384741138802309211;1831.8730512249442;262.6804046912322;449;tief (4+ Segmente)
neo4j;7388019909636183601;1684.0190274841439;225.9879197909151;473;tief (4+ Segmente)
neo4j;7388832877617495275;1346.5055679287304;196.45775079745073;449;tief (4+ Segmente)
neo4j;7390087711129764042;1350.8527788001472;308.01566691093444;5434;flach (<=1 Segment)
neo4j;7393300876044742663;1501.2338530066816;219.07267245300488;449;tief (4+ Segmente)
neo4j;7402578400686588454;2715.3683035714284;383.4304075993921;448;tief (4+ Segmente)
neo4j;7410298140121884849;3149.8881431767336;413.96406552946564;447;tief (4+ Segmente)
neo4j;7412857051013713243;1869.2838345864661;1009.2990974860834;1064;mittel (2-3 Segmente)
neo4j;7414958621765211615;1707.6674107142858;244.22809709334308;448;tief (4+ Segmente)
neo4j;7416139204776944113;2196.8060165975103;390.52823444051654;964;tief (4+ Segmente)
neo4j;7416739564391203102;1708.8141499472017;273.6158077369475;947;tief (4+ Segmente)
neo4j;7419651672170792594;1375.3937716262976;189.54594554789577;1445;tief (4+ Segmente)
neo4j;7435906873045652737;4497.782991202346;221.0730777590299;341;tief (4+ Segmente)
neo4j;7435944757182627551;4219.423728813559;401.3203718257044;826;tief (4+ Segmente)
neo4j;7436564832966144642;1261.424107142857;139.02512463164024;448;tief (4+ Segmente)
neo4j;7438884339891250401;2681.8881856540083;267.8624377705306;474;tief (4+ Segmente)
neo4j;7441963244719407348;1502.0591900311526;243.07493866465853;963;tief (4+ Segmente)
neo4j;7443574671000378605;1318.445434298441;175.83839293827938;449;mittel (2-3 Segmente)
neo4j;7447184893484684702;1384.0945899965975;271.14301192341526;2939;tief (4+ Segmente)
neo4j;7449632599369639117;1432.0048476454294;214.6617429146331;1444;tief (4+ Segmente)
neo4j;7454093421781551312;1370.271768707483;237.07479969873526;2940;mittel (2-3 Segmente)
neo4j;7454438584224283616;1495.817371937639;209.37829434774446;449;mittel (2-3 Segmente)
neo4j;7455457546118458202;1646.6350210970463;341.66349951841175;948;tief (4+ Segmente)
neo4j;7463514146013541636;2823.4705479452055;1002.5337467920299;1460;tief (4+ Segmente)
neo4j;7466131081227029273;2302.7820945945946;1231.6814479903167;592;tief (4+ Segmente)
neo4j;7469140033494620104;4475.467787114846;184.17418843077436;357;tief (4+ Segmente)
neo4j;7483759199172463376;4029.3779342723005;330.3731229368043;426;tief (4+ Segmente)
neo4j;7485963406192663527;1611.6223628691982;239.47521119101424;948;tief (4+ Segmente)
neo4j;7486112999374359057;1400.3741648106904;260.8371872636733;449;tief (4+ Segmente)
neo4j;7488422638392939646;2148.1895023858215;781.4366102283714;2934;tief (4+ Segmente)
neo4j;7493740809639542951;1744.9464285714287;252.5364603187989;448;tief (4+ Segmente)
neo4j;7494493814875381508;1759.6049107142858;281.59033450368656;448;tief (4+ Segmente)
neo4j;7499152351859159970;1783.5401785714287;244.13599318728677;448;tief (4+ Segmente)
neo4j;7501183493214368543;2431.1857142857143;772.0135359193343;1960;tief (4+ Segmente)
neo4j;7507878927214713905;1478.377232142857;204.98702554985277;448;tief (4+ Segmente)
neo4j;7509425978543611190;1421.7939373297004;204.75162860079888;2936;tief (4+ Segmente)
neo4j;7533754097498814268;1313.663697104677;244.97751453970412;449;tief (4+ Segmente)
neo4j;7540689372683472301;1429.4683544303798;190.2330384896791;474;tief (4+ Segmente)
neo4j;7543667377026905370;1706.5898520084565;297.0864746156498;946;mittel (2-3 Segmente)
neo4j;7545551363097580408;2347.1610839292434;969.0207120892009;2657;tief (4+ Segmente)
neo4j;7546705186708086090;1716.4705294705295;554.6727588232719;1001;tief (4+ Segmente)
neo4j;7549320764247135497;2777.0224215246635;281.4224773043202;446;tief (4+ Segmente)
neo4j;7557900307389655720;1437.1430030643514;256.2221101581476;2937;tief (4+ Segmente)
neo4j;7559034564390017530;2336.2026680348895;689.9420484793051;1949;tief (4+ Segmente)
neo4j;7572038563414648476;1579.0911016949153;229.34400626901615;472;tief (4+ Segmente)
neo4j;7573621614108211531;1714.658482142857;239.24513440204205;448;tief (4+ Segmente)
neo4j;7590920077360219268;1282.049107142857;179.60793069565713;448;tief (4+ Segmente)
neo4j;7597423482031470806;2148.703125;342.34332465599715;448;tief (4+ Segmente)
neo4j;7598790591990274638;4691.794594594595;201.84992534535945;185;mittel (2-3 Segmente)
neo4j;7602163786987469196;1292.9715189873418;151.2412362511626;948;tief (4+ Segmente)
neo4j;7604051116893020148;4844.639344262295;90.95036023025271;122;tief (4+ Segmente)
neo4j;7604175532727225915;2103.0613999181332;1000.7549465573337;2443;mittel (2-3 Segmente)
neo4j;7605618333424473443;1456.6160337552742;226.13561414206166;948;tief (4+ Segmente)
neo4j;7606048279799506040;1352.6207627118645;168.53427842517877;944;tief (4+ Segmente)
neo4j;7607555325147277506;2055.520930232558;1153.6259475180002;1720;tief (4+ Segmente)
neo4j;7608372997036589439;1483.053452115813;206.38939400541477;449;tief (4+ Segmente)
neo4j;7609587362145515038;1435.6475466482377;202.32867733310266;1447;tief (4+ Segmente)
neo4j;7614248818746077525;2790.327394209354;277.6619093022061;449;tief (4+ Segmente)
neo4j;7618586604817474944;2204.416584402764;967.188285207314;7091;mittel (2-3 Segmente)
neo4j;7625970572310186924;4386.235127478753;213.6715132644886;353;mittel (2-3 Segmente)
neo4j;7627634243330493037;1513.8348214285713;225.47828249407553;448;tief (4+ Segmente)
neo4j;7643144860366089900;1410.0993751259828;241.61234728352707;9922;tief (4+ Segmente)
neo4j;7649660162357036019;1360.7990979909798;299.9703140617418;2439;mittel (2-3 Segmente)
neo4j;7653243178001675108;1357.083133640553;192.08847399365536;5425;tief (4+ Segmente)
neo4j;7657589701474899006;1492.3107822410147;196.0696397545959;473;tief (4+ Segmente)
neo4j;7660917291807904298;1532.063623789765;237.75027482853898;1446;tief (4+ Segmente)
neo4j;7665538293914006793;1384.2311418685122;206.19156907336566;1445;tief (4+ Segmente)
neo4j;7670966536050936040;1575.2170022371365;229.99531068909926;447;tief (4+ Segmente)
neo4j;7671448998683467364;1292.534521158129;130.9779809988016;449;tief (4+ Segmente)
neo4j;7677636386512570970;1964.137895812053;327.5584813051156;979;mittel (2-3 Segmente)
neo4j;7678570372126106433;2266.0752797558494;381.22757345050326;983;flach (<=1 Segment)
neo4j;7685502158203892137;1721.9398663697104;250.00790780525458;449;tief (4+ Segmente)
neo4j;7690256442500989885;1346.636075949367;192.18523119628875;948;tief (4+ Segmente)
neo4j;7695675953913130016;2023.216517857143;315.31348698288593;448;tief (4+ Segmente)
neo4j;7702886428339155513;1632.8930957683742;228.05252209017434;449;tief (4+ Segmente)
neo4j;7703167561387159713;2130.759493670886;380.1064947819969;948;tief (4+ Segmente)
neo4j;7706472249485051110;4279.897911832946;324.72463292486384;431;tief (4+ Segmente)
neo4j;7706494380103420494;2877.6597510373444;290.17017314949476;964;mittel (2-3 Segmente)
neo4j;7706847723523811402;1763.8641425389756;290.64206444792376;449;tief (4+ Segmente)
neo4j;7708758443249116019;1379.3559087767796;390.5669104698038;1447;flach (<=1 Segment)
neo4j;7712842238093308421;1438.913140311804;211.02032957069653;449;tief (4+ Segmente)
neo4j;7714965275699847724;2418.7203389830506;897.0394089080694;944;mittel (2-3 Segmente)
neo4j;7715269961929926759;1249.946547884187;167.19840062694396;449;tief (4+ Segmente)
neo4j;7716678126405782112;4732.986301369863;163.68278710518263;292;tief (4+ Segmente)
neo4j;7720713218050718227;1306.7861915367482;165.16517351137807;449;tief (4+ Segmente)
neo4j;7724320098652030824;1590.063424947146;300.92927361599635;946;tief (4+ Segmente)
neo4j;7728311153807530202;2268.9828296703295;666.3546554596458;1456;mittel (2-3 Segmente)
neo4j;7734423266130148812;1740.9620535714287;246.07355239383153;448;tief (4+ Segmente)
neo4j;7737339736405481309;1531.5790645879733;242.13661766511404;449;tief (4+ Segmente)
neo4j;7750167969799260466;1860.831223628692;291.2692661572826;474;tief (4+ Segmente)
neo4j;7771309120905509014;1443.5174234424499;235.25473230611945;947;tief (4+ Segmente)
neo4j;7778649620297756760;1526.1339285714287;251.00511133366996;448;mittel (2-3 Segmente)
neo4j;7787523818165175056;1177.3164556962026;192.70438775347432;948;mittel (2-3 Segmente)
neo4j;7794075152604672764;1819.740232312566;257.16070052693937;947;tief (4+ Segmente)
neo4j;7794422157638965262;2865.1004464285716;320.75791982707364;448;tief (4+ Segmente)
neo4j;7800756764645728766;2392.0384812724474;655.4174603154839;1949;mittel (2-3 Segmente)
neo4j;7801391865468764418;1454.4365256124722;208.95079329843335;449;tief (4+ Segmente)
neo4j;7804196488754753987;1654.042316258352;246.71213070597088;449;tief (4+ Segmente)
neo4j;7810575532098302266;2120.080717488789;265.85639907799856;446;tief (4+ Segmente)
neo4j;7814797020253106575;1866.185267857143;288.71572304089057;448;tief (4+ Segmente)
neo4j;7817635255973720961;1410.4375;199.60938504878118;448;tief (4+ Segmente)
neo4j;7820486427534166711;1526.9129464285713;211.4068863574527;448;tief (4+ Segmente)
neo4j;7820748042128337513;1355.663697104677;179.81723247324388;449;mittel (2-3 Segmente)
neo4j;7825766597069241617;1335.9978902953587;197.64976925152305;474;mittel (2-3 Segmente)
neo4j;7833263001423434748;2000.4991379310345;1276.647847822735;1160;tief (4+ Segmente)
neo4j;7836930319685189986;1467.8723628691982;241.1035556715252;948;tief (4+ Segmente)
neo4j;7847434196279705256;1759.957683741648;280.2748180835479;449;mittel (2-3 Segmente)
neo4j;7847923517565302487;1406.5200421940929;182.4293548276957;948;tief (4+ Segmente)
neo4j;7855464912634564335;1280.109375;198.0235881856207;448;tief (4+ Segmente)
neo4j;7857336528897483230;2439.763919821826;365.4570675864493;449;tief (4+ Segmente)
neo4j;7879453197154342024;1422.231306371836;285.7638504162574;3437;mittel (2-3 Segmente)
neo4j;7881054185804556936;1787.207126948775;200.27341655263345;449;tief (4+ Segmente)
neo4j;7889980091822876556;1756.9599109131402;235.67026980051858;449;tief (4+ Segmente)
neo4j;7911839071298462646;1382.466517857143;198.58286239969013;448;tief (4+ Segmente)
neo4j;7914490114105234744;3403.6900212314226;409.0639619733309;471;flach (<=1 Segment)
neo4j;7924207866924397656;1495.0981362842167;322.2092214464177;3434;tief (4+ Segmente)
neo4j;7934491539954805734;1309.3312169312169;185.48057521160234;945;tief (4+ Segmente)
neo4j;7934716613387155528;1374.3386568386568;244.03428121883525;2442;tief (4+ Segmente)
neo4j;7937674554515289025;1376.8906426155581;251.23798393977876;4435;mittel (2-3 Segmente)
neo4j;7949162585090740504;2112.1941964285716;288.3729645401119;448;tief (4+ Segmente)
neo4j;7951255157451630271;2259.498;714.0937850616878;500;mittel (2-3 Segmente)
neo4j;7954557932981491205;2614.6473214285716;309.64403419454464;448;tief (4+ Segmente)
neo4j;7961861452809362955;1805.1380846325167;286.7332377665226;449;tief (4+ Segmente)
neo4j;7966613178259251389;2096.6094570928194;1207.7793076471307;571;tief (4+ Segmente)
neo4j;7969185099911589695;1564.5033407572382;205.4542889125569;449;tief (4+ Segmente)
neo4j;7969231653249574758;1761.546875;247.14329826713026;448;tief (4+ Segmente)
neo4j;7974865559595738319;1349.8236295539666;216.73421410582546;2937;tief (4+ Segmente)
neo4j;7977445607510394306;1277.2299578059071;180.808456261155;948;mittel (2-3 Segmente)
neo4j;7985905215544824736;1621.6547884187082;239.42501571941705;449;tief (4+ Segmente)
neo4j;8002107735070813616;1392.623158963941;248.7676748489627;3938;tief (4+ Segmente)
neo4j;8004684252650471178;1442.3826300696435;219.50556083877598;2441;tief (4+ Segmente)
neo4j;8009479675960637208;2769.651785714286;345.2140459714147;448;tief (4+ Segmente)
neo4j;8011044633609515872;1556.7622667588114;240.5173455553201;1447;tief (4+ Segmente)
neo4j;8012132781248765105;1272.142538975501;150.8259616535489;449;mittel (2-3 Segmente)
neo4j;8017318032695903102;1353.7527839643653;158.28467769888897;449;tief (4+ Segmente)
neo4j;8024740927160817212;1362.3302404389221;208.9489525132517;12394;tief (4+ Segmente)
neo4j;8032770572855053139;2261.2988505747126;1443.4804196696034;1305;mittel (2-3 Segmente)
neo4j;8048113068471940615;2090.0401785714284;291.1944362867409;448;tief (4+ Segmente)
neo4j;8048937605057907363;1752.403118040089;244.7321332474091;449;tief (4+ Segmente)
neo4j;8076852080027342566;1393.009702009702;188.98132620282516;1443;tief (4+ Segmente)
neo4j;8081125232490943779;4776.278145695364;141.2955842169362;151;tief (4+ Segmente)
neo4j;8083553919583443561;1339.5701559020044;177.4605089374582;449;tief (4+ Segmente)
neo4j;8090357232966047723;1397.8307349665924;212.33294450252043;449;tief (4+ Segmente)
neo4j;8091176873199077026;1963.0636550308009;246.83466512379866;487;tief (4+ Segmente)
neo4j;8093850040479481847;1476.377232142857;189.12319320953586;448;tief (4+ Segmente)
neo4j;8101493982957132486;1620.8708240534522;240.8370008011637;449;tief (4+ Segmente)
neo4j;8104036942285947105;1692.1774023231258;327.8062133743961;947;tief (4+ Segmente)
neo4j;8105571221077642590;1395.6762378060005;276.01380322303237;5433;mittel (2-3 Segmente)
neo4j;8106696424884874206;1419.8240534521158;204.75996999657215;449;tief (4+ Segmente)
neo4j;8106733458892426760;3226.0089686098654;367.6634818341894;446;tief (4+ Segmente)
neo4j;8112177468357193797;2058.3761050770395;638.8685969182012;3959;mittel (2-3 Segmente)
neo4j;8114030632140888337;1339.0870605558623;234.7936289587601;5433;tief (4+ Segmente)
neo4j;8119855050985611855;2313.489406779661;243.94852554324163;472;mittel (2-3 Segmente)
neo4j;8129666619574747232;1809.1291759465478;307.18208924821744;449;tief (4+ Segmente)
neo4j;8133011164102318246;3419.3711340206187;347.37721296978236;485;mittel (2-3 Segmente)
neo4j;8138448085655749047;2451.2991071428573;326.4070074245426;448;tief (4+ Segmente)
neo4j;8144337049445978030;1392.728285077951;207.41350849499725;449;tief (4+ Segmente)
neo4j;8148081944159702026;2090.1631497683993;500.02118558697;1943;tief (4+ Segmente)
neo4j;8153092320714708777;1315.5269271383315;186.21911910616043;947;tief (4+ Segmente)
neo4j;8156985129812777584;1711.685968819599;230.9751200346219;449;tief (4+ Segmente)
neo4j;8160885765280817874;1319.8006562756357;185.5252025667216;2438;tief (4+ Segmente)
neo4j;8162650708941819408;1479.6514765784113;226.3938316648642;3928;tief (4+ Segmente)
neo4j;8168728989765962238;1504.3763919821827;214.84461468529898;449;tief (4+ Segmente)
neo4j;8174801760365560288;1859.4565105506947;294.3273817702021;1943;tief (4+ Segmente)
neo4j;8175983140589636519;1365.7015590200444;146.7643732991268;449;tief (4+ Segmente)
neo4j;8188579488157438975;2411.674832962138;288.9089023408823;449;tief (4+ Segmente)
neo4j;8189660113630321993;2948.937639198218;353.9815000144076;449;tief (4+ Segmente)
neo4j;8205447524040328507;1467.7952973720608;229.9056003177279;1446;tief (4+ Segmente)
neo4j;8205875377611628785;1991.6019007391762;712.358999005146;947;mittel (2-3 Segmente)
neo4j;8206122477087000540;1477.838266384778;219.8830960555165;946;tief (4+ Segmente)
neo4j;8212931532045528175;1516.3407572383073;238.4061232591583;449;tief (4+ Segmente)
neo4j;8212950357376289511;2322.6382536382534;352.1505982771346;481;mittel (2-3 Segmente)
neo4j;8214542636243761800;1825.7755519215045;650.733857803969;2446;tief (4+ Segmente)
neo4j;8214811004226730953;1903.2963988919666;679.283734269631;1444;mittel (2-3 Segmente)
neo4j;8233228015036871977;1255.0802213001384;156.43604371954115;1446;mittel (2-3 Segmente)
neo4j;8235149938687236331;1469.1221374045801;250.34631313724418;3930;tief (4+ Segmente)
neo4j;8249255472453823918;1496.9532293986638;203.92806645915832;449;tief (4+ Segmente)
neo4j;8253634451158280355;1373.5420054200542;196.56316592638672;4428;tief (4+ Segmente)
neo4j;8257146847875986490;1479.9798931025707;245.9908790571646;3929;tief (4+ Segmente)
neo4j;8257418353453479818;1713.7861915367482;266.9164674808809;449;tief (4+ Segmente)
neo4j;8258316320189445057;1697.446188340807;192.08541059374264;446;tief (4+ Segmente)
neo4j;8267759972787121734;4857.650602409639;79.45445600405925;83;tief (4+ Segmente)
neo4j;8269340976754886854;2060.1605068637805;716.5597806478017;947;tief (4+ Segmente)
neo4j;8281093260033057697;1457.188796680498;229.8668630137214;1446;tief (4+ Segmente)
neo4j;8287723621987704628;1514.1940928270042;207.408483621227;948;tief (4+ Segmente)
neo4j;8289414837227842680;1913.9351230425057;262.5727877669609;447;tief (4+ Segmente)
neo4j;8296388784930078906;3442.656950672646;356.496770281643;446;tief (4+ Segmente)
neo4j;8300456357319078326;1289.9578622816032;194.0446620531335;1946;tief (4+ Segmente)
neo4j;8301959069264339235;1497.3504624871532;228.63474422004958;1946;tief (4+ Segmente)
neo4j;8308147744105461042;1417.4768466229953;194.67225192694247;4427;tief (4+ Segmente)
neo4j;8317057491140540170;2441.775784753363;311.6887441183221;446;mittel (2-3 Segmente)
neo4j;8321230433727214796;1665.2542460113227;281.20426109597366;1943;tief (4+ Segmente)
neo4j;8323925667193372719;1300.2873051224944;143.51164973897332;449;tief (4+ Segmente)
neo4j;8360294386122036700;1434.9472573839662;186.24236620109536;948;tief (4+ Segmente)
neo4j;8363527496076688360;1748.033482142857;270.567381716085;448;tief (4+ Segmente)
neo4j;8376299515471442782;1499.548523206751;242.78457815868808;948;mittel (2-3 Segmente)
neo4j;8380466740274136386;2205.8752783964364;305.1504057413086;449;tief (4+ Segmente)
neo4j;8393151609384013809;2536.8102678571427;258.7397216571879;448;tief (4+ Segmente)
neo4j;8396192385926769916;1449.3236607142858;227.58891897118087;448;tief (4+ Segmente)
neo4j;8396269078108146250;3019.240139211137;1453.2529098827486;862;tief (4+ Segmente)
neo4j;8402887429041495631;1373.3566137566138;193.9114139577591;945;tief (4+ Segmente)
neo4j;8408992314278671286;1654.7991543340381;223.10584969644987;473;tief (4+ Segmente)
neo4j;8409498681106444953;1698.248171846435;1059.4770686543566;2188;mittel (2-3 Segmente)
neo4j;8410331107270442448;2830.022871664549;1529.4685091873616;787;mittel (2-3 Segmente)
neo4j;8414147943106735390;1361.43429844098;169.83801573513583;449;tief (4+ Segmente)
neo4j;8415020037479111579;2038.1666666666667;1022.8457550964374;3300;tief (4+ Segmente)
neo4j;8418011241908249638;1568.3482328482328;219.89524121557702;962;mittel (2-3 Segmente)
neo4j;8423558151577747481;1401.366742596811;238.76508473729402;11414;tief (4+ Segmente)
neo4j;8425003814613098514;1548.0245535714287;197.90165868397193;448;tief (4+ Segmente)
neo4j;8429013845431517632;1472.031180400891;239.82579039773478;449;tief (4+ Segmente)
neo4j;8431874952822939305;2114.664603960396;1015.5847833370323;1616;tief (4+ Segmente)
neo4j;8434117233957624405;1443.4788583509514;222.7154496442265;946;mittel (2-3 Segmente)
neo4j;8437061596767422494;1624.6547884187082;224.01939833598;449;mittel (2-3 Segmente)
neo4j;8443641335735353288;1336.4610244988864;199.81886645834538;449;tief (4+ Segmente)
neo4j;8443675054191713769;3047.377378435518;1238.6372808532249;946;mittel (2-3 Segmente)
neo4j;8444745583364723991;2232.4553571428573;298.99537645091107;448;tief (4+ Segmente)
neo4j;8447071061916630046;2003.3287804878048;776.0493325829972;1025;tief (4+ Segmente)
neo4j;8448857340700015178;4927.761904761905;24.38832663776821;21;tief (4+ Segmente)
neo4j;8451694341713990404;2857.626398210291;310.6734786443189;447;tief (4+ Segmente)
neo4j;8452036809630686673;1519.0734966592427;187.02753912126147;449;tief (4+ Segmente)
neo4j;8456235273847712642;2408.5697674418607;1154.6217096863647;1548;mittel (2-3 Segmente)
neo4j;8458747794397874220;2078.7017543859647;755.9776050859227;513;tief (4+ Segmente)
neo4j;8472004466428278807;1632.6578669482576;279.4733592103935;947;tief (4+ Segmente)
neo4j;8498222033452809729;2912.141982864137;1472.4885687869767;817;tief (4+ Segmente)
neo4j;8506827345084879050;2848.339837398374;1074.0542265873228;1230;tief (4+ Segmente)
neo4j;8522206282596763468;2055.2914466737066;622.1277218417908;947;tief (4+ Segmente)
neo4j;8531024681537365356;1504.142538975501;218.17633389761482;449;tief (4+ Segmente)
neo4j;8535890679090937799;3172.349665924276;298.0887111129309;449;flach (<=1 Segment)
neo4j;8545964363446465189;1463.4789029535864;244.2855595661004;948;tief (4+ Segmente)
neo4j;8557476827597094796;4524.277777777777;205.54319170632093;396;tief (4+ Segmente)
neo4j;8560624140887427162;1244.378619153675;142.91262030289337;449;tief (4+ Segmente)
neo4j;8577468320924189972;1486.9487750556793;198.209957121964;449;mittel (2-3 Segmente)
neo4j;8582558276962013183;2716.7864476386035;327.55598205458193;487;mittel (2-3 Segmente)
neo4j;8584188565339401657;1370.2938362465502;282.526969911163;5435;mittel (2-3 Segmente)
neo4j;8590601449132935916;1780.8364978902953;259.4584964097556;948;tief (4+ Segmente)
neo4j;8594432863740065305;1494.4375987361768;263.8021012894073;4431;tief (4+ Segmente)
neo4j;8594908021206395210;1498.4349930843707;183.4712113399636;1446;tief (4+ Segmente)
neo4j;8595687398230414950;1692.8504464285713;215.9195774754121;448;tief (4+ Segmente)
neo4j;8598074595889583694;1490.3173777315296;215.73060988522207;961;tief (4+ Segmente)
neo4j;8608597223315634519;4661.469879518072;131.38045464767393;332;tief (4+ Segmente)
neo4j;8647174678757329246;1670.9420935412027;236.72722253546854;449;tief (4+ Segmente)
neo4j;8651568214603415412;2540.670378619154;315.9251480065121;449;tief (4+ Segmente)
neo4j;8656310884432374865;1260.390625;172.38515381028196;448;tief (4+ Segmente)
neo4j;8659459269724191954;1374.5603062256248;232.7718859253093;6923;tief (4+ Segmente)
neo4j;8669842003089918082;1445.318515497553;306.2617114818408;2452;mittel (2-3 Segmente)
neo4j;8670549772380930012;4068.7522935779816;400.9856283368003;436;mittel (2-3 Segmente)
neo4j;8677597585617978523;2901.4866071428573;329.2975369315396;448;tief (4+ Segmente)
neo4j;8678764399526992932;1503.3058035714287;226.30591985676452;448;tief (4+ Segmente)
neo4j;8680977486174658034;1393.3773778920308;232.46970354913807;1945;tief (4+ Segmente)
neo4j;8701159403445503925;1827.3794642857142;289.27465212979365;448;tief (4+ Segmente)
neo4j;8705865091978635203;1371.2840769545642;244.55516022473205;2443;tief (4+ Segmente)
neo4j;8711357562119122254;1534.2316258351893;183.2884016898029;449;tief (4+ Segmente)
neo4j;8726739986708219218;1437.666323907455;233.44272837283236;1945;tief (4+ Segmente)
neo4j;8731556128351205172;1643.1597883597883;270.17915994032;945;tief (4+ Segmente)
neo4j;8735203901732896337;3194.8501118568233;427.9235634291239;447;tief (4+ Segmente)
neo4j;8736984908825457625;1284.0648769574943;172.246011874456;447;tief (4+ Segmente)
neo4j;8740225905563828685;1419.4923391215525;246.50109024582562;2937;tief (4+ Segmente)
neo4j;8742583655934098097;2720.7892376681616;291.15873962358216;446;tief (4+ Segmente)
neo4j;8742729829499830331;1352.8881856540083;217.86360726451193;948;tief (4+ Segmente)
neo4j;8743037925953868264;2467.2035794183444;293.8058084540355;447;tief (4+ Segmente)
neo4j;8747979895821206748;1807.3340143003065;351.4993357083315;979;tief (4+ Segmente)
neo4j;8755334839580773527;1378.922048997773;147.5424747539044;449;tief (4+ Segmente)
neo4j;8780722923799491923;1750.2873051224944;258.8994217357147;449;tief (4+ Segmente)
neo4j;8788393911435412837;1605.3794642857142;215.7151027927037;448;tief (4+ Segmente)
neo4j;8791738825152125374;1837.5;634.7090147493012;944;tief (4+ Segmente)
neo4j;8794439436530708103;1443.0581275720165;203.94651094490496;1944;tief (4+ Segmente)
neo4j;8795005962080040597;1906.2590264056043;671.6114138485376;5567;tief (4+ Segmente)
neo4j;8795826941933653536;1464.6641326883207;268.1616644174374;1447;tief (4+ Segmente)
neo4j;8806136256397710669;1302.0511756569847;231.13425181469452;1446;mittel (2-3 Segmente)
neo4j;8809754087278947374;4768.743902439024;142.28863872796708;164;tief (4+ Segmente)
neo4j;8811335922373119002;2304.2203125;1349.980350209376;1280;tief (4+ Segmente)
neo4j;8819066052731835583;1571.7455357142858;215.5675770917897;448;tief (4+ Segmente)
neo4j;8819106869683253407;1380.3573752513253;233.38209151463153;27355;tief (4+ Segmente)
neo4j;8830007316182184432;1469.2688320663442;245.62906569555625;1447;tief (4+ Segmente)
neo4j;8830403994647853659;2213.2629937629936;614.2191920495284;962;tief (4+ Segmente)
neo4j;8833160505194618735;1301.510022271715;185.53584441963886;449;tief (4+ Segmente)
neo4j;8840886348864005235;2179.70116156283;725.2618353671226;947;tief (4+ Segmente)
neo4j;8844845809667442264;1813.325167037862;232.68747494154192;449;tief (4+ Segmente)
neo4j;8850070104197648684;1051.4298440979956;202.2316014504134;449;mittel (2-3 Segmente)
neo4j;8860265615614077117;1839.8214532871973;514.4847245651775;1445;mittel (2-3 Segmente)
neo4j;8861112665549803868;1610.5632911392406;199.0401842058039;474;tief (4+ Segmente)
neo4j;8861491253099622633;1304.977728285078;138.44985052359704;449;tief (4+ Segmente)
neo4j;8871537179902423536;1444.358574610245;276.9955569101492;449;mittel (2-3 Segmente)
neo4j;8872279482524359855;1573.1674107142858;194.5853415147978;448;tief (4+ Segmente)
neo4j;8874064694503012311;1334.5217391304348;261.94868074686906;2438;tief (4+ Segmente)
neo4j;8874862737867335744;4596.3962848297215;209.23573792118245;323;tief (4+ Segmente)
neo4j;8876748007285764352;1324.0668151447662;212.86005209003284;449;tief (4+ Segmente)
neo4j;8893533668912727216;1631.8769574944072;177.3399248679141;447;tief (4+ Segmente)
neo4j;8899636642394804462;1388.903192584964;189.55198101117486;971;mittel (2-3 Segmente)
neo4j;8902984046038825296;1398.008990318119;222.96788429674947;1446;tief (4+ Segmente)
neo4j;8909037740518159147;1419.7995545657016;213.5248812445882;449;tief (4+ Segmente)
neo4j;8913421745053953703;1325.6473214285713;157.3290078993379;448;tief (4+ Segmente)
neo4j;8915428447504081249;1562.4545454545455;242.77828094558586;946;tief (4+ Segmente)
neo4j;8925105213045171097;1594.0813093980992;209.65527615451356;947;tief (4+ Segmente)
neo4j;8930327916756680454;1455.995367987648;212.70771511433605;1943;tief (4+ Segmente)
neo4j;8930445657304385959;4087.855140186916;307.7568424072129;428;tief (4+ Segmente)
neo4j;8934546407287326153;1338.4030470914126;181.00390225362906;1444;tief (4+ Segmente)
neo4j;8935742632642017209;2205.3868921775897;791.242429620138;946;tief (4+ Segmente)
neo4j;8938566542267020118;2001.0945491251682;760.1570854044852;2972;tief (4+ Segmente)
neo4j;8941692186417022645;1318.3669123669124;228.6473442849354;2442;tief (4+ Segmente)
neo4j;8944884728089404509;1960.248475609756;651.8959870903168;1968;mittel (2-3 Segmente)
neo4j;8951401630529051155;1591.8708240534522;232.04647831362772;449;tief (4+ Segmente)
neo4j;8959091724109977090;2231.3918367346937;823.9534054972531;1960;mittel (2-3 Segmente)
neo4j;8960386008572195050;2864.5142857142855;1403.889898119224;840;tief (4+ Segmente)
neo4j;8962786697308848151;1358.6655148583275;226.09670036919263;1447;tief (4+ Segmente)
neo4j;8963442366358863938;1387.4911613336317;247.30207928224533;13407;tief (4+ Segmente)
neo4j;8970058378905855103;2095.8342245989306;1155.739867838909;561;tief (4+ Segmente)
neo4j;8981240591022388473;1505.6321809862736;388.8347815649511;3934;mittel (2-3 Segmente)
neo4j;8981429411013371358;1938.2122492080252;280.78582407972857;947;tief (4+ Segmente)
neo4j;8982554129179380312;1455.27138763815;237.8826311867039;2443;tief (4+ Segmente)
neo4j;8996065119449288265;2095.254464285714;296.4081735532153;448;tief (4+ Segmente)
neo4j;8997629075749111289;1265.5501113585747;183.41690607503818;449;mittel (2-3 Segmente)
neo4j;8998642927726512543;1341.822391154112;187.36881506612934;1447;tief (4+ Segmente)
neo4j;9011650695160907212;1928.6592427616927;233.88227189648433;449;mittel (2-3 Segmente)
neo4j;9024540605701094199;1472.8530066815144;173.6292251005575;449;tief (4+ Segmente)
neo4j;9031508311185911562;1458.7438752783964;230.983241631104;449;tief (4+ Segmente)
neo4j;9033801055404887136;2249.5969387755104;397.3206969843264;980;mittel (2-3 Segmente)
neo4j;9054268297812994330;1573.0590717299579;186.16085900352226;474;mittel (2-3 Segmente)
neo4j;9055280571713369888;2202.267536704731;1385.0491426853996;613;tief (4+ Segmente)
neo4j;9061957716070271614;1342.0289532293987;178.44762526694146;449;tief (4+ Segmente)
neo4j;9068317030731138808;1979.260579064588;298.16100977585387;449;tief (4+ Segmente)
neo4j;9071398499884036206;1669.9198218262807;226.93569688657766;449;tief (4+ Segmente)
neo4j;9075343453913997370;1456.9857045609258;250.3393688401425;2938;tief (4+ Segmente)
neo4j;9076007175678693997;1618.2360801781738;202.11702638825182;449;tief (4+ Segmente)
neo4j;9078217913552462163;2176.2875264270615;452.41106441965405;946;mittel (2-3 Segmente)
neo4j;9090455464562450560;2932.9419703103913;1359.1719649888998;741;tief (4+ Segmente)
neo4j;9091478849225629699;1410.556494192186;215.10687576071516;947;tief (4+ Segmente)
neo4j;9100978371370653485;1530.922048997773;180.83505625511944;449;mittel (2-3 Segmente)
neo4j;9111641009135166562;1520.7461024498887;198.13596215549595;449;tief (4+ Segmente)
neo4j;9115866093038978973;1381.7639782910514;243.71420726839864;7923;tief (4+ Segmente)
neo4j;9131808939478792557;1847.663697104677;248.27377340070038;449;mittel (2-3 Segmente)
neo4j;9138725239290767154;1522.0236625514403;229.14261555952362;972;tief (4+ Segmente)
neo4j;9139451253837142770;4925.292682926829;38.88845837934368;41;tief (4+ Segmente)
neo4j;9141388857831991132;1544.2427616926504;241.25754308607128;449;tief (4+ Segmente)
neo4j;9142645671052267769;1652.8463251670378;223.29360074776656;449;tief (4+ Segmente)
neo4j;9151057364614339943;2633.577181208054;333.4538480891913;447;tief (4+ Segmente)
neo4j;9157807758483819474;1401.5568113017155;234.9136763001908;9910;tief (4+ Segmente)
neo4j;9174086945711262061;1368.6361607142858;163.62607898203302;448;tief (4+ Segmente)
neo4j;9182124499267812545;2278.06060011767;929.7926820510232;5099;mittel (2-3 Segmente)
neo4j;9184270037968872234;1513.9376391982182;257.53547889206277;449;tief (4+ Segmente)
neo4j;9186706996859359259;2060.249330954505;1023.0563041826625;2242;tief (4+ Segmente)
neo4j;9189435296018933019;2057.1066525871174;511.145726510045;947;mittel (2-3 Segmente)
neo4j;9191880184226525548;1944.559196617336;263.9348267818185;946;tief (4+ Segmente)
neo4j;9193842492896384246;1795.4129464285713;295.88698264486356;448;tief (4+ Segmente)
neo4j;9195685962015932564;2163.5123042505593;253.44892588472828;447;tief (4+ Segmente)
neo4j;9203205388289554788;3293.177918424754;807.8633655780485;1422;mittel (2-3 Segmente)
neo4j;9211970861699437503;2483.097046413502;569.7169966335451;948;tief (4+ Segmente)
neo4j;9214582849099619037;1375.7566964285713;176.37731874601369;448;tief (4+ Segmente)
neo4j;9220928299843149547;2581.298076923077;1211.1373661196628;936;tief (4+ Segmente)
neo4j;9222315175809978640;1627.5681098204857;278.0122443135987;947;tief (4+ Segmente)
postgres;-9220810666684772174;2734.064210526316;367.36377959400727;950;tief (4+ Segmente)
postgres;-9214582615166348497;1951.5711111111111;246.2138613751952;450;tief (4+ Segmente)
postgres;-9206228611117606594;6670.1;283.20459562727785;450;tief (4+ Segmente)
postgres;-9203493062042131003;3524.3673684210526;560.6241035187253;950;tief (4+ Segmente)
postgres;-9201414149695320974;4284.948888888889;553.9443859111707;450;tief (4+ Segmente)
postgres;-9189737242344095253;6632.4073684210525;508.0755187144799;950;mittel (2-3 Segmente)
postgres;-9189486890650249090;2619.7263157894736;419.6072563364261;950;tief (4+ Segmente)
postgres;-9184342509952197537;1503.816842105263;200.2901537952034;475;mittel (2-3 Segmente)
postgres;-9184273030035325040;3981.677777777778;318.6942397283496;450;tief (4+ Segmente)
postgres;-9175951337406965087;1087.0442105263157;171.8009917375943;950;mittel (2-3 Segmente)
postgres;-9175930393838634765;2309.182222222222;271.1162648789456;450;tief (4+ Segmente)
postgres;-9174284291740939398;1784.2294736842105;291.01912779870287;950;tief (4+ Segmente)
postgres;-9172142800780904043;3253.026167265264;1573.3176634278714;1949;tief (4+ Segmente)
postgres;-9170050337977141023;2282.402028985507;1158.8678830997435;3450;tief (4+ Segmente)
postgres;-9160123264818750988;2278.738947368421;722.570004381422;950;tief (4+ Segmente)
postgres;-9156189530701197677;3199.8979310344826;2463.0970372905704;1450;tief (4+ Segmente)
postgres;-9141858806667126421;1218.856551724138;479.58601033928545;1450;mittel (2-3 Segmente)
postgres;-9139873533629146658;3343.5315789473684;738.2799496387549;950;tief (4+ Segmente)
postgres;-9118077925811008863;1915.8015384615385;727.3493391467415;1950;tief (4+ Segmente)
postgres;-9117595604296714045;4314.366666666667;568.7462484273832;450;tief (4+ Segmente)
postgres;-9107689034487902426;2483.8619737750173;462.47341598584376;1449;tief (4+ Segmente)
postgres;-9106386872253144930;1515.361052631579;375.2132251671078;950;tief (4+ Segmente)
postgres;-9099807924756500148;5710.008888888889;256.06024818452715;450;tief (4+ Segmente)
postgres;-9099558358969109853;2541.2294736842105;289.3062884379711;950;tief (4+ Segmente)
postgres;-9098418040985425070;1507.8004383962007;852.1897060623005;10949;mittel (2-3 Segmente)
postgres;-9092797579576274550;2554.0505263157893;809.510210823521;950;tief (4+ Segmente)
postgres;-9088512481536411017;2654.704958835918;1430.2279190731233;10446;tief (4+ Segmente)
postgres;-9082133488132192081;1836.3357894736841;647.9789393824473;950;tief (4+ Segmente)
postgres;-9071152264543309757;931.1622222222222;173.36456404444434;450;flach (<=1 Segment)
postgres;-9064518402238819992;2912.1311111111113;265.0945675884545;450;tief (4+ Segmente)
postgres;-9063743662860637297;4066.6937212863704;1994.5537508633672;1959;tief (4+ Segmente)
postgres;-9055068252067126657;1937.8708240534522;248.08400843386508;449;tief (4+ Segmente)
postgres;-9049252927181678069;4236.673333333333;266.7153541392589;450;tief (4+ Segmente)
postgres;-9048272781892256286;1498.9977777777779;226.96639370252407;450;tief (4+ Segmente)
postgres;-9043494540698518000;2142.022041369956;609.7070457780595;2949;tief (4+ Segmente)
postgres;-9039674123245801664;3283.3283173734612;2002.6997921556072;1462;mittel (2-3 Segmente)
postgres;-9038032364799063184;4144.937777777778;253.4937709060056;450;tief (4+ Segmente)
postgres;-9035168799984503103;4586.871635610766;379.54123333802727;483;tief (4+ Segmente)
postgres;-9018611685019991181;1592.206153846154;213.73022576995652;975;tief (4+ Segmente)
postgres;-9018511473431277280;3957.462105263158;1072.947959428371;950;tief (4+ Segmente)
postgres;-8980828898780742638;2274.297777777778;231.83252776619315;450;tief (4+ Segmente)
postgres;-8970604619785613911;2444.799379524302;307.0593563508466;967;tief (4+ Segmente)
postgres;-8969390127088813808;2878.767114819966;1351.1038546319785;12942;tief (4+ Segmente)
postgres;-8968008738465313322;2790.1;1440.7970867551487;2450;mittel (2-3 Segmente)
postgres;-8963022156125775533;3158.577931034483;423.0302428906631;1450;tief (4+ Segmente)
postgres;-8960757118882317094;2462.44;248.880776995993;450;tief (4+ Segmente)
postgres;-8959605807858275616;2949.3915789473685;671.8535566736231;950;tief (4+ Segmente)
postgres;-8959222960077983007;2321.751111111111;292.87285308177576;450;tief (4+ Segmente)
postgres;-8948470440533587388;4347.092339261286;1862.7414200316637;1462;tief (4+ Segmente)
postgres;-8940388739242105399;7656.311839323467;338.2567119547418;946;mittel (2-3 Segmente)
postgres;-8936405626435660978;4417.3124215809285;2458.1817762382266;2391;tief (4+ Segmente)
postgres;-8932492692130618805;3805.946574642127;1934.9965425013634;3912;tief (4+ Segmente)
postgres;-8931269497419999249;4777.237777777777;336.04455226745824;450;tief (4+ Segmente)
postgres;-8926221603260559296;2554.762222222222;331.3785861960003;450;tief (4+ Segmente)
postgres;-8925620858352425577;3664.7341836734695;1339.2698696764658;1960;tief (4+ Segmente)
postgres;-8922075615958430308;3089.882222222222;275.0556402824262;450;tief (4+ Segmente)
postgres;-8911161231459864148;2675.9377777777777;245.06774781588385;450;tief (4+ Segmente)
postgres;-8907693545473358022;4152.50836949783;1833.513452441348;4839;tief (4+ Segmente)
postgres;-8905251576138390043;4110.745229499742;2467.990136696554;1939;tief (4+ Segmente)
postgres;-8897868829347026151;5624.173333333333;331.3396325091063;450;tief (4+ Segmente)
postgres;-8886513905334622269;1591.4711111111112;143.31467491339916;450;tief (4+ Segmente)
postgres;-8884293806236867718;2865.7060041407867;297.97396866374044;483;tief (4+ Segmente)
postgres;-8878398820989998606;2077.524210526316;624.9472634805946;950;tief (4+ Segmente)
postgres;-8871638785490024700;3246.0775594622546;1145.880207744268;967;tief (4+ Segmente)
postgres;-8868576193666532889;2047.4232653061224;1240.3211820229794;2450;mittel (2-3 Segmente)
postgres;-8867307437843136952;2329.0177777777776;327.7808079115368;450;tief (4+ Segmente)
postgres;-8865210893662811499;1469.615172413793;567.2522691269555;1450;mittel (2-3 Segmente)
postgres;-8864825346472745968;2432.47806122449;1229.0584291583366;1960;mittel (2-3 Segmente)
postgres;-8863324536948221499;2251.08;225.82441451609424;450;tief (4+ Segmente)
postgres;-8854132160204059092;3773.3243616287095;1714.4359472119593;1449;tief (4+ Segmente)
postgres;-8851419415559083766;3253.0387913434056;2081.445413142039;2449;mittel (2-3 Segmente)
postgres;-8847935128265786830;2160.9347368421054;197.6081927487802;475;tief (4+ Segmente)
postgres;-8845501176380365669;2175.797894736842;357.13246074266533;950;tief (4+ Segmente)
postgres;-8844405143345498316;3979.628888888889;344.9652931912972;450;tief (4+ Segmente)
postgres;-8837485588723511782;3034.8985507246375;1466.5050196295472;3450;tief (4+ Segmente)
postgres;-8827417473763911647;7301.1509009009005;354.18073490644616;444;tief (4+ Segmente)
postgres;-8826868068822003705;3946.8288888888887;308.1555872910925;450;tief (4+ Segmente)
postgres;-8821511129920621995;4110.8668965517245;912.4977208858289;1450;tief (4+ Segmente)
postgres;-8821089558319004273;974.8288888888889;132.53481976778215;450;mittel (2-3 Segmente)
postgres;-8820244006885364478;2643.331111111111;307.77584062473017;450;tief (4+ Segmente)
postgres;-8811343743320342866;4144.344210526316;873.5346389713352;950;tief (4+ Segmente)
postgres;-8809843387493838841;2378.1297446514836;879.1781358067695;1449;tief (4+ Segmente)
postgres;-8792827206972889762;2215.9035897435897;558.8973907790576;1950;tief (4+ Segmente)
postgres;-8767589030129780493;2723.3288888888887;186.94272984399385;450;tief (4+ Segmente)
postgres;-8763330282049299849;1594.6453135536076;537.6513602980945;4449;mittel (2-3 Segmente)
postgres;-8760666331792099808;2756.4977777777776;295.49841063104543;450;tief (4+ Segmente)
postgres;-8757914087123582176;2516.3733333333334;265.9217330473465;450;tief (4+ Segmente)
postgres;-8755783172254815563;2416.0326315789475;221.57170161176433;950;tief (4+ Segmente)
postgres;-8753942577479169004;2146.738298738299;901.1463159254794;2457;mittel (2-3 Segmente)
postgres;-8752831526868893041;3968.5075862068966;803.8385997334047;1450;tief (4+ Segmente)
postgres;-8748071314749581671;3548.3368421052633;1218.9307282812645;950;tief (4+ Segmente)
postgres;-8741569798975651462;2352.271111111111;226.6749432525352;450;tief (4+ Segmente)
postgres;-8739848157431315477;1666.091111111111;163.60260168892884;450;tief (4+ Segmente)
postgres;-8735068813448438418;6571.031578947369;309.6425069705854;475;tief (4+ Segmente)
postgres;-8733002870029753705;3770.888738127544;350.61393710765253;1474;tief (4+ Segmente)
postgres;-8726528586104231862;2155.0355555555557;235.9071361928381;450;tief (4+ Segmente)
postgres;-8724592081898755801;1548.2888888888888;241.5301465247707;450;mittel (2-3 Segmente)
postgres;-8720317395257651008;2401.466315789474;282.6217249844701;950;tief (4+ Segmente)
postgres;-8719225896385492794;2675.7854922279794;959.9622802263414;965;mittel (2-3 Segmente)
postgres;-8710247163071466542;3493.524550414225;2864.32837475966;4949;flach (<=1 Segment)
postgres;-8708942422734321163;4161.385263157895;929.6465257270086;950;tief (4+ Segmente)
postgres;-8707097551918903467;2739.9244444444444;288.33856858926265;450;tief (4+ Segmente)
postgres;-8694232949877315472;4382.348888888889;286.53120969654566;450;tief (4+ Segmente)
postgres;-8684142369744531671;6120.265021459228;2331.697658698194;932;tief (4+ Segmente)
postgres;-8674623534688907109;3396.262222222222;334.3474349469872;450;tief (4+ Segmente)
postgres;-8674409623057442150;2312.4273684210525;279.84999087519947;475;tief (4+ Segmente)
postgres;-8670978809627728016;3266.8094736842104;1051.5756467799506;950;mittel (2-3 Segmente)
postgres;-8669817774221031794;8885.602564102564;176.1239879158221;390;tief (4+ Segmente)
postgres;-8669572428460816620;8894.562318840579;191.8229933696816;345;tief (4+ Segmente)
postgres;-8668859246638575887;1992.607315389924;928.8364682659173;1449;tief (4+ Segmente)
postgres;-8660999925105304826;1574.7333333333333;163.47908742932856;450;mittel (2-3 Segmente)
postgres;-8660006181416411544;3915.9480617237487;2811.496373869169;5314;mittel (2-3 Segmente)
postgres;-8656589776427845141;4082.2368784530386;2305.301923921434;1448;tief (4+ Segmente)
postgres;-8648578680252804336;2640.86;280.6420422129604;450;tief (4+ Segmente)
postgres;-8648538790474263704;2339.686659772492;233.29476476106015;967;tief (4+ Segmente)
postgres;-8647166242976894875;2647.6644444444446;236.85734916924423;450;tief (4+ Segmente)
postgres;-8636821229382293858;2665.382222222222;455.44675993018996;450;tief (4+ Segmente)
postgres;-8630840683233181746;2217.2155555555555;303.80537555527724;450;tief (4+ Segmente)
postgres;-8625563369301204115;1092.756842105263;233.93159779139103;950;mittel (2-3 Segmente)
postgres;-8615580515522033934;2380.4533333333334;283.1446525256966;450;tief (4+ Segmente)
postgres;-8613138825718490073;2675.1711111111113;275.03583011953594;450;tief (4+ Segmente)
postgres;-8612116210823357314;3890.846666666667;292.96781225937525;450;tief (4+ Segmente)
postgres;-8609403080379116412;1979.8933333333334;224.84842149842652;450;tief (4+ Segmente)
postgres;-8609012991123138399;3474.4822222222224;258.601715234063;450;tief (4+ Segmente)
postgres;-8601798040360683852;1264.66;250.80373687820375;450;mittel (2-3 Segmente)
postgres;-8597489119563233831;2561.3088888888888;286.54212975705934;450;mittel (2-3 Segmente)
postgres;-8593722447658869056;2092.402105263158;290.13604307976414;950;tief (4+ Segmente)
postgres;-8577816952270112202;2102.108888888889;226.20305276220495;450;tief (4+ Segmente)
postgres;-8574445515087983020;4336.068823831536;2524.588769416665;1947;tief (4+ Segmente)
postgres;-8570165074213041330;2975.7533333333336;281.85291943847443;450;tief (4+ Segmente)
postgres;-8569190850298727937;3843.8806896551723;1068.8816037923366;1450;tief (4+ Segmente)
postgres;-8565720390053318459;2871.3244444444445;254.663246050326;450;tief (4+ Segmente)
postgres;-8565541950972434721;3900.2044444444446;279.93144718835913;450;tief (4+ Segmente)
postgres;-8563855034434711303;2869.3113946071326;1169.9553992285066;3449;tief (4+ Segmente)
postgres;-8550821682700352404;3880.558947368421;1054.0751449344314;950;mittel (2-3 Segmente)
postgres;-8544510894648778414;3199.531111111111;414.8301288217537;450;tief (4+ Segmente)
postgres;-8544412354353746382;5313.370208105148;2782.5154373063797;913;tief (4+ Segmente)
postgres;-8544069082932710042;2320.100168067227;1872.8693724828306;5950;mittel (2-3 Segmente)
postgres;-8542629384542704941;8005.258351893096;318.68242992205853;449;tief (4+ Segmente)
postgres;-8536270034027290037;2293.9155555555553;220.76523518675344;450;tief (4+ Segmente)
postgres;-8535849165095216844;3833.208482370976;2533.3696282386036;1957;tief (4+ Segmente)
postgres;-8528951958244036344;3975.801781737194;433.19525908857577;449;tief (4+ Segmente)
postgres;-8522249808477283640;4453.828421052632;1762.4217439696715;950;tief (4+ Segmente)
postgres;-8520377267484042080;2196.038620689655;839.6533092097203;1450;mittel (2-3 Segmente)
postgres;-8515512965613790733;3284.7860441251923;2313.914790565579;1949;tief (4+ Segmente)
postgres;-8501298115282001663;3584.36;365.38571631357695;950;tief (4+ Segmente)
postgres;-8497548437997379491;4762.335555555555;299.8180752439872;450;tief (4+ Segmente)
postgres;-8496921941224656611;2206.934492753623;565.8534873013923;3450;tief (4+ Segmente)
postgres;-8489018795258555493;2223.851111111111;202.46568641305427;450;tief (4+ Segmente)
postgres;-8485008974219574087;4974.693333333334;381.59256505015765;450;tief (4+ Segmente)
postgres;-8481233300061118896;4102.938744257274;2232.731211371289;1959;tief (4+ Segmente)
postgres;-8481160719233607107;2754.9293300653594;1311.2312323994663;2448;tief (4+ Segmente)
postgres;-8470094523699272029;2051.4733333333334;245.70698041105214;450;tief (4+ Segmente)
postgres;-8469867337780000135;4513.24095139607;1807.0658586370598;967;mittel (2-3 Segmente)
postgres;-8466446329821354413;4063.3888888888887;372.2816932364924;450;tief (4+ Segmente)
postgres;-8462340495469374186;2893.494358974359;814.8977737370848;975;tief (4+ Segmente)
postgres;-8455307785434547612;3036.5377777777776;297.17386667221047;450;tief (4+ Segmente)
postgres;-8454825685485169681;3201.0896551724136;1447.3985455230888;1450;tief (4+ Segmente)
postgres;-8449385008174014290;3081.948888888889;313.46183232046377;450;tief (4+ Segmente)
postgres;-8442175228036620158;3744.5244444444443;344.9363268156029;450;tief (4+ Segmente)
postgres;-8437668858490485153;4999.0526315789475;1286.3843544789715;950;tief (4+ Segmente)
postgres;-8437519142383015425;2662.0866666666666;247.90366339601985;450;tief (4+ Segmente)
postgres;-8433096231602196380;6503.839226519337;2118.1425896217547;1810;tief (4+ Segmente)
postgres;-8424048143489346163;3936.4709183673467;1205.1113149583769;1960;tief (4+ Segmente)
postgres;-8412128355862573063;2461.3088888888888;359.58028014869507;450;tief (4+ Segmente)
postgres;-8407846515510427434;2092.6395609318997;635.1260955946433;4464;tief (4+ Segmente)
postgres;-8407727365099844894;1372.6;227.1978524162122;450;tief (4+ Segmente)
postgres;-8396810599661642264;2778.782222222222;246.61394524762062;450;tief (4+ Segmente)
postgres;-8391515682622258395;3233.988888888889;249.6214726521091;450;tief (4+ Segmente)
postgres;-8390617740702557023;3749.6326315789474;436.46689648411103;950;tief (4+ Segmente)
postgres;-8383778567159847432;3091.1191658391263;1325.0689691716896;1007;tief (4+ Segmente)
postgres;-8365018369017893488;2922.8478260869565;349.8982392858996;966;tief (4+ Segmente)
postgres;-8364448361350483744;5599.515555555556;263.1358282764663;450;tief (4+ Segmente)
postgres;-8362817578352918157;487.40444444444444;53.096885666751135;450;flach (<=1 Segment)
postgres;-8359046676761359478;5076.023464458247;2055.933459607341;1449;tief (4+ Segmente)
postgres;-8357774928682580296;3904.1253424657534;2317.533873393543;1460;tief (4+ Segmente)
postgres;-8353228645605731054;9165.712;66.10034112449205;125;tief (4+ Segmente)
postgres;-8350950376116433385;1809.7688888888888;194.6715122806627;450;tief (4+ Segmente)
postgres;-8345758620751304453;3079.728888888889;309.02891556580647;450;tief (4+ Segmente)
postgres;-8340759139435930884;2465.1663157894736;534.6040139785396;950;tief (4+ Segmente)
postgres;-8334451838425426863;2549.1844444444446;363.1122820545549;450;tief (4+ Segmente)
postgres;-8330817687665832000;2909.9599156118143;272.16136060376977;948;tief (4+ Segmente)
postgres;-8329626368052206127;5469.360379346681;1554.6406203998818;949;tief (4+ Segmente)
postgres;-8326237584461347635;963.0177777777777;137.13461155995984;450;tief (4+ Segmente)
postgres;-8324832231207458499;1638.1622222222222;154.26497290660248;450;tief (4+ Segmente)
postgres;-8312195391483076399;3420.1643835616437;511.57860093309495;949;tief (4+ Segmente)
postgres;-8311088454620223280;1363.92;195.4928733200546;450;tief (4+ Segmente)
postgres;-8307126176122542265;1796.5755555555556;257.02240476339574;450;mittel (2-3 Segmente)
postgres;-8306898008898727557;3182.4844444444443;345.0413822091099;450;tief (4+ Segmente)
postgres;-8302757645029320641;3562.6266666666666;290.8721517117535;450;tief (4+ Segmente)
postgres;-8300225046718566017;3783.550612244898;1673.3928550386624;2450;tief (4+ Segmente)
postgres;-8271748818605088500;5375.522222222222;296.1082172829551;450;tief (4+ Segmente)
postgres;-8264708200276336373;3468.702105263158;1619.055773654569;950;flach (<=1 Segment)
postgres;-8262852863569660852;4084.3284210526317;731.0550119433518;950;tief (4+ Segmente)
postgres;-8259456478652721231;3833.193333333333;333.3534818038277;450;tief (4+ Segmente)
postgres;-8258995779925367134;2097.517627118644;554.389501546234;2950;tief (4+ Segmente)
postgres;-8257049174431386379;2483.517894736842;271.9229482303353;950;tief (4+ Segmente)
postgres;-8256801010456362867;4981.055555555556;392.70667068524955;450;tief (4+ Segmente)
postgres;-8255591641339785095;3016.498947368421;322.9938773148402;950;tief (4+ Segmente)
postgres;-8253970286196699283;2909.1155555555556;293.8549935231836;450;tief (4+ Segmente)
postgres;-8249960927501156093;3504.441964285714;285.64543066634633;448;tief (4+ Segmente)
postgres;-8249202099597469384;2318.162222222222;238.89477866510003;450;tief (4+ Segmente)
postgres;-8244035916093779063;2910.562448979592;1209.800081508245;2450;tief (4+ Segmente)
postgres;-8215649500057381643;2466.88;247.70825536764582;450;tief (4+ Segmente)
postgres;-8211431013505666067;5042.573333333334;441.0487250933379;450;tief (4+ Segmente)
postgres;-8209017987301123825;1432.8377777777778;162.03761804277127;450;tief (4+ Segmente)
postgres;-8208926240619056275;3925.05317679558;1542.2651313081847;1448;tief (4+ Segmente)
postgres;-8205575035441664691;2908.863157894737;391.74276549911247;950;tief (4+ Segmente)
postgres;-8194086568252790096;1860.7355555555555;199.63075899184344;450;tief (4+ Segmente)
postgres;-8187591991609994505;1532.7852631578946;220.5046288483503;475;mittel (2-3 Segmente)
postgres;-8184161502419427399;1416.3059071729958;208.67543936102226;474;tief (4+ Segmente)
postgres;-8183491629094992690;4562.34;408.85579103384987;450;tief (4+ Segmente)
postgres;-8178784338695199694;2861.5789473684213;667.843388804131;950;tief (4+ Segmente)
postgres;-8172927526685965066;6245.244016649323;2136.9028572249454;1922;tief (4+ Segmente)
postgres;-8172643884985862817;3503.720359771055;2464.588194568032;2446;mittel (2-3 Segmente)
postgres;-8167575901852936305;3474.6157894736843;1372.2404141508268;950;tief (4+ Segmente)
postgres;-8161639645635324199;2435.3955555555553;264.61578480118874;450;tief (4+ Segmente)
postgres;-8160930001779990408;1493.3333333333333;171.08400624770252;450;tief (4+ Segmente)
postgres;-8153262172186255604;2754.7263157894736;249.9651470264587;475;tief (4+ Segmente)
postgres;-8143038598284227131;1162.4463157894736;143.64967617370598;950;mittel (2-3 Segmente)
postgres;-8139052578603456672;2389.8888888888887;258.12095731803817;450;tief (4+ Segmente)
postgres;-8137387619517419337;4701.022758620689;1334.7951748871376;1450;tief (4+ Segmente)
postgres;-8132126266657026359;8164.450574712644;284.32716149445497;435;tief (4+ Segmente)
postgres;-8119707044297179291;3623.950361944157;630.9000272027278;967;tief (4+ Segmente)
postgres;-8113367623531001744;1962.5584615384616;430.86870191996394;1950;tief (4+ Segmente)
postgres;-8111418754148159523;5540.572562358277;3106.8848769922424;882;tief (4+ Segmente)
postgres;-8106920586724096958;3326.902068965517;2605.187346390964;1450;tief (4+ Segmente)
postgres;-8106052610982231718;2399.2155555555555;316.03339203315244;450;tief (4+ Segmente)
postgres;-8103642571794073932;2256.8733333333334;235.02037906234906;450;tief (4+ Segmente)
postgres;-8094902945789100959;2788.3444444444444;341.4479635738883;450;tief (4+ Segmente)
postgres;-8087631943479731421;3613.8577777777778;315.8677124985389;450;tief (4+ Segmente)
postgres;-8084483538789174077;2769.02;261.4493219129292;450;tief (4+ Segmente)
postgres;-8076214408330526945;4604.757777777778;336.839022299712;450;tief (4+ Segmente)
postgres;-8072428072391899215;7966.912751677853;333.7025393180938;447;tief (4+ Segmente)
postgres;-8068575050971504590;2601.794897959184;1487.4497131266817;1960;mittel (2-3 Segmente)
postgres;-8065004063184728159;5819.4111111111115;433.4432732731655;450;tief (4+ Segmente)
postgres;-8061323057077751463;1538.108888888889;170.5077421152984;450;tief (4+ Segmente)
postgres;-8061273732237840740;2470.6348884381337;1036.9630379296825;493;tief (4+ Segmente)
postgres;-8059509380533692860;5767.796992481203;603.3534142446557;1463;tief (4+ Segmente)
postgres;-8059087693695228909;3844.097777777778;243.20868113323942;450;tief (4+ Segmente)
postgres;-8055201954122718108;5732.953389830508;2354.008675442938;944;tief (4+ Segmente)
postgres;-8043864847740590424;2855.551450349354;1390.3905243931997;9446;tief (4+ Segmente)
postgres;-8041792054744387462;4686.451578947368;1700.7328542701566;950;tief (4+ Segmente)
postgres;-8032228143654746683;6230.5717299578055;439.88921356850096;474;tief (4+ Segmente)
postgres;-8030783203558293856;2006.5572413793104;564.9717483479218;1450;tief (4+ Segmente)
postgres;-8026040798020815604;2161.6046153846155;376.6346660993628;1950;tief (4+ Segmente)
postgres;-8021854972447211150;3711.4644444444443;414.44367393726407;450;tief (4+ Segmente)
postgres;-8013431471801157824;5480.413333333333;414.30949644181555;450;tief (4+ Segmente)
postgres;-8008770738428357248;9022.225941422594;162.98566466790953;239;tief (4+ Segmente)
postgres;-8007896379958664870;3981.951111111111;558.942441037512;450;tief (4+ Segmente)
postgres;-8006964206558616479;3513.4377777777777;234.7072230025568;450;tief (4+ Segmente)
postgres;-8000894333040882942;4528.710435383552;2337.5389106564467;1447;tief (4+ Segmente)
postgres;-7995602693260893647;2477.7386206896554;243.44937239621547;1450;tief (4+ Segmente)
postgres;-7988598427205345000;5493.1796672828095;2315.4787401550643;2705;tief (4+ Segmente)
postgres;-7987118670858128694;2421.1505263157896;1065.5577589681843;950;mittel (2-3 Segmente)
postgres;-7986604098279812269;5042.148888888889;391.99109412308593;450;tief (4+ Segmente)
postgres;-7982782822673864124;1284.6577777777777;218.5885849782676;450;tief (4+ Segmente)
postgres;-7981799398264819645;3804.54;2674.5560249192836;950;flach (<=1 Segment)
postgres;-7981048338996309688;2406.7663157894735;330.2893327554481;950;tief (4+ Segmente)
postgres;-7979594000264824080;3108.579011841568;1274.2316852313593;2449;tief (4+ Segmente)
postgres;-7976555025469346161;2658.38;321.2211666538473;450;tief (4+ Segmente)
postgres;-7971150627219656088;2194.1644444444446;249.53119443426928;450;tief (4+ Segmente)
postgres;-7969738793334654347;4652.643652561247;232.29500844259067;449;tief (4+ Segmente)
postgres;-7968268173667279222;5209.955555555555;288.1441852908909;450;tief (4+ Segmente)
postgres;-7957043064287628791;2451.242222222222;292.7205109744823;450;tief (4+ Segmente)
postgres;-7952120373516532436;3142.3239715189875;1478.0883848116534;2528;tief (4+ Segmente)
postgres;-7947652804911445737;2448.9777777777776;256.45500774459043;450;tief (4+ Segmente)
postgres;-7940152991048428107;3507.0764102564103;1027.1233456456307;1950;tief (4+ Segmente)
postgres;-7930888775568072035;3582.8977777777777;354.7973332150633;450;tief (4+ Segmente)
postgres;-7930372110860962896;2105.6133333333332;187.62444553215127;450;tief (4+ Segmente)
postgres;-7929431047762976480;2844.345797101449;1283.5514561259558;3450;tief (4+ Segmente)
postgres;-7919630727938566794;2950.124210526316;1223.979767554892;950;tief (4+ Segmente)
postgres;-7912941866463176606;3085.9;193.1851212990121;450;tief (4+ Segmente)
postgres;-7909799874129628419;3705.2455008488964;3057.4936817533408;2945;flach (<=1 Segment)
postgres;-7894092519743735372;3215.26612244898;1048.2208330587523;2450;tief (4+ Segmente)
postgres;-7890849115775772938;2912.837777777778;231.16719023068288;450;tief (4+ Segmente)
postgres;-7887735323782204758;2746.943157894737;240.58629803950328;475;tief (4+ Segmente)
postgres;-7887481807827727248;2594.7066666666665;273.29692639641644;450;tief (4+ Segmente)
postgres;-7883897058608291864;3273.5555555555557;305.46964502820094;450;tief (4+ Segmente)
postgres;-7874851985170592555;3347.3048979591836;1654.8006729350438;2450;tief (4+ Segmente)
postgres;-7869210626479512184;7650.988864142539;315.1438409690342;449;tief (4+ Segmente)
postgres;-7865301245416203779;4488.002105263158;361.4279900321514;475;tief (4+ Segmente)
postgres;-7860451100958222718;3590.513775510204;1441.4536643530396;1960;tief (4+ Segmente)
postgres;-7854489534091762632;2217.0666666666666;271.9238724856959;450;mittel (2-3 Segmente)
postgres;-7854225011517024026;2104.96;288.72940021390997;450;mittel (2-3 Segmente)
postgres;-7847174873461142236;4319.160955347871;3274.7626226920943;963;mittel (2-3 Segmente)
postgres;-7840973138087629092;3003.746530612245;1664.4605885619744;2450;tief (4+ Segmente)
postgres;-7839327953627750890;1235.0093167701864;341.9448504395463;966;mittel (2-3 Segmente)
postgres;-7838031979446816495;7343.521097046413;395.808921720828;474;tief (4+ Segmente)
postgres;-7837933486274733546;1548.6444444444444;171.86732277965368;450;mittel (2-3 Segmente)
postgres;-7837523645932627222;3095.6866666666665;337.99998952306873;450;tief (4+ Segmente)
postgres;-7830500743850445521;2946.797894736842;285.3001621160886;950;tief (4+ Segmente)
postgres;-7823217947635252278;3027.0244444444443;342.0906206250383;450;tief (4+ Segmente)
postgres;-7818191984586454636;1476.2488888888888;218.53440823422204;450;mittel (2-3 Segmente)
postgres;-7803605068714768707;4034.5012761613066;2222.7595924076995;3918;tief (4+ Segmente)
postgres;-7796918577961108381;1980.9731034482759;921.3499345143308;1450;tief (4+ Segmente)
postgres;-7795454207975708069;2415.5822222222223;292.21920052108123;450;tief (4+ Segmente)
postgres;-7789365305870309296;4023.4087221095333;2319.348986091742;3944;tief (4+ Segmente)
postgres;-7760527692094528123;2985.1355555555556;344.4281685939175;450;tief (4+ Segmente)
postgres;-7749401242715234697;1970.3422957600828;204.0403729893446;967;tief (4+ Segmente)
postgres;-7726291432496824201;6318.184444444444;476.0381497577125;450;tief (4+ Segmente)
postgres;-7723778099485237345;3409.3244444444445;456.623832432626;450;tief (4+ Segmente)
postgres;-7718502464306335063;3182.279487179487;1877.843884220439;1950;mittel (2-3 Segmente)
postgres;-7714327801549699303;8815.806282722513;180.38295268460442;382;tief (4+ Segmente)
postgres;-7712884023086902558;1163.7723025814935;484.8723568544092;14449;mittel (2-3 Segmente)
postgres;-7711038431031380520;2021.8044444444445;269.9066273881443;450;tief (4+ Segmente)
postgres;-7708550806914360973;2546.968232044199;643.5506447051342;1448;tief (4+ Segmente)
postgres;-7684353874699465882;1786.5536842105264;184.40066322149772;950;tief (4+ Segmente)
postgres;-7675510109211390924;2907.9027118644067;1038.820319651226;2950;tief (4+ Segmente)
postgres;-7674985149813876648;2237.157894736842;218.0705338120617;475;tief (4+ Segmente)
postgres;-7661308930292009028;2427.7115789473683;624.3958352567845;950;tief (4+ Segmente)
postgres;-7658525033395164205;3801.48;335.02639034436015;450;tief (4+ Segmente)
postgres;-7649315944016503627;1959.0644444444445;281.75075912894215;450;tief (4+ Segmente)
postgres;-7647977275745192430;3213.162222222222;268.9214834690975;450;tief (4+ Segmente)
postgres;-7621754363053604327;3070.302105263158;1788.7005368220784;950;mittel (2-3 Segmente)
postgres;-7618792820630367695;3392.599109131403;296.3358368700794;449;tief (4+ Segmente)
postgres;-7602179824816203753;2612.053684210526;375.99944547145617;950;tief (4+ Segmente)
postgres;-7600351463073848518;1564.2075166700342;422.1513026011765;4949;tief (4+ Segmente)
postgres;-7591877421520650853;4047.9362389023404;2747.0882608195407;1239;tief (4+ Segmente)
postgres;-7590987064690281987;1989.1327536231884;1138.9730394416297;3450;tief (4+ Segmente)
postgres;-7589199911756302846;3658.9817054263567;1886.5914560499925;6450;tief (4+ Segmente)
postgres;-7586548580370553329;2520.4066666666668;248.43990091218456;450;tief (4+ Segmente)
postgres;-7570975764737239440;4719.273017717107;2423.8706076543335;3443;tief (4+ Segmente)
postgres;-7564020354393763455;2949.9096202531646;1596.0316412692916;3950;tief (4+ Segmente)
postgres;-7553495425026688267;2007.737894736842;862.6857233406835;950;tief (4+ Segmente)
postgres;-7550321463828823604;2798.7936507936506;1094.8532007925196;1449;tief (4+ Segmente)
postgres;-7544086429616691147;3875.3285714285716;1742.2091583765834;2450;tief (4+ Segmente)
postgres;-7532712526601488038;4202.102222222222;340.9764809691649;450;tief (4+ Segmente)
postgres;-7522359583826824412;4444.872497365648;1374.633517547713;949;tief (4+ Segmente)
postgres;-7512357003494067319;4343.923642302981;1603.0350927114814;2449;tief (4+ Segmente)
postgres;-7504093176915043567;3278.2992416478787;1897.7394385022235;4879;tief (4+ Segmente)
postgres;-7498630619787140663;3069.5821052631577;605.3038504900798;950;tief (4+ Segmente)
postgres;-7491228115342104340;2858.719322033898;1239.5743912753467;1475;tief (4+ Segmente)
postgres;-7485524457672007660;2127.5844444444447;285.1415593856654;450;tief (4+ Segmente)
postgres;-7482706624800587016;2539.8888768430184;1145.3203710439047;18448;tief (4+ Segmente)
postgres;-7475303678957239230;3651.6268221574346;2826.5083375689765;2401;tief (4+ Segmente)
postgres;-7465177155122116151;3401.456049489282;2514.4970660174818;6951;mittel (2-3 Segmente)
postgres;-7460105742845319214;3329.0673868312756;2397.9118242584177;1944;tief (4+ Segmente)
postgres;-7447105573785235519;4409.36;258.68293135709797;450;mittel (2-3 Segmente)
postgres;-7442807607354408300;2803.2755555555555;246.83780880465073;450;tief (4+ Segmente)
postgres;-7440264874672375342;2178.7968421052633;274.0758392089092;950;tief (4+ Segmente)
postgres;-7439439992233116426;9232.964285714286;22.477119465600794;28;mittel (2-3 Segmente)
postgres;-7439092417788791372;3247.082135523614;461.33878354817864;974;tief (4+ Segmente)
postgres;-7437691575782386473;1105.8555555555556;121.93480688229842;450;tief (4+ Segmente)
postgres;-7437538653196733902;5359.76;478.88965414417265;450;tief (4+ Segmente)
postgres;-7414794555950823396;2306.9133333333334;225.04956949639393;450;tief (4+ Segmente)
postgres;-7412627867473288228;4935.064827586207;1487.5629431866676;1450;tief (4+ Segmente)
postgres;-7412090797992338044;2657.0557894736844;512.933074923046;950;tief (4+ Segmente)
postgres;-7410066185498556592;2530.8576530612245;333.01699534094854;1960;tief (4+ Segmente)
postgres;-7406957649902167351;3151.721052631579;1463.5777680458118;950;tief (4+ Segmente)
postgres;-7406724002234809339;2740.3155555555554;250.83286297301797;450;tief (4+ Segmente)
postgres;-7405227276687536463;3578.4;1039.5434742812013;1450;tief (4+ Segmente)
postgres;-7397199293199438304;3397.0755555555556;257.5317371023362;450;tief (4+ Segmente)
postgres;-7386762183889623702;2846.4442105263156;402.09590473754776;475;tief (4+ Segmente)
postgres;-7381957401420581808;1562.8955555555556;251.17286610255428;450;mittel (2-3 Segmente)
postgres;-7373109668963445632;2471.791111111111;198.30999986267267;450;tief (4+ Segmente)
postgres;-7369442980390479230;2418.88;262.2055396695646;450;tief (4+ Segmente)
postgres;-7368416095860409071;2238.4798988621997;799.9696275139801;3955;tief (4+ Segmente)
postgres;-7366385347056115836;1264.908888888889;324.3373345797955;450;tief (4+ Segmente)
postgres;-7366305476319190516;1992.5266666666666;203.84162473173612;450;tief (4+ Segmente)
postgres;-7365948439443071735;5334.81875658588;2065.6540736353472;949;tief (4+ Segmente)
postgres;-7352520494379624714;5579.315488936474;2214.274253008986;1401;tief (4+ Segmente)
postgres;-7342101350381665731;4302.942719116632;1707.4815308946897;1449;tief (4+ Segmente)
postgres;-7340520243614001857;3601.9268041237115;2696.1380168842998;1940;tief (4+ Segmente)
postgres;-7334094718208712927;2160.2466666666664;304.4539806361005;450;tief (4+ Segmente)
postgres;-7333811014336242467;6678.202222222222;324.83212932912625;450;tief (4+ Segmente)
postgres;-7329035700573930939;3655.955918367347;1330.5006906757296;2450;tief (4+ Segmente)
postgres;-7321923829592272460;3109.454358974359;1119.3202367624006;1950;mittel (2-3 Segmente)
postgres;-7319322408939895565;1519.6577777777777;131.00693888164795;450;flach (<=1 Segment)
postgres;-7308320674387425894;1402.7644444444445;217.14211285231346;450;tief (4+ Segmente)
postgres;-7301323925925640514;1886.6333333333334;247.39161537646052;450;tief (4+ Segmente)
postgres;-7298442323784352615;3201.7533333333336;370.7543253355397;450;tief (4+ Segmente)
postgres;-7292664667808819196;3392.69211923234;1001.4109017079883;2449;tief (4+ Segmente)
postgres;-7281076734313036434;2359.528640441684;372.896326909408;1449;tief (4+ Segmente)
postgres;-7269746876504426223;1257.9222222222222;299.53330543379144;450;mittel (2-3 Segmente)
postgres;-7256213042220919385;2027.1862068965518;265.08457929149506;1450;tief (4+ Segmente)
postgres;-7252632716882458528;1601.9115789473685;178.67491805633588;475;tief (4+ Segmente)
postgres;-7246873250184560637;2506.3158273381296;1533.2325849982885;6950;mittel (2-3 Segmente)
postgres;-7246849701201532261;3214.7374491180462;1827.983849059206;2948;tief (4+ Segmente)
postgres;-7235871410023008350;1299.0733333333333;250.84696876221918;450;flach (<=1 Segment)
postgres;-7233681590710299441;2398.842051282051;393.9225938356243;975;tief (4+ Segmente)
postgres;-7232806385004646353;5327.868852459016;2812.9163647721275;793;tief (4+ Segmente)
postgres;-7222031968169230903;2322.3926754832146;720.051898024469;2949;tief (4+ Segmente)
postgres;-7220506122052292669;1898.8947368421052;204.08614223717734;475;tief (4+ Segmente)
postgres;-7219316805689547640;6173.877777777778;326.4207058894369;450;tief (4+ Segmente)
postgres;-7213340763423275584;4565.9511111111115;356.38489529670693;450;tief (4+ Segmente)
postgres;-7207850867400126250;3156.968888888889;338.3235874269683;450;tief (4+ Segmente)
postgres;-7203292447646402119;3592.3105247897943;2285.554307891995;3449;tief (4+ Segmente)
postgres;-7193773871357741693;3940.4604419101925;3177.3705053862127;1403;mittel (2-3 Segmente)
postgres;-7176824557857765530;1959.7928205128205;1038.2016213715506;1950;mittel (2-3 Segmente)
postgres;-7172619356334035484;3548.9578947368423;608.3677832186446;950;tief (4+ Segmente)
postgres;-7171665126349765582;3338.0666666666666;269.6981237439412;450;tief (4+ Segmente)
postgres;-7166361055218801198;2531.2676923076924;449.7115387312656;1950;tief (4+ Segmente)
postgres;-7164834534352788916;2315.797777777778;216.59091096396443;450;tief (4+ Segmente)
postgres;-7159005282477441449;3747.346666666667;412.8069430192518;450;tief (4+ Segmente)
postgres;-7157437100512535651;1478.04;249.70614034423045;450;tief (4+ Segmente)
postgres;-7151884549922649514;3156.6666666666665;386.10750086882723;450;tief (4+ Segmente)
postgres;-7146254636875971470;2402.7733333333335;229.83947569548036;450;tief (4+ Segmente)
postgres;-7145760434156130099;3563.1607194662024;2713.8988564758483;3447;mittel (2-3 Segmente)
postgres;-7145105276408629015;3515.7149152542374;1990.5759803513179;2950;tief (4+ Segmente)
postgres;-7139379540804573357;1403.2533333333333;197.18665549341077;450;tief (4+ Segmente)
postgres;-7136841369858947226;2296.2644444444445;205.38301191619112;450;tief (4+ Segmente)
postgres;-7132200644511537190;985.5268907563026;588.5990497367998;5950;flach (<=1 Segment)
postgres;-7129719288923566187;1808.0537931034482;448.26772154080766;1450;tief (4+ Segmente)
postgres;-7129560717997800048;1320.808888888889;207.00969692297886;450;tief (4+ Segmente)
postgres;-7122143021615721524;3631.402051282051;1541.590920055724;1950;tief (4+ Segmente)
postgres;-7122137094634462045;8469.219679633867;235.46124416075787;437;tief (4+ Segmente)
postgres;-7115562516453538849;2530.5563751317177;440.5106504480385;949;tief (4+ Segmente)
postgres;-7112026761042218126;5138.471859986274;2726.595158745673;2914;tief (4+ Segmente)
postgres;-7107718962515762250;5847.881856540084;1415.0669943461264;948;tief (4+ Segmente)
postgres;-7106451175380136604;2526.485306122449;909.2104391675828;2450;mittel (2-3 Segmente)
postgres;-7105030111213452381;1974.8266666666666;236.0025880345808;450;tief (4+ Segmente)
postgres;-7097211390528003299;2867.9517241379313;295.8510628002448;1450;tief (4+ Segmente)
postgres;-7094666188956990430;4202.399433427762;3077.4096363604635;1412;tief (4+ Segmente)
postgres;-7085401584586512475;2176.3875278396436;232.3605792140084;449;tief (4+ Segmente)
postgres;-7081298328158021184;4192.126666666667;400.1476781398495;450;tief (4+ Segmente)
postgres;-7079601947117758010;1054.2311111111112;180.82946699755578;450;mittel (2-3 Segmente)
postgres;-7076770306703503331;1520.8251282051283;197.28515454945358;1950;tief (4+ Segmente)
postgres;-7075894586493251987;3441.932631578947;959.7847875692455;950;tief (4+ Segmente)
postgres;-7075353596192436268;1987.0252631578946;266.0824469196317;475;mittel (2-3 Segmente)
postgres;-7046771436248241760;5453.790340285401;3166.3635638744718;911;tief (4+ Segmente)
postgres;-7035086327900870111;2012.8644444444444;221.4576469189236;450;tief (4+ Segmente)
postgres;-7030721353552840570;1473.128868594622;882.8491421244844;1971;mittel (2-3 Segmente)
postgres;-7028428752845001383;2073.451282051282;1078.4296750843623;975;mittel (2-3 Segmente)
postgres;-7025137784625816776;4180.544444444445;331.53692720490443;450;tief (4+ Segmente)
postgres;-7021203572400686898;2364.5421853388657;1739.097375738983;1446;mittel (2-3 Segmente)
postgres;-7013271605756341197;2483.5622222222223;231.2222523304775;450;tief (4+ Segmente)
postgres;-7004989074605782378;3333.7755524861877;2059.343326681826;1448;tief (4+ Segmente)
postgres;-7000496661805857474;5034.8535300316125;669.1061411330633;949;tief (4+ Segmente)
postgres;-6996358352245791007;8339.694312796208;261.3599531263739;422;tief (4+ Segmente)
postgres;-6994358248579143086;1658.6947368421052;402.8055293721998;950;mittel (2-3 Segmente)
postgres;-6992028976446404228;3135.9422222222224;344.4835600687414;450;tief (4+ Segmente)
postgres;-6988431070210329017;5382.662222222222;368.7632090655286;450;tief (4+ Segmente)
postgres;-6988337248491622329;2845.2884210526317;267.89085364155545;475;tief (4+ Segmente)
postgres;-6979793650266060669;2422.843157894737;1017.7954086235103;950;mittel (2-3 Segmente)
postgres;-6976885454451720719;2941.185263157895;235.20693688302384;475;tief (4+ Segmente)
postgres;-6975279062263929423;3310.4889357218126;868.4895705231069;949;tief (4+ Segmente)
postgres;-6957302813509783873;4246.213333333333;339.30639824957024;450;tief (4+ Segmente)
postgres;-6956976809361848448;3761.501113585746;368.31181062044044;449;tief (4+ Segmente)
postgres;-6951526649555994498;6496.946666666667;379.4455770255811;450;tief (4+ Segmente)
postgres;-6949135628660705576;2704.133333333333;262.9692623903753;450;tief (4+ Segmente)
postgres;-6948588123726258052;2562.3488888888887;296.54207656331357;450;tief (4+ Segmente)
postgres;-6946810274857160158;2668.971111111111;247.40723498073302;450;tief (4+ Segmente)
postgres;-6936810309264596532;3898.250790305585;1329.9010909542956;949;tief (4+ Segmente)
postgres;-6934399617421274319;3321.159420289855;420.16762295412104;483;tief (4+ Segmente)
postgres;-6925182367910746689;2236.128888888889;286.6068620478712;450;tief (4+ Segmente)
postgres;-6903560649879775477;913.3109262589928;237.49083515342616;4448;mittel (2-3 Segmente)
postgres;-6896918312241599304;1910.5084210526315;459.99895935264124;950;tief (4+ Segmente)
postgres;-6893825418449213921;4835.894736842105;1669.5971717720186;950;tief (4+ Segmente)
postgres;-6885774203144511327;1748.4120433017592;1106.3399605781779;1478;flach (<=1 Segment)
postgres;-6874595568413726795;3075.6666666666665;370.2102394327394;450;tief (4+ Segmente)
postgres;-6873827590155288823;3643.9733333333334;235.36177753655534;450;tief (4+ Segmente)
postgres;-6868688914372951088;3828.199837199837;1530.0222149927451;2457;tief (4+ Segmente)
postgres;-6867103442146694089;2914.7673684210527;949.6104084896775;950;tief (4+ Segmente)
postgres;-6850059914820972704;4431.902222222222;297.05283512321313;450;tief (4+ Segmente)
postgres;-6844857302802481252;1122.42;150.29196248182063;450;mittel (2-3 Segmente)
postgres;-6837130839391444797;804.2688888888889;142.10580192538322;450;flach (<=1 Segment)
postgres;-6828208767401915217;4022.1222222222223;332.45682030451457;450;tief (4+ Segmente)
postgres;-6811649275624039646;1876.7950310559006;282.42956404973944;1449;tief (4+ Segmente)
postgres;-6811414892248722223;3656.4808163265307;1560.3834855992336;2450;tief (4+ Segmente)
postgres;-6803221044830049013;6532.334821428572;436.5255841647697;448;tief (4+ Segmente)
postgres;-6797273311895284442;2303.04;224.9050349990692;475;tief (4+ Segmente)
postgres;-6796067545179231240;2578.768888888889;278.62305388623514;450;tief (4+ Segmente)
postgres;-6789971939343671116;2331.248421052632;507.6706213911109;950;tief (4+ Segmente)
postgres;-6775084990438535555;4711.188421052631;2443.932604775238;950;tief (4+ Segmente)
postgres;-6767972254969206671;5183.613684210526;1221.1734994356982;950;tief (4+ Segmente)
postgres;-6762047736677640945;3505.028888888889;374.3167930034329;450;flach (<=1 Segment)
postgres;-6759263645972961866;1399.06;135.4620352143353;450;mittel (2-3 Segmente)
postgres;-6758614348905270000;2530.5;346.10938607172864;450;tief (4+ Segmente)
postgres;-6757566375692791201;4588.734736842105;1451.557486683956;950;tief (4+ Segmente)
postgres;-6753655140833022951;2450.5955555555556;225.46239737600823;450;tief (4+ Segmente)
postgres;-6748690611283000896;2593.5;202.17380172131575;450;tief (4+ Segmente)
postgres;-6740863954081701539;3063.6515789473683;1538.6173831430076;950;tief (4+ Segmente)
postgres;-6739258872610228445;2844.302222222222;343.3626421204836;450;tief (4+ Segmente)
postgres;-6726808660816207298;3904.0926315789475;2224.112854443961;950;tief (4+ Segmente)
postgres;-6710651746455849195;3356.828240252898;360.73320348446134;949;tief (4+ Segmente)
postgres;-6710327954712161716;2216.8444444444444;359.645603557692;450;tief (4+ Segmente)
postgres;-6707734381751296223;3512.782222222222;291.92851833432974;450;tief (4+ Segmente)
postgres;-6700417440635237481;1455.4031578947368;355.99188164948913;950;mittel (2-3 Segmente)
postgres;-6699139474728937629;4932.268551236749;3526.335584791778;849;tief (4+ Segmente)
postgres;-6696990133462612045;8755.577017114914;236.9734194573643;409;mittel (2-3 Segmente)
postgres;-6679748796890946576;2265.72;238.37720067060644;450;tief (4+ Segmente)
postgres;-6677609071886050874;1921.8105263157895;239.1917514919566;475;mittel (2-3 Segmente)
postgres;-6673467461251328360;2416.7155555555555;288.24353872966725;450;tief (4+ Segmente)
postgres;-6662293240245504506;2556.5326315789475;269.6663051384552;475;tief (4+ Segmente)
postgres;-6658343281237524383;2176.2305263157896;249.51129581322547;950;tief (4+ Segmente)
postgres;-6651502544698381425;2464.36;245.25865479235753;450;tief (4+ Segmente)
postgres;-6647451198889251727;3419.3216132368148;969.0832090295785;967;tief (4+ Segmente)
postgres;-6645392296341722106;1684.168888888889;136.62703580964555;450;tief (4+ Segmente)
postgres;-6641658664564100867;2230.4866666666667;258.0540956909913;450;tief (4+ Segmente)
postgres;-6635961803189943275;4653.594580906559;2013.2129565172102;3949;mittel (2-3 Segmente)
postgres;-6635372506210487474;3088.24;174.94923272532642;450;tief (4+ Segmente)
postgres;-6629514580404672367;3194.738947368421;586.2845283802648;950;mittel (2-3 Segmente)
postgres;-6621861843013455075;1636.8133333333333;243.51684758077675;450;tief (4+ Segmente)
postgres;-6605848531290461883;3409.619153674833;308.69115935585313;449;tief (4+ Segmente)
postgres;-6598574273296535216;2468.9377777777777;246.4528318906962;450;tief (4+ Segmente)
postgres;-6588892110796564074;2208.872802481903;279.583658510865;967;tief (4+ Segmente)
postgres;-6588436469768813084;4740.356540084388;361.20376247026564;474;tief (4+ Segmente)
postgres;-6582537850353026533;5289.791111111111;301.67493222258645;450;tief (4+ Segmente)
postgres;-6576994799877015586;3637.7644444444445;303.3716436807452;450;tief (4+ Segmente)
postgres;-6576153887309386856;2685.231111111111;271.41965290518766;450;tief (4+ Segmente)
postgres;-6575199212504416347;4712.175555555556;317.8258867346143;450;tief (4+ Segmente)
postgres;-6565989812154708784;2700.837777777778;350.83249119346175;450;tief (4+ Segmente)
postgres;-6565412110138754149;2289.0266666666666;243.14027443273355;450;tief (4+ Segmente)
postgres;-6562680230627899185;1827.2177777777779;220.69102174183726;450;mittel (2-3 Segmente)
postgres;-6562241423079351546;9240.8;9.71596624119316;10;mittel (2-3 Segmente)
postgres;-6550789710954037626;8537.864734299517;336.5730888360235;414;tief (4+ Segmente)
postgres;-6545010086897829116;2203.136551724138;577.974282469237;1450;tief (4+ Segmente)
postgres;-6525297353181452519;2647.331111111111;266.223618116163;450;tief (4+ Segmente)
postgres;-6520205348818754480;3776.1539355213476;2145.529201355259;3443;tief (4+ Segmente)
postgres;-6498897864734470584;2659.82;247.72137709158534;450;tief (4+ Segmente)
postgres;-6489721478747992302;2071.9822222222224;186.2889358281303;450;tief (4+ Segmente)
postgres;-6481406666004924656;740.1943884892087;204.89064658674678;6950;mittel (2-3 Segmente)
postgres;-6473947770647761716;3839.3776371308018;2376.5044989174285;948;tief (4+ Segmente)
postgres;-6469286977681477081;2589.727409638554;1720.0535601006682;1992;mittel (2-3 Segmente)
postgres;-6452546471843300852;2100.14;201.95796702639473;450;tief (4+ Segmente)
postgres;-6439109871709270528;3203.564391995895;1028.2557071895915;1949;tief (4+ Segmente)
postgres;-6438786418323422333;5052.745119305857;3526.081980564598;922;mittel (2-3 Segmente)
postgres;-6425628314718183383;2701.895679662803;275.00828655003903;949;tief (4+ Segmente)
postgres;-6419337897515532608;3530.5177777777776;377.6915769515822;450;tief (4+ Segmente)
postgres;-6417696522921284235;2061.9547368421054;412.53481642982484;950;tief (4+ Segmente)
postgres;-6408996643007026810;3612.1335260115607;1741.599962756097;3460;mittel (2-3 Segmente)
postgres;-6403672685856589080;2399.48;229.46121807690358;450;tief (4+ Segmente)
postgres;-6402016991082830377;3959.265389876881;1527.8992097741343;1462;tief (4+ Segmente)
postgres;-6398771572470348980;4534.818298969072;3500.488122530112;776;tief (4+ Segmente)
postgres;-6396294310349783343;2499.8733333333334;318.99297204453956;450;tief (4+ Segmente)
postgres;-6392606640220061706;2310.5555555555557;274.0642598192434;450;tief (4+ Segmente)
postgres;-6388704047970216938;3567.8894736842103;975.2936492192028;950;tief (4+ Segmente)
postgres;-6386059311774000358;2890.3284210526317;369.81807895255804;950;tief (4+ Segmente)
postgres;-6375793954059545516;739.5755555555555;128.79589636346836;450;mittel (2-3 Segmente)
postgres;-6371827137227156214;1521.5551724137931;460.69846010487095;1450;tief (4+ Segmente)
postgres;-6364297989481772377;2029.3583673469388;866.7243137684351;2450;tief (4+ Segmente)
postgres;-6358366384040462806;1580.7755555555555;239.38644815756504;450;tief (4+ Segmente)
postgres;-6353059554412204309;1331.4444444444443;199.30844307584294;450;tief (4+ Segmente)
postgres;-6350945554140056453;3110.1945738003647;2503.2421519637046;4939;tief (4+ Segmente)
postgres;-6334589951661855855;4432.268512110727;2277.0429711347692;1445;tief (4+ Segmente)
postgres;-6311915375304211110;2200.3328205128205;1088.8955299362644;1950;mittel (2-3 Segmente)
postgres;-6311236768381253109;759.4627586206897;253.459830694498;1450;flach (<=1 Segment)
postgres;-6303915019696121789;2025.9777777777779;247.86956740378469;450;tief (4+ Segmente)
postgres;-6302642715155064698;5059.133333333333;260.1211213508593;450;tief (4+ Segmente)
postgres;-6290100626662039565;2826.0089832584727;846.8552471112113;2449;tief (4+ Segmente)
postgres;-6278000975056340238;2713.9974833270417;1313.5816721687133;7947;tief (4+ Segmente)
postgres;-6277148651614826350;3317.9505263157894;1264.1760819396554;950;tief (4+ Segmente)
postgres;-6272873873941586569;4508.706666666667;389.56252455096484;450;tief (4+ Segmente)
postgres;-6272662008898459088;3438.3724137931035;1613.2562189397977;1450;tief (4+ Segmente)
postgres;-6267839925759664823;3555.6953846153847;1568.5437182720054;1950;tief (4+ Segmente)
postgres;-6255444281116885983;3551.017957927142;1924.1873407134642;1949;tief (4+ Segmente)
postgres;-6253102459019525389;3503.234736842105;2197.8470413400414;950;mittel (2-3 Segmente)
postgres;-6251693237213141644;4752.133155080214;2767.631800998563;1870;tief (4+ Segmente)
postgres;-6236660569686699095;1610.9711111111112;188.74064306336942;450;mittel (2-3 Segmente)
postgres;-6219272261775514606;5512.506329113924;310.5004433649594;474;tief (4+ Segmente)
postgres;-6218023475211812847;5193.122222222222;267.43833157893295;450;tief (4+ Segmente)
postgres;-6210646464716806404;2752.914078674948;421.3173663401777;966;flach (<=1 Segment)
postgres;-6210602284427661252;3309.5675862068965;1531.376366597803;1450;tief (4+ Segmente)
postgres;-6186488047882466983;3659.236018471011;1424.5550505721515;1949;tief (4+ Segmente)
postgres;-6179542327117817919;2164.5866666666666;254.80304250088136;450;tief (4+ Segmente)
postgres;-6177401092608249733;1776.0431578947369;276.0628493035061;950;tief (4+ Segmente)
postgres;-6177099683467398248;6429.004444444445;304.63836675862257;450;tief (4+ Segmente)
postgres;-6169033808209947210;2966.0517598343686;832.2721218147404;1449;tief (4+ Segmente)
postgres;-6153043081879341744;3744.8326315789473;493.3463809749664;950;tief (4+ Segmente)
postgres;-6152836736162187040;3389.6666666666665;246.47237678227512;450;tief (4+ Segmente)
postgres;-6152082242094800767;1443.8764102564103;465.5403163576409;1950;mittel (2-3 Segmente)
postgres;-6152051243982562733;2298.664596273292;342.67945010239436;966;tief (4+ Segmente)
postgres;-6138712295667485918;1926.9488888888889;188.12469105965474;450;tief (4+ Segmente)
postgres;-6122799547226137126;7799.356916578669;325.3593709362343;947;mittel (2-3 Segmente)
postgres;-6116162571567606153;2283.302857142857;1387.3718227766283;2450;mittel (2-3 Segmente)
postgres;-6115401621386745213;929.6311111111111;121.97338755022587;450;mittel (2-3 Segmente)
postgres;-6112387449330558252;3282.5020703933747;2855.7549433964314;1932;mittel (2-3 Segmente)
postgres;-6110546606076950775;1909.28;227.39353327546743;450;tief (4+ Segmente)
postgres;-6103473817964113113;3127.6311111111113;306.35720436957473;450;tief (4+ Segmente)
postgres;-6101191402261605049;4938.315051020408;3340.97657490315;784;tief (4+ Segmente)
postgres;-6092164153643529140;2714.6915789473683;701.9352269528399;950;tief (4+ Segmente)
postgres;-6091595338018682011;2034.3578947368421;1032.1130454478093;950;flach (<=1 Segment)
postgres;-6087403437793251177;2762.8488888888887;312.9923247898931;450;tief (4+ Segmente)
postgres;-6081240581991308005;2621.6311111111113;239.13002475726609;450;tief (4+ Segmente)
postgres;-6073684774233649055;5769.104152484683;1874.6871050577126;1469;mittel (2-3 Segmente)
postgres;-6065039149863780566;6049.535555555555;336.16995095747444;450;tief (4+ Segmente)
postgres;-6064276009065611274;2236.82;267.33693037622845;450;tief (4+ Segmente)
postgres;-6064004817308326899;2751.714922048998;212.2925116753827;449;tief (4+ Segmente)
postgres;-6048809495027789208;3560.2736842105264;301.23361842832054;475;tief (4+ Segmente)
postgres;-6048497804784615895;4709.377931034483;1469.3312546939744;1450;mittel (2-3 Segmente)
postgres;-6043858223540002205;3148.653333333333;312.8328282661204;450;tief (4+ Segmente)
postgres;-6038950843296056471;2051.093684210526;459.5971189661273;950;tief (4+ Segmente)
postgres;-6036568305867287847;1879.3377777777778;210.71502334692;450;tief (4+ Segmente)
postgres;-6029527964868559490;5633.897894736842;1127.7773879499082;950;tief (4+ Segmente)
postgres;-6006096263127452530;4129.666666666667;307.77132632780604;450;tief (4+ Segmente)
postgres;-6004428986168675716;3588.822222222222;324.1016495450346;450;tief (4+ Segmente)
postgres;-5998826421991047377;8139.467561521253;253.2649283761685;447;tief (4+ Segmente)
postgres;-5996316285487721093;2084.833737373737;638.2405469650394;4950;tief (4+ Segmente)
postgres;-5993846557356283449;1708.2466666666667;261.7071146396419;450;mittel (2-3 Segmente)
postgres;-5992406757212379471;1552.5779310344828;981.4238356236787;1450;mittel (2-3 Segmente)
postgres;-5986059564532913744;4228.12;527.8965434851867;450;tief (4+ Segmente)
postgres;-5978109960846246885;2270.3844444444444;227.34328159463237;450;tief (4+ Segmente)
postgres;-5973114722557526135;2544.1123653155464;607.7173250976285;1949;tief (4+ Segmente)
postgres;-5971904943241842928;7184.300668151448;331.1728562792541;449;tief (4+ Segmente)
postgres;-5965850375575491644;1894.7733333333333;185.4748728622065;450;tief (4+ Segmente)
postgres;-5965698429050988300;2453.6936842105265;267.88913349005026;950;tief (4+ Segmente)
postgres;-5965619002964368351;2360.703786191537;218.1984761815586;449;tief (4+ Segmente)
postgres;-5964636757577096730;3118.526851851852;2092.2748286254878;1080;tief (4+ Segmente)
postgres;-5962616622534652363;2245.817777777778;243.50556469944198;450;tief (4+ Segmente)
postgres;-5955150146816155288;4162.785036880928;1751.8839654570909;949;tief (4+ Segmente)
postgres;-5949739138519965505;1837.9288888888889;258.6367538325928;450;tief (4+ Segmente)
postgres;-5946536595213085649;2256.150587034201;527.0307155820396;1959;mittel (2-3 Segmente)
postgres;-5923334249787927886;2793.7722448979594;780.3774622778012;2450;tief (4+ Segmente)
postgres;-5913966514793616838;4429.151111111111;445.98657116331015;450;tief (4+ Segmente)
postgres;-5906152671689770067;1717.323805634953;451.5633890959116;2449;tief (4+ Segmente)
postgres;-5883824215796995569;4745.2155555555555;294.21658496185637;450;tief (4+ Segmente)
postgres;-5882335788003643425;3220.855789473684;496.69791737060245;950;tief (4+ Segmente)
postgres;-5879743373747971609;3643.7238883143746;358.14642910017255;967;tief (4+ Segmente)
postgres;-5875715153546024850;3792.42;544.0832269712446;950;tief (4+ Segmente)
postgres;-5868780714118275360;5531.271878646441;2877.6412848163955;857;tief (4+ Segmente)
postgres;-5866802431592467742;2916.0517598343686;901.7211587266573;966;tief (4+ Segmente)
postgres;-5855969632006255615;4093.3094736842104;502.08134208131844;475;tief (4+ Segmente)
postgres;-5850866507022430799;3458.7;339.0590888054161;450;tief (4+ Segmente)
postgres;-5842315164550157124;4865.048997772828;377.0536591515507;449;tief (4+ Segmente)
postgres;-5835015654411897951;2816.286666666667;256.61436242390494;450;tief (4+ Segmente)
postgres;-5832944822212267536;2670.245263157895;865.6748793193651;950;tief (4+ Segmente)
postgres;-5828081269918276145;3832.661052631579;359.7351045955104;950;tief (4+ Segmente)
postgres;-5820903511978681437;2701.423157894737;378.8368976715909;950;tief (4+ Segmente)
postgres;-5818007705189964950;3970.5866666666666;367.5924110589765;450;tief (4+ Segmente)
postgres;-5814722966580029384;3158.7782299084433;2127.990247998674;2949;tief (4+ Segmente)
postgres;-5812501235839181269;4447.6206779661015;1356.2575337960427;2950;tief (4+ Segmente)
postgres;-5812324605385951098;4944.6866666666665;286.2912716962278;450;tief (4+ Segmente)
postgres;-5808263739570140977;3749.7665289256197;2299.8428649424172;2420;tief (4+ Segmente)
postgres;-5806799612665184324;2195.4194214876034;219.07874047669966;484;tief (4+ Segmente)
postgres;-5802156859761475262;4512.085635359116;731.6145805869686;1448;tief (4+ Segmente)
postgres;-5800103716773734909;2866.8488888888887;263.08209074107606;450;tief (4+ Segmente)
postgres;-5793047647317326241;1811.8852631578948;230.10258053690134;950;tief (4+ Segmente)
postgres;-5788414251283455439;7110.362222222222;367.5290451312599;450;mittel (2-3 Segmente)
postgres;-5777440401488282806;3994.4894736842107;2552.714180112505;950;tief (4+ Segmente)
postgres;-5777216055990111103;3149.2870987280435;1580.0518342186697;4953;tief (4+ Segmente)
postgres;-5776536685470068481;3666.5466666666666;297.7803465449302;450;mittel (2-3 Segmente)
postgres;-5774620469028228876;1952.2242105263158;727.8247997555868;950;tief (4+ Segmente)
postgres;-5773946317367715531;3655.0244444444443;319.1038353781281;450;mittel (2-3 Segmente)
postgres;-5773406725925685609;1855.6355555555556;279.5942662933608;450;tief (4+ Segmente)
postgres;-5771421180516274588;3480.4454237288137;1558.5799941201653;2950;tief (4+ Segmente)
postgres;-5769746364751834848;2027.2533333333333;221.93382267718204;450;tief (4+ Segmente)
postgres;-5767873946546154713;2251.8577777777778;250.98759451582742;450;flach (<=1 Segment)
postgres;-5762007289657223436;3109.922105263158;303.988648219557;950;tief (4+ Segmente)
postgres;-5754873180549726652;2542.802025316456;1187.0129943977151;3950;tief (4+ Segmente)
postgres;-5749526198420894274;3186.8606896551723;526.0569824963862;1450;tief (4+ Segmente)
postgres;-5748242577223192088;6373.484444444444;321.78502829458336;450;mittel (2-3 Segmente)
postgres;-5743685055566964215;3033.7115789473683;331.48159760262644;475;tief (4+ Segmente)
postgres;-5739948443174651179;2504.012409513961;828.8048966926183;967;tief (4+ Segmente)
postgres;-5727196668349692333;2034.9244444444444;378.8468949057885;450;tief (4+ Segmente)
postgres;-5722341178241687974;3553.576842105263;551.8359642062953;950;tief (4+ Segmente)
postgres;-5717255938840428804;2973.3126315789473;733.8770093524403;950;tief (4+ Segmente)
postgres;-5716294536481732578;1735.0266666666666;137.73897782894656;450;tief (4+ Segmente)
postgres;-5713786879890770045;2183.7115789473683;287.4071306872816;950;tief (4+ Segmente)
postgres;-5712143898378332058;4112.3485593815885;2760.308928243791;2846;mittel (2-3 Segmente)
postgres;-5695771351640187113;2888.117777777778;376.30680026247353;450;tief (4+ Segmente)
postgres;-5695508271900811649;1422.4222222222222;162.87269255982633;450;mittel (2-3 Segmente)
postgres;-5683980667424810681;3446.250790305585;732.6876124651072;949;tief (4+ Segmente)
postgres;-5682983035226623821;3394.9278260869564;1404.1150444305285;3450;tief (4+ Segmente)
postgres;-5678352338196676757;2635.862222222222;283.42116683907483;450;tief (4+ Segmente)
postgres;-5667477617883698090;2301.024827586207;1355.5762332524396;1450;mittel (2-3 Segmente)
postgres;-5664841436984336662;4473.493055555556;1530.8139403387383;2448;tief (4+ Segmente)
postgres;-5661161407548451498;4320.911214953271;2763.7354274904374;642;mittel (2-3 Segmente)
postgres;-5642812060548835485;4528.361052631579;2010.8636861133948;950;tief (4+ Segmente)
postgres;-5641823172920587800;1924.5155555555555;183.46036870243822;450;tief (4+ Segmente)
postgres;-5639666697648966159;3322.6960943856793;2392.4671522246585;2458;tief (4+ Segmente)
postgres;-5625330014806647348;2958.4377777777777;245.02973210700708;450;tief (4+ Segmente)
postgres;-5620212038768794750;1240.129054520359;418.8169909033542;1449;mittel (2-3 Segmente)
postgres;-5608871831886919204;2731.28;269.3284427364016;450;tief (4+ Segmente)
postgres;-5606939739887060778;2627.5644444444442;258.698010522606;450;tief (4+ Segmente)
postgres;-5598556343628437139;3118.58;325.28225064322027;450;tief (4+ Segmente)
postgres;-5594982232974545270;2826.8484210526317;609.8742741900955;950;tief (4+ Segmente)
postgres;-5592647426786851172;3824.786666666667;498.549672764719;450;tief (4+ Segmente)
postgres;-5592271172756412787;2213.66;215.7960194360737;450;tief (4+ Segmente)
postgres;-5588489618868799521;2312.9244897959184;431.58834578411063;2450;tief (4+ Segmente)
postgres;-5587257885024767239;2557.08;281.706892169447;450;tief (4+ Segmente)
postgres;-5585385935022294898;2566.807245386193;576.1161626454217;1463;tief (4+ Segmente)
postgres;-5573259745841257798;3445.96;1257.2960828363775;950;tief (4+ Segmente)
postgres;-5569355695355565011;2447.104406779661;1557.3497929822413;2950;mittel (2-3 Segmente)
postgres;-5564023198293866649;2923.2262068965515;1685.6775104663484;1450;tief (4+ Segmente)
postgres;-5560627520849921213;1842.0355434039645;270.258193607266;1463;tief (4+ Segmente)
postgres;-5547326296607645691;1261.4933333333333;165.4125064281741;450;mittel (2-3 Segmente)
postgres;-5535326991102345370;1221.4755555555555;206.3302120793961;450;tief (4+ Segmente)
postgres;-5531082894168151131;3422.355739400207;2548.356673384861;2901;tief (4+ Segmente)
postgres;-5526843765156059105;2166.0330612244898;1383.5955237809658;2450;tief (4+ Segmente)
postgres;-5525961468521724371;5762.286666666667;286.6075672320163;450;tief (4+ Segmente)
postgres;-5524388099091264314;3368.398947368421;267.5875437517076;950;mittel (2-3 Segmente)
postgres;-5521698903256411728;4660.573333333334;360.35874256184906;450;tief (4+ Segmente)
postgres;-5517715926648206197;3770.117777777778;306.97364917336193;450;tief (4+ Segmente)
postgres;-5515449036696307416;2101.1;237.87273880453324;450;tief (4+ Segmente)
postgres;-5515223517124398605;6609.35414424112;1991.1866973958895;929;tief (4+ Segmente)
postgres;-5513526704211434606;7232.472035794183;369.1435530810099;447;tief (4+ Segmente)
postgres;-5502574534773065056;4570.35541752933;1860.8806256745872;1449;tief (4+ Segmente)
postgres;-5500746375760375425;5038.743971267317;2439.7885384899773;1949;tief (4+ Segmente)
postgres;-5499186085991376364;3094.0035714285714;922.8995187353709;1960;tief (4+ Segmente)
postgres;-5497442397475264705;2853.4826573683245;1732.9684793669119;5449;tief (4+ Segmente)
postgres;-5494516054765786143;2451.2428571428572;1163.9741051272754;1960;tief (4+ Segmente)
postgres;-5491781560808473528;4437.0750906266185;2187.905039082456;3862;tief (4+ Segmente)
postgres;-5487083530192151184;4702.613333333334;299.6464758882532;450;tief (4+ Segmente)
postgres;-5483397862379750986;1491.715320910973;411.753788186909;966;mittel (2-3 Segmente)
postgres;-5469425175976081239;4956.561545372866;3093.775769027793;1113;tief (4+ Segmente)
postgres;-5467056188101367174;2132.9661538461537;1044.4435240322218;1950;mittel (2-3 Segmente)
postgres;-5464130279940922008;2556.871111111111;337.1400035806384;450;tief (4+ Segmente)
postgres;-5461920241018718388;2865.4726315789476;793.7309710228172;950;tief (4+ Segmente)
postgres;-5460417360495928725;4433.26241900648;3371.080286428714;926;mittel (2-3 Segmente)
postgres;-5459529508677784380;2883.7328723741157;1769.8088161926353;18946;tief (4+ Segmente)
postgres;-5455945351047528348;4951.71911663216;1503.741571273843;1449;tief (4+ Segmente)
postgres;-5451048173845360575;3260.9733333333334;322.5973642498268;450;tief (4+ Segmente)
postgres;-5440275539053613694;3589.113684210526;809.8539550929308;950;tief (4+ Segmente)
postgres;-5438924001466061596;6818.504444444445;341.57224089287047;450;tief (4+ Segmente)
postgres;-5428759079027337731;2482.4933333333333;252.9211188949501;450;tief (4+ Segmente)
postgres;-5427647888368570886;2759.709167544784;313.00789904269925;949;tief (4+ Segmente)
postgres;-5411604250872952292;6668.625436757512;1423.4884411619753;1431;tief (4+ Segmente)
postgres;-5405851585881233947;2450.5324137931034;894.7719223044937;1450;tief (4+ Segmente)
postgres;-5398439071298040395;2191.2884057971014;663.4099016475484;3450;tief (4+ Segmente)
postgres;-5394753951669411123;1754.3284210526315;191.00231274317093;475;tief (4+ Segmente)
postgres;-5384551343859667203;2405.061052631579;258.28023772668934;950;tief (4+ Segmente)
postgres;-5379300466718626006;2344.7155555555555;212.86000078845134;450;tief (4+ Segmente)
postgres;-5374572761050677881;4051.293993677555;2869.7532915942083;949;tief (4+ Segmente)
postgres;-5370515708455476927;7722.154017857143;359.2380401823031;448;tief (4+ Segmente)
postgres;-5364467522406069715;2403.4333333333334;249.2530779789088;450;mittel (2-3 Segmente)
postgres;-5363780357034106698;1039.184827586207;311.1929122218562;1450;mittel (2-3 Segmente)
postgres;-5359148194983551056;2613.6873684210527;1098.296520883809;950;mittel (2-3 Segmente)
postgres;-5359128119391558564;4863.2444444444445;426.1594615419414;450;tief (4+ Segmente)
postgres;-5348276044281728863;2051.8577777777778;234.5654509397341;450;tief (4+ Segmente)
postgres;-5345513832960369156;2424.766666666667;396.980144297662;450;tief (4+ Segmente)
postgres;-5343774759014959695;5192.248615384616;2929.3847257370603;3250;tief (4+ Segmente)
postgres;-5342707591890649025;1736.451111111111;352.07785831723106;450;mittel (2-3 Segmente)
postgres;-5342634912139478849;2354.9088888888887;326.2039180246309;450;tief (4+ Segmente)
postgres;-5338533552051012948;2495.7094736842105;311.1939574115625;475;tief (4+ Segmente)
postgres;-5329008311052562635;1669.7117667005764;987.1018866703399;2949;mittel (2-3 Segmente)
postgres;-5324451219330851070;2981.616842105263;375.50633821908417;950;tief (4+ Segmente)
postgres;-5320608850791703672;2475.9515789473685;305.7593986891362;475;tief (4+ Segmente)
postgres;-5314226005153970995;4353.970308123249;2881.2962676497104;5355;mittel (2-3 Segmente)
postgres;-5309520533253043796;1640.0452631578946;292.252721759529;950;tief (4+ Segmente)
postgres;-5300985780181865069;3757.9204683084376;1488.5319215179306;4954;tief (4+ Segmente)
postgres;-5286425961117494141;1799.6438775510203;417.68433767012573;1960;tief (4+ Segmente)
postgres;-5285146008176180891;2161.395789473684;390.32985589054556;950;tief (4+ Segmente)
postgres;-5284401565153653460;2763.5452631578946;495.2395143343771;950;tief (4+ Segmente)
postgres;-5267701289591227711;3077.5533333333333;252.48329773421418;450;tief (4+ Segmente)
postgres;-5261434466886637283;2012.678947368421;795.5202717200492;950;tief (4+ Segmente)
postgres;-5252841233912325586;2893.268888888889;319.49098040129826;450;tief (4+ Segmente)
postgres;-5244360951439217236;2095.6930693069307;819.7377709307996;4949;tief (4+ Segmente)
postgres;-5235977595726000287;3545.44;2132.278301386263;950;mittel (2-3 Segmente)
postgres;-5226036592603722017;2079.771111111111;225.99761230406133;450;tief (4+ Segmente)
postgres;-5224931266997543772;5952.200680272109;2571.3062919618105;882;tief (4+ Segmente)
postgres;-5218472874076861174;3272.424024640657;1761.6517369207834;1948;tief (4+ Segmente)
postgres;-5209287720641858121;4034.4599156118143;352.8416918239829;474;tief (4+ Segmente)
postgres;-5207210836231447793;2325.2297959183675;534.5890838931912;2450;tief (4+ Segmente)
postgres;-5207149682114104729;5062.859514170041;2075.4258973588694;2470;tief (4+ Segmente)
postgres;-5201087425454154880;2020.5733333333333;298.80826427213725;450;tief (4+ Segmente)
postgres;-5190626355003573648;3725.951111111111;314.5811615170092;450;mittel (2-3 Segmente)
postgres;-5178466308555676172;2051.1444444444446;287.8330514440413;450;mittel (2-3 Segmente)
postgres;-5178108277874210634;2698.7733333333335;213.3152193497597;450;tief (4+ Segmente)
postgres;-5166758166615889260;3019.968888888889;350.17176047788206;450;tief (4+ Segmente)
postgres;-5160051043232685409;2899.633333333333;221.5832808089899;450;tief (4+ Segmente)
postgres;-5144315344668596618;9043.89705882353;134.75243280289632;272;tief (4+ Segmente)
postgres;-5141935615555527759;2334.2979591836734;547.8706127046399;1960;tief (4+ Segmente)
postgres;-5135396572485217962;849.3463157894737;284.1176885934066;950;mittel (2-3 Segmente)
postgres;-5131102034679840446;1786.9821052631578;280.93434108306843;950;tief (4+ Segmente)
postgres;-5125139397723190836;2533.837777777778;285.29154063454877;450;tief (4+ Segmente)
postgres;-5101518883988396995;6109.717777777778;384.0543042226362;450;tief (4+ Segmente)
postgres;-5099680629040393383;3989.742222222222;279.60720180312455;450;tief (4+ Segmente)
postgres;-5097860271646654569;6613.84;320.5676982728401;450;tief (4+ Segmente)
postgres;-5082787786952255498;882.6955555555555;121.00613184697781;450;mittel (2-3 Segmente)
postgres;-5077009057426912129;2739.527378261763;1471.6231258247763;19468;tief (4+ Segmente)
postgres;-5071165962017329573;1208.3726315789474;177.87520541341917;475;mittel (2-3 Segmente)
postgres;-5069385433236695636;1778.22;242.47718061302209;450;tief (4+ Segmente)
postgres;-5058371157059503447;1822.957683741648;191.15506628402912;449;tief (4+ Segmente)
postgres;-5056602359699702122;2189.3694736842103;905.0643610800837;950;tief (4+ Segmente)
postgres;-5053831697246900660;3121.1816109422493;1957.0213992773618;3948;tief (4+ Segmente)
postgres;-5044664517312258266;1583.0310344827585;882.4476764815618;1450;mittel (2-3 Segmente)
postgres;-5044193782781900929;2843.837777777778;270.8126809189303;450;tief (4+ Segmente)
postgres;-5041754852353699776;2377.8977777777777;317.7893900550745;450;tief (4+ Segmente)
postgres;-5040912885430738178;1851.22;509.1003789755181;1450;tief (4+ Segmente)
postgres;-5033768322586823505;1812.891416752844;495.4769766268112;967;mittel (2-3 Segmente)
postgres;-5032019190172518818;2895.6466666666665;231.02873846243807;450;tief (4+ Segmente)
postgres;-5024328514612217296;4088.3866666666668;501.86543489652234;450;tief (4+ Segmente)
postgres;-5024208557582392276;2661.9355555555558;328.8553378830045;450;tief (4+ Segmente)
postgres;-5015120425027576488;3297.1465400271372;1491.1959539769887;2948;tief (4+ Segmente)
postgres;-5011353317799970907;5167.072784810127;1529.315475163409;948;tief (4+ Segmente)
postgres;-5008219390423718808;2461.711111111111;304.0432672162298;450;tief (4+ Segmente)
postgres;-4995478460864369218;2074.448888888889;229.21798557197866;450;tief (4+ Segmente)
postgres;-4994141867836442350;7724.450226244344;421.2445371776227;442;tief (4+ Segmente)
postgres;-4991242542706695795;832.8198757763976;131.5896214896979;483;mittel (2-3 Segmente)
postgres;-4986413182667982703;4670.765401369011;2315.3512761310167;4821;tief (4+ Segmente)
postgres;-4977701059592049106;3125.7494736842104;660.4068950210135;950;tief (4+ Segmente)
postgres;-4968887456523623734;5412.903703703703;3012.9704974445813;945;tief (4+ Segmente)
postgres;-4961078492920920751;2702.491111111111;303.9236089125719;450;tief (4+ Segmente)
postgres;-4958342640276341984;3140.6362715298887;1353.759523194374;3948;tief (4+ Segmente)
postgres;-4957062178621389345;1986.5357894736842;548.1823478500285;950;tief (4+ Segmente)
postgres;-4947961311573179947;2377.007700205339;1858.7958446899208;1948;mittel (2-3 Segmente)
postgres;-4946907198558303490;1584.6577777777777;217.34924272593244;450;mittel (2-3 Segmente)
postgres;-4939588207657506264;2896.845410628019;1464.230793709053;1449;tief (4+ Segmente)
postgres;-4939410373693120361;3236.92;311.11405939141076;450;tief (4+ Segmente)
postgres;-4937827706945432852;1184.9466666666667;187.97013647092928;450;tief (4+ Segmente)
postgres;-4898283819223492457;2560.7933333333335;261.552729377823;450;tief (4+ Segmente)
postgres;-4897849497684829669;6133.216075156576;2012.9361131138762;958;tief (4+ Segmente)
postgres;-4893324965547891798;3977.1476923076925;848.8072200743944;975;tief (4+ Segmente)
postgres;-4875547280245400494;4003.248421052632;872.4710129650788;950;tief (4+ Segmente)
postgres;-4874636633179472494;3357.342857142857;325.8657444954637;490;mittel (2-3 Segmente)
postgres;-4874252998550178301;1964.7590486039296;548.3816911143223;967;mittel (2-3 Segmente)
postgres;-4873343804286660286;6079.346666666666;582.6570998757627;450;tief (4+ Segmente)
postgres;-4871370053082911399;1497.4666666666667;247.2648958718409;450;mittel (2-3 Segmente)
postgres;-4861310363441694786;2040.328888888889;240.77843933233515;450;tief (4+ Segmente)
postgres;-4842461907420003826;4935.577777777778;437.55366143139753;450;tief (4+ Segmente)
postgres;-4841957798128054190;5044.579802259887;2587.5674838310497;1416;tief (4+ Segmente)
postgres;-4829524623674207947;4099.488888888889;434.5560067918198;450;tief (4+ Segmente)
postgres;-4827810657882304328;1976.9622222222222;254.0028249749861;450;tief (4+ Segmente)
postgres;-4822507739762896251;2814.1748707574734;993.3474991339408;4449;tief (4+ Segmente)
postgres;-4815062270997185507;3306.565810173047;1823.5975270936442;11442;tief (4+ Segmente)
postgres;-4796442568503065056;2430.4691214844884;671.9954677164934;3449;tief (4+ Segmente)
postgres;-4791996957842821846;4072.0814531991205;2158.8834358296754;8643;tief (4+ Segmente)
postgres;-4785997821961319168;2536.7768421052633;1303.561960037587;950;tief (4+ Segmente)
postgres;-4779864208395615380;1794.0179310344827;630.1637378191839;1450;tief (4+ Segmente)
postgres;-4776776821262256735;2586.1180400890867;262.51524081553026;449;tief (4+ Segmente)
postgres;-4761852614843918681;3620.1644444444446;298.3600679315262;450;tief (4+ Segmente)
postgres;-4761428702208833957;2230.8644444444444;311.4330363809659;450;tief (4+ Segmente)
postgres;-4749000791284578302;1164.8936842105263;171.50504132933077;950;mittel (2-3 Segmente)
postgres;-4747473398088409065;2113.211111111111;262.14263167548137;450;tief (4+ Segmente)
postgres;-4740475439702323037;3881.2519593613933;2728.844592478848;3445;tief (4+ Segmente)
postgres;-4740390881742014702;2472.5644444444442;330.3049162644843;450;tief (4+ Segmente)
postgres;-4739814946804750818;2406.1515789473683;264.8010012361559;950;tief (4+ Segmente)
postgres;-4739166284935712582;1435.871111111111;221.99018078790328;450;mittel (2-3 Segmente)
postgres;-4735798919015313814;3126.2227171492204;264.19196098790803;449;tief (4+ Segmente)
postgres;-4733555193103343079;2251.6422222222222;194.9484964122643;450;tief (4+ Segmente)
postgres;-4732975980012026065;4669.3822222222225;513.9904461639675;450;tief (4+ Segmente)
postgres;-4729826751658225643;2382.7568421052633;970.1140715032892;950;tief (4+ Segmente)
postgres;-4714327134776533845;2824.08;320.6168439486734;450;tief (4+ Segmente)
postgres;-4693117103401591086;3613.957348406989;2237.5487087182855;1946;tief (4+ Segmente)
postgres;-4689343579589988006;1816.26;175.54716610597742;450;tief (4+ Segmente)
postgres;-4684883608728383880;2433.26;216.52726097162756;450;tief (4+ Segmente)
postgres;-4683466733528029984;8428.293989071039;431.46555998086905;915;tief (4+ Segmente)
postgres;-4676788807481445879;3187.758947368421;437.57948523649753;950;tief (4+ Segmente)
postgres;-4673353206667825060;3400.004210526316;274.5345197126942;475;tief (4+ Segmente)
postgres;-4672469192043385743;4034.2354138398914;1997.257047337606;2948;tief (4+ Segmente)
postgres;-4668990062350755570;3257.248205128205;1170.0516992407672;1950;mittel (2-3 Segmente)
postgres;-4667005679283095670;4605.777777777777;371.82416090407787;450;tief (4+ Segmente)
postgres;-4666993633576113566;2412.1997287216004;721.8576944179687;2949;tief (4+ Segmente)
postgres;-4666257582748138611;4280.408888888889;425.39530355431503;450;tief (4+ Segmente)
postgres;-4664614301531584127;2815.6666666666665;218.89070403240984;450;tief (4+ Segmente)
postgres;-4659922606055819979;3833.72;341.5362036397086;475;tief (4+ Segmente)
postgres;-4658160888114092108;4148.647779479326;2892.7474927287667;1306;tief (4+ Segmente)
postgres;-4657876557125563350;3739.693333333333;293.610197476792;450;tief (4+ Segmente)
postgres;-4645752574217179241;2392.263448275862;985.4300940349079;1450;mittel (2-3 Segmente)
postgres;-4637814915460662614;4871.242761692651;583.6923773544086;449;tief (4+ Segmente)
postgres;-4637300342170756678;4565.606666666667;328.39040328707364;450;tief (4+ Segmente)
postgres;-4637268725182035375;4417.637777777778;232.6972662566875;450;tief (4+ Segmente)
postgres;-4634561863237665433;2422.56;382.14257323755953;450;tief (4+ Segmente)
postgres;-4634127481044702640;8570.08647450111;248.9107275376476;451;tief (4+ Segmente)
postgres;-4632284199320475386;2323.314736842105;242.33311182135253;950;tief (4+ Segmente)
postgres;-4630655326080260094;6517.693333333334;274.20763222041927;450;tief (4+ Segmente)
postgres;-4626393923207072780;5940.013333333333;479.8035973465884;450;tief (4+ Segmente)
postgres;-4618564456874863468;3410.4744827586205;1439.1629975714786;1450;tief (4+ Segmente)
postgres;-4603056426283545470;2283.5911111111113;260.89606069565946;450;tief (4+ Segmente)
postgres;-4599372613788020815;3122.9923037455105;1619.0034778326972;1949;tief (4+ Segmente)
postgres;-4597655321726496462;4195.772073921971;2238.149380336141;1461;tief (4+ Segmente)
postgres;-4594047624188458402;2324.466896551724;360.6600793409931;1450;tief (4+ Segmente)
postgres;-4593083999969587264;1812.4263157894736;281.20549682721924;950;tief (4+ Segmente)
postgres;-4590448825784698352;3598.125551408212;1978.1863263437012;2947;tief (4+ Segmente)
postgres;-4581676286138909315;5661.319620253164;1691.704462843341;948;tief (4+ Segmente)
postgres;-4575919560628637170;2557.9533333333334;287.9040378513922;450;tief (4+ Segmente)
postgres;-4570727900921607001;6708.572383073497;288.59910983904416;449;tief (4+ Segmente)
postgres;-4563863516680787554;7950.8587962962965;347.3741551715473;432;tief (4+ Segmente)
postgres;-4557772878703724449;3585.173333333333;292.73919646883724;450;tief (4+ Segmente)
postgres;-4544565475870946460;4810.486666666667;2112.5565856151766;1950;mittel (2-3 Segmente)
postgres;-4542195951841501067;2048.348861283644;1040.5133883474566;966;mittel (2-3 Segmente)
postgres;-4534274549723910168;3992.2745358090187;3817.1618361849623;754;mittel (2-3 Segmente)
postgres;-4517731257819290313;4155.982130584192;2839.0749606901436;1455;tief (4+ Segmente)
postgres;-4510627770206247755;3726.1666666666665;223.94553953374495;450;tief (4+ Segmente)
postgres;-4509811322892460617;5183.08;359.4590563400167;450;tief (4+ Segmente)
postgres;-4504737725421766912;1737.5337423312883;867.4645734879687;489;mittel (2-3 Segmente)
postgres;-4502187227123282337;1594.6863157894736;254.1254316425005;950;tief (4+ Segmente)
postgres;-4502071029324830737;4975.5488888888885;251.89639500866576;450;tief (4+ Segmente)
postgres;-4494945511878696896;2314.88;220.5089553201683;450;tief (4+ Segmente)
postgres;-4493625856504543006;2206.4289655172415;430.2840854499219;1450;tief (4+ Segmente)
postgres;-4486138919262733324;3062.8475862068967;1183.8988609614798;1450;tief (4+ Segmente)
postgres;-4477668623603539460;2483.1167823601468;1700.1842716113877;2449;mittel (2-3 Segmente)
postgres;-4471523665514559964;3033.0577777777776;244.27436515912333;450;tief (4+ Segmente)
postgres;-4471366908169490886;3444.702389078498;1852.3117255854374;2930;tief (4+ Segmente)
postgres;-4462751613962044385;3247.656289707751;2110.8923270566406;9444;mittel (2-3 Segmente)
postgres;-4457535041426753831;2760.78;731.2712353248464;1450;tief (4+ Segmente)
postgres;-4453776190590330885;4081.386206896552;742.7604843727986;1450;tief (4+ Segmente)
postgres;-4432531465376682328;1271.9577777777777;149.88592691231807;450;mittel (2-3 Segmente)
postgres;-4432424045426456829;3435.3184855233853;295.9885202911249;449;tief (4+ Segmente)
postgres;-4431082177255906247;8905.828651685393;144.6279008766279;356;tief (4+ Segmente)
postgres;-4428546229654696322;2147.5040579710144;499.07152367923976;3450;mittel (2-3 Segmente)
postgres;-4427128417070892903;2919.2697435897435;324.4055407733217;975;tief (4+ Segmente)
postgres;-4425194853357473311;4218.452150416573;1504.4767386788214;4441;tief (4+ Segmente)
postgres;-4401867878209090829;799.4810526315789;181.80385555764246;950;flach (<=1 Segment)
postgres;-4396994413191877738;2530.4958620689654;1065.5942009123664;1450;tief (4+ Segmente)
postgres;-4396915826490272159;2275.3931034482757;1847.683099557749;1450;flach (<=1 Segment)
postgres;-4390679353671524992;3444.6336582863005;1720.1486753516924;1949;tief (4+ Segmente)
postgres;-4388999584927429525;2129.716404494382;611.5773628744814;4450;tief (4+ Segmente)
postgres;-4388232172985298679;3025.4187082405347;275.9775857991119;449;tief (4+ Segmente)
postgres;-4375952734133586295;4503.537612146308;1774.5591044909145;1449;tief (4+ Segmente)
postgres;-4367850737831274143;3237.3155555555554;312.0473851541448;450;tief (4+ Segmente)
postgres;-4346322136789032671;3323.5494736842106;847.1202150652032;950;tief (4+ Segmente)
postgres;-4344835905014448078;3724.4075723830733;453.3398294046903;449;tief (4+ Segmente)
postgres;-4342709722299994492;3181.0995382247306;881.0700742354927;1949;tief (4+ Segmente)
postgres;-4341571513054630966;5101.035555555555;402.2160757124144;450;tief (4+ Segmente)
postgres;-4339959230632978770;8185.290540540541;246.9980192034988;444;tief (4+ Segmente)
postgres;-4328232644936007029;2065.202105263158;291.30889025646763;950;tief (4+ Segmente)
postgres;-4323890691125576478;3236.742222222222;267.5522141567385;450;tief (4+ Segmente)
postgres;-4321868154511745046;2419.208888888889;307.19224324246767;450;tief (4+ Segmente)
postgres;-4311169317778515006;3352.7733333333335;394.71416987739946;450;tief (4+ Segmente)
postgres;-4309258218497228630;3363.0193089430895;1991.6441658815047;3936;tief (4+ Segmente)
postgres;-4287670792887575561;1809.5755555555556;226.18089972660894;450;mittel (2-3 Segmente)
postgres;-4283686439890580155;2164.588888888889;205.57612533101292;450;tief (4+ Segmente)
postgres;-4281030541591401725;2465.7244444444445;184.17376944652185;450;tief (4+ Segmente)
postgres;-4274838038606700592;5260.16;355.3649853094206;450;tief (4+ Segmente)
postgres;-4274085375623645413;1819.3977777777777;171.51930678743255;450;tief (4+ Segmente)
postgres;-4272104453127532454;4341.462592202318;2043.9748794773923;949;tief (4+ Segmente)
postgres;-4271893115755735177;8719.153658536585;252.11133547617405;410;tief (4+ Segmente)
postgres;-4271048459967372044;1669.0311111111112;227.75795754689693;450;tief (4+ Segmente)
postgres;-4270487615053959352;3227.1985522233713;351.5678870001415;967;tief (4+ Segmente)
postgres;-4259932546269520393;905.7088888888889;175.8868642271826;450;flach (<=1 Segment)
postgres;-4259197431112688208;1754.4871794871794;334.98746994133245;1950;mittel (2-3 Segmente)
postgres;-4248631598481604956;3169.257894736842;696.6729149972894;950;tief (4+ Segmente)
postgres;-4240769881951139420;3274.794736842105;1053.9334777515553;950;tief (4+ Segmente)
postgres;-4233727445142011005;2718.5910204081633;2271.095808183337;2450;mittel (2-3 Segmente)
postgres;-4230844380626341797;2672.3273684210526;246.54501806140146;950;tief (4+ Segmente)
postgres;-4229832352331061512;2529.54;275.0469155364268;450;tief (4+ Segmente)
postgres;-4228723970955965392;3251.366666666667;501.2235774684238;450;tief (4+ Segmente)
postgres;-4225576333149071977;1695.128888888889;158.233120883144;450;tief (4+ Segmente)
postgres;-4218507756455058698;3173.9637007525453;1524.9583860769867;4518;tief (4+ Segmente)
postgres;-4217367478877096021;3915.941052631579;1188.6655633947607;950;tief (4+ Segmente)
postgres;-4217330062552593323;3779.715751667522;1644.717689606433;1949;tief (4+ Segmente)
postgres;-4217316725329100546;2017.0933333333332;288.29492632273235;450;tief (4+ Segmente)
postgres;-4212642039506505994;3517.346162927981;2514.9262561381797;4235;tief (4+ Segmente)
postgres;-4199547168227325811;2569.275278058645;1189.2256124577295;3956;tief (4+ Segmente)
postgres;-4196162389349588621;1546.9955555555555;293.360014275546;450;tief (4+ Segmente)
postgres;-4194781619237670529;2747.359953703704;1637.5462360850286;3456;tief (4+ Segmente)
postgres;-4192314133527059247;3156.1163302752293;1411.3221290689578;5450;tief (4+ Segmente)
postgres;-4186372680884589851;2464.362222222222;233.01242096650586;450;tief (4+ Segmente)
postgres;-4182458807829078718;4844.322981366459;1250.9554919534778;1449;tief (4+ Segmente)
postgres;-4180846409515872312;3214.6010256410254;2259.5522186108046;1950;tief (4+ Segmente)
postgres;-4174274780149230036;7724.626966292135;370.07630110634;445;tief (4+ Segmente)
postgres;-4173144961721650055;3392.6096304591265;1674.471518738593;4465;flach (<=1 Segment)
postgres;-4168103656108952337;5447.684210526316;1637.431366096184;950;tief (4+ Segmente)
postgres;-4164981979049335581;2477.5777777777776;243.28941849817434;450;mittel (2-3 Segmente)
postgres;-4164812585361712580;1874.4573234984193;842.2519138685245;949;mittel (2-3 Segmente)
postgres;-4160275119538064612;2958.7473684210527;336.0680305338697;950;tief (4+ Segmente)
postgres;-4152894270729049852;3213.6009442446043;2071.90749026818;4448;tief (4+ Segmente)
postgres;-4152049086685398138;9130.26168224299;98.69998515429087;214;tief (4+ Segmente)
postgres;-4143105066502186803;2219.0155555555557;198.23628165778234;450;tief (4+ Segmente)
postgres;-4132544216340459806;1538.2294736842105;228.0091922581218;950;tief (4+ Segmente)
postgres;-4131517150752057350;3370.94;249.31787287957061;450;tief (4+ Segmente)
postgres;-4128749846351716576;5553.471111111111;300.90561944554537;450;tief (4+ Segmente)
postgres;-4124322171561077089;2260.022266951818;1705.388366105343;7949;tief (4+ Segmente)
postgres;-4117919015360381592;3773.638775510204;709.7021893318384;1470;tief (4+ Segmente)
postgres;-4117872328883684516;3234.075423293997;1262.1579720311559;1949;tief (4+ Segmente)
postgres;-4112643593091320477;2262.038620689655;509.7236926157468;1450;tief (4+ Segmente)
postgres;-4112216471776591082;2752.921768707483;510.1672959390357;1470;tief (4+ Segmente)
postgres;-4106589167222585693;1782.5232282129537;467.403048545154;2949;tief (4+ Segmente)
postgres;-4099632399018224270;3314.377894736842;357.21771605806725;950;tief (4+ Segmente)
postgres;-4098722152038689726;2045.4844444444445;295.1392800611118;450;tief (4+ Segmente)
postgres;-4090361968613381126;1921.84;231.3383472603284;450;mittel (2-3 Segmente)
postgres;-4073926486776313084;2100.0230158005297;1351.125321189207;10949;mittel (2-3 Segmente)
postgres;-4071759940405210904;2059.24;319.00351556035594;450;tief (4+ Segmente)
postgres;-4068427152809494644;8808.58354755784;213.89780134293352;389;tief (4+ Segmente)
postgres;-4064790898001820650;2162.44;174.11345687504712;475;tief (4+ Segmente)
postgres;-4060150288907580103;3245.7027586206896;464.6803103356535;1450;tief (4+ Segmente)
postgres;-4058312743012287302;2621.3239584243165;1470.8735841006735;11449;mittel (2-3 Segmente)
postgres;-4051520265842123441;4923.886195995785;2207.350367581649;949;tief (4+ Segmente)
postgres;-4048913558334126270;2161.0;239.189853864115;450;tief (4+ Segmente)
postgres;-4044290608458691151;3905.877505567929;336.5449060688737;449;tief (4+ Segmente)
postgres;-4043607590788593819;2392.317805383023;382.97443391144265;966;mittel (2-3 Segmente)
postgres;-4042728677307257254;5183.4031413612565;2868.9289186457167;955;tief (4+ Segmente)
postgres;-4036618108666552957;2080.5826446280994;230.8104440111562;484;mittel (2-3 Segmente)
postgres;-4022752367078306175;2439.925507246377;1872.9061853084013;3450;mittel (2-3 Segmente)
postgres;-4011441305066784358;6674.507829977629;349.7840901069077;447;tief (4+ Segmente)
postgres;-3994052831580854780;4227.462513199577;3162.3716882976187;947;mittel (2-3 Segmente)
postgres;-3991618333686173333;2290.446315789474;722.4894738274531;950;tief (4+ Segmente)
postgres;-3987227324518956570;2991.851111111111;266.1998973611937;450;tief (4+ Segmente)
postgres;-3980062101561761553;2183.7;171.12412627221102;450;tief (4+ Segmente)
postgres;-3977076585419708292;2485.0505263157893;353.97012425761454;950;tief (4+ Segmente)
postgres;-3947905046597411221;1131.0471794871794;481.5635864222121;1950;mittel (2-3 Segmente)
postgres;-3944750614836855200;6636.5;374.12222583852156;450;tief (4+ Segmente)
postgres;-3943202241301625173;4714.538461538462;3191.6629532284123;949;tief (4+ Segmente)
postgres;-3938749633820036327;735.7844444444445;109.28049860067561;450;mittel (2-3 Segmente)
postgres;-3920016997572014127;3003.9955555555557;287.8412006177643;450;tief (4+ Segmente)
postgres;-3918154505880664776;2974.427536231884;477.6904632514484;966;tief (4+ Segmente)
postgres;-3902871786790025279;2919.113684210526;1248.4862217345526;950;tief (4+ Segmente)
postgres;-3891314924071610570;4249.111273792094;2949.1125895762857;1366;tief (4+ Segmente)
postgres;-3891052298661084903;2904.6133333333332;218.88031896719366;450;tief (4+ Segmente)
postgres;-3890098727378472595;3019.3126315789473;1848.9157971699742;950;mittel (2-3 Segmente)
postgres;-3888385733096107310;3846.8088888888888;308.410493397218;450;tief (4+ Segmente)
postgres;-3881173094021628667;3209.2907692307695;570.67113960778;1950;tief (4+ Segmente)
postgres;-3878145113394675201;5889.429778247096;2153.77982312768;947;tief (4+ Segmente)
postgres;-3877505909532562809;2267.5737410071943;603.5214459982689;4448;tief (4+ Segmente)
postgres;-3859679604270931723;3408.0821052631577;379.71728267685035;475;tief (4+ Segmente)
postgres;-3839862497474670759;3880.2023188405797;2338.81294211078;1725;tief (4+ Segmente)
postgres;-3839406225160242006;3836.4689655172415;1827.1831279201701;1450;tief (4+ Segmente)
postgres;-3839106192609990989;4108.153103448276;1301.036398473363;1450;tief (4+ Segmente)
postgres;-3816488196033164373;2407.471111111111;225.505066014751;450;tief (4+ Segmente)
postgres;-3807424651146635724;2614.162105263158;260.06113577685926;475;tief (4+ Segmente)
postgres;-3792322384223798082;2677.3977777777777;184.7189148425755;450;tief (4+ Segmente)
postgres;-3782807446544081509;2846.837954939341;1687.7627104541127;3462;tief (4+ Segmente)
postgres;-3778784913940635780;2216.8133333333335;254.6359483488863;450;tief (4+ Segmente)
postgres;-3777480662132073386;1481.2884210526315;331.319018254849;950;mittel (2-3 Segmente)
postgres;-3769780400415518394;3105.8755555555554;328.8802864736383;450;tief (4+ Segmente)
postgres;-3765637595450338383;1728.138947368421;229.71716622473372;950;tief (4+ Segmente)
postgres;-3756366900398102517;2031.7644444444445;245.33745239594305;450;mittel (2-3 Segmente)
postgres;-3748033292675745743;1804.8977777777777;264.7197925957421;450;tief (4+ Segmente)
postgres;-3745502774084088871;3775.948888888889;422.2974912324398;450;tief (4+ Segmente)
postgres;-3726019920786302422;3959.7466666666664;468.9814417382395;450;tief (4+ Segmente)
postgres;-3721071299473618834;3712.5069266290407;2189.0100316029093;1949;tief (4+ Segmente)
postgres;-3718438776692728370;1745.2852631578946;317.81129407961015;950;tief (4+ Segmente)
postgres;-3715938599462826261;6378.923245614035;3230.02389496788;1368;tief (4+ Segmente)
postgres;-3714618028890911456;2868.4133333333334;280.17298633471955;450;tief (4+ Segmente)
postgres;-3708019725399023584;4349.415172413793;1418.7072669245165;1450;tief (4+ Segmente)
postgres;-3702717600198550322;8103.770786516854;293.82736328483867;445;tief (4+ Segmente)
postgres;-3694526509975280144;5910.102222222222;363.9032743612225;450;tief (4+ Segmente)
postgres;-3692749767555325211;1639.4933333333333;332.24901244349576;975;mittel (2-3 Segmente)
postgres;-3690558348516185085;3573.0912802566345;2656.8420680081063;3429;tief (4+ Segmente)
postgres;-3684498814444754832;1382.3533333333332;124.53586723177986;450;tief (4+ Segmente)
postgres;-3683829177405907125;1399.0793103448275;323.2807473398752;1450;mittel (2-3 Segmente)
postgres;-3683614618455973720;3178.5263372805225;1642.044368135199;2449;tief (4+ Segmente)
postgres;-3678357943161747135;5886.14;385.93429336783095;450;tief (4+ Segmente)
postgres;-3676881084074566723;2029.818565400844;188.98826208628466;474;tief (4+ Segmente)
postgres;-3668655334104939360;2616.1138775510203;594.7235383499122;2450;tief (4+ Segmente)
postgres;-3667478027983115739;1020.0155555555556;173.54374615282234;450;mittel (2-3 Segmente)
postgres;-3660740516772338941;3368.5533333333333;313.2655974819155;450;tief (4+ Segmente)
postgres;-3652499568536550374;3939.3930348258705;2731.1010611833085;603;tief (4+ Segmente)
postgres;-3639911156800034403;3509.16;343.6725032465506;450;tief (4+ Segmente)
postgres;-3633339754071656844;5831.15;2145.0048909565403;1900;tief (4+ Segmente)
postgres;-3631693902268246725;2234.553684210526;570.2476222177523;950;tief (4+ Segmente)
postgres;-3630920621924141947;1701.7222222222222;190.01244993659813;450;tief (4+ Segmente)
postgres;-3625245890019156948;1712.0273684210526;216.97604012864286;950;tief (4+ Segmente)
postgres;-3622167603476446754;4397.206533192834;1317.3917218732713;949;tief (4+ Segmente)
postgres;-3620129443986684230;1860.5915789473684;202.05776368599805;950;tief (4+ Segmente)
postgres;-3610984402371050600;2371.5126315789475;325.1467421793799;950;tief (4+ Segmente)
postgres;-3610598463704526979;4393.844046364595;2366.2138941677244;949;tief (4+ Segmente)
postgres;-3601857904485420187;2000.1351572070232;869.0435182114451;2449;tief (4+ Segmente)
postgres;-3600455022819663122;1695.3755555555556;302.3655420260414;450;tief (4+ Segmente)
postgres;-3572135588625160487;2128.1444444444446;280.96580018050497;450;tief (4+ Segmente)
postgres;-3570927948634768619;3622.3180555555555;3311.1187959001527;1440;flach (<=1 Segment)
postgres;-3563833553475103659;2824.8793103448274;1211.8372109023617;1450;mittel (2-3 Segmente)
postgres;-3560998796567577966;6500.880442804428;2821.313048048711;1355;tief (4+ Segmente)
postgres;-3554138312104682453;2858.358947368421;532.5369215485249;950;tief (4+ Segmente)
postgres;-3550299862615340968;3892.2933333333335;359.973085111171;450;mittel (2-3 Segmente)
postgres;-3549287587287223397;1920.1644444444444;262.9891384239622;450;tief (4+ Segmente)
postgres;-3548238078635059308;8291.013667425968;270.11577053763483;439;tief (4+ Segmente)
postgres;-3547496906315114537;4521.445908460471;2497.381607330106;1442;tief (4+ Segmente)
postgres;-3532792092053307707;1081.92;177.80134005572756;450;tief (4+ Segmente)
postgres;-3531873854146980879;2315.0268965517243;735.7784936274196;1450;tief (4+ Segmente)
postgres;-3522997256302151934;1901.3096551724138;1640.3542548520418;1450;flach (<=1 Segment)
postgres;-3522249324045554673;1164.0822222222223;170.9343115979498;450;mittel (2-3 Segmente)
postgres;-3517741766059070814;2418.8733333333334;368.69093586842786;450;tief (4+ Segmente)
postgres;-3507153991332661974;3758.5915789473684;1021.9679797663351;950;tief (4+ Segmente)
postgres;-3503367717617922028;2950.402222222222;361.69551295674984;450;tief (4+ Segmente)
postgres;-3500391200928892636;2959.228888888889;315.2849364396531;450;tief (4+ Segmente)
postgres;-3488431292224007325;1433.377894736842;367.98782356010554;950;mittel (2-3 Segmente)
postgres;-3486116257254813095;1108.9644444444446;122.40072047249184;450;tief (4+ Segmente)
postgres;-3484006641078675234;2763.902222222222;415.3453756382672;450;tief (4+ Segmente)
postgres;-3475672386428446748;2883.06;280.7295275910069;450;tief (4+ Segmente)
postgres;-3469481155828456263;3052.6133333333332;346.9171859357072;450;tief (4+ Segmente)
postgres;-3466645359788004394;2219.398947368421;396.4761028161283;950;tief (4+ Segmente)
postgres;-3466530343922674174;1195.5305617977529;214.09717101985322;4450;mittel (2-3 Segmente)
postgres;-3458661152874732570;3610.2984615384617;1204.8003839897578;1950;tief (4+ Segmente)
postgres;-3456088958917939665;2344.5866666666666;374.72072784312115;450;tief (4+ Segmente)
postgres;-3453207969321372932;1642.6644444444444;257.9282903533708;450;tief (4+ Segmente)
postgres;-3448140023911276759;3521.445517241379;799.6964176383574;1450;tief (4+ Segmente)
postgres;-3434524196705491812;2822.5622222222223;256.79992627167036;450;tief (4+ Segmente)
postgres;-3427402104943194833;8442.122401847575;260.20058374147214;433;tief (4+ Segmente)
postgres;-3427029874693539698;5242.917406143345;2243.1149626490255;1465;tief (4+ Segmente)
postgres;-3424549957063609785;4230.044444444445;354.2016372096961;450;tief (4+ Segmente)
postgres;-3424011050099766293;2924.7155555555555;273.5380479518481;450;tief (4+ Segmente)
postgres;-3420129238593635096;4669.669729453803;2122.7081402009676;1959;tief (4+ Segmente)
postgres;-3407600804326062172;4833.01726519337;1968.8767439165867;1448;tief (4+ Segmente)
postgres;-3405729081373709725;6180.637569832402;2413.094097692374;1432;tief (4+ Segmente)
postgres;-3405328795977089456;5933.428888888889;467.7975458782577;450;tief (4+ Segmente)
postgres;-3403713236862577217;2412.7044444444446;229.32153097381888;450;tief (4+ Segmente)
postgres;-3403371953495898319;2657.722222222222;293.46015872891127;450;tief (4+ Segmente)
postgres;-3402443354715318271;5807.970526315789;1123.9544778396405;950;mittel (2-3 Segmente)
postgres;-3399727487980641152;3165.383157894737;717.2828534218464;950;tief (4+ Segmente)
postgres;-3393218265570599300;4156.341614906833;2507.9149527351133;1449;tief (4+ Segmente)
postgres;-3392408947060220694;2216.0309606481483;1930.8914297205388;3456;flach (<=1 Segment)
postgres;-3377903988410497297;2772.499421965318;655.1736233450249;3460;tief (4+ Segmente)
postgres;-3369626089221044920;1829.5797101449275;219.8697071794692;483;tief (4+ Segmente)
postgres;-3365335957668431316;3448.274736842105;809.8487228766089;950;tief (4+ Segmente)
postgres;-3361468394996372886;2216.297894736842;366.260959291525;950;tief (4+ Segmente)
postgres;-3353914713027062714;1984.9666666666667;222.18375839478472;450;tief (4+ Segmente)
postgres;-3352887610090032328;3543.011111111111;308.5688746990874;450;tief (4+ Segmente)
postgres;-3349377567608344314;2561.98;340.49423275435294;450;tief (4+ Segmente)
postgres;-3348447003203175989;3227.410102739726;2704.2693914169436;1168;tief (4+ Segmente)
postgres;-3347165239717756527;3182.971111111111;432.28386240251893;450;tief (4+ Segmente)
postgres;-3342871886132936201;1658.7444444444445;251.1582771937252;450;tief (4+ Segmente)
postgres;-3340599510936814973;2063.8155555555554;240.5528695603101;450;tief (4+ Segmente)
postgres;-3340511487791776431;6854.105263157895;280.5378301198588;475;tief (4+ Segmente)
postgres;-3339084642037903925;3167.2955555555554;214.18951545895385;450;mittel (2-3 Segmente)
postgres;-3321757619841395868;1361.848888888889;177.61037989869982;450;mittel (2-3 Segmente)
postgres;-3320123132674782609;2838.372631578947;419.83154844656843;950;tief (4+ Segmente)
postgres;-3307927672604127069;2291.979775280899;906.8128805878533;4450;tief (4+ Segmente)
postgres;-3303363298699957718;2653.979701093018;1651.7889117925888;13449;mittel (2-3 Segmente)
postgres;-3303281525399304302;6446.567320261438;2012.9692259018839;765;tief (4+ Segmente)
postgres;-3301930824992744885;3332.9088082901553;868.3913574919625;965;tief (4+ Segmente)
postgres;-3300510525255103430;3051.86;334.7232882370094;450;tief (4+ Segmente)
postgres;-3296067642732273707;993.4606722689076;217.23761009492893;5950;mittel (2-3 Segmente)
postgres;-3293259676194782427;2017.8933333333334;251.69706789439732;450;tief (4+ Segmente)
postgres;-3293249707387605242;764.9444444444445;90.39627693901201;450;mittel (2-3 Segmente)
postgres;-3281777396123298885;583.4696507290607;231.01366836345352;2949;flach (<=1 Segment)
postgres;-3275844229428859267;3306.395789473684;1015.9244686538709;950;tief (4+ Segmente)
postgres;-3266941514243669716;4736.418604651163;3318.4028382749857;946;mittel (2-3 Segmente)
postgres;-3265948048194450142;2963.865517241379;701.2320936185657;1450;tief (4+ Segmente)
postgres;-3258635834576871254;4160.037777777778;330.0099018484001;450;tief (4+ Segmente)
postgres;-3253181087760982914;1842.1355555555556;160.12207711403212;450;tief (4+ Segmente)
postgres;-3252016337469246042;2779.677777777778;331.7271945082925;450;tief (4+ Segmente)
postgres;-3244572697417268675;2252.9789743589745;930.8273214617484;1950;tief (4+ Segmente)
postgres;-3241270081535330322;4268.777856135402;2919.0428112105656;1418;tief (4+ Segmente)
postgres;-3221077713252935128;3341.3933333333334;316.48190461153985;450;tief (4+ Segmente)
postgres;-3218893446209568056;2329.4044444444444;241.1067761091979;450;tief (4+ Segmente)
postgres;-3214585510522985765;1222.5122448979591;294.35266341314633;2450;tief (4+ Segmente)
postgres;-3208979975196295882;2762.734229576008;754.1941448824357;967;tief (4+ Segmente)
postgres;-3195851809285684582;3991.543157894737;2612.9434701538685;950;tief (4+ Segmente)
postgres;-3190590634785963684;3237.512881355932;1551.387888135725;2950;tief (4+ Segmente)
postgres;-3186312978222321866;2370.9577777777777;231.18035554069888;450;tief (4+ Segmente)
postgres;-3182780897600962555;3239.186335403727;287.14560054522275;483;tief (4+ Segmente)
postgres;-3181795016785207024;3659.507554103716;1714.4601753483494;2449;tief (4+ Segmente)
postgres;-3180863263788377465;4176.152631578947;442.32153964574815;950;tief (4+ Segmente)
postgres;-3179159996648849261;3585.8084210526317;323.6139726656803;475;tief (4+ Segmente)
postgres;-3178690273898646873;3493.321123321123;1183.9705990140458;2457;tief (4+ Segmente)
postgres;-3169099412187820852;4102.364476386037;2002.603829058331;1948;tief (4+ Segmente)
postgres;-3158041873128310693;2901.76;369.4852016107738;450;tief (4+ Segmente)
postgres;-3154888016820135248;3721.5733333333333;439.9891476693658;450;tief (4+ Segmente)
postgres;-3145266493558771926;2017.6644444444444;190.8410078304326;450;tief (4+ Segmente)
postgres;-3144947654514236922;6303.449285714286;1950.9555907877748;1400;tief (4+ Segmente)
postgres;-3136892053621096306;5152.083245521601;1141.6352586259643;949;tief (4+ Segmente)
postgres;-3124908906709483926;2278.882222222222;219.51822505411295;450;tief (4+ Segmente)
postgres;-3113581913393171152;2698.808275862069;1422.571693344764;1450;mittel (2-3 Segmente)
postgres;-3108025498305334423;3465.826797385621;2075.5827245202663;2448;tief (4+ Segmente)
postgres;-3098646952459630062;4056.7294736842105;2828.898186559689;950;tief (4+ Segmente)
postgres;-3088890563917686328;2012.525128205128;514.2152734949567;1950;tief (4+ Segmente)
postgres;-3087599515705297114;1611.3831578947368;198.6096518514951;475;mittel (2-3 Segmente)
postgres;-3083991999622905120;2124.345714285714;664.6676583308627;2450;mittel (2-3 Segmente)
postgres;-3083796904901502797;4086.0577777777776;303.61337101590016;450;tief (4+ Segmente)
postgres;-3083367917815956205;3549.6084210526315;1489.409278993019;950;tief (4+ Segmente)
postgres;-3071608691774656431;5174.416849015317;3485.1980286939165;914;mittel (2-3 Segmente)
postgres;-3070708722384956656;2335.0569620253164;1580.0900748902461;3950;tief (4+ Segmente)
postgres;-3065042425106332645;2734.5974025974024;670.5604837956602;1463;tief (4+ Segmente)
postgres;-3048102631505364116;1850.291724137931;324.46144538001505;1450;tief (4+ Segmente)
postgres;-3030575409255423798;2277.6926315789474;281.86792222334054;475;tief (4+ Segmente)
postgres;-3027973178064757987;803.4159420289855;181.7931687300802;3450;mittel (2-3 Segmente)
postgres;-3023546514004782415;4548.133986928105;2109.0914048872564;2448;tief (4+ Segmente)
postgres;-3017144945881683176;2929.7266666666665;284.8465744962139;450;tief (4+ Segmente)
postgres;-3015889914071122656;5544.690450054884;2658.6255683839254;911;tief (4+ Segmente)
postgres;-3000291476142001502;2176.271111111111;244.23853270158608;450;tief (4+ Segmente)
postgres;-2997971896890458336;2494.237777777778;247.15658525365853;450;tief (4+ Segmente)
postgres;-2997100093229795678;2854.977551020408;837.649882315471;2450;tief (4+ Segmente)
postgres;-2995448924509090272;3361.7244444444445;354.98175815332854;450;tief (4+ Segmente)
postgres;-2992329027767932743;4477.830051813471;1940.70801452554;965;tief (4+ Segmente)
postgres;-2990818102231951408;1966.1733333333334;200.59322089058895;450;tief (4+ Segmente)
postgres;-2986806035648228175;3261.32154247608;1570.5855930534728;3449;tief (4+ Segmente)
postgres;-2982640914438560254;4213.004447739066;2976.3979464925787;1349;tief (4+ Segmente)
postgres;-2976612325514127951;3754.2955555555554;267.18734487818404;450;tief (4+ Segmente)
postgres;-2956734987158443760;4935.8378191856455;1374.0725965584645;1449;tief (4+ Segmente)
postgres;-2956620910149731957;3326.148888888889;262.42588952539495;450;tief (4+ Segmente)
postgres;-2946785958391034539;2177.7248062015506;1121.1364893885957;6450;mittel (2-3 Segmente)
postgres;-2944184378851594918;2731.8797468354433;226.8177228029715;474;tief (4+ Segmente)
postgres;-2940493998422442725;3861.66;311.205712513626;450;tief (4+ Segmente)
postgres;-2937381665289622347;1936.5800542740842;1363.2387965151697;2948;mittel (2-3 Segmente)
postgres;-2929846861573373466;2379.7733333333335;325.78508526594237;450;tief (4+ Segmente)
postgres;-2925961785290407744;2154.8977777777777;336.1330050734795;450;tief (4+ Segmente)
postgres;-2921777886404634018;3329.202222222222;262.62421855804627;450;tief (4+ Segmente)
postgres;-2916083665076915082;2309.9955555555557;318.4359536081925;450;tief (4+ Segmente)
postgres;-2908511111454022448;2643.2073684210527;393.43028210759644;950;tief (4+ Segmente)
postgres;-2906113030669765010;1718.4066666666668;257.2988893115941;450;mittel (2-3 Segmente)
postgres;-2887574797271615051;1369.4644444444446;182.08444118554183;450;tief (4+ Segmente)
postgres;-2881247343325013557;711.5115789473684;316.3528451374947;950;flach (<=1 Segment)
postgres;-2878837800110024829;4346.455079474776;2764.112341328727;2894;mittel (2-3 Segmente)
postgres;-2876154350468006443;4008.0666666666666;309.27828914042817;450;tief (4+ Segmente)
postgres;-2871297792908950110;2675.2223371251293;505.255421125929;967;tief (4+ Segmente)
postgres;-2870434648333380819;2829.4820408163264;777.0292060008297;2450;tief (4+ Segmente)
postgres;-2865921430745577598;2593.790135883241;1453.073920795556;7948;tief (4+ Segmente)
postgres;-2863248243619485151;5215.358271865121;1628.2563115896712;949;tief (4+ Segmente)
postgres;-2854405418442449444;3789.541379310345;2031.827261195095;1450;tief (4+ Segmente)
postgres;-2844573062851963249;3099.0821052631577;255.9616507647684;475;tief (4+ Segmente)
postgres;-2839499292725179601;2399.0547368421053;271.593394030675;475;tief (4+ Segmente)
postgres;-2836578565749014132;1498.1515789473685;213.11669375148773;950;mittel (2-3 Segmente)
postgres;-2836150694403063002;2476.9972394755005;1361.3442312708694;1449;tief (4+ Segmente)
postgres;-2833546460768277607;4769.785123966943;358.69153646130275;484;tief (4+ Segmente)
postgres;-2824490495631783833;2599.7628985507245;704.9942663898104;3450;mittel (2-3 Segmente)
postgres;-2819076654114747488;2957.7533333333336;292.33747172050596;450;tief (4+ Segmente)
postgres;-2817916460640071856;3233.08;164.48170009433957;450;flach (<=1 Segment)
postgres;-2812835335483399102;6123.384444444445;407.57824201679836;450;tief (4+ Segmente)
postgres;-2808881694951013908;3755.1133333333332;343.9899750572194;450;tief (4+ Segmente)
postgres;-2806692448524173408;4369.795555555555;492.68602738840315;450;tief (4+ Segmente)
postgres;-2803706779591232774;304.76775510204084;40.45782731687084;2450;flach (<=1 Segment)
postgres;-2793019412465416944;1414.9265033407573;99.87557632823889;449;tief (4+ Segmente)
postgres;-2790207858170765516;2415.685263157895;923.9716916264032;950;tief (4+ Segmente)
postgres;-2785659637603282379;2791.68;748.8134737235735;1950;tief (4+ Segmente)
postgres;-2784156708912863147;5013.062170706006;1876.1720582404703;949;tief (4+ Segmente)
postgres;-2781805606403239779;5761.26241900648;2795.7458882384763;926;tief (4+ Segmente)
postgres;-2766852004021046007;3397.9938750510414;1445.1858963056527;2449;tief (4+ Segmente)
postgres;-2766057866324535103;1705.168888888889;187.41764733091884;450;tief (4+ Segmente)
postgres;-2765878085214523825;4630.349930843707;2217.149587350518;1446;tief (4+ Segmente)
postgres;-2755747397067675126;4391.788888888889;369.01097859841076;450;tief (4+ Segmente)
postgres;-2748512631501562962;2696.274736842105;310.87955255995536;950;tief (4+ Segmente)
postgres;-2748163848039650369;3218.0266666666666;294.10960973585264;450;tief (4+ Segmente)
postgres;-2747453729609688010;2757.766666666667;282.5507601675661;450;tief (4+ Segmente)
postgres;-2741144795332851552;2928.932631578947;438.03620302626405;950;tief (4+ Segmente)
postgres;-2734324657072267647;1062.5755555555556;146.4371520148668;450;mittel (2-3 Segmente)
postgres;-2728495970187018159;3912.237894736842;806.5438698217796;950;tief (4+ Segmente)
postgres;-2723263709560322935;1669.8129744651483;549.9653331089165;1449;tief (4+ Segmente)
postgres;-2719889291921202371;1422.5066666666667;960.8191611076396;4950;flach (<=1 Segment)
postgres;-2718012122064883133;1502.9644444444446;196.78315782898505;450;flach (<=1 Segment)
postgres;-2717619951245037790;2166.74;271.22493964270154;450;tief (4+ Segmente)
postgres;-2717556854464536979;4726.631111111111;292.6108293808059;450;tief (4+ Segmente)
postgres;-2714998602368320872;3597.3545454545456;2181.875695693265;3960;tief (4+ Segmente)
postgres;-2712361034082028310;2332.8288888888887;236.55948848268656;450;tief (4+ Segmente)
postgres;-2709058652755598101;3992.636176772867;2253.7721696081726;1946;tief (4+ Segmente)
postgres;-2707747465642361202;3557.252866104261;2016.904155534448;9246;tief (4+ Segmente)
postgres;-2701213530918112162;1742.4066666666668;217.30481388612787;450;tief (4+ Segmente)
postgres;-2699523125284817998;2226.2266666666665;265.6416817321723;450;tief (4+ Segmente)
postgres;-2692603405524539954;2896.693333333333;349.5098371091722;450;tief (4+ Segmente)
postgres;-2692024911108744520;3697.6084210526315;428.8601199232468;475;tief (4+ Segmente)
postgres;-2677311226834765389;3698.862728062554;2605.757719634292;3453;mittel (2-3 Segmente)
postgres;-2668680902333762389;2409.544210526316;369.44550431240424;950;tief (4+ Segmente)
postgres;-2664133057355673802;3350.817805383023;343.7134951325777;483;tief (4+ Segmente)
postgres;-2658033047011429709;1597.8022222222223;176.77626314380095;450;tief (4+ Segmente)
postgres;-2651510607260178200;4611.139240506329;283.3788610319413;474;tief (4+ Segmente)
postgres;-2636197913029062940;4839.26;2373.2602414474936;950;tief (4+ Segmente)
postgres;-2635169691858422041;3205.732269503546;1725.6996960933689;3948;tief (4+ Segmente)
postgres;-2631869997534430466;2412.233333333333;410.50758004443975;450;tief (4+ Segmente)
postgres;-2627516338502745969;2131.8073684210526;490.6436276842555;950;mittel (2-3 Segmente)
postgres;-2611186425277629673;2547.568888888889;270.80136937985674;450;tief (4+ Segmente)
postgres;-2611151824069505738;2750.567368421053;310.544301359518;950;tief (4+ Segmente)
postgres;-2609472562729504114;5342.1;342.11166758204604;450;tief (4+ Segmente)
postgres;-2607457006016854014;1625.7274576271186;511.38191583589685;2950;mittel (2-3 Segmente)
postgres;-2604234694360545704;1613.3977777777777;166.89325368098812;450;tief (4+ Segmente)
postgres;-2595662229810141790;1750.5035443037975;960.6419046354354;3950;mittel (2-3 Segmente)
postgres;-2592638182945132307;2994.9443207126947;269.05115853821195;449;tief (4+ Segmente)
postgres;-2586428021143681650;3787.0704081632653;907.5302967684712;1960;tief (4+ Segmente)
postgres;-2585917544149042233;5216.630736392743;3208.6733812858224;937;tief (4+ Segmente)
postgres;-2572662091531493257;2383.8958620689655;527.3587619638016;1450;tief (4+ Segmente)
postgres;-2568985926059986554;2190.983157894737;1156.3020449280862;950;mittel (2-3 Segmente)
postgres;-2563742711189158642;2495.2568421052633;283.9433096434437;475;tief (4+ Segmente)
postgres;-2561856897830632792;1010.5111111111111;149.9598494478577;450;mittel (2-3 Segmente)
postgres;-2559625314131134194;2280.3337931034484;777.3911656695756;1450;tief (4+ Segmente)
postgres;-2559222448037904339;3308.806666666667;364.99561635101435;450;tief (4+ Segmente)
postgres;-2553393805967597362;1356.8244444444445;170.4974977192701;450;mittel (2-3 Segmente)
postgres;-2548180345763249486;2306.2933333333335;256.21172550271365;450;tief (4+ Segmente)
postgres;-2539689392805719317;3871.5141097998976;2243.2522626746313;1949;tief (4+ Segmente)
postgres;-2534861538726150348;2869.0505263157893;292.57700774083924;475;tief (4+ Segmente)
postgres;-2531272331947415437;2859.6222222222223;336.9557404130073;450;tief (4+ Segmente)
postgres;-2530968450542712343;2300.6566101694916;1354.0725003099608;2950;tief (4+ Segmente)
postgres;-2526248153524971894;4276.762440758293;2587.8827173858035;1688;tief (4+ Segmente)
postgres;-2526193079753697511;3988.0844444444447;372.54369346920623;450;tief (4+ Segmente)
postgres;-2525549918523340614;1206.43429844098;112.47083264558458;449;tief (4+ Segmente)
postgres;-2524574514338638899;8581.05336426914;243.52634054857575;431;tief (4+ Segmente)
postgres;-2515453411050691590;3899.9777777777776;250.37179381834696;450;tief (4+ Segmente)
postgres;-2513669228355612391;2939.5261538461536;869.2879761699638;1950;tief (4+ Segmente)
postgres;-2502606358750552702;1837.7911111111111;288.118751672948;450;tief (4+ Segmente)
postgres;-2500061965448855004;3578.26;444.4864622237923;450;tief (4+ Segmente)
postgres;-2498109516761305073;2091.928345626976;291.1755258316831;949;tief (4+ Segmente)
postgres;-2492132652619806627;2454.5769491525425;429.1165836905921;2950;tief (4+ Segmente)
postgres;-2491691680243594012;4785.795555555555;252.5486444184066;450;mittel (2-3 Segmente)
postgres;-2490098750171211390;6685.242222222222;315.9962877829434;450;tief (4+ Segmente)
postgres;-2479684404196726103;2019.6515789473685;262.5351713557039;950;tief (4+ Segmente)
postgres;-2476119167425695774;2624.078350515464;1047.8609745322549;485;tief (4+ Segmente)
postgres;-2474243421088712014;2061.3;235.9604478766264;450;tief (4+ Segmente)
postgres;-2473466321970047199;1274.243157894737;177.04749480515738;950;mittel (2-3 Segmente)
postgres;-2473133952275352072;1993.5422222222223;211.92376711578945;450;tief (4+ Segmente)
postgres;-2460366365582918487;2368.169387755102;1142.3868511687228;2450;mittel (2-3 Segmente)
postgres;-2447161183827422226;3023.8003913894327;1453.5805376085088;1022;tief (4+ Segmente)
postgres;-2442219366103423959;2935.13140311804;213.07617919680087;449;tief (4+ Segmente)
postgres;-2429736004923101315;3121.133333333333;369.4972567112636;450;tief (4+ Segmente)
postgres;-2427181927202493854;3579.266666666667;333.37445254919055;450;tief (4+ Segmente)
postgres;-2422562548704182940;2242.4066666666668;271.08640039859796;450;tief (4+ Segmente)
postgres;-2413725091312963324;3750.8772413793104;2024.3242122547667;1450;mittel (2-3 Segmente)
postgres;-2394122212832927905;8600.578703703704;239.32582865213857;432;tief (4+ Segmente)
postgres;-2388632957523736160;1475.1917948717949;576.4858163866493;1950;mittel (2-3 Segmente)
postgres;-2386877530086829807;3003.9955555555557;228.98447244655767;450;tief (4+ Segmente)
postgres;-2378682564792297801;2904.0894736842106;1303.1641372417284;950;tief (4+ Segmente)
postgres;-2373391261838086620;7264.436525612472;349.63981607409977;449;tief (4+ Segmente)
postgres;-2372400804455694713;3437.6555555555556;283.73124619838717;450;tief (4+ Segmente)
postgres;-2370117466822224111;2365.011111111111;347.33708249198094;450;tief (4+ Segmente)
postgres;-2366481354115452249;3817.5022222222224;446.93621837043406;450;tief (4+ Segmente)
postgres;-2365722912682918962;2147.4175280898876;841.490748734156;4450;tief (4+ Segmente)
postgres;-2363833932719172136;1175.7088888888889;178.16756498468277;450;tief (4+ Segmente)
postgres;-2361268915247699615;2368.851111111111;224.89349631983285;450;tief (4+ Segmente)
postgres;-2359573907541260342;2382.8505263157895;271.05239768651467;950;tief (4+ Segmente)
postgres;-2359507157190040994;2501.311111111111;289.8104304927112;450;tief (4+ Segmente)
postgres;-2350813857348316232;2658.7033492822966;1570.311539762348;1463;tief (4+ Segmente)
postgres;-2329111875858135937;795.7488888888889;92.59616832524819;450;mittel (2-3 Segmente)
postgres;-2321850361956096217;2862.634730538922;2795.13724009221;1169;tief (4+ Segmente)
postgres;-2315334763871060540;4674.1611982881595;2778.385887195122;1402;tief (4+ Segmente)
postgres;-2307751624437518829;1322.6290832455215;472.61138869359985;949;tief (4+ Segmente)
postgres;-2294493723353783153;3060.314736842105;1111.7176245841615;950;tief (4+ Segmente)
postgres;-2293713195386313295;4204.75461088619;2351.63132423058;4446;tief (4+ Segmente)
postgres;-2287281154508766753;1651.840885142255;184.64325557342084;949;tief (4+ Segmente)
postgres;-2282878099682577570;2067.748888888889;186.59679041325066;450;tief (4+ Segmente)
postgres;-2282821879317257870;2170.4846153846156;1097.1677173612654;1950;mittel (2-3 Segmente)
postgres;-2281199101954446374;2869.6311111111113;203.7556987572262;450;tief (4+ Segmente)
postgres;-2280516890771335684;2585.451282051282;2139.9671037582957;1950;mittel (2-3 Segmente)
postgres;-2272515555249843981;4197.357287963433;2104.370211577588;3938;tief (4+ Segmente)
postgres;-2264455898882511178;4007.32;341.00685426364754;450;tief (4+ Segmente)
postgres;-2254328874468802996;2730.4737931034483;1426.1302806186893;1450;mittel (2-3 Segmente)
postgres;-2252596734790495438;3990.1661039837945;1798.567885230765;2962;tief (4+ Segmente)
postgres;-2249501303391780954;3061.983076923077;1518.2524138701165;1950;tief (4+ Segmente)
postgres;-2242902358044541173;1677.2831578947369;221.32532313836978;950;tief (4+ Segmente)
postgres;-2239728505033406305;1420.3136312849163;687.5472777971547;8950;mittel (2-3 Segmente)
postgres;-2236585610138008708;2748.4044444444444;272.36153749593876;450;tief (4+ Segmente)
postgres;-2235061985917903347;3273.097777777778;236.63794762855977;450;tief (4+ Segmente)
postgres;-2227468585668544777;1883.6333333333334;268.3551916931849;450;mittel (2-3 Segmente)
postgres;-2224482451458984380;1484.0533333333333;205.11936185009608;450;tief (4+ Segmente)
postgres;-2216150376932900568;4200.508609827803;2704.69932104435;2381;tief (4+ Segmente)
postgres;-2214069644226296987;2628.8777777777777;308.31389392762475;450;tief (4+ Segmente)
postgres;-2212346967192022625;3114.902105263158;357.5509040605395;950;tief (4+ Segmente)
postgres;-2212002541095008200;2341.5347368421053;282.63112784970076;950;tief (4+ Segmente)
postgres;-2211511155296728805;2882.1675862068964;896.7867092275458;1450;tief (4+ Segmente)
postgres;-2193589123262849998;2203.5659312467933;791.717596077882;1949;tief (4+ Segmente)
postgres;-2184253864351611050;3095.593103448276;801.4532857082546;1450;tief (4+ Segmente)
postgres;-2168950290245615470;5561.973347547974;2892.5507125526938;938;tief (4+ Segmente)
postgres;-2167313672290001832;2080.4673684210525;327.4180615254791;475;tief (4+ Segmente)
postgres;-2163735345737031950;2044.74;299.19198006532866;450;tief (4+ Segmente)
postgres;-2160073313449185716;1704.0463157894737;237.39555989689617;475;tief (4+ Segmente)
postgres;-2157811771078368447;4191.1810526315785;379.94428424956044;475;tief (4+ Segmente)
postgres;-2146719503866079926;2462.067368421053;235.9256562630368;475;tief (4+ Segmente)
postgres;-2138307860817785056;5242.304444444444;306.00421882731274;450;tief (4+ Segmente)
postgres;-2124652646841345608;3079.222105263158;600.4510704670855;950;mittel (2-3 Segmente)
postgres;-2115073278496856356;3615.8224811514738;2273.3538443461744;8754;tief (4+ Segmente)
postgres;-2101800666867182197;4657.783157894737;319.3848077350389;475;tief (4+ Segmente)
postgres;-2097149577849111398;4167.129655172414;1059.7543895642561;1450;tief (4+ Segmente)
postgres;-2088677723591833123;2896.46;288.4926102121046;450;tief (4+ Segmente)
postgres;-2078414972084297330;3052.674832962138;245.3573947800271;449;tief (4+ Segmente)
postgres;-2070861517930654852;3172.7266666666665;325.13396718075967;450;tief (4+ Segmente)
postgres;-2061286800128394160;2340.2088934850053;432.8876245040671;967;tief (4+ Segmente)
postgres;-2056523262372144471;5058.964444444445;361.36303899129274;450;tief (4+ Segmente)
postgres;-2052709122785280996;1868.2377777777779;209.77636601080408;450;tief (4+ Segmente)
postgres;-2050093895247344708;1912.7417391304348;1813.430099795781;3450;mittel (2-3 Segmente)
postgres;-2033482807439470710;3490.684265010352;418.72167503098586;966;tief (4+ Segmente)
postgres;-2028843548471971381;2100.884827586207;1067.2326137607204;1450;mittel (2-3 Segmente)
postgres;-2027626163511880585;2460.2066666666665;279.69383428208084;450;tief (4+ Segmente)
postgres;-2024085127205405848;1743.648888888889;262.6678804534831;450;tief (4+ Segmente)
postgres;-2021924311826792474;3943.928888888889;302.29561824756945;450;tief (4+ Segmente)
postgres;-2011270478929697698;3102.168562564633;1028.5802802320777;967;tief (4+ Segmente)
postgres;-2010625861911557214;3786.1987641606593;2283.8559060787015;1942;tief (4+ Segmente)
postgres;-2009117548160280328;2617.411111111111;320.3841963702963;450;mittel (2-3 Segmente)
postgres;-2007028123159912770;799.8163265306123;99.97839714907654;490;flach (<=1 Segment)
postgres;-1998734532161289197;718.2422222222223;114.1529138726101;450;flach (<=1 Segment)
postgres;-1996310669034281617;2614.891244870041;1059.893995225117;1462;tief (4+ Segmente)
postgres;-1995015254960720404;3210.6012658227846;290.7059557794902;474;tief (4+ Segmente)
postgres;-1993673301792951122;2729.54;339.65595648399227;450;tief (4+ Segmente)
postgres;-1990194161503355941;1171.891111111111;201.82625918426174;450;mittel (2-3 Segmente)
postgres;-1981398416571784923;5403.095555555556;336.0287163301159;450;tief (4+ Segmente)
postgres;-1975748125637613533;4114.61159125572;1152.075466096177;1967;tief (4+ Segmente)
postgres;-1975348128262159923;3393.966592427617;287.95707648762516;449;tief (4+ Segmente)
postgres;-1971516975377010929;2262.6158620689657;829.1074695246167;1450;mittel (2-3 Segmente)
postgres;-1960823302128198557;4479.988408851423;2485.840865569884;949;tief (4+ Segmente)
postgres;-1958701701688886655;3575.2948838458437;1951.4540389224485;7447;tief (4+ Segmente)
postgres;-1958337024384335204;5002.028888888889;364.4181579152742;450;tief (4+ Segmente)
postgres;-1954236290671977169;2831.702105263158;587.9445189123385;950;tief (4+ Segmente)
postgres;-1949043044700079151;2382.028322147651;1491.2167541451527;7450;mittel (2-3 Segmente)
postgres;-1944310021015993582;3054.1911111111112;287.6097933647205;450;tief (4+ Segmente)
postgres;-1942861049087869311;1578.3155555555556;180.58707276214375;450;tief (4+ Segmente)
postgres;-1926093232407215810;2498.303448275862;538.4224345897313;1450;tief (4+ Segmente)
postgres;-1920021398539691648;4781.847803881512;2120.3755074547466;1958;tief (4+ Segmente)
postgres;-1916192693791446888;4103.3263157894735;1551.3675767223847;950;tief (4+ Segmente)
postgres;-1915637386904052378;2808.697777777778;335.69334856565143;450;tief (4+ Segmente)
postgres;-1909062255350704550;4159.908888888889;391.6761402067096;450;tief (4+ Segmente)
postgres;-1893838939607344977;2693.6;505.1133144995487;950;tief (4+ Segmente)
postgres;-1891259635261591478;5627.516402116402;2340.3010720944376;945;tief (4+ Segmente)
postgres;-1888431145472274022;6128.384444444445;305.9816743828851;450;tief (4+ Segmente)
postgres;-1885952285704562067;3658.958112407211;2156.553490442988;3772;tief (4+ Segmente)
postgres;-1869224647772042763;2445.411111111111;232.66350164725597;450;tief (4+ Segmente)
postgres;-1865730100338779607;3115.0273684210524;372.96056579426033;475;tief (4+ Segmente)
postgres;-1858820068631560524;2472.7673684210527;300.4810677291793;950;tief (4+ Segmente)
postgres;-1851435750967224438;3175.696842105263;595.4725538355835;950;tief (4+ Segmente)
postgres;-1843639645334988463;2453.9242105263156;282.89991398451326;475;tief (4+ Segmente)
postgres;-1835018937319001327;4543.516703786191;302.93809084619846;449;tief (4+ Segmente)
postgres;-1832417558461740835;1916.288275862069;505.776821228617;1450;tief (4+ Segmente)
postgres;-1830648821890703589;3318.742222222222;308.5071032155852;450;tief (4+ Segmente)
postgres;-1821161108874144535;1885.9957894736842;304.3523385384037;475;tief (4+ Segmente)
postgres;-1800341513869000947;2149.1368115942028;966.3751794028466;3450;mittel (2-3 Segmente)
postgres;-1800040906186465766;5962.3;327.13984429947556;450;tief (4+ Segmente)
postgres;-1791448009188052876;3553.9;298.8748779177233;450;tief (4+ Segmente)
postgres;-1787583064969438898;3103.9510204081635;1357.0384576007414;1470;tief (4+ Segmente)
postgres;-1784871458323169704;2586.7660695468917;286.476190399962;949;tief (4+ Segmente)
postgres;-1775811980442770049;5813.562222222222;293.78619241676233;450;tief (4+ Segmente)
postgres;-1761091801583231362;6334.4;277.94877033539433;450;tief (4+ Segmente)
postgres;-1746396400544390957;3835.5786440677966;1271.0347751119064;2950;tief (4+ Segmente)
postgres;-1744851439597939055;2344.633684210526;485.1391428294316;950;tief (4+ Segmente)
postgres;-1741671178055945263;2685.7410027952483;1668.2234899942628;11448;tief (4+ Segmente)
postgres;-1735120549682882055;3028.5058661145617;372.2206210649156;1449;tief (4+ Segmente)
postgres;-1728251763703322130;2181.4266666666667;236.4276545011551;450;tief (4+ Segmente)
postgres;-1726993727960646403;8938.498599439776;174.8561306635178;357;tief (4+ Segmente)
postgres;-1725546785079524455;1649.48;492.82142592098324;1450;mittel (2-3 Segmente)
postgres;-1713056452721807782;2372.7733333333335;261.087561279331;450;tief (4+ Segmente)
postgres;-1710671758518066422;4431.576551724138;2001.8943564770484;1450;tief (4+ Segmente)
postgres;-1706194777670473832;2322.5326315789475;323.854356694928;950;tief (4+ Segmente)
postgres;-1705627249398031490;2258.8896551724138;700.1492251199343;1450;tief (4+ Segmente)
postgres;-1699433280926514410;3903.857894736842;1713.7813974993894;950;tief (4+ Segmente)
postgres;-1699244005488499831;3300.2031845705314;1404.2472747647903;4459;tief (4+ Segmente)
postgres;-1694929928793156643;2912.6914600550963;1577.7883022831397;3630;tief (4+ Segmente)
postgres;-1676626672733862023;2683.871111111111;344.3576652456885;450;tief (4+ Segmente)
postgres;-1675197142867180288;1997.6668935011908;571.5792368447985;2939;tief (4+ Segmente)
postgres;-1667758683105623158;3214.141052631579;322.1086496675794;950;tief (4+ Segmente)
postgres;-1659105654470979794;2294.4355555555558;313.3055199710747;450;tief (4+ Segmente)
postgres;-1647721556896226882;2014.0333333333333;279.2759509747896;450;tief (4+ Segmente)
postgres;-1641438488246982060;3274.4066666666668;415.6610389335345;450;tief (4+ Segmente)
postgres;-1633147539068353945;4715.858068918458;2247.0481142223634;2931;mittel (2-3 Segmente)
postgres;-1624285646769042414;1317.5266666666666;125.35302647808714;450;mittel (2-3 Segmente)
postgres;-1613339134958709081;1560.6666666666667;273.84883577483737;450;mittel (2-3 Segmente)
postgres;-1603150502992841560;2254.550769230769;866.0235495294467;1950;tief (4+ Segmente)
postgres;-1601412177641468563;1099.3944827586206;276.2512463469724;1450;mittel (2-3 Segmente)
postgres;-1595757443120272267;2795.9062213250136;1673.251764098011;5449;tief (4+ Segmente)
postgres;-1586211853011333181;3286.2595656670114;1860.4500952133924;967;tief (4+ Segmente)
postgres;-1585054192346006240;1929.9100439634765;553.8039001621501;2957;mittel (2-3 Segmente)
postgres;-1580824183314979738;7967.177676537585;285.91088970538283;439;tief (4+ Segmente)
postgres;-1573792320451393056;1807.5155555555555;162.19301921265443;450;tief (4+ Segmente)
postgres;-1572877992067423616;2339.588888888889;208.61238949835825;450;tief (4+ Segmente)
postgres;-1563927171327311874;1562.1422222222222;240.8147496471342;450;mittel (2-3 Segmente)
postgres;-1563432360193507530;2585.9475862068966;462.68523421474305;1450;tief (4+ Segmente)
postgres;-1561458633857057472;2586.8441025641027;975.9387689832321;975;tief (4+ Segmente)
postgres;-1554507165358929129;2824.0820689655175;1146.0589574916235;1450;tief (4+ Segmente)
postgres;-1554506515955689131;2316.9866666666667;221.80562890871414;450;tief (4+ Segmente)
postgres;-1549210256231273624;1951.1622222222222;209.0779479636055;450;tief (4+ Segmente)
postgres;-1545334832880420386;8442.09324009324;313.75657371225645;429;tief (4+ Segmente)
postgres;-1544453233239967066;1888.9466666666667;296.14323687757843;450;mittel (2-3 Segmente)
postgres;-1542606408322102479;2219.4;301.7987574158123;450;tief (4+ Segmente)
postgres;-1536450279590851616;853.1533333333333;106.36346078727361;450;mittel (2-3 Segmente)
postgres;-1525667263991209270;2862.5222222222224;296.27257613799276;450;tief (4+ Segmente)
postgres;-1509261703355422284;3193.4842105263156;300.8927728643891;950;tief (4+ Segmente)
postgres;-1488826422821386386;7784.566964285715;312.48015593753456;448;tief (4+ Segmente)
postgres;-1481568067479354530;5807.573600552868;1310.5554305681474;1447;tief (4+ Segmente)
postgres;-1473055545607857683;1594.2688888888888;137.9164110844833;450;tief (4+ Segmente)
postgres;-1441783554162140748;4527.604444444444;297.09362614730077;450;tief (4+ Segmente)
postgres;-1430533228852714126;2205.06;253.24686838624234;450;tief (4+ Segmente)
postgres;-1427610732977106879;2362.3155555555554;319.2912431867629;450;tief (4+ Segmente)
postgres;-1419557097211611717;1873.7755555555555;312.32944149526855;450;tief (4+ Segmente)
postgres;-1408389466798581606;3939.4159836065573;427.2166942076443;488;tief (4+ Segmente)
postgres;-1406448004936380398;3750.622351233672;2674.7194925857716;3445;mittel (2-3 Segmente)
postgres;-1404784167605904000;5020.182501708818;1254.1932474560965;1463;tief (4+ Segmente)
postgres;-1398124522055334829;6838.355191256831;1147.3837729461127;1464;tief (4+ Segmente)
postgres;-1389568747789579864;2560.7673684210527;281.09001214885427;950;tief (4+ Segmente)
postgres;-1384190424761786695;2432.1849734585544;671.7160089910727;2449;tief (4+ Segmente)
postgres;-1382049182286913592;2946.3955555555553;275.65335866811716;450;tief (4+ Segmente)
postgres;-1380326174732680875;2743.508888888889;210.79999526908006;450;tief (4+ Segmente)
postgres;-1374185655333523060;6222.967944250871;1467.8620565648596;1435;tief (4+ Segmente)
postgres;-1367162939048514842;4226.842607313196;2665.727202288539;4403;tief (4+ Segmente)
postgres;-1366006857886691735;4285.10243902439;2323.439971510866;1435;tief (4+ Segmente)
postgres;-1364420539027505950;3074.596443228454;1723.4712476906498;1462;mittel (2-3 Segmente)
postgres;-1361657041113727222;1282.951111111111;120.79153317394905;450;mittel (2-3 Segmente)
postgres;-1345594660209774617;2020.876551724138;293.7608555212019;1450;tief (4+ Segmente)
postgres;-1342981523981779810;1582.1888888888889;158.75869367103834;450;mittel (2-3 Segmente)
postgres;-1341758745470569978;1598.1557983193277;706.9464299091538;5950;tief (4+ Segmente)
postgres;-1335089315095507441;3018.9044444444444;281.38843196927473;450;tief (4+ Segmente)
postgres;-1334037166214330178;3522.873858640514;2187.0320417266407;2957;mittel (2-3 Segmente)
postgres;-1325178304634695891;2639.14;278.1778932037205;450;tief (4+ Segmente)
postgres;-1310165631407369507;2584.97490674805;621.5788128121891;2949;tief (4+ Segmente)
postgres;-1309272175266543735;3572.6311111111113;437.9459769910925;450;tief (4+ Segmente)
postgres;-1303325678300116417;4875.4410705095215;2309.2174490694456;1943;tief (4+ Segmente)
postgres;-1302905048541662668;4571.3;328.4445304413477;450;tief (4+ Segmente)
postgres;-1301531761954020883;1794.4242105263158;252.7844557684344;950;tief (4+ Segmente)
postgres;-1301484730361378037;2346.8153846153846;622.6149359023216;1950;tief (4+ Segmente)
postgres;-1301297254704677002;2135.0481962481963;1179.8407779207264;3465;mittel (2-3 Segmente)
postgres;-1300831433226011196;2926.251111111111;323.59861518793093;450;tief (4+ Segmente)
postgres;-1291215617970060793;3369.7085714285713;1682.3843921421872;2450;tief (4+ Segmente)
postgres;-1284151286954756014;1635.0357894736842;181.87075154285472;950;tief (4+ Segmente)
postgres;-1282560662279443740;5927.851111111111;323.3636104346443;450;tief (4+ Segmente)
postgres;-1282510367994906480;2128.64;346.3070836255952;450;tief (4+ Segmente)
postgres;-1282396922315895454;3088.4795224977042;2425.7909451522023;5445;tief (4+ Segmente)
postgres;-1281172931481335592;2915.668888888889;322.3974765455675;450;tief (4+ Segmente)
postgres;-1280356115095216296;2126.034587995931;560.602195015004;2949;tief (4+ Segmente)
postgres;-1277837148899482197;6502.011111111111;406.78648559795175;450;tief (4+ Segmente)
postgres;-1275009963540448219;1597.1515789473685;316.1771324860376;950;flach (<=1 Segment)
postgres;-1274683139898931224;2514.36;312.8348993760938;950;tief (4+ Segmente)
postgres;-1270775026250410433;2803.777777777778;359.6427322051883;450;tief (4+ Segmente)
postgres;-1266462508769765441;2134.3161222339304;411.22411062537594;949;tief (4+ Segmente)
postgres;-1262681611626735380;2706.036551724138;1831.784740100969;1450;tief (4+ Segmente)
postgres;-1257208105912944907;3343.7733333333335;333.8479672119948;450;tief (4+ Segmente)
postgres;-1257060556545671225;1963.0627586206897;1238.7438870600954;1450;mittel (2-3 Segmente)
postgres;-1252144122924932230;1508.9442105263158;295.3958963095828;950;tief (4+ Segmente)
postgres;-1243585957331624032;1110.3833898305086;622.0209199738224;2950;mittel (2-3 Segmente)
postgres;-1232941133641981219;2555.047368421053;706.9104516020527;950;tief (4+ Segmente)
postgres;-1229807527270756024;4039.008888888889;315.12539295309193;450;tief (4+ Segmente)
postgres;-1226004613452889364;2136.862105263158;1646.6015277172914;950;flach (<=1 Segment)
postgres;-1198660050556180889;1675.8236734693878;1059.3627694359589;2450;mittel (2-3 Segmente)
postgres;-1186302153172792635;2481.2915789473686;243.20559895735664;950;tief (4+ Segmente)
postgres;-1181655708163936728;2907.6266666666666;290.4890173836009;450;tief (4+ Segmente)
postgres;-1178802131553019457;4405.96818412591;2143.2927276319483;5909;tief (4+ Segmente)
postgres;-1171417445788865595;3917.6215774417656;2863.1267946681974;2447;tief (4+ Segmente)
postgres;-1164875004444016445;1525.1022222222223;243.5521799539204;450;mittel (2-3 Segmente)
postgres;-1163225176108269525;2690.3088888888888;355.15186395216386;450;tief (4+ Segmente)
postgres;-1162206770566412425;664.3355555555555;83.99332260965244;450;flach (<=1 Segment)
postgres;-1161149510275607283;1635.06;343.401833669763;950;tief (4+ Segmente)
postgres;-1160332040732524336;4936.473333333333;315.1120498558651;450;tief (4+ Segmente)
postgres;-1155144216831261604;2305.5555555555557;261.0227149281994;450;mittel (2-3 Segmente)
postgres;-1154564160911596242;3826.357894736842;343.5628452017968;475;tief (4+ Segmente)
postgres;-1147786320482881259;2214.825263157895;379.79601728522;950;tief (4+ Segmente)
postgres;-1147427650133624562;3814.0465356773525;853.1237333807159;967;tief (4+ Segmente)
postgres;-1142806706128653399;3996.28;254.4489688971612;450;mittel (2-3 Segmente)
postgres;-1139035755361484990;3706.3097959183674;2121.5160384244855;2450;tief (4+ Segmente)
postgres;-1138670312123838500;2883.928888888889;314.06822533615286;450;tief (4+ Segmente)
postgres;-1138583354255454768;5901.293333333333;308.5875259997927;450;tief (4+ Segmente)
postgres;-1133666134339386689;4034.9946480032936;2213.130680123176;2429;tief (4+ Segmente)
postgres;-1117996510351194316;3952.412539184953;1891.2625111724653;1595;tief (4+ Segmente)
postgres;-1116646742328492647;2008.1644444444444;193.99644011561222;450;tief (4+ Segmente)
postgres;-1105912045595790768;2328.385669125395;551.3538963632303;949;tief (4+ Segmente)
postgres;-1102119628411974236;3153.101963082332;2369.3278040035766;3413;tief (4+ Segmente)
postgres;-1099182290545768373;935.4357894736842;193.8198722254829;950;flach (<=1 Segment)
postgres;-1094314109542553440;2573.7494736842104;285.4932846298537;950;tief (4+ Segmente)
postgres;-1092728409132368592;4224.092413793103;1138.5423743434735;1450;tief (4+ Segmente)
postgres;-1066283094928762422;2118.6541582150103;292.73472523485543;986;tief (4+ Segmente)
postgres;-1063473002425560919;4906.013333333333;325.60406743545553;450;mittel (2-3 Segmente)
postgres;-1062834293453104512;6305.62447257384;1357.7192606039064;948;mittel (2-3 Segmente)
postgres;-1060510342248940710;1344.851111111111;136.46515030661087;450;mittel (2-3 Segmente)
postgres;-1058932256941506053;3347.4052631578948;1043.6838374497984;950;tief (4+ Segmente)
postgres;-1057225652520132560;3267.6521611807425;1783.6677871998188;17074;tief (4+ Segmente)
postgres;-1041163284904308633;1643.8357289527721;213.63511091068207;487;mittel (2-3 Segmente)
postgres;-1038672730964159000;6072.514866979655;1810.9500206916812;639;tief (4+ Segmente)
postgres;-1015176070002537863;2577.6155555555556;252.30318352475945;450;tief (4+ Segmente)
postgres;-1011705502904244685;1522.3422222222223;156.36763044988487;450;mittel (2-3 Segmente)
postgres;-1005999689980963900;2220.711111111111;329.2397344969029;450;tief (4+ Segmente)
postgres;-1005036532248870835;2643.8288888888887;279.240553849419;450;tief (4+ Segmente)
postgres;-999662701872284303;1829.0452631578946;385.17152728446393;950;mittel (2-3 Segmente)
postgres;-997680069722330455;2213.751111111111;385.20498729516703;450;mittel (2-3 Segmente)
postgres;-988486435997465584;4124.6288888888885;367.6741349921048;450;tief (4+ Segmente)
postgres;-982923286628806194;3352.7309851965288;1457.4646576885611;1959;tief (4+ Segmente)
postgres;-980900924742861384;4188.160689655172;1990.7012743083767;1450;tief (4+ Segmente)
postgres;-980586427626818000;3520.4070247933882;320.7060947428479;484;tief (4+ Segmente)
postgres;-980081605682327130;8903.387096774193;200.15983982826305;341;tief (4+ Segmente)
postgres;-958716564305523346;455.2336842105263;72.48088735492003;475;flach (<=1 Segment)
postgres;-956958556399154076;2078.376260928043;780.0631452538025;2974;tief (4+ Segmente)
postgres;-951867557279280905;2435.4586734693876;293.9068607633238;1960;tief (4+ Segmente)
postgres;-951548361852289622;2138.1666666666665;304.19606157095166;450;tief (4+ Segmente)
postgres;-948298255490516979;1717.7311111111112;204.13160338885163;450;mittel (2-3 Segmente)
postgres;-946987447466547686;4026.6470588235293;1871.3056153077587;969;tief (4+ Segmente)
postgres;-937303043881024454;4174.013605442177;2453.7649927845023;1176;tief (4+ Segmente)
postgres;-935989585016573881;1656.5663157894737;271.2100258203684;950;tief (4+ Segmente)
postgres;-927218716151091781;9181.591397849463;56.61929241013817;93;tief (4+ Segmente)
postgres;-926503039785092662;3426.082410824108;2565.7868656065743;2439;tief (4+ Segmente)
postgres;-904736880637141719;2756.749655172414;367.6499615395496;1450;tief (4+ Segmente)
postgres;-904584677280862342;8696.016786570743;185.7501315276294;834;tief (4+ Segmente)
postgres;-886666454737913978;1442.7494736842104;747.6586047289385;950;mittel (2-3 Segmente)
postgres;-886348599410472089;2218.3244444444445;180.482973865906;450;tief (4+ Segmente)
postgres;-876203789336077986;2279.506315789474;335.0769527112483;950;tief (4+ Segmente)
postgres;-868554760229265647;3914.941052631579;484.86488254335774;475;tief (4+ Segmente)
postgres;-864801177655640342;2047.1155555555556;253.9870750228127;450;mittel (2-3 Segmente)
postgres;-861170935330533380;6110.456084656084;2515.297980887408;945;tief (4+ Segmente)
postgres;-860610073248486863;1854.123448275862;331.45718896690977;1450;tief (4+ Segmente)
postgres;-850787889858782036;4715.303673469388;1526.4513248807727;2450;tief (4+ Segmente)
postgres;-846944826254059170;2238.9422222222224;242.03057334979547;450;tief (4+ Segmente)
postgres;-845312719791041569;1950.2066666666667;215.38707984651893;450;tief (4+ Segmente)
postgres;-838837378139975782;2898.742222222222;284.39927741262574;450;tief (4+ Segmente)
postgres;-838525581036616800;2996.389755011136;296.6132748302409;449;tief (4+ Segmente)
postgres;-833408029171626823;3105.4466666666667;343.14556061294775;450;tief (4+ Segmente)
postgres;-825698979634363711;2359.7705263157895;252.6349244198874;475;tief (4+ Segmente)
postgres;-825665939864897028;1196.7866666666666;196.7680483595694;450;mittel (2-3 Segmente)
postgres;-820555431689515143;2995.3368421052633;379.0558235904244;950;tief (4+ Segmente)
postgres;-812649424073779382;5551.884657236126;2968.159609984223;919;tief (4+ Segmente)
postgres;-809769926997623909;3451.197777777778;333.0435854946749;450;tief (4+ Segmente)
postgres;-806896306229536840;2776.335789473684;1473.1475895988651;950;mittel (2-3 Segmente)
postgres;-799480849859012961;1856.6538461538462;930.4830601170439;1950;mittel (2-3 Segmente)
postgres;-790250887598930119;7677.681614349775;361.0956510251793;446;tief (4+ Segmente)
postgres;-788012020680796868;3365.704623878537;851.7559882509917;1449;tief (4+ Segmente)
postgres;-786944327308176392;3148.5844444444447;305.62069920771376;450;tief (4+ Segmente)
postgres;-768942943594687045;3274.8372801082546;908.9913646969626;2956;tief (4+ Segmente)
postgres;-762537106096969326;5614.58;1540.087032909418;950;tief (4+ Segmente)
postgres;-754649393949767036;872.5533333333333;98.04813621681035;450;flach (<=1 Segment)
postgres;-734300358027829356;5028.640181611805;3540.8437561703954;881;tief (4+ Segmente)
postgres;-720759650088013854;2196.2744827586207;629.5728682057838;1450;tief (4+ Segmente)
postgres;-717309087279289976;933.6577777777778;135.94391036619504;450;mittel (2-3 Segmente)
postgres;-715299219599024243;4560.508077123502;2360.856561212438;1919;tief (4+ Segmente)
postgres;-713455792700484488;3481.3478707029244;1496.9078512264816;1949;tief (4+ Segmente)
postgres;-702205980756045710;4483.37052631579;969.3421544570932;950;tief (4+ Segmente)
postgres;-698097641641718618;6261.329449152542;571.6569770479016;944;tief (4+ Segmente)
postgres;-692562246734684061;4610.304210526316;2115.4321086742725;950;tief (4+ Segmente)
postgres;-685680277932629972;4622.261327713382;346.79460657042546;949;tief (4+ Segmente)
postgres;-683833268483829410;5311.611917098446;2940.5437012314974;1930;tief (4+ Segmente)
postgres;-676524237274392942;1951.1733333333334;198.79652656799894;450;tief (4+ Segmente)
postgres;-672679351817544965;3351.46;224.53685953927368;450;mittel (2-3 Segmente)
postgres;-671720453024294149;4450.520476328783;1850.6923414599842;3443;tief (4+ Segmente)
postgres;-668162802569951284;2486.942025316456;776.9257301737903;3950;tief (4+ Segmente)
postgres;-667023484916216473;2158.08;222.9861677374343;450;tief (4+ Segmente)
postgres;-663959119880159562;2106.7790816326533;545.7072352428546;1960;tief (4+ Segmente)
postgres;-650535156121947178;2408.3844444444444;338.1169540121406;450;tief (4+ Segmente)
postgres;-649275921769806741;2916.155320221886;1429.6531160953523;5949;tief (4+ Segmente)
postgres;-646934847537396402;2169.2644444444445;259.36346413496085;450;tief (4+ Segmente)
postgres;-634323770002774154;2279.6666666666665;184.4811122433689;483;tief (4+ Segmente)
postgres;-626347549977314207;2177.5066666666667;286.36061523874207;450;tief (4+ Segmente)
postgres;-625412731657493661;6909.541104294479;1771.387994759102;815;tief (4+ Segmente)
postgres;-625057257957658654;5604.213333333333;478.99831804085585;450;tief (4+ Segmente)
postgres;-623562049912430588;1770.14;226.07013605130138;450;tief (4+ Segmente)
postgres;-620929178760929530;2273.7520408163264;835.9022177359333;980;mittel (2-3 Segmente)
postgres;-617898335957387498;7802.944071588367;343.3470168722076;447;tief (4+ Segmente)
postgres;-617254561896405400;2697.0530612244897;347.6066073700366;1960;tief (4+ Segmente)
postgres;-615180719405501910;4095.2231578947367;360.93321478984154;475;mittel (2-3 Segmente)
postgres;-608101593959131118;3009.1133333333332;271.03404736852167;450;tief (4+ Segmente)
postgres;-605701124795670244;3706.4733333333334;413.484530509966;450;tief (4+ Segmente)
postgres;-590476832650313023;2284.5911111111113;378.19881634790835;450;tief (4+ Segmente)
postgres;-587320557263378781;2523.82;323.4851381188516;950;tief (4+ Segmente)
postgres;-582445372750389800;3649.8789437585733;2391.9479458664755;2916;tief (4+ Segmente)
postgres;-577948604998728801;1564.4555555555555;209.47760675251112;450;flach (<=1 Segment)
postgres;-576904222660268632;2236.041052631579;448.39274308767034;950;tief (4+ Segmente)
postgres;-572372410351709424;2037.3733333333332;191.0208729368341;450;tief (4+ Segmente)
postgres;-561311154760784585;2054.9222222222224;148.9441553752295;450;tief (4+ Segmente)
postgres;-556305337681428603;4159.648033126294;918.5307102259851;966;tief (4+ Segmente)
postgres;-550419488999605943;2675.041095890411;337.97604869395843;949;tief (4+ Segmente)
postgres;-549531212040157439;2532.3133333333335;300.6316172819766;450;tief (4+ Segmente)
postgres;-538411094949865799;4959.891111111111;500.66960433481034;450;tief (4+ Segmente)
postgres;-534695858185029386;3316.6;407.5739347031935;450;tief (4+ Segmente)
postgres;-530081266796103014;2708.8244444444445;303.91888471761354;450;tief (4+ Segmente)
postgres;-527562961117850576;2224.826280623608;232.12421844764484;449;tief (4+ Segmente)
postgres;-523799415667217518;2129.4333333333334;185.251111703892;450;tief (4+ Segmente)
postgres;-520597336239082261;3368.731111111111;317.96806322394815;450;tief (4+ Segmente)
postgres;-517031666257435008;2583.708628005658;600.0695600748088;4949;tief (4+ Segmente)
postgres;-511470964265651158;7511.423162583519;305.160626611176;449;tief (4+ Segmente)
postgres;-496889103183574071;3075.5791793828416;1552.475982631977;2949;tief (4+ Segmente)
postgres;-484428940663733261;2755.1044444444447;284.8271702396145;450;tief (4+ Segmente)
postgres;-482516043077965790;2167.5022222222224;282.06419564127;450;tief (4+ Segmente)
postgres;-481379052557260490;3009.9452631578947;830.2666749178371;950;tief (4+ Segmente)
postgres;-471621837324455169;2188.6044444444447;332.3052826409345;450;tief (4+ Segmente)
postgres;-470555950724741090;2216.7073684210527;590.1098240808526;950;tief (4+ Segmente)
postgres;-466587019627091675;4452.2555555555555;335.67832335895054;450;tief (4+ Segmente)
postgres;-466354075266607078;2912.893095768374;278.963606771776;449;tief (4+ Segmente)
postgres;-465475944412454114;3533.071111111111;420.11017677926657;450;tief (4+ Segmente)
postgres;-465007406534964700;3130.2655172413793;1696.851451369997;1450;tief (4+ Segmente)
postgres;-462084867582288005;2914.233155865614;1649.469037522645;5447;tief (4+ Segmente)
postgres;-461641511560889927;1954.0379487179487;533.273788402856;1950;tief (4+ Segmente)
postgres;-461248594621337422;2203.6711111111113;220.2333310354846;450;tief (4+ Segmente)
postgres;-458674988903639283;2891.270756302521;1720.3243269851998;5950;mittel (2-3 Segmente)
postgres;-458597930885644573;2467.2637861466037;1543.516248201277;5948;mittel (2-3 Segmente)
postgres;-457687612228832777;2752.02;278.23543899011537;450;tief (4+ Segmente)
postgres;-455523543713398416;2985.72602739726;1191.4487036660148;949;tief (4+ Segmente)
postgres;-452865757161756819;4032.1481481481483;3658.804556165823;729;mittel (2-3 Segmente)
postgres;-448423979179807019;1420.7096551724137;230.13926945127497;1450;tief (4+ Segmente)
postgres;-428178919660219369;7668.677200902935;383.97134967983277;443;tief (4+ Segmente)
postgres;-427237297978106495;2959.3444444444444;245.60442968767344;450;tief (4+ Segmente)
postgres;-419140903170904598;2083.237777777778;153.7549865762252;450;tief (4+ Segmente)
postgres;-419122866998631468;5559.1288888888885;436.3381601833256;450;tief (4+ Segmente)
postgres;-418254811949825438;2017.48;327.549531506611;450;tief (4+ Segmente)
postgres;-410374789153668853;2737.278396436526;219.4271875269659;449;tief (4+ Segmente)
postgres;-399534151784418069;2684.5569620253164;386.13018256815576;474;tief (4+ Segmente)
postgres;-398378841008639226;676.1147368421052;160.37103479936013;950;mittel (2-3 Segmente)
postgres;-397795271767445404;8273.486363636364;319.26620706764;440;tief (4+ Segmente)
postgres;-397197836751117986;1984.7511111111112;230.4482227109939;450;tief (4+ Segmente)
postgres;-392696648755160869;7392.924444444445;312.17886994460565;450;tief (4+ Segmente)
postgres;-382367704045985936;2549.205263157895;382.8137204248363;950;tief (4+ Segmente)
postgres;-364415697452410789;2620.9844444444443;369.9273837461024;450;tief (4+ Segmente)
postgres;-354141664031981590;3628.302071772105;2190.727381547536;5406;tief (4+ Segmente)
postgres;-354029295299657776;2618.668888888889;313.3661401343915;450;tief (4+ Segmente)
postgres;-350198810894283870;2793.8244444444445;293.2720072308159;450;tief (4+ Segmente)
postgres;-348103487528742732;5188.024804177546;2939.0391632820265;766;tief (4+ Segmente)
postgres;-343326838841243641;2884.3459972862956;1964.968190111891;2948;tief (4+ Segmente)
postgres;-337597371140235294;2211.265986394558;299.50531599387443;1470;tief (4+ Segmente)
postgres;-331443925577116998;1068.262105263158;244.04846669179233;950;tief (4+ Segmente)
postgres;-317441495434257212;2510.1096551724136;746.1151983968001;1450;tief (4+ Segmente)
postgres;-317387764582358453;2821.991111111111;288.06874011239614;450;tief (4+ Segmente)
postgres;-303432801253302717;5209.866666666667;255.5692018348518;450;tief (4+ Segmente)
postgres;-301550277496131669;4642.848888888889;284.7333520886441;450;mittel (2-3 Segmente)
postgres;-290972776070374872;9218.818181818182;31.517671810646437;11;tief (4+ Segmente)
postgres;-290220819521966770;2841.7755555555555;249.31910095391856;450;tief (4+ Segmente)
postgres;-283422899342197380;3202.3777777777777;322.75441710218416;450;tief (4+ Segmente)
postgres;-277753507893058776;4698.581052631579;2164.2049446442206;950;tief (4+ Segmente)
postgres;-266524265600946630;3905.376811594203;360.490337974017;966;tief (4+ Segmente)
postgres;-264019085159066489;9182.534482758621;53.94090838219312;58;tief (4+ Segmente)
postgres;-246801436883014674;3650.84;346.3921027096304;450;tief (4+ Segmente)
postgres;-246001255999645660;971.36;134.33264631641003;450;mittel (2-3 Segmente)
postgres;-241425858211006117;4328.057671381937;3077.3206925535947;919;tief (4+ Segmente)
postgres;-238865806560541738;1661.9733333333334;143.41605244182233;450;tief (4+ Segmente)
postgres;-233770229532936674;4425.270186335404;1481.873850322911;966;tief (4+ Segmente)
postgres;-230870765191498583;3794.5741079597437;2527.328659484497;4372;tief (4+ Segmente)
postgres;-229540045068107337;5021.193333333334;362.49990148220763;450;tief (4+ Segmente)
postgres;-222351038864903952;3921.9377777777777;267.93570455761943;450;tief (4+ Segmente)
postgres;-219643762026423677;1183.0344827586207;163.5626781169309;1450;tief (4+ Segmente)
postgres;-210588630405208782;4797.866666666667;305.3697674582498;450;tief (4+ Segmente)
postgres;-210505075524916099;3889.2885888945493;1967.749444981218;3926;tief (4+ Segmente)
postgres;-209323759840863446;1782.2844444444445;203.3693119434114;450;tief (4+ Segmente)
postgres;-207721613753010951;1996.518947368421;285.68769960561985;950;tief (4+ Segmente)
postgres;-200115574970390025;3617.7933333333335;318.8570197825162;450;tief (4+ Segmente)
postgres;-192549819336644918;2381.8689655172416;873.2649606979421;1450;tief (4+ Segmente)
postgres;-190574955427962001;1318.9;143.58384978056648;950;mittel (2-3 Segmente)
postgres;-190069003866816928;2260.362222222222;250.34610322145772;450;tief (4+ Segmente)
postgres;-188946110895000965;635.5265700483092;119.47738183465657;1449;flach (<=1 Segment)
postgres;-188465399133300099;7887.816143497758;340.21036758263546;446;mittel (2-3 Segmente)
postgres;-178955440572685079;1319.7333333333333;212.36814066966886;450;tief (4+ Segmente)
postgres;-177579081297321619;3322.020512820513;2051.386553225398;1950;mittel (2-3 Segmente)
postgres;-166297005415469509;1864.6355555555556;178.21050733479106;450;tief (4+ Segmente)
postgres;-163214882111700806;5262.537777777778;350.0377894259864;450;tief (4+ Segmente)
postgres;-161673237611990535;1799.5733333333333;149.7867681138907;450;tief (4+ Segmente)
postgres;-156080587126985948;1965.5644444444445;203.52847724396022;450;tief (4+ Segmente)
postgres;-154629916319403428;3956.6707366707365;567.0149488410962;2457;tief (4+ Segmente)
postgres;-148782878555390425;6634.246666666667;322.6729042894421;450;tief (4+ Segmente)
postgres;-147018835580887759;4152.359671626475;1498.217918614716;1949;tief (4+ Segmente)
postgres;-133064584206998065;2500.3318485523387;233.328705306511;449;tief (4+ Segmente)
postgres;-131922105061207877;3293.5723076923077;2346.970257827315;1950;tief (4+ Segmente)
postgres;-113989919693148287;8720.03856041131;179.40744693132723;389;tief (4+ Segmente)
postgres;-99519943041115125;2087.3288888888887;186.60427815191642;450;tief (4+ Segmente)
postgres;-98785862471909174;2822.286896551724;329.68056213718995;1450;tief (4+ Segmente)
postgres;-98624059311581746;2220.4484210526316;381.4444801486322;950;tief (4+ Segmente)
postgres;-97824124323916450;3919.5562456866805;2629.4651462931465;1449;mittel (2-3 Segmente)
postgres;-88358986606102469;4768.908888888889;270.9101432421045;450;tief (4+ Segmente)
postgres;-84351002558133935;2678.27975376197;727.3248605866011;1462;tief (4+ Segmente)
postgres;-74083701468800201;5507.12447257384;2190.7390934132045;948;tief (4+ Segmente)
postgres;-65857146176232050;3503.482105263158;282.81454091421926;475;tief (4+ Segmente)
postgres;-58807584850226995;2612.78;264.7554202679282;450;tief (4+ Segmente)
postgres;-46412961072352623;3592.1466666666665;377.2589639488143;450;tief (4+ Segmente)
postgres;-46146791877617245;2247.9822222222224;280.04910426000737;450;tief (4+ Segmente)
postgres;-43942694157641021;2684.0866666666666;1055.5360496717578;1950;tief (4+ Segmente)
postgres;-41039363517434150;3022.3029675638372;783.7949983545479;1449;tief (4+ Segmente)
postgres;-28721297025428128;3265.0266666666666;289.9621343837709;450;tief (4+ Segmente)
postgres;-28414817254969043;1747.943448275862;489.65955227173845;1450;tief (4+ Segmente)
postgres;-26275185089862004;863.6627586206896;345.6437688838473;1450;flach (<=1 Segment)
postgres;-26019162020834691;5136.7155555555555;319.9795149035814;450;tief (4+ Segmente)
postgres;-21110876835005195;2937.4632516703787;244.1445965529653;449;tief (4+ Segmente)
postgres;-20489772213607730;4020.3;482.61220927721035;450;tief (4+ Segmente)
postgres;-19498224542677218;3262.8336842105264;932.4871349353416;950;tief (4+ Segmente)
postgres;-16060888547024929;1722.0452631578946;217.32654518737792;950;tief (4+ Segmente)
postgres;-12691401629138590;5524.828421052632;1176.8237524781991;950;tief (4+ Segmente)
postgres;-4479627821460623;2809.1526315789474;354.4521453733493;950;tief (4+ Segmente)
postgres;-3865811228107998;3359.4955555555557;233.6532965938126;450;tief (4+ Segmente)
postgres;220234770526988;2400.485641025641;594.9211360172162;1950;tief (4+ Segmente)
postgres;765635123294869;3809.9866666666667;410.3763711141516;450;tief (4+ Segmente)
postgres;778453150526408;2246.124095139607;774.80634801478;967;tief (4+ Segmente)
postgres;14515925934050544;2557.717777777778;248.2564463566541;450;tief (4+ Segmente)
postgres;24292029224103532;4465.1149025069635;2753.8080963254333;1436;tief (4+ Segmente)
postgres;31621440109336445;1421.14;223.5841479732952;450;mittel (2-3 Segmente)
postgres;31783551850831752;3061.197894736842;1808.4582640262254;950;mittel (2-3 Segmente)
postgres;35130999116599943;3153.255005268704;1618.402569801992;949;mittel (2-3 Segmente)
postgres;48824298147340786;2510.351111111111;358.2738265605194;450;tief (4+ Segmente)
postgres;50684139167807982;2189.2469565217393;976.2195803514086;3450;tief (4+ Segmente)
postgres;55621005251156460;2634.8002070393377;344.0799498007396;966;tief (4+ Segmente)
postgres;69965469543567790;1090.3089655172414;332.28402916936426;1450;mittel (2-3 Segmente)
postgres;71761511155842919;2692.6422222222222;248.75745290075193;450;tief (4+ Segmente)
postgres;73845720636440095;2265.878947368421;300.83218452222275;950;tief (4+ Segmente)
postgres;81519984447899441;5107.14328358209;2511.37433245924;670;tief (4+ Segmente)
postgres;86213027746613746;3944.189655172414;1611.2090477266051;1450;tief (4+ Segmente)
postgres;89066815405866784;3280.5142857142855;2014.5123805730827;2450;mittel (2-3 Segmente)
postgres;90896676295319176;5907.439620081411;2363.3519822061357;737;tief (4+ Segmente)
postgres;109055709707097422;2570.9533333333334;263.01905737689395;450;tief (4+ Segmente)
postgres;113094063037578259;3337.1489655172413;1726.3274733032954;1450;mittel (2-3 Segmente)
postgres;116562657665866286;1751.1747245333934;789.8198151221937;4447;tief (4+ Segmente)
postgres;122345333946523605;2138.772828507795;360.94323612791345;449;tief (4+ Segmente)
postgres;127658213382634400;3438.4331034482757;1419.6850174112078;1450;tief (4+ Segmente)
postgres;130004579459825462;3089.5066666666667;247.52596984175707;450;tief (4+ Segmente)
postgres;145396509579989882;3640.7255172413793;1008.518375217353;1450;tief (4+ Segmente)
postgres;154762076167983203;3312.823597678917;1969.218820887055;2585;tief (4+ Segmente)
postgres;160880577866574195;1023.4863157894737;152.34950708784936;950;tief (4+ Segmente)
postgres;169020085276254000;4532.5094936708865;3072.1371152719107;948;tief (4+ Segmente)
postgres;171992246172382490;3202.9622222222224;387.8581766085236;450;tief (4+ Segmente)
postgres;189453191465587307;1737.8666666666666;221.76674678077464;450;mittel (2-3 Segmente)
postgres;196204178423726517;2726.608275862069;411.09576972347134;1450;tief (4+ Segmente)
postgres;198385241727043463;2582.3179310344826;978.5137264191795;1450;mittel (2-3 Segmente)
postgres;205102982441293824;3363.3462151394424;2581.14276439119;5020;mittel (2-3 Segmente)
postgres;216066959344576262;3013.203095507739;1493.208876237677;7947;tief (4+ Segmente)
postgres;224220800015987504;3492.623358673117;2954.668830655207;1447;tief (4+ Segmente)
postgres;261597305119200377;4391.332603938731;2894.8893878734525;1828;tief (4+ Segmente)
postgres;262677537877632232;5525.182222222223;264.7337404980327;450;tief (4+ Segmente)
postgres;269281139764885068;4529.046666666667;242.2804887601416;450;tief (4+ Segmente)
postgres;279850790422375921;1906.2693779904307;1025.445240146863;10450;mittel (2-3 Segmente)
postgres;284898153821570014;1902.0378062787136;896.0041931404415;10448;mittel (2-3 Segmente)
postgres;291435979607624138;3269.2443064182194;1026.662801484846;1449;tief (4+ Segmente)
postgres;298595583207991329;4205.958446866485;2204.6177323791126;1468;mittel (2-3 Segmente)
postgres;299361657169361136;2660.5515789473684;290.85214174720636;950;tief (4+ Segmente)
postgres;301876092220321866;3950.497487437186;1793.8278841440695;3582;tief (4+ Segmente)
postgres;304097774186092443;2724.877500442556;1576.9574242538354;16947;tief (4+ Segmente)
postgres;308162024531195583;9051.942028985508;140.57930257462533;207;tief (4+ Segmente)
postgres;317286058574969493;1920.717894736842;280.8948038465971;950;tief (4+ Segmente)
postgres;323692559288206343;2512.8073684210526;754.2938342280826;950;tief (4+ Segmente)
postgres;329151663944448143;2441.9484210526316;1099.5979351762483;950;mittel (2-3 Segmente)
postgres;336549245393134503;625.44;97.44718037038363;450;flach (<=1 Segment)
postgres;342978303977375831;2654.5066666666667;262.57204963060326;450;tief (4+ Segmente)
postgres;344095167307157100;2811.6115789473683;1860.6029710506884;950;mittel (2-3 Segmente)
postgres;346416045918984180;3684.0355555555557;259.1954720276259;450;tief (4+ Segmente)
postgres;348182224927877444;1823.0777215189873;1127.4316870431555;3950;mittel (2-3 Segmente)
postgres;352134611303073693;2768.432631578947;285.8594959247441;950;tief (4+ Segmente)
postgres;352905326162789826;1902.056842105263;228.70617197301976;950;tief (4+ Segmente)
postgres;362945847240383480;2573.6044444444447;248.9439950572828;450;tief (4+ Segmente)
postgres;379805405681127987;2625.911825017088;413.7603620777298;1463;tief (4+ Segmente)
postgres;381080849618286075;3641.728421052632;2788.9833046255617;950;mittel (2-3 Segmente)
postgres;391547727805288058;2356.1222222222223;236.9181221640719;450;tief (4+ Segmente)
postgres;404347370846090296;3013.173205148085;961.954778024573;6449;tief (4+ Segmente)
postgres;414336757615280431;3146.036842105263;1443.6384456505389;950;tief (4+ Segmente)
postgres;414807045963464707;3256.611082606465;1327.0052331120157;1949;tief (4+ Segmente)
postgres;420793949386833617;2062.3444444444444;271.37204637284583;450;tief (4+ Segmente)
postgres;421813618953015950;2165.7266666666665;344.12703337608156;450;tief (4+ Segmente)
postgres;432923968139421101;2381.7642105263158;246.31315867028454;475;tief (4+ Segmente)
postgres;434976712988593884;4537.058947368421;285.519521857541;475;tief (4+ Segmente)
postgres;446082632477242252;996.8705263157894;236.2440449229929;950;flach (<=1 Segment)
postgres;450111746268530078;2037.8231578947368;282.63676031462336;475;tief (4+ Segmente)
postgres;451107429500455202;3724.955456570156;394.93398269840736;449;tief (4+ Segmente)
postgres;452835052595440373;2139.0821052631577;499.32845903883816;950;mittel (2-3 Segmente)
postgres;461907301796001958;5716.233926128591;767.8844882318659;1462;tief (4+ Segmente)
postgres;464614326349322068;3605.422105263158;1199.4117023588326;950;tief (4+ Segmente)
postgres;467117702599375475;4131.36;429.8504263605155;450;tief (4+ Segmente)
postgres;472276104792498011;2235.466315789474;1271.1587034427928;950;mittel (2-3 Segmente)
postgres;472754285631005677;2098.051111111111;307.398958808042;450;tief (4+ Segmente)
postgres;477190216694263929;2914.1911111111112;272.0226783928316;450;tief (4+ Segmente)
postgres;492480190192452627;3517.8526315789472;536.1944068205169;950;tief (4+ Segmente)
postgres;499293259869532627;2171.6505263157896;269.4112740263615;475;mittel (2-3 Segmente)
postgres;500012930986694444;2829.0905263157892;888.6567622605584;950;mittel (2-3 Segmente)
postgres;501531815956227038;2171.870344827586;310.82970915224394;1450;tief (4+ Segmente)
postgres;503337790243898993;4521.357438016529;275.0335163585427;484;tief (4+ Segmente)
postgres;519198817752734436;8330.881818181819;242.5467846026;440;mittel (2-3 Segmente)
postgres;519247055886916772;2320.7955555555554;238.86092528563537;450;tief (4+ Segmente)
postgres;523569322275171621;2509.9694736842107;816.7204587943235;950;tief (4+ Segmente)
postgres;529357289428057073;3398.4355555555558;399.487312394483;450;mittel (2-3 Segmente)
postgres;532459917383678850;2274.0027118644066;1392.3741516641812;2950;mittel (2-3 Segmente)
postgres;534558442269524382;2729.1133333333332;253.98377453743987;450;tief (4+ Segmente)
postgres;536291892245051489;7342.464125560538;394.5942217439682;446;tief (4+ Segmente)
postgres;537487025181692291;2734.362222222222;291.137313510293;450;tief (4+ Segmente)
postgres;540897163100036440;2265.9673684210525;283.05591904618825;950;tief (4+ Segmente)
postgres;541958686418023372;1544.3303448275863;472.41643673010833;1450;mittel (2-3 Segmente)
postgres;546253624952219151;3401.382222222222;227.5874352050265;450;mittel (2-3 Segmente)
postgres;546450313911305658;3009.861052631579;379.4834787058638;475;tief (4+ Segmente)
postgres;551503524306605506;8612.446511627906;276.34296058387247;430;tief (4+ Segmente)
postgres;555810284822535545;4367.133333333333;279.5479727029266;450;tief (4+ Segmente)
postgres;555894838874132227;2175.2020925110132;1065.7845794010284;5448;tief (4+ Segmente)
postgres;571323860803538148;928.16;120.29740873304041;450;mittel (2-3 Segmente)
postgres;571649642927370185;2622.7549152542374;2024.301591446084;2950;flach (<=1 Segment)
postgres;574045781432188866;9099.804232804232;116.3870504562382;189;tief (4+ Segmente)
postgres;574058482254279801;6228.697777777777;370.66052790097024;450;tief (4+ Segmente)
postgres;574100122439552409;5646.935555555556;471.26829569586687;450;tief (4+ Segmente)
postgres;577967302292120497;2387.1444444444446;217.80450159630527;450;tief (4+ Segmente)
postgres;578251888895364054;2184.0103797468355;883.093667781666;3950;mittel (2-3 Segmente)
postgres;578463988515721045;1618.921052631579;407.3227362468125;950;mittel (2-3 Segmente)
postgres;579891964443763564;1701.96;724.3128781105769;1450;mittel (2-3 Segmente)
postgres;584385028264445970;2479.180445220428;2165.262007074967;11455;flach (<=1 Segment)
postgres;591457710187147916;5958.742222222222;316.4618080299716;450;tief (4+ Segmente)
postgres;592098668111574451;2479.5422222222223;283.8359014043298;450;tief (4+ Segmente)
postgres;595984656418740831;3039.8887390424816;1125.9813098161412;4449;tief (4+ Segmente)
postgres;610439811260925795;2719.9066666666668;289.19857035567844;450;tief (4+ Segmente)
postgres;612069711136148679;5607.953333333333;282.3975700539632;450;tief (4+ Segmente)
postgres;616692867258240645;3304.7444444444445;315.95880736810744;450;tief (4+ Segmente)
postgres;625867593058149322;2310.164426059979;303.4782538763439;967;tief (4+ Segmente)
postgres;630993574768687092;3423.8434723171567;1703.0674986714089;1463;tief (4+ Segmente)
postgres;631903631023055486;3217.9666666666667;311.2182703570098;450;tief (4+ Segmente)
postgres;638724923650942432;3549.5561015561016;2473.8039478657306;2442;tief (4+ Segmente)
postgres;644710201368662322;1964.4873684210527;285.1749603432357;950;tief (4+ Segmente)
postgres;644992069957152118;2653.2968421052633;286.49732433282844;950;tief (4+ Segmente)
postgres;660258847720122551;3397.9531034482757;1923.3722360280904;1450;tief (4+ Segmente)
postgres;663958971997491345;2625.429162357808;353.19996344808953;967;tief (4+ Segmente)
postgres;666837293074761061;3482.411111111111;324.0530935643899;450;tief (4+ Segmente)
postgres;667240083722010687;1594.3094736842106;163.72639461622003;475;mittel (2-3 Segmente)
postgres;674835182984831971;3780.14;294.91572228633447;450;tief (4+ Segmente)
postgres;675848341813823045;1326.84;195.96860391240313;450;mittel (2-3 Segmente)
postgres;685541436957367618;2740.0155555555557;241.79895978115704;450;tief (4+ Segmente)
postgres;692923801389120410;1430.65003417635;220.43558857947343;1463;mittel (2-3 Segmente)
postgres;695561264036356355;3004.826666666667;327.4025211701901;450;tief (4+ Segmente)
postgres;696792148691169892;837.6110204081633;189.38870770493426;2450;flach (<=1 Segment)
postgres;701806793089666002;1809.1888888888889;288.9811183035258;450;tief (4+ Segmente)
postgres;702120818418443809;1983.1294736842106;263.78052527822405;950;tief (4+ Segmente)
postgres;702449647868112313;1521.983448275862;408.1658443863751;1450;mittel (2-3 Segmente)
postgres;702707616975188689;5648.504444444445;640.1619200987891;450;tief (4+ Segmente)
postgres;704576258559910110;3403.316005471956;1206.9949555519697;1462;tief (4+ Segmente)
postgres;705857345076947779;3684.9515789473685;263.6261172910715;475;tief (4+ Segmente)
postgres;709714851240357095;2495.0733333333333;208.0787743798938;450;tief (4+ Segmente)
postgres;710066153261140959;2174.4136842105263;373.6062662388359;950;tief (4+ Segmente)
postgres;713639260851148059;3646.4421837911154;1911.154586790587;2949;tief (4+ Segmente)
postgres;715526251058155140;1848.1733333333334;280.97265233217024;450;tief (4+ Segmente)
postgres;719053761332066191;5642.9473684210525;339.2904102036196;475;tief (4+ Segmente)
postgres;720121612753188864;3856.0103662750516;2089.623577987065;1447;tief (4+ Segmente)
postgres;727293615200937896;2812.5986440677966;751.3957273608637;2950;tief (4+ Segmente)
postgres;728651541046469923;3416.7673684210527;1003.3136865523197;950;tief (4+ Segmente)
postgres;732749034716642520;2332.4336842105263;325.5849868668805;475;tief (4+ Segmente)
postgres;739276447270787241;2713.5401119402986;1995.216923588514;6432;mittel (2-3 Segmente)
postgres;748118726363390543;5974.684444444444;463.0571241250052;450;mittel (2-3 Segmente)
postgres;770283466765960222;4238.7;712.2447894842941;950;tief (4+ Segmente)
postgres;771711346146492937;2731.991111111111;345.31752266220144;450;tief (4+ Segmente)
postgres;778577796266662606;4261.726582278481;1691.413058927377;3950;tief (4+ Segmente)
postgres;779957869093870285;2323.351111111111;225.9878316512683;450;tief (4+ Segmente)
postgres;784477388852730419;6432.082222222222;378.2519574778273;450;tief (4+ Segmente)
postgres;791467191652943023;4220.242956308697;1205.8581000818824;2449;tief (4+ Segmente)
postgres;793237766005492046;2455.7820689655173;1944.6019668858053;1450;mittel (2-3 Segmente)
postgres;810478841380607058;2796.4933333333333;224.27866297019222;450;tief (4+ Segmente)
postgres;820279755359982521;3035.508888888889;259.2077894171605;450;tief (4+ Segmente)
postgres;827258738557331255;3517.0558620689653;720.9521589611985;1450;tief (4+ Segmente)
postgres;841443722960668080;2484.9119420989146;1584.0175580131092;9948;mittel (2-3 Segmente)
postgres;841623167744017229;4079.86;275.34840525445077;450;tief (4+ Segmente)
postgres;844072058332395339;2189.421379310345;1238.643238444551;1450;mittel (2-3 Segmente)
postgres;850840742481327360;2046.7088888888889;186.39055951965483;450;tief (4+ Segmente)
postgres;851620494779174381;1596.0355555555554;188.42964594884697;450;tief (4+ Segmente)
postgres;860892702388395162;1756.9873684210527;278.70539916577314;950;tief (4+ Segmente)
postgres;863151931467042775;1329.8333333333333;139.0731689621224;450;tief (4+ Segmente)
postgres;866816578257378487;2234.028888888889;272.66567724348226;450;tief (4+ Segmente)
postgres;868072699469389652;5945.687368421052;285.0394573622071;950;tief (4+ Segmente)
postgres;868794215893605913;2972.4885496183206;1830.0537344561064;524;tief (4+ Segmente)
postgres;882259519779834076;8182.457207207207;270.97382357538334;444;mittel (2-3 Segmente)
postgres;883025930476208538;3146.1044444444447;278.6329341749266;450;tief (4+ Segmente)
postgres;884969185107227811;3806.5782340862424;2199.995809162214;2435;tief (4+ Segmente)
postgres;885736626129999021;2474.553103448276;320.8544260884275;1450;tief (4+ Segmente)
postgres;892596341944618525;2817.3681290973273;1953.2906463173406;5949;tief (4+ Segmente)
postgres;894610186173888786;4282.755789473684;381.38230061545994;475;tief (4+ Segmente)
postgres;894811393929770784;1930.5333333333333;256.5487315703949;450;tief (4+ Segmente)
postgres;906410208746516722;4146.14;401.51037834634127;450;tief (4+ Segmente)
postgres;908040430437087314;4548.956121726822;2874.1154948395374;1413;tief (4+ Segmente)
postgres;911586497668994622;8564.422391857506;334.51458085328363;393;tief (4+ Segmente)
postgres;922987097739956310;2093.0622222222223;260.0543384102799;450;tief (4+ Segmente)
postgres;924430201589061782;3626.943448275862;817.7240973293979;1450;tief (4+ Segmente)
postgres;928034772859449220;1943.5288888888888;241.67314028653746;450;tief (4+ Segmente)
postgres;934033264968957075;1953.2890370600094;689.5134778302985;6449;tief (4+ Segmente)
postgres;936109814944659244;1780.431111111111;213.1730288582862;450;tief (4+ Segmente)
postgres;939072347979899171;1008.5377777777778;190.28522640830548;450;mittel (2-3 Segmente)
postgres;941578832741102879;2584.444217687075;657.6256562008269;1470;tief (4+ Segmente)
postgres;942884485302015840;2282.7755555555555;148.24599080132367;450;tief (4+ Segmente)
postgres;943174070164045574;1208.5389344262296;155.63845629046912;488;mittel (2-3 Segmente)
postgres;944641628550881975;3217.5103846848474;2337.095037084512;5537;flach (<=1 Segment)
postgres;945228569708136545;5770.910676901605;2004.5298663358867;1433;tief (4+ Segmente)
postgres;947346635220761434;3640.3682051282053;455.5551849155576;975;tief (4+ Segmente)
postgres;947533190914524242;1673.4866666666667;201.87868426999293;450;tief (4+ Segmente)
postgres;950010022006984728;1752.2136842105263;646.3141289165827;950;flach (<=1 Segment)
postgres;952660895531099633;3623.963748290014;1621.756939946504;1462;tief (4+ Segmente)
postgres;966278925912315269;4572.7844444444445;372.83721703092556;450;tief (4+ Segmente)
postgres;976780217932779086;2709.9338235294117;1404.6433016153787;2448;tief (4+ Segmente)
postgres;980987944792705654;1949.8666666666666;226.81474048954746;450;tief (4+ Segmente)
postgres;982283969931344316;2230.3133333333335;198.74119901792506;450;tief (4+ Segmente)
postgres;986834840907361064;5339.859786476868;2281.1460628280247;1405;tief (4+ Segmente)
postgres;990959519800614164;2605.117894736842;217.25297528416056;475;tief (4+ Segmente)
postgres;992519083526562400;8183.2889390519185;302.0428897947585;443;tief (4+ Segmente)
postgres;996214500070654972;4291.711888111888;3257.3187320420307;1430;tief (4+ Segmente)
postgres;1001113396833123475;5018.5488888888885;359.5337658481525;450;tief (4+ Segmente)
postgres;1003997077660890209;3284.317098445596;984.5067708842264;965;mittel (2-3 Segmente)
postgres;1006115099566102738;2422.8866666666668;310.0811777468491;450;tief (4+ Segmente)
postgres;1008367685215887102;2301.153333333333;240.01818054747116;450;tief (4+ Segmente)
postgres;1017719584948036457;1719.8927536231884;841.8373770609659;3450;mittel (2-3 Segmente)
postgres;1019220999000052943;4476.220986796387;2628.978923577798;1439;tief (4+ Segmente)
postgres;1024439070495996524;1431.8707692307692;666.4196477929796;1950;mittel (2-3 Segmente)
postgres;1031963741124383336;1275.1010256410257;206.59138301771569;1950;mittel (2-3 Segmente)
postgres;1044890140955998032;4312.997772828508;302.0375782179146;449;tief (4+ Segmente)
postgres;1052200557843376719;2637.197777777778;427.0441040574095;450;tief (4+ Segmente)
postgres;1058109469347465380;2769.804745657568;1181.3077108595055;6448;tief (4+ Segmente)
postgres;1058427436752790349;4713.592649310873;2624.1323866370117;1306;tief (4+ Segmente)
postgres;1061550679335091760;3366.894214876033;1682.9688060189987;5445;tief (4+ Segmente)
postgres;1063590212119669211;2474.4244444444444;262.587721819931;450;tief (4+ Segmente)
postgres;1064070546250850038;5838.020833333333;2432.22934541973;960;tief (4+ Segmente)
postgres;1079853038159629685;2445.6774358974358;944.2016920950438;1950;tief (4+ Segmente)
postgres;1091559841481006654;3614.7073684210527;564.051958469182;950;tief (4+ Segmente)
postgres;1091761124864821958;2814.170814754763;1886.0112982531114;24670;tief (4+ Segmente)
postgres;1096266053513768534;2900.7044444444446;297.35594176831995;450;tief (4+ Segmente)
postgres;1105372132697064547;4115.708888888889;280.0172316700712;450;mittel (2-3 Segmente)
postgres;1105819212810472252;3372.8552211198926;1630.3325209552129;5947;tief (4+ Segmente)
postgres;1107012126207592050;2818.0557894736844;723.5506642915836;950;tief (4+ Segmente)
postgres;1110987757642066515;3111.7849017580143;1926.455517399025;967;flach (<=1 Segment)
postgres;1123998492227682002;2689.321768707483;930.5663203216376;1470;tief (4+ Segmente)
postgres;1129444051888013986;3525.7611159546645;2124.0362130144777;3441;tief (4+ Segmente)
postgres;1148471543107984423;2758.298947368421;287.7126128148178;475;tief (4+ Segmente)
postgres;1150651606152735991;1498.871111111111;192.9122175043867;450;tief (4+ Segmente)
postgres;1165458953488540869;2565.6715789473683;1221.0168798149664;950;tief (4+ Segmente)
postgres;1170618604290476525;3610.06;403.5488930561694;450;tief (4+ Segmente)
postgres;1174486356289274692;3707.6;620.7174475002222;950;tief (4+ Segmente)
postgres;1180045122745345662;4329.568888888889;282.4169167080129;450;tief (4+ Segmente)
postgres;1184582857010550870;1033.3467796610169;429.6506653276388;2950;mittel (2-3 Segmente)
postgres;1192458518372942788;5067.848421052631;288.22205269356823;475;tief (4+ Segmente)
postgres;1192466059122394115;2807.7902564102565;1046.0897129989933;1950;tief (4+ Segmente)
postgres;1196898599040711063;3444.822222222222;2249.650134364549;3465;tief (4+ Segmente)
postgres;1197418899183458150;2391.0835897435895;484.2537017967796;1950;tief (4+ Segmente)
postgres;1198917728635788491;3503.8660130718954;1827.3554197301835;2448;tief (4+ Segmente)
postgres;1205950391028914172;2105.445077298617;546.5212972257357;2458;tief (4+ Segmente)
postgres;1207091471046834000;2430.6494736842105;507.8317431197669;950;tief (4+ Segmente)
postgres;1210508000477463450;326.14526315789476;68.45824301388524;950;flach (<=1 Segment)
postgres;1214764517525893179;1370.6757894736843;510.6761031638671;950;mittel (2-3 Segmente)
postgres;1216857385186861346;6771.063897763578;1807.6837805592377;939;tief (4+ Segmente)
postgres;1217987404552529599;4757.758325832583;2311.091345882807;2222;tief (4+ Segmente)
postgres;1224761702047800647;2176.791111111111;230.71547650994842;450;tief (4+ Segmente)
postgres;1224801279248777517;2630.3288888888887;256.3635074237927;450;mittel (2-3 Segmente)
postgres;1234668911638465037;1466.5177777777778;200.60438944373342;450;mittel (2-3 Segmente)
postgres;1235605563547606794;2953.1557894736843;293.8233864577349;475;tief (4+ Segmente)
postgres;1240305265040232137;1966.6599014207015;884.4267494782616;3449;tief (4+ Segmente)
postgres;1247822760208748346;5036.29255861366;1961.8844531333436;2943;tief (4+ Segmente)
postgres;1250577393356769475;2507.013684210526;1494.1476344922219;950;tief (4+ Segmente)
postgres;1254063499522762898;2911.008429926238;1338.829655303625;949;tief (4+ Segmente)
postgres;1255375134081242730;2882.117777777778;289.08014300866546;450;tief (4+ Segmente)
postgres;1260268606450345231;4717.156720741599;2169.263774854367;3452;tief (4+ Segmente)
postgres;1267619242023312148;3121.322222222222;299.0330306214067;450;tief (4+ Segmente)
postgres;1274112401804631222;4547.286666666667;278.82516023079467;450;tief (4+ Segmente)
postgres;1283830801827014687;4336.717777777778;354.84361861231815;450;tief (4+ Segmente)
postgres;1285593015819318607;7173.217777777778;441.3259951347616;450;tief (4+ Segmente)
postgres;1296663213432021271;2134.4344827586206;383.455913676545;1450;tief (4+ Segmente)
postgres;1298828997764405831;3027.0444444444443;286.14731013630535;450;tief (4+ Segmente)
postgres;1300558329237860451;2829.766666666667;277.94366007110034;450;tief (4+ Segmente)
postgres;1306266163645734090;2565.5883977900553;582.9555766467344;1448;tief (4+ Segmente)
postgres;1317909952453965209;2954.3977777777777;316.1271832445638;450;tief (4+ Segmente)
postgres;1319060920957222650;3098.977931034483;373.8802996463238;1450;tief (4+ Segmente)
postgres;1320927311701068674;1771.9538775510205;1082.5119909782732;2450;mittel (2-3 Segmente)
postgres;1323114184584579285;7102.5488888888885;304.83926694833065;450;tief (4+ Segmente)
postgres;1331249161984034190;2053.222222222222;248.91724449160938;450;mittel (2-3 Segmente)
postgres;1333707329423800120;1281.8916494133884;351.79485718147606;1449;tief (4+ Segmente)
postgres;1336726014856782946;1914.4733333333334;261.9516105707764;450;tief (4+ Segmente)
postgres;1341103690676261251;848.8336842105264;153.80339703312666;475;flach (<=1 Segment)
postgres;1347883061730129623;2914.2355371900826;301.0553526508907;484;mittel (2-3 Segmente)
postgres;1349459455890926656;2498.56;299.7156888866687;450;tief (4+ Segmente)
postgres;1351281421635700200;2433.896842105263;237.54548285455937;475;tief (4+ Segmente)
postgres;1356836463227298037;2415.887118644068;1812.9434358141696;2950;mittel (2-3 Segmente)
postgres;1359086945570788338;2273.0177777777776;244.66982368717453;450;tief (4+ Segmente)
postgres;1366651016783804805;3295.479060265577;2385.3722227577973;1958;tief (4+ Segmente)
postgres;1376370721144223503;1624.7263157894736;193.07827505335595;475;flach (<=1 Segment)
postgres;1377313767990376940;4061.4866666666667;297.6875778919577;450;tief (4+ Segmente)
postgres;1382910101992532460;7362.595555555556;338.0818827528055;450;tief (4+ Segmente)
postgres;1383954887380630639;6811.577777777778;356.83357458415736;450;tief (4+ Segmente)
postgres;1384780729080607034;2619.966315789474;1050.9629609715778;950;tief (4+ Segmente)
postgres;1399816806175798498;3059.063157894737;261.64809565611364;475;tief (4+ Segmente)
postgres;1420436247092928426;6934.935106382979;1412.1731457772487;940;tief (4+ Segmente)
postgres;1422912377713087727;2088.228888888889;276.2303734351398;450;tief (4+ Segmente)
postgres;1435344616435448106;4119.622222222222;286.3972422203085;450;tief (4+ Segmente)
postgres;1439172101841367227;3704.6152271796973;2654.5775990632933;2443;tief (4+ Segmente)
postgres;1443113700463833642;3293.028888888889;356.6175252244399;450;tief (4+ Segmente)
postgres;1452010747493044424;2385.421557087607;933.5686850828405;5947;tief (4+ Segmente)
postgres;1469321756263440472;1843.7102212855636;187.89656041692763;949;tief (4+ Segmente)
postgres;1479572852636679391;2201.6666666666665;248.27589904982264;450;tief (4+ Segmente)
postgres;1486210760028573363;2094.1781737193764;208.09741744565255;449;tief (4+ Segmente)
postgres;1506404664137565756;2711.482105263158;844.6909369235291;950;tief (4+ Segmente)
postgres;1517341995874318841;3327.5102179836513;1443.8699033439123;1468;tief (4+ Segmente)
postgres;1532387263848077728;1756.7977777777778;154.04079665112312;450;tief (4+ Segmente)
postgres;1536961433538996972;2313.503157894737;263.18424892760856;950;tief (4+ Segmente)
postgres;1544157272286921624;1931.7293854748602;698.5224853904165;8950;tief (4+ Segmente)
postgres;1545390734418803734;1460.7314049586778;168.3616528008674;484;mittel (2-3 Segmente)
postgres;1548543301448725952;2787.3494736842104;975.6761401338488;950;tief (4+ Segmente)
postgres;1549581616649113561;2273.208888888889;341.01513059863424;450;tief (4+ Segmente)
postgres;1550520271948297705;2850.2302685109844;2360.446603064991;2458;mittel (2-3 Segmente)
postgres;1551199702030526754;2777.5866666666666;242.5344056138402;450;tief (4+ Segmente)
postgres;1551488042045096015;3578.2673684210527;288.2831708672756;950;tief (4+ Segmente)
postgres;1561586235850677378;2209.0866666666666;339.0862200569597;450;tief (4+ Segmente)
postgres;1572446431233414486;3292.1466666666665;234.2669004963174;450;tief (4+ Segmente)
postgres;1574197128625307796;1922.0;252.88163732155823;450;tief (4+ Segmente)
postgres;1585848835667854762;2292.9533333333334;349.9837540613911;450;tief (4+ Segmente)
postgres;1588708903577277077;1503.7869700103413;424.1228557944853;967;mittel (2-3 Segmente)
postgres;1589757240955385579;3672.86;482.9160914725438;450;tief (4+ Segmente)
postgres;1593840043356105979;2903.2721862871927;2052.585854445708;3865;tief (4+ Segmente)
postgres;1601693688490054344;2010.828888888889;233.23585959589337;450;tief (4+ Segmente)
postgres;1604098447104866056;2141.4736842105262;177.95335768894395;475;tief (4+ Segmente)
postgres;1605435379003421491;3079.4316066997517;1700.1790073473874;6448;tief (4+ Segmente)
postgres;1607591716469079271;3414.516142214957;2021.297392382307;2447;mittel (2-3 Segmente)
postgres;1633833737861590706;1903.411111111111;250.01227116629545;450;tief (4+ Segmente)
postgres;1633836459440881713;1875.601861427094;236.098576888879;967;tief (4+ Segmente)
postgres;1634087082394646356;3236.3642105263157;299.29777162614744;475;mittel (2-3 Segmente)
postgres;1639840190049647370;3435.8929874341306;2342.045842810318;2467;tief (4+ Segmente)
postgres;1640038162004689600;2881.4466666666667;233.24919629525647;450;tief (4+ Segmente)
postgres;1648361073138611008;2469.317777777778;286.3931275606691;450;tief (4+ Segmente)
postgres;1651872849558094366;3373.801052631579;1677.9400253153467;950;flach (<=1 Segment)
postgres;1657519836323589944;1879.8110711261643;980.9106124915376;9448;mittel (2-3 Segmente)
postgres;1664155460377545707;1118.4;115.96670284726143;450;mittel (2-3 Segmente)
postgres;1670806681553262669;3343.0357894736844;1324.4380746871043;950;tief (4+ Segmente)
postgres;1693831707291403119;2798.757777777778;287.67798827746867;450;tief (4+ Segmente)
postgres;1694706032511766814;2141.7901449275364;1125.7614748472226;3450;tief (4+ Segmente)
postgres;1706540686163170054;1511.2066666666667;236.56258573799622;450;tief (4+ Segmente)
postgres;1716607502897468017;3517.7933333333335;365.9229469075376;450;tief (4+ Segmente)
postgres;1718406927838679076;1135.5384615384614;200.51242540707787;1950;mittel (2-3 Segmente)
postgres;1720518224364321299;2159.1133333333332;338.1002448175054;450;tief (4+ Segmente)
postgres;1723319906543505586;2607.297777777778;245.47421538363923;450;tief (4+ Segmente)
postgres;1726723007447426020;1899.048888888889;147.68108754311217;450;tief (4+ Segmente)
postgres;1730884936415930028;3268.619041224654;1879.5996517044875;7447;tief (4+ Segmente)
postgres;1736795191242317024;2451.9524137931035;365.8973273839497;1450;tief (4+ Segmente)
postgres;1740058229889580562;2606.7425641025643;549.9810280636552;1950;tief (4+ Segmente)
postgres;1753949949084152026;3748.6266666666666;275.8231062189609;450;tief (4+ Segmente)
postgres;1757040141546718762;3214.9521924482337;2378.2155787197084;3284;tief (4+ Segmente)
postgres;1759607453612596626;2179.5221052631578;316.02774123571396;950;tief (4+ Segmente)
postgres;1764446796910666865;1813.5795454545455;947.8457803829717;2464;mittel (2-3 Segmente)
postgres;1767127748645358733;3154.1911111111112;314.35532916118456;450;tief (4+ Segmente)
postgres;1768538210307550565;1888.1377777777777;299.53747365601316;450;tief (4+ Segmente)
postgres;1781777077478460937;4231.640282685512;2648.729817963913;2830;tief (4+ Segmente)
postgres;1789906248242211168;3500.0273684210524;1126.0022437770556;950;tief (4+ Segmente)
postgres;1790322390662773905;1507.5;158.51752307708583;450;tief (4+ Segmente)
postgres;1791456716324990400;4286.011623931624;2866.262460238576;2925;tief (4+ Segmente)
postgres;1791536826426032215;3956.309142857143;2161.759062678387;3500;tief (4+ Segmente)
postgres;1794445362784521165;2733.2255639097743;607.0609454525805;1463;tief (4+ Segmente)
postgres;1796672804654232882;6302.88;533.7036737770486;450;tief (4+ Segmente)
postgres;1837667720311484355;2786.26;589.5977024796057;950;tief (4+ Segmente)
postgres;1838813442061083112;748.3073684210526;137.7159162992054;950;flach (<=1 Segment)
postgres;1847540645866231359;4240.147368421052;415.58881935621247;950;tief (4+ Segmente)
postgres;1847593386462299368;3321.3675862068967;1414.8843371185587;1450;tief (4+ Segmente)
postgres;1855626062595687034;5687.126666666667;359.47184648969136;450;tief (4+ Segmente)
postgres;1856508447361017397;2048.6244444444446;186.3492992112012;450;mittel (2-3 Segmente)
postgres;1866741444884692068;2262.222222222222;307.0613273400523;450;tief (4+ Segmente)
postgres;1873877654382191983;1487.9711111111112;224.523274344985;450;tief (4+ Segmente)
postgres;1883719810469011727;3353.382105263158;933.2943884356928;950;mittel (2-3 Segmente)
postgres;1887040470621257809;3242.702105263158;1968.4352053701323;950;mittel (2-3 Segmente)
postgres;1889816417550576150;708.3311111111111;97.19951314235135;450;mittel (2-3 Segmente)
postgres;1890504914675429711;2207.9038493864514;980.4984873140089;5949;tief (4+ Segmente)
postgres;1892451228872793500;1122.516551724138;244.0464749191603;1450;mittel (2-3 Segmente)
postgres;1895128064055001213;3016.551111111111;273.69280864969363;450;tief (4+ Segmente)
postgres;1901145703407450002;2053.3441379310343;299.46690070948864;1450;tief (4+ Segmente)
postgres;1901375619194703056;2732.9177777777777;197.97518436748666;450;tief (4+ Segmente)
postgres;1906145296510787395;2803.1936842105265;304.1854475023192;950;tief (4+ Segmente)
postgres;1910824650983392745;1464.6;172.82333887180081;450;mittel (2-3 Segmente)
postgres;1915010223075123225;2515.3355555555554;389.32442867063054;450;tief (4+ Segmente)
postgres;1917844029020332135;3089.071392575172;1609.4254194867647;5953;mittel (2-3 Segmente)
postgres;1923552200829818935;1773.7715789473684;804.7716517216452;950;mittel (2-3 Segmente)
postgres;1934584289398945923;1972.2377777777779;313.5119252918032;450;mittel (2-3 Segmente)
postgres;1937996089051845946;2972.8355555555554;287.85867074518933;450;tief (4+ Segmente)
postgres;1940582614406398976;3458.5894736842106;501.442149808498;950;tief (4+ Segmente)
postgres;1944149983396672111;2759.9977777777776;270.88088999633527;450;tief (4+ Segmente)
postgres;1951232365645848411;1806.7557894736842;422.2457363906245;950;tief (4+ Segmente)
postgres;1953988266580220012;889.6080661840745;204.85855458897845;967;flach (<=1 Segment)
postgres;1959141293707821862;4150.746102449889;297.1746610028205;449;tief (4+ Segmente)
postgres;1963417963905730956;2482.777777777778;1236.7294175528602;1449;tief (4+ Segmente)
postgres;1965229437382233346;7081.508888888889;268.9399568049454;450;tief (4+ Segmente)
postgres;1966310726417236882;2656.884827586207;379.66220481203794;1450;tief (4+ Segmente)
postgres;1978240166712151516;3553.480814940577;2092.6961943409524;2945;tief (4+ Segmente)
postgres;1989234600680026314;2131.899894625922;242.02555809259323;949;tief (4+ Segmente)
postgres;1989874574699905090;1215.8622222222223;128.99256256747262;450;mittel (2-3 Segmente)
postgres;1993119620606420470;1984.862105263158;583.1380381019035;950;tief (4+ Segmente)
postgres;1998264306625965746;2479.1044444444447;276.23224667020713;450;tief (4+ Segmente)
postgres;2002603999498611246;1534.5931034482758;616.2421906162695;1450;mittel (2-3 Segmente)
postgres;2014085875831355355;1914.5783673469389;767.1213177528468;2450;tief (4+ Segmente)
postgres;2018376262866930162;2176.688888888889;255.06272622305983;450;tief (4+ Segmente)
postgres;2019035338499799533;2165.6289655172413;475.7935396031791;1450;tief (4+ Segmente)
postgres;2034554308232627435;1457.7577777777778;220.47034454447265;450;tief (4+ Segmente)
postgres;2038532497899322982;4501.902222222222;335.9691022017482;450;tief (4+ Segmente)
postgres;2041055530755168668;6170.553333333333;381.7962913156186;450;tief (4+ Segmente)
postgres;2044629615397661204;1852.9044444444444;218.09175900910657;450;tief (4+ Segmente)
postgres;2045761926092664005;5168.024972855592;2460.647447590208;921;tief (4+ Segmente)
postgres;2045920304836163584;2690.8515789473686;687.2867563321287;950;tief (4+ Segmente)
postgres;2046950954199376615;3120.6593103448276;1798.5695220186453;1450;mittel (2-3 Segmente)
postgres;2048829351531528041;2630.261052631579;275.83003859036637;475;tief (4+ Segmente)
postgres;2049459885376794149;1527.1933333333334;198.48656880390067;450;tief (4+ Segmente)
postgres;2052091248318190967;1832.1933333333334;199.8689224141495;450;tief (4+ Segmente)
postgres;2067375006326643056;2440.0779591836736;713.6847986879335;2450;tief (4+ Segmente)
postgres;2071474455994368162;2992.994606741573;1255.6612223796099;4450;tief (4+ Segmente)
postgres;2074028614184868604;2105.4333333333334;283.3617726676519;450;tief (4+ Segmente)
postgres;2081920351230401344;3544.977478991597;1477.035710580994;5950;tief (4+ Segmente)
postgres;2082657125302087068;4748.747933884298;279.7780000139192;484;tief (4+ Segmente)
postgres;2089358078329460064;4950.933333333333;553.5789528293044;450;tief (4+ Segmente)
postgres;2090151473270540504;2267.258021210901;911.9026314517147;7449;tief (4+ Segmente)
postgres;2092179689046110778;1334.1983673469388;843.1498385836181;2450;mittel (2-3 Segmente)
postgres;2093530430360907404;2913.791111111111;269.18829718571925;450;tief (4+ Segmente)
postgres;2095315331927981807;2377.76;252.9103033864379;450;tief (4+ Segmente)
postgres;2098693030226100613;2575.7389743589742;558.182990116675;1950;tief (4+ Segmente)
postgres;2100940137091480512;3020.9577777777777;257.18944426247276;450;tief (4+ Segmente)
postgres;2102858635558553962;4666.905263157894;2196.761169278784;950;tief (4+ Segmente)
postgres;2117242822564236007;3613.923474663909;2162.2329513150803;967;tief (4+ Segmente)
postgres;2125107236338590207;2873.5315789473684;557.9090125959212;950;tief (4+ Segmente)
postgres;2132481796706894528;4866.538618577748;2243.2407191120815;2939;tief (4+ Segmente)
postgres;2134320606790372185;2528.86;249.43455957429418;450;tief (4+ Segmente)
postgres;2137531360487500395;2758.9333333333334;322.3050126171312;450;tief (4+ Segmente)
postgres;2138434062654560545;2020.3983140147523;255.38097510271166;949;tief (4+ Segmente)
postgres;2143831841678049411;2929.7555555555555;286.0789567802863;450;tief (4+ Segmente)
postgres;2146760125764350344;3771.915789473684;679.4377527919893;950;tief (4+ Segmente)
postgres;2151452817663802697;5876.543429844098;455.91394522803165;449;tief (4+ Segmente)
postgres;2154805681906148668;2674.9042929292928;964.8953831693314;3960;tief (4+ Segmente)
postgres;2159236020344786070;1549.0003493754914;764.7142612065526;11449;mittel (2-3 Segmente)
postgres;2161929041151719152;1866.7777777777778;197.9521537755029;450;tief (4+ Segmente)
postgres;2177359470296744644;1954.371111111111;260.4249868461518;450;mittel (2-3 Segmente)
postgres;2182129581729219376;1821.051282051282;1224.2270655773996;1950;mittel (2-3 Segmente)
postgres;2192872874539957459;4742.926330150068;3195.918386530413;733;tief (4+ Segmente)
postgres;2195159580678080313;2171.8444444444444;302.2377458820824;450;tief (4+ Segmente)
postgres;2196937443072854578;4283.61210877373;1723.0623889692479;1949;tief (4+ Segmente)
postgres;2198089151329978714;4267.333684210526;481.7031354123369;950;tief (4+ Segmente)
postgres;2208832249592198307;1452.6431578947368;130.06423812289566;950;mittel (2-3 Segmente)
postgres;2209580843653095812;2444.684210526316;244.5989425215408;475;tief (4+ Segmente)
postgres;2221794275631220522;1334.3010526315788;177.32760339009624;950;tief (4+ Segmente)
postgres;2229200487106548871;3596.396981553941;1570.918167580692;8945;tief (4+ Segmente)
postgres;2234167526062426894;1852.3484210526315;285.50995854889493;950;tief (4+ Segmente)
postgres;2237708394730218119;2519.4777777777776;266.28673310301565;450;tief (4+ Segmente)
postgres;2238570731320101607;1496.1333333333334;146.77038412777827;450;tief (4+ Segmente)
postgres;2245152646134367618;2208.842105263158;259.1368631345624;475;tief (4+ Segmente)
postgres;2249930414602789482;2147.6044444444447;326.1150875293539;450;tief (4+ Segmente)
postgres;2259444571665923272;5107.07867494824;1918.9036490999815;966;tief (4+ Segmente)
postgres;2261158587699928359;650.8466666666667;115.71324686963715;450;flach (<=1 Segment)
postgres;2263923122314911123;1969.159574468085;325.5137673570785;1974;tief (4+ Segmente)
postgres;2268549451465018203;3681.2831578947366;1594.1155472908358;950;tief (4+ Segmente)
postgres;2269390135057037111;2371.7694736842104;656.8059864290167;950;tief (4+ Segmente)
postgres;2272677085964503740;2713.004210526316;1264.5503021981453;950;tief (4+ Segmente)
postgres;2273721806058458227;3695.682222222222;346.14476662305555;450;tief (4+ Segmente)
postgres;2283307085643402034;8837.755263157895;185.15431943081512;380;tief (4+ Segmente)
postgres;2288234378672859304;2970.945306122449;2017.4833229090195;2450;mittel (2-3 Segmente)
postgres;2292279689590805890;3826.869336143309;2911.92413038815;949;mittel (2-3 Segmente)
postgres;2296644181999688909;5971.655555555555;330.2054621607313;450;tief (4+ Segmente)
postgres;2298239981936239358;2657.071111111111;222.1637557138494;450;tief (4+ Segmente)
postgres;2307707590829515963;1379.201052631579;200.2413996236348;950;tief (4+ Segmente)
postgres;2308552826081532396;2175.3337931034484;396.23535404233695;1450;tief (4+ Segmente)
postgres;2311658522699135076;5344.379639448568;3183.4141685731156;943;tief (4+ Segmente)
postgres;2313539841736725668;8958.554140127388;162.41609856249312;314;tief (4+ Segmente)
postgres;2323120535790224753;4113.946315789473;1134.139076084171;950;tief (4+ Segmente)
postgres;2323819394288308747;1105.5044444444445;86.19975365576335;450;mittel (2-3 Segmente)
postgres;2328634512611387566;7407.877894736842;272.67903156854914;475;tief (4+ Segmente)
postgres;2328711177812360244;3157.868662747979;2335.80900119806;5444;mittel (2-3 Segmente)
postgres;2329891204480368535;4661.41180604357;2408.219267396663;1423;tief (4+ Segmente)
postgres;2334845781125134036;3081.266666666667;356.8925149965721;450;tief (4+ Segmente)
postgres;2343106573888751061;2591.12;262.4688401062611;450;tief (4+ Segmente)
postgres;2348061783544198262;1712.9644444444446;255.69169662280984;450;mittel (2-3 Segmente)
postgres;2353924280960454152;1645.648484848485;1018.9400544612538;4950;mittel (2-3 Segmente)
postgres;2353939831351073230;3377.0561224489797;745.2256291207264;1960;tief (4+ Segmente)
postgres;2367951398487800945;2158.722222222222;174.13730264714812;450;tief (4+ Segmente)
postgres;2374138813102168574;2274.8063157894735;234.50097919353576;475;tief (4+ Segmente)
postgres;2376698756268890053;5954.331111111111;366.05140895308074;450;tief (4+ Segmente)
postgres;2381118063726409067;2663.271714922049;202.38444041104037;449;tief (4+ Segmente)
postgres;2381151030915309745;2816.0911111111113;376.51839963808305;450;tief (4+ Segmente)
postgres;2383373375731000140;2244.6555555555556;347.2225835385399;450;tief (4+ Segmente)
postgres;2387020442539211262;2449.697777777778;267.6315774385878;450;tief (4+ Segmente)
postgres;2389516077109816015;2622.54893908282;1379.2940838314228;1461;mittel (2-3 Segmente)
postgres;2402756770401555775;4309.083247687564;2533.8166149357403;973;mittel (2-3 Segmente)
postgres;2403660444816062527;2038.7337095946639;534.337132192276;1949;tief (4+ Segmente)
postgres;2411597394295810775;2175.033684210526;237.15544897383768;950;tief (4+ Segmente)
postgres;2411990202450327137;970.9422222222222;104.69423608082445;450;mittel (2-3 Segmente)
postgres;2420125548069914849;2090.628062360802;272.32129988574246;449;mittel (2-3 Segmente)
postgres;2420561863598133121;1299.2244444444445;147.26953858756104;450;tief (4+ Segmente)
postgres;2433368473768577996;3150.7298550724636;1737.4426852237448;3450;mittel (2-3 Segmente)
postgres;2445965536954995854;2222.8785507246375;484.1783246658004;3450;tief (4+ Segmente)
postgres;2448541284934001314;3592.9177777777777;297.79891856260184;450;tief (4+ Segmente)
postgres;2453777987905094367;3612.284547311096;1846.0155326460806;1469;mittel (2-3 Segmente)
postgres;2454022727241841914;3164.212594088489;1732.5440512224727;5447;tief (4+ Segmente)
postgres;2456874762257196296;2272.073103448276;400.27058330057883;1450;tief (4+ Segmente)
postgres;2466492766491423154;2711.564827586207;411.6248488045286;1450;tief (4+ Segmente)
postgres;2472888668371180062;2509.0844444444447;433.66678368017534;450;tief (4+ Segmente)
postgres;2478679994006575032;3438.297049847406;1652.4046297159668;2949;tief (4+ Segmente)
postgres;2480471100766463939;3383.815361139369;1547.6858190181467;1966;tief (4+ Segmente)
postgres;2486246695190771505;2957.22;1108.191435932867;1450;tief (4+ Segmente)
postgres;2491548280293304218;2619.1526315789474;436.45858906284036;950;tief (4+ Segmente)
postgres;2494744367975933711;4779.753333333333;310.8453866273842;450;tief (4+ Segmente)
postgres;2494814407738302880;4333.281043556152;2174.630395610216;8931;tief (4+ Segmente)
postgres;2499808841690280408;3565.882222222222;431.31396787197235;450;tief (4+ Segmente)
postgres;2500972548703369190;2418.1644444444446;206.69144574491412;450;tief (4+ Segmente)
postgres;2502536247828245921;1942.688275862069;271.8789173274684;1450;tief (4+ Segmente)
postgres;2506748581057725363;1626.8622222222223;265.2144128081989;450;tief (4+ Segmente)
postgres;2523563029624436543;2851.403157894737;407.38615079473783;950;tief (4+ Segmente)
postgres;2529026594324953526;3284.0333333333333;277.83439692704167;450;tief (4+ Segmente)
postgres;2534595067014822379;2458.491111111111;175.66137489229735;450;tief (4+ Segmente)
postgres;2542112639557913679;1890.5568115942028;792.3981772902057;3450;tief (4+ Segmente)
postgres;2544455351485087363;3818.8551724137933;791.6787082384666;1450;tief (4+ Segmente)
postgres;2550252111723364382;2647.8844444444444;330.6481654785384;450;tief (4+ Segmente)
postgres;2554567821150524881;1382.4755555555555;196.01209129964272;450;tief (4+ Segmente)
postgres;2561357311962086976;1929.8822222222223;144.44364317254383;450;tief (4+ Segmente)
postgres;2569951289568261990;1709.5355555555554;234.01336231959633;450;tief (4+ Segmente)
postgres;2583943092483506303;3464.3220689655172;755.1793806044545;1450;tief (4+ Segmente)
postgres;2587873310709306827;5250.697222222222;2280.7003965472763;1440;tief (4+ Segmente)
postgres;2589941098968372424;3727.927536231884;1132.8601574421991;1449;tief (4+ Segmente)
postgres;2593680323369695361;3958.185263157895;1458.7302580125606;950;tief (4+ Segmente)
postgres;2595305705687695207;4604.391822827939;2417.4553330844906;2935;tief (4+ Segmente)
postgres;2598741097144539200;2515.363448275862;566.0177806338099;1450;tief (4+ Segmente)
postgres;2607969487233226446;2960.4005186232907;1716.7349052357276;4242;tief (4+ Segmente)
postgres;2614336428805471147;3297.9622222222224;174.39505595259223;450;tief (4+ Segmente)
postgres;2627236521939009719;3467.4358974358975;1195.723655268082;1950;tief (4+ Segmente)
postgres;2632607418949897107;2272.046376811594;1065.7398695645675;3450;tief (4+ Segmente)
postgres;2636494108788645033;2087.472244897959;944.6318799256813;2450;tief (4+ Segmente)
postgres;2641331754462075590;2634.617777777778;210.51090813765308;450;tief (4+ Segmente)
postgres;2648175046005969814;1845.6818495514149;289.8092656398696;1449;tief (4+ Segmente)
postgres;2650682697124740569;3219.425128205128;1680.0632077472605;1950;tief (4+ Segmente)
postgres;2659359767823655819;584.6675862068965;121.91251367849421;1450;flach (<=1 Segment)
postgres;2661675469276076208;5181.373417721519;2376.9288095770557;948;tief (4+ Segmente)
postgres;2665605335134382128;3495.901950718686;1886.2871295801249;1948;tief (4+ Segmente)
postgres;2670355998952897387;3722.6620209059233;2023.4942249734484;3731;tief (4+ Segmente)
postgres;2672809979922878093;2401.8830769230767;1217.990936192578;1950;mittel (2-3 Segmente)
postgres;2673075412890015621;3360.308746048472;1489.1000625705037;949;tief (4+ Segmente)
postgres;2682754095962584671;1691.4422222222222;146.8439545516574;450;tief (4+ Segmente)
postgres;2687882624001527167;1202.322105263158;173.58751489520066;950;mittel (2-3 Segmente)
postgres;2698649414877154974;3199.7355555555555;416.06874627675376;450;tief (4+ Segmente)
postgres;2707226452967486190;4445.7749483826565;2643.5034582968938;1453;tief (4+ Segmente)
postgres;2707885299155116412;1634.3184855233853;237.50254442513977;449;tief (4+ Segmente)
postgres;2712006118668742977;8127.392376681614;269.9490602553857;446;tief (4+ Segmente)
postgres;2713631113709226102;3700.048888888889;388.3405989169003;450;tief (4+ Segmente)
postgres;2715419437359324914;2850.617777777778;364.23539910869505;450;tief (4+ Segmente)
postgres;2719517399381835614;2305.097777777778;345.9104242410371;450;tief (4+ Segmente)
postgres;2721977679866064612;3412.6711111111113;319.7345618355488;450;tief (4+ Segmente)
postgres;2725273689489815816;2075.928888888889;267.7906876517033;450;tief (4+ Segmente)
postgres;2726105929454303291;2392.7431578947367;398.7008715361343;950;tief (4+ Segmente)
postgres;2732621107156706964;1899.8207431604737;2323.683256195885;2449;flach (<=1 Segment)
postgres;2740847137526126228;3246.5915789473684;301.15751321998044;950;tief (4+ Segmente)
postgres;2748831041528643275;1508.7189473684211;355.91607853819977;950;mittel (2-3 Segmente)
postgres;2759578265709357889;3051.097628657921;2144.109753647072;3964;flach (<=1 Segment)
postgres;2764334221547572481;2277.9726315789476;246.91732607505676;475;tief (4+ Segmente)
postgres;2783416536753622163;4662.56237006237;2482.0005225464197;962;flach (<=1 Segment)
postgres;2786071560778254851;7961.45045045045;331.7755636380353;444;tief (4+ Segmente)
postgres;2786683579865006579;3099.4755555555557;318.6596729297494;450;tief (4+ Segmente)
postgres;2787559791205897686;6042.253333333333;398.37309772230424;450;tief (4+ Segmente)
postgres;2787909025637180517;1938.525128205128;1086.5124889029962;1950;mittel (2-3 Segmente)
postgres;2789949760202994975;1954.4357894736843;175.49668389511947;475;tief (4+ Segmente)
postgres;2790143685763972200;2101.7135470527405;247.90501013541854;967;tief (4+ Segmente)
postgres;2792386092715463662;2958.222109189556;1156.020292671665;2949;tief (4+ Segmente)
postgres;2797786161768639270;2060.3896551724138;700.153246976038;1450;tief (4+ Segmente)
postgres;2797963103825822467;3051.1281584798867;1437.4061126003817;4947;tief (4+ Segmente)
postgres;2798755672638114246;2091.0666666666666;291.6710475861463;450;tief (4+ Segmente)
postgres;2805340125163131457;2144.811111111111;208.73874584946435;450;tief (4+ Segmente)
postgres;2806256729314048797;2506.304347826087;343.94548688707863;966;tief (4+ Segmente)
postgres;2806284670513468435;1594.6577777777777;196.18163086547466;450;mittel (2-3 Segmente)
postgres;2808113683800896806;7517.316258351893;242.39863995132993;449;tief (4+ Segmente)
postgres;2809947504448209835;1872.1173222912353;449.4497925911504;1449;tief (4+ Segmente)
postgres;2812672674163977290;4177.147959183673;1319.501548480714;1960;tief (4+ Segmente)
postgres;2814856081328728457;6828.5488888888885;399.6285118621977;450;tief (4+ Segmente)
postgres;2817182428179761185;2677.938947368421;445.44430697966925;950;tief (4+ Segmente)
postgres;2819406717366158301;3097.4350949204722;2228.9457279235157;1949;tief (4+ Segmente)
postgres;2821082129328769972;1661.2244444444445;215.0753446015636;450;tief (4+ Segmente)
postgres;2821916717988921199;1816.2177777777779;167.9602022127406;450;tief (4+ Segmente)
postgres;2825718537552896381;3046.4826132771336;615.3998348327293;949;tief (4+ Segmente)
postgres;2828570049230106382;6713.05170630817;356.3767335358431;967;tief (4+ Segmente)
postgres;2832992742061800265;6761.570155902004;337.74551268593433;449;mittel (2-3 Segmente)
postgres;2835182330125126210;2759.52;228.22772357551818;450;tief (4+ Segmente)
postgres;2837081699173891479;1163.5482051282052;242.91273051834818;1950;mittel (2-3 Segmente)
postgres;2841819633489578541;2648.133333333333;310.10600960601175;450;tief (4+ Segmente)
postgres;2845720777456021134;5822.542222222222;359.704895433826;450;tief (4+ Segmente)
postgres;2846925796203800688;3283.3315789473686;366.7194247853405;950;tief (4+ Segmente)
postgres;2854051505547505281;2911.595005852517;1958.7917486563606;2563;mittel (2-3 Segmente)
postgres;2861486001489131564;3720.024581768522;2596.979502870584;2929;tief (4+ Segmente)
postgres;2867704939721572405;4052.4088888888887;213.82623486873413;450;mittel (2-3 Segmente)
postgres;2870540244752076213;2019.1755555555555;262.29030284136076;450;tief (4+ Segmente)
postgres;2882802387856675306;3201.6526315789474;306.69757222664276;950;tief (4+ Segmente)
postgres;2886141709556655491;2286.5133333333333;291.78057327359255;450;tief (4+ Segmente)
postgres;2886295166452185861;3672.6346336822076;1673.6421861714346;1051;tief (4+ Segmente)
postgres;2887619094078827264;2226.4577934331364;881.3222145642678;7949;tief (4+ Segmente)
postgres;2896936521266450122;2895.501551189245;883.448933652836;967;tief (4+ Segmente)
postgres;2897089879746801534;1676.391111111111;241.54431302488723;450;tief (4+ Segmente)
postgres;2903762015701789770;2279.7074157303373;1696.8027804284948;4450;mittel (2-3 Segmente)
postgres;2912837971764615472;1743.0844444444444;186.59056084562258;450;tief (4+ Segmente)
postgres;2918812126481176230;3509.8841836734696;541.9874787396977;1960;tief (4+ Segmente)
postgres;2921144446012485532;7421.411633109619;295.28675832172377;447;tief (4+ Segmente)
postgres;2922544822425988099;2536.1355555555556;236.23952932152554;450;tief (4+ Segmente)
postgres;2924390582220681140;3855.445366528354;2655.381190834831;1446;tief (4+ Segmente)
postgres;2926041602926614853;2803.86859688196;213.43107602346902;449;tief (4+ Segmente)
postgres;2927072493273219488;2842.7044444444446;309.2698193137054;450;tief (4+ Segmente)
postgres;2927265023349389513;2795.5377777777776;270.055986349914;450;mittel (2-3 Segmente)
postgres;2933057465778838639;2050.055102040816;659.1027822478469;2450;tief (4+ Segmente)
postgres;2940680193263201100;2680.230612244898;1089.352670906207;2450;tief (4+ Segmente)
postgres;2958485052438315578;3816.6562358958927;2360.673807939184;6647;tief (4+ Segmente)
postgres;2958890442225525276;2830.1794871794873;452.87311702382755;1950;tief (4+ Segmente)
postgres;2961852843891267434;2181.6159420289855;418.42603238159506;966;tief (4+ Segmente)
postgres;2964585585306549437;3123.014234875445;1460.1956967608735;1967;mittel (2-3 Segmente)
postgres;2966281108889863324;2981.182105263158;957.1487819707133;950;tief (4+ Segmente)
postgres;2976852719259860637;2599.2357894736842;193.47426257151807;475;tief (4+ Segmente)
postgres;2984436085959465646;3421.1536842105265;1847.4287612759451;950;mittel (2-3 Segmente)
postgres;2996589294423734482;2646.846666666667;263.6516329618962;450;tief (4+ Segmente)
postgres;3000360462453768381;3360.5326530612247;2203.7733101956755;2450;tief (4+ Segmente)
postgres;3007201936102381126;3101.0703448275863;1026.694883060144;1450;tief (4+ Segmente)
postgres;3021583100639558046;2716.3533333333335;304.97939183362394;450;tief (4+ Segmente)
postgres;3023036639377030247;1809.943448275862;495.1354244922646;1450;tief (4+ Segmente)
postgres;3029100555007080868;2731.2863157894735;300.9403214123096;950;tief (4+ Segmente)
postgres;3030584433083973349;2164.0844444444447;201.26888568643454;450;tief (4+ Segmente)
postgres;3036552172266907038;2683.2;304.56234619064315;450;tief (4+ Segmente)
postgres;3036647007769181795;2367.9266666666667;317.46710746266734;450;tief (4+ Segmente)
postgres;3044052854995689818;3221.3388090349076;2307.38640651289;1948;tief (4+ Segmente)
postgres;3049302115890307647;4092.436525612472;305.99541328035616;449;tief (4+ Segmente)
postgres;3056404223712899602;7842.8209745762715;476.4001574470689;944;tief (4+ Segmente)
postgres;3067948546089765646;4969.968421052631;332.373609512314;475;tief (4+ Segmente)
postgres;3068884502999416134;2728.9147368421054;1007.7059990389764;950;tief (4+ Segmente)
postgres;3075880912694805017;1311.201379310345;535.4913619806202;1450;mittel (2-3 Segmente)
postgres;3081336326414722249;2044.2305263157896;775.7838827836445;950;tief (4+ Segmente)
postgres;3082745727814781417;2125.373024236038;226.21629046827806;949;tief (4+ Segmente)
postgres;3083252748951437207;3522.16;275.0793223522011;450;mittel (2-3 Segmente)
postgres;3099514774349080749;2812.5422222222223;247.33930104039015;450;tief (4+ Segmente)
postgres;3102016810124254162;4923.310319089383;2228.1326756741296;5359;tief (4+ Segmente)
postgres;3110430455042621465;3343.8276384447063;1671.3537640577226;5941;tief (4+ Segmente)
postgres;3110530943530626179;1566.7114285714285;372.1909950312622;2450;mittel (2-3 Segmente)
postgres;3111431919469788237;1939.1989743589743;1045.3572925368646;1950;flach (<=1 Segment)
postgres;3113581222995154997;4925.586666666667;279.69786084814643;450;tief (4+ Segmente)
postgres;3117835757025244675;2548.7349665924276;248.46521503551358;449;tief (4+ Segmente)
postgres;3120937634698859325;3496.323157894737;524.8679173409956;950;tief (4+ Segmente)
postgres;3124511983957626739;1735.5666666666666;232.60368284690182;450;mittel (2-3 Segmente)
postgres;3128038759728618302;2060.5742887249735;350.97269901856555;949;tief (4+ Segmente)
postgres;3136419766178649002;2184.5933333333332;337.373196768134;450;tief (4+ Segmente)
postgres;3140063653330046280;2640.7146503318017;1455.3369468795788;1959;tief (4+ Segmente)
postgres;3155728295784223437;1719.6053351573187;387.5050164417832;1462;mittel (2-3 Segmente)
postgres;3160328979584970112;3404.861797752809;1733.9653531167546;4450;tief (4+ Segmente)
postgres;3161340987213804514;4685.82;1085.0352182714432;950;tief (4+ Segmente)
postgres;3165188299371332101;8704.622549019608;196.2786708742691;408;tief (4+ Segmente)
postgres;3166443748347896079;5428.083775185578;2647.9678865534656;943;tief (4+ Segmente)
postgres;3173076819331554546;1578.1327713382507;175.02706020685287;949;tief (4+ Segmente)
postgres;3176388521757450062;1145.7377777777779;165.84652965367948;450;tief (4+ Segmente)
postgres;3190458565385132477;2971.751111111111;344.9186926056414;450;tief (4+ Segmente)
postgres;3192256760890911401;1297.843188405797;314.8440805555452;3450;mittel (2-3 Segmente)
postgres;3194785107464614757;3176.3755555555554;277.9076513031059;450;tief (4+ Segmente)
postgres;3200381190457382989;2227.2360248447203;1034.103805227424;966;mittel (2-3 Segmente)
postgres;3202211365669527935;8377.888625592417;312.0989008444583;422;tief (4+ Segmente)
postgres;3215831998296865140;3486.656842105263;281.93463297099146;475;tief (4+ Segmente)
postgres;3220106241127376089;7838.287946428572;304.4486704914411;448;mittel (2-3 Segmente)
postgres;3221325576274428927;1147.3777777777777;137.91611486307903;450;mittel (2-3 Segmente)
postgres;3222438904071852770;4756.412026726058;310.1607689939078;449;tief (4+ Segmente)
postgres;3241814426376271384;2036.9268965517242;574.3572542605871;1450;tief (4+ Segmente)
postgres;3248953055685958192;1186.1266666666668;95.47018541353803;450;tief (4+ Segmente)
postgres;3259799261017064105;4736.891111111111;271.2401432094721;450;mittel (2-3 Segmente)
postgres;3261133048331320170;2824.5333333333333;432.11453463956803;450;tief (4+ Segmente)
postgres;3261478348576152721;1685.451111111111;220.19539523152605;450;tief (4+ Segmente)
postgres;3263614477520229780;559.6269387755102;251.834096209985;2450;flach (<=1 Segment)
postgres;3275741986180029854;3561.9933333333333;280.2883457233453;450;tief (4+ Segmente)
postgres;3288907717009321313;4143.5284210526315;1328.7144355923738;950;tief (4+ Segmente)
postgres;3289357297162308358;723.3603669724771;216.1940540595252;5450;mittel (2-3 Segmente)
postgres;3296617004102873399;2384.548888888889;264.9666257273157;450;tief (4+ Segmente)
postgres;3297153504833265846;3259.6829384639846;1906.5331576614738;6289;tief (4+ Segmente)
postgres;3310718966135253991;4736.805507246377;2149.382684577007;3450;mittel (2-3 Segmente)
postgres;3317416114657017055;1828.6;417.93685649492596;950;tief (4+ Segmente)
postgres;3319170845696506316;2604.8715789473686;1469.033777897366;950;mittel (2-3 Segmente)
postgres;3326021639852809711;6287.965884861407;2098.5097579398766;1876;tief (4+ Segmente)
postgres;3334329832290543500;1813.4768421052631;221.55937197827598;950;tief (4+ Segmente)
postgres;3336185515023949275;2489.495789473684;357.6202244783;950;tief (4+ Segmente)
postgres;3347979617050149635;2709.7533333333336;265.5798028284128;450;tief (4+ Segmente)
postgres;3378795299755823342;2477.0248226950353;1841.8512530605326;3948;mittel (2-3 Segmente)
postgres;3388857925826367120;3077.4929197572487;1152.1643450756558;4449;tief (4+ Segmente)
postgres;3392805047568212714;3186.9377777777777;348.8103876648956;450;tief (4+ Segmente)
postgres;3396907689893065996;3948.564616447823;2220.544418141193;1447;tief (4+ Segmente)
postgres;3404394375356235918;7063.806666666666;319.5143035231793;450;tief (4+ Segmente)
postgres;3414530502045895047;2921.9771619194253;2165.690214807081;3897;tief (4+ Segmente)
postgres;3415663833623047467;5002.082222222222;275.0508920626314;450;mittel (2-3 Segmente)
postgres;3417177734816394538;1462.72;945.3338237629846;2450;mittel (2-3 Segmente)
postgres;3420369868108846028;1963.9674418604652;505.71472648222215;6450;tief (4+ Segmente)
postgres;3432818947346243940;2215.8133333333335;234.99764638919987;450;tief (4+ Segmente)
postgres;3434247539806629820;3902.4634313055367;1613.2113679798658;1463;tief (4+ Segmente)
postgres;3455402611435238310;8765.38038277512;206.145559381256;418;tief (4+ Segmente)
postgres;3456433022944572533;2817.717777777778;228.45314617017357;450;tief (4+ Segmente)
postgres;3457446398939683235;1553.4044444444444;186.74527027824357;450;tief (4+ Segmente)
postgres;3471206235656602714;1864.461052631579;298.9243485092209;950;tief (4+ Segmente)
postgres;3479431793345632775;1700.8022222222223;161.7504016151665;450;tief (4+ Segmente)
postgres;3481954182564605683;3289.671034482759;572.3539169681364;1450;tief (4+ Segmente)
postgres;3487637972446573394;2927.8555555555554;286.4681934524942;450;tief (4+ Segmente)
postgres;3498468880562509946;3000.9533333333334;427.74417353781195;450;tief (4+ Segmente)
postgres;3503437238871765212;6883.204899777283;436.8346040725531;449;tief (4+ Segmente)
postgres;3507682271515106878;2843.1066666666666;273.07735216831975;450;tief (4+ Segmente)
postgres;3516194695484753276;2904.8273684210526;957.1427094026876;950;tief (4+ Segmente)
postgres;3523963613398988469;5237.925188743994;2348.1808277380555;1457;tief (4+ Segmente)
postgres;3536479365430034037;3327.5784615384614;1633.4931240101973;975;tief (4+ Segmente)
postgres;3537782048658173279;8795.934725848563;235.3578614647536;383;tief (4+ Segmente)
postgres;3544126070687975336;3783.851111111111;336.49859279017045;450;mittel (2-3 Segmente)
postgres;3547977486419581169;3490.8505263157895;1374.9097591902073;950;tief (4+ Segmente)
postgres;3550391795970447616;2750.2202238942928;1040.3296671714652;5449;tief (4+ Segmente)
postgres;3552968137883419888;3382.563157894737;493.6718232096235;950;tief (4+ Segmente)
postgres;3563909995635615954;2023.7673684210527;597.4228156348886;950;mittel (2-3 Segmente)
postgres;3564915207424306218;2273.9933333333333;243.09243285865608;450;tief (4+ Segmente)
postgres;3565401547534179323;3583.037894736842;274.5501780161928;475;tief (4+ Segmente)
postgres;3566956409836881143;2500.748888888889;275.06094333597065;450;flach (<=1 Segment)
postgres;3568034185168936522;9160.191666666668;68.49489901062829;120;tief (4+ Segmente)
postgres;3580708077801495241;2019.3526315789475;614.538833380604;950;mittel (2-3 Segmente)
postgres;3585919634432309369;2682.32;342.19912383924554;450;tief (4+ Segmente)
postgres;3585994923593594701;2927.5262068965517;926.003925207156;1450;tief (4+ Segmente)
postgres;3586003646949088392;9155.517857142857;77.5019885990562;112;mittel (2-3 Segmente)
postgres;3590297390973875139;2828.3977777777777;323.5607769601143;450;tief (4+ Segmente)
postgres;3591245379796993416;6399.35580912863;490.66939987796815;964;tief (4+ Segmente)
postgres;3595118456291147895;2327.3155555555554;250.68192603888244;450;tief (4+ Segmente)
postgres;3606049875013788822;6248.691111111111;412.0995405529223;450;tief (4+ Segmente)
postgres;3607097140598192557;3604.545592705167;2512.452187732324;5922;tief (4+ Segmente)
postgres;3608569204972256250;2093.5789473684213;267.64680812937644;475;mittel (2-3 Segmente)
postgres;3611300418059034857;5239.568888888889;357.50690919373494;450;tief (4+ Segmente)
postgres;3625272256298212169;9248.0;13.057564857200596;5;tief (4+ Segmente)
postgres;3635270747230348872;2689.0542372881355;921.9811948237847;2950;tief (4+ Segmente)
postgres;3643119441653020287;3519.6464239458915;1998.536527251273;6949;tief (4+ Segmente)
postgres;3643589172838446052;3071.5489655172414;571.9366594818396;1450;tief (4+ Segmente)
postgres;3647847843154521230;8731.665835411472;178.33423130420832;401;tief (4+ Segmente)
postgres;3649897855357838569;1221.7894736842106;274.491528954144;950;tief (4+ Segmente)
postgres;3651868906368202484;2784.248888888889;245.94544691999894;450;tief (4+ Segmente)
postgres;3659403081438033165;1297.3831578947368;181.04117134609768;950;mittel (2-3 Segmente)
postgres;3659613335116451026;4035.0715789473684;662.9322441308442;950;tief (4+ Segmente)
postgres;3669152841533124640;2124.82;190.6993250151851;450;tief (4+ Segmente)
postgres;3675219937821948932;1872.3673684210526;314.9401883242735;950;mittel (2-3 Segmente)
postgres;3677321723798790293;4932.230822873083;2757.8593123037135;1434;mittel (2-3 Segmente)
postgres;3683308172773620903;830.2577777777777;84.11703187066227;450;mittel (2-3 Segmente)
postgres;3685572742344822981;2614.144210526316;709.4448335178876;950;tief (4+ Segmente)
postgres;3695734104761155772;2995.531073446328;1815.0812556125068;1947;tief (4+ Segmente)
postgres;3696949945884152762;9177.91304347826;62.64248209210607;69;tief (4+ Segmente)
postgres;3712538988608445784;3134.907854984894;2448.282537503497;1986;tief (4+ Segmente)
postgres;3718404708143474634;2451.4355555555558;261.81603493573107;450;tief (4+ Segmente)
postgres;3723107069178485897;8342.832929782082;329.6138645289313;413;tief (4+ Segmente)
postgres;3734783067619274546;1879.9705263157896;278.0178053268407;950;tief (4+ Segmente)
postgres;3739482995729882842;5376.784582893348;1741.7523302014158;947;tief (4+ Segmente)
postgres;3754459753191468337;6321.630801687764;387.5171424709743;474;tief (4+ Segmente)
postgres;3754765572100097232;3303.950310559006;1610.2916220444347;1449;tief (4+ Segmente)
postgres;3754966664134148757;3167.4422222222224;417.99383260168634;450;tief (4+ Segmente)
postgres;3755526052031903523;2547.0666666666666;242.3722954905961;450;tief (4+ Segmente)
postgres;3755955398566322723;3197.6444444444446;362.8480361696072;450;tief (4+ Segmente)
postgres;3769371214912330417;8887.348242811502;213.16436899736223;313;tief (4+ Segmente)
postgres;3781727411837071052;4460.664444444445;307.72511933065;450;tief (4+ Segmente)
postgres;3787301617075373168;1561.2377777777779;143.74655652138077;450;tief (4+ Segmente)
postgres;3789019246174160960;2863.5;254.7345554963437;450;tief (4+ Segmente)
postgres;3796023155283431160;3156.96;337.2661650721131;450;tief (4+ Segmente)
postgres;3803672197374155933;9192.372093023256;54.14707627678949;43;tief (4+ Segmente)
postgres;3804005052875959276;1528.6733333333334;275.01501469437915;450;tief (4+ Segmente)
postgres;3810849906010968994;3276.3555555555554;282.58417399463406;450;tief (4+ Segmente)
postgres;3811033731503242300;2236.737777777778;236.14229345194263;450;mittel (2-3 Segmente)
postgres;3818089527857838660;1909.751552795031;203.68794875881963;483;tief (4+ Segmente)
postgres;3819935279415552982;3122.960312075984;2275.1195372642974;2948;mittel (2-3 Segmente)
postgres;3822478447697777479;2466.6666666666665;198.24152329676056;450;tief (4+ Segmente)
postgres;3833740586251316329;4486.370253164557;2814.4575487297802;948;tief (4+ Segmente)
postgres;3840424596703495292;2747.5526315789475;1539.6137976143398;950;mittel (2-3 Segmente)
postgres;3851310546134049106;3716.34;377.9948179020472;450;tief (4+ Segmente)
postgres;3853589610675073559;3315.7;281.4657170751731;450;tief (4+ Segmente)
postgres;3868155924179058877;3702.0684210526315;1278.4966443865715;950;tief (4+ Segmente)
postgres;3870236719326081720;2779.322222222222;231.18701286426057;450;tief (4+ Segmente)
postgres;3873748047651230255;3326.285140562249;1616.0252289873745;996;tief (4+ Segmente)
postgres;3878961557317991262;1937.191111111111;203.4528535506847;450;tief (4+ Segmente)
postgres;3886876946105366297;2624.644210526316;995.1947475792;950;tief (4+ Segmente)
postgres;3889997607173555493;2495.4971176670056;741.0362150782477;2949;tief (4+ Segmente)
postgres;3891656702170846730;3097.6385669125393;339.91953166109005;949;tief (4+ Segmente)
postgres;3895722141170587079;2102.1748717948717;402.16004855406777;1950;mittel (2-3 Segmente)
postgres;3896903176155676309;2223.765951276102;679.443783960187;3448;tief (4+ Segmente)
postgres;3899535496863022922;2508.1022222222223;228.84317043401902;450;tief (4+ Segmente)
postgres;3904514229250850682;3768.286666666667;352.24432203421725;450;tief (4+ Segmente)
postgres;3913107047435642817;2488.437729685586;1190.894628006104;2449;tief (4+ Segmente)
postgres;3913459189325488870;3483.088336783989;667.6220969161155;1449;tief (4+ Segmente)
postgres;3914216136895944238;2745.093103448276;349.8946271735785;1450;tief (4+ Segmente)
postgres;3918716477406235665;3354.866666666667;283.62361740066507;450;tief (4+ Segmente)
postgres;3923437832175591519;3782.4642151047847;2020.929202857782;2529;tief (4+ Segmente)
postgres;3928376022621326975;2587.933815925543;258.475895541144;967;tief (4+ Segmente)
postgres;3933585818771976907;4810.458191706322;2343.3501467676974;2942;tief (4+ Segmente)
postgres;3934201656950115060;2307.0222222222224;253.6672749188613;450;tief (4+ Segmente)
postgres;3940649039255244552;2626.4866666666667;252.94149441937967;450;tief (4+ Segmente)
postgres;3946113611354068527;2603.0133333333333;244.6989328758031;450;tief (4+ Segmente)
postgres;3948472410549915612;2023.5728205128205;350.77157872465756;1950;tief (4+ Segmente)
postgres;3956536916856180610;2488.899689762151;295.69857153348374;967;tief (4+ Segmente)
postgres;3963482031086955647;4743.637777777778;353.77663973064176;450;tief (4+ Segmente)
postgres;3965299800942593653;2477.697777777778;353.81848585180336;450;tief (4+ Segmente)
postgres;3992328409672396940;2312.4933333333333;309.41321892340585;450;tief (4+ Segmente)
postgres;4005390956225853129;4169.246666666667;242.04648829188181;450;mittel (2-3 Segmente)
postgres;4016867799604547100;2459.1477551020407;366.2988371566977;2450;tief (4+ Segmente)
postgres;4031863119841526644;7856.845982142857;358.66921058775273;448;tief (4+ Segmente)
postgres;4032305653960327814;941.0822222222222;150.57511098618798;450;mittel (2-3 Segmente)
postgres;4038818657726882960;4598.797728885735;2835.0369868609887;1409;tief (4+ Segmente)
postgres;4039916875983072751;2677.54;1443.7561982885547;1450;mittel (2-3 Segmente)
postgres;4049235939914529055;4126.162583518931;244.084436920673;449;tief (4+ Segmente)
postgres;4062941903455482520;4396.849896173242;2891.445170892095;3371;tief (4+ Segmente)
postgres;4066493230910611264;2427.6055172413794;332.4214092748546;1450;tief (4+ Segmente)
postgres;4071450458474756222;2993.6293995859214;251.92601109746707;483;mittel (2-3 Segmente)
postgres;4078292495643720816;2140.0901494049126;612.2511962683446;3949;tief (4+ Segmente)
postgres;4100463526053598080;1822.9466666666667;220.7461265414945;450;tief (4+ Segmente)
postgres;4102101010025821740;2099.021794871795;769.6821984735519;5460;tief (4+ Segmente)
postgres;4112994323536552978;2365.634482758621;595.4439872425583;1450;mittel (2-3 Segmente)
postgres;4134404560654942603;2312.0177777777776;277.7313592732755;450;tief (4+ Segmente)
postgres;4140399047001701858;2438.5492307692307;662.8432254274362;1950;tief (4+ Segmente)
postgres;4141464553976602275;2053.4266666666667;218.78179669639243;450;tief (4+ Segmente)
postgres;4150100612492736095;2526.828474576271;910.7119612893285;2950;mittel (2-3 Segmente)
postgres;4151741773157995536;4244.046666666667;314.95481352997547;450;tief (4+ Segmente)
postgres;4158197619097622581;2323.653103448276;1667.133372856641;1450;mittel (2-3 Segmente)
postgres;4159541923464136344;2265.0755555555556;164.94319350879553;450;tief (4+ Segmente)
postgres;4165058049501326344;3200.638844301766;2061.681511470921;2492;tief (4+ Segmente)
postgres;4165749284448927646;2157.771111111111;215.1489432008796;450;tief (4+ Segmente)
postgres;4168402147445921470;3766.3159433325836;1802.6634186827696;4447;tief (4+ Segmente)
postgres;4174367396652860824;6456.595555555556;354.0961340378617;450;tief (4+ Segmente)
postgres;4192931489984148803;3081.0103189493434;1938.6552913557218;2132;tief (4+ Segmente)
postgres;4204695989499575757;6007.551111111111;349.89546426311847;450;tief (4+ Segmente)
postgres;4215647407607905754;3187.757777777778;186.78345547133566;450;tief (4+ Segmente)
postgres;4227704896290288189;3897.9422222222224;325.3201900481392;450;tief (4+ Segmente)
postgres;4229265125445942484;2203.986315789474;597.5741007810176;950;tief (4+ Segmente)
postgres;4233738254242577557;8494.542528735632;264.48620726287487;435;tief (4+ Segmente)
postgres;4236377137475107287;2029.9176095155208;673.1264186244058;3447;tief (4+ Segmente)
postgres;4250279004740819190;3570.742105263158;1591.394815306098;950;tief (4+ Segmente)
postgres;4254761336031490237;1366.6225356166356;618.2885145587836;6949;flach (<=1 Segment)
postgres;4256293593172314903;3158.0733333333333;274.5667677956098;450;tief (4+ Segmente)
postgres;4261803482903705334;1924.187082405345;257.4402595622479;449;tief (4+ Segmente)
postgres;4264482344189581292;2726.3888888888887;274.25664238014576;450;tief (4+ Segmente)
postgres;4269421408407852474;3778.771111111111;280.5144392205771;450;tief (4+ Segmente)
postgres;4281891480035973882;3956.315733896515;2205.3573053320315;947;tief (4+ Segmente)
postgres;4283305514821440474;1840.573234984194;550.7157714542486;949;tief (4+ Segmente)
postgres;4283424038569623202;4548.9812932086215;1761.2623798061861;2459;tief (4+ Segmente)
postgres;4287381450348421489;3553.517931034483;949.512256483882;1450;tief (4+ Segmente)
postgres;4292781412878287736;2306.056842105263;291.17775981137993;950;tief (4+ Segmente)
postgres;4300426865494945845;2001.7422222222222;215.06178786767614;450;tief (4+ Segmente)
postgres;4308072053910303466;2216.842105263158;260.9405140270178;950;tief (4+ Segmente)
postgres;4318377509632641096;3418.616447823082;2692.915960840544;1447;tief (4+ Segmente)
postgres;4341726153114387814;2760.6259220231823;474.8316537148038;949;tief (4+ Segmente)
postgres;4347400014211613576;5927.965277777777;2431.567507803592;1440;tief (4+ Segmente)
postgres;4353620601935508200;3257.1004081632655;1939.7219344674456;2450;tief (4+ Segmente)
postgres;4357046050427091211;2407.06;700.7349924108555;950;tief (4+ Segmente)
postgres;4371885988685334114;2134.5852631578946;231.8192192534491;475;tief (4+ Segmente)
postgres;4376435179265440110;1588.1553623188406;986.9130487655228;3450;mittel (2-3 Segmente)
postgres;4382755889648527889;2631.0165460186145;535.2884071367262;967;tief (4+ Segmente)
postgres;4393729520820948911;1898.2222222222222;251.37981705512408;450;tief (4+ Segmente)
postgres;4402028814572909973;2242.9378947368423;346.26795957316705;950;tief (4+ Segmente)
postgres;4408077533316268804;1030.5577777777778;192.73931410632778;450;mittel (2-3 Segmente)
postgres;4409706447306874890;2932.0333333333333;409.76757630689576;450;tief (4+ Segmente)
postgres;4415259477754575886;4364.685831622177;1593.190439960319;1948;tief (4+ Segmente)
postgres;4416432419295674644;3872.749655172414;2512.6733508210023;1450;tief (4+ Segmente)
postgres;4417367993319531843;2654.5244444444443;281.8211939687255;450;tief (4+ Segmente)
postgres;4418265955436031880;4825.726027397261;2248.3870882700535;949;tief (4+ Segmente)
postgres;4421801000397892958;4351.7733333333335;404.45548889146295;450;tief (4+ Segmente)
postgres;4422018207048683882;4264.082222222222;323.4802257884085;450;mittel (2-3 Segmente)
postgres;4431369374423056775;5221.416813639036;1924.97927681422;1701;tief (4+ Segmente)
postgres;4440680777437443981;1411.581052631579;225.69458941498482;950;tief (4+ Segmente)
postgres;4453036992782425065;1913.102105263158;722.1726316475347;950;tief (4+ Segmente)
postgres;4453861910228536379;882.9955555555556;101.49789065041479;450;mittel (2-3 Segmente)
postgres;4458042409602501047;5231.313183949974;2776.310870080784;1919;tief (4+ Segmente)
postgres;4461123307922673957;992.8977777777778;181.4879928033782;450;mittel (2-3 Segmente)
postgres;4466978486503613818;2060.5494736842106;251.16362530265098;950;tief (4+ Segmente)
postgres;4495190071245461079;2868.697894736842;447.81673192357954;950;tief (4+ Segmente)
postgres;4497556262491918752;3213.4947368421053;1674.2049480532762;950;tief (4+ Segmente)
postgres;4498095840308661327;2649.8955555555553;397.1251873865689;450;tief (4+ Segmente)
postgres;4504773287280016395;858.9511111111111;116.85918395248657;450;mittel (2-3 Segmente)
postgres;4509318013151414978;2593.8284210526317;959.5540548756361;950;tief (4+ Segmente)
postgres;4512211502444576148;2128.0644444444442;252.94497553490638;450;tief (4+ Segmente)
postgres;4515122007691488685;1310.1069724770641;384.1855173871825;5450;mittel (2-3 Segmente)
postgres;4522825983303919137;3421.491111111111;406.0744565791694;450;tief (4+ Segmente)
postgres;4524604628270756295;1707.5768421052633;144.066249596174;475;tief (4+ Segmente)
postgres;4527243647178999377;3256.8477966101696;2435.499115561156;2950;tief (4+ Segmente)
postgres;4534946520256716868;3805.5789473684213;1343.7973072336033;950;tief (4+ Segmente)
postgres;4535940053343985013;2253.3133333333335;233.3799716779504;450;tief (4+ Segmente)
postgres;4543716116558186567;4637.252631578947;300.61013793613154;475;tief (4+ Segmente)
postgres;4547743506895772969;2559.7157894736843;349.1151038881371;475;tief (4+ Segmente)
postgres;4567133072829164348;6620.753333333333;291.0448944008342;450;tief (4+ Segmente)
postgres;4573362821973780380;6385.988864142539;333.7193904647204;449;tief (4+ Segmente)
postgres;4575670565821940145;3506.0355555555557;374.3655759803366;450;tief (4+ Segmente)
postgres;4579276211525586462;1080.635789473684;144.13012749984003;475;mittel (2-3 Segmente)
postgres;4580247388507946078;4175.623601220753;1078.5608112880166;1966;tief (4+ Segmente)
postgres;4589729700629537321;5957.627140974967;2451.3482848349363;759;tief (4+ Segmente)
postgres;4589807919407200719;2965.1178903826267;370.9745273723064;967;tief (4+ Segmente)
postgres;4610155078393391626;2217.3518367346937;398.48028105316973;2450;tief (4+ Segmente)
postgres;4623508568691477633;1745.6422222222222;238.38367848653166;450;tief (4+ Segmente)
postgres;4633754270469104159;850.8557894736842;224.7529055176549;950;flach (<=1 Segment)
postgres;4634248194497132557;3037.031111111111;255.26282173741293;450;tief (4+ Segmente)
postgres;4639915060332960167;4992.81329113924;2734.8939949520236;948;tief (4+ Segmente)
postgres;4641244012547269446;1790.5303951367782;967.5913962237667;3948;mittel (2-3 Segmente)
postgres;4648181644699990419;3871.581836839405;1939.140977890466;1949;tief (4+ Segmente)
postgres;4659695156998644845;3410.6217510259917;848.8838796249706;1462;tief (4+ Segmente)
postgres;4670510045319651098;3043.9955555555557;248.14949868895422;450;tief (4+ Segmente)
postgres;4677754761264657178;3203.9755555555557;267.40235497407616;450;tief (4+ Segmente)
postgres;4678769539852280662;3325.058947368421;1578.9411247896805;950;tief (4+ Segmente)
postgres;4679084161918376602;1554.5205128205127;385.7150035596278;1950;tief (4+ Segmente)
postgres;4682998484889960232;4961.543429844098;287.1395387944732;449;tief (4+ Segmente)
postgres;4701786301696691982;1921.5177777777778;259.99887081208357;450;tief (4+ Segmente)
postgres;4702342798875794959;4364.044543429844;295.0571869098741;449;tief (4+ Segmente)
postgres;4710647500810119952;3669.1096551724136;1656.4098445730883;1450;tief (4+ Segmente)
postgres;4714447974476615794;1568.9622222222222;342.54273336641245;450;mittel (2-3 Segmente)
postgres;4727086781211084254;2713.64;458.09501648747704;950;tief (4+ Segmente)
postgres;4737959499426007730;7200.535555555555;446.83427402500666;450;tief (4+ Segmente)
postgres;4738512377537525548;4606.927368421053;3404.11874404986;950;mittel (2-3 Segmente)
postgres;4743342200235847394;1294.2926315789473;520.7625322679644;950;mittel (2-3 Segmente)
postgres;4748039493656912402;7765.552808988764;335.4200808700568;445;tief (4+ Segmente)
postgres;4753294365454070101;2579.008888888889;329.64110863160914;450;tief (4+ Segmente)
postgres;4764252504545443827;2630.84462696783;853.4633703169835;1461;tief (4+ Segmente)
postgres;4767628794932411739;1212.3;187.41438728456043;450;tief (4+ Segmente)
postgres;4774566024494583485;2522.99025141098;388.31076856687724;1949;tief (4+ Segmente)
postgres;4777555364182055805;1834.7777777777778;215.504358844594;450;tief (4+ Segmente)
postgres;4788224452306924983;2990.6955555555555;273.48089957086864;450;mittel (2-3 Segmente)
postgres;4793230121412209949;2912.0246238030095;1648.2155295875832;1462;tief (4+ Segmente)
postgres;4795694675296039750;1368.7355555555555;164.2143713488128;450;tief (4+ Segmente)
postgres;4800260931776010204;2865.5969230769233;854.035940085783;1950;tief (4+ Segmente)
postgres;4802275196400856029;1906.828275862069;345.03297593045585;1450;tief (4+ Segmente)
postgres;4812567371484893431;1264.7288888888888;99.88011660806258;450;mittel (2-3 Segmente)
postgres;4813352676232280336;1992.8137931034482;489.3281246896014;1450;mittel (2-3 Segmente)
postgres;4824934416699454755;4024.236080178174;331.37465638117766;449;tief (4+ Segmente)
postgres;4826821428921132287;1990.2936918304033;521.0965391334043;967;mittel (2-3 Segmente)
postgres;4828303459348883028;5403.997777777778;330.56223616322734;450;tief (4+ Segmente)
postgres;4828973474960432161;3185.093591047813;1758.9565181157068;2949;tief (4+ Segmente)
postgres;4835640579109680537;2173.286666666667;220.2804550712892;450;tief (4+ Segmente)
postgres;4844101236482558609;4476.506556245687;1845.7930870754133;1449;tief (4+ Segmente)
postgres;4854780213911673063;1450.4044444444444;206.80744511887107;450;tief (4+ Segmente)
postgres;4874894816484915832;6061.094997189432;2189.332156074226;1779;tief (4+ Segmente)
postgres;4876818473854518465;2496.4577777777777;342.62277950738644;450;tief (4+ Segmente)
postgres;4882339586454577870;3294.178053830228;1766.5189566552988;966;mittel (2-3 Segmente)
postgres;4904266080130449660;2256.8844444444444;332.398169986008;450;tief (4+ Segmente)
postgres;4905602830088584466;4337.823839662447;2083.0334374570475;948;tief (4+ Segmente)
postgres;4907173806842509547;2039.6;266.1208593928874;450;tief (4+ Segmente)
postgres;4911186353960094092;1003.4244444444445;165.270055918551;450;flach (<=1 Segment)
postgres;4917563164768629095;4119.131578947368;1307.4537592246534;950;tief (4+ Segmente)
postgres;4918280030936636528;1495.6431460674157;966.3211720868345;4450;mittel (2-3 Segmente)
postgres;4918641992477343419;4499.344497607655;2488.782721214844;2926;tief (4+ Segmente)
postgres;4937627862133058739;2922.277777777778;307.6092171290657;450;mittel (2-3 Segmente)
postgres;4942252356738335392;2872.3438775510203;982.2701545771447;1960;tief (4+ Segmente)
postgres;4947926941571921986;1408.1655172413793;185.39623185295352;1450;mittel (2-3 Segmente)
postgres;4948081202319746508;2380.1681355932205;1448.1218348703483;2950;mittel (2-3 Segmente)
postgres;4950540811177845709;1587.3018480492813;722.9916846852095;1948;mittel (2-3 Segmente)
postgres;4952287512291397032;2568.8315789473686;1257.7970392901352;950;mittel (2-3 Segmente)
postgres;4956768400069381178;1286.5484210526315;201.34326379674113;950;mittel (2-3 Segmente)
postgres;4961745285941640790;6029.885775862069;2917.5673026300965;1392;tief (4+ Segmente)
postgres;4963642270147836011;2381.7329192546586;799.8188363760418;1449;tief (4+ Segmente)
postgres;4970694818808608384;3816.161825726141;340.2279209692451;482;tief (4+ Segmente)
postgres;4971090868917932865;2192.617777777778;226.35485798242658;450;tief (4+ Segmente)
postgres;4976204784530172824;1832.1866666666667;194.37416171877183;450;tief (4+ Segmente)
postgres;4984810063227241945;2343.2671794871794;290.30388511952157;1950;tief (4+ Segmente)
postgres;4985150180654362304;3161.061688311688;938.8431125708202;2464;tief (4+ Segmente)
postgres;4988318199250381764;1938.7744927536232;604.4678469130383;3450;tief (4+ Segmente)
postgres;4992939184942049469;3621.96;285.1232503395453;450;tief (4+ Segmente)
postgres;4993950888931160425;2518.9852631578947;322.2801564721701;950;tief (4+ Segmente)
postgres;4994536293403350271;2922.657777777778;304.3460743252471;450;tief (4+ Segmente)
postgres;4994903797601483418;2527.351111111111;273.2805509360679;450;tief (4+ Segmente)
postgres;5000812701819644021;4132.0;1883.3985021179296;1947;tief (4+ Segmente)
postgres;5001544293929511440;2161.0444444444443;166.5300063326611;450;tief (4+ Segmente)
postgres;5003743577581343223;2482.748421052632;1457.560081731574;950;mittel (2-3 Segmente)
postgres;5003768501643499907;2858.0105084745765;1045.491280624441;2950;tief (4+ Segmente)
postgres;5008626891160969203;2197.5387341772152;706.1972672647089;3950;tief (4+ Segmente)
postgres;5013239167240222303;5176.995895330939;1580.669575841626;1949;mittel (2-3 Segmente)
postgres;5036536994344787831;2494.8907262569833;1430.9309610377716;8950;tief (4+ Segmente)
postgres;5038396445364138925;8787.997389033942;234.51224304876234;383;tief (4+ Segmente)
postgres;5039903547457250685;1971.4355555555555;197.3306983812521;450;tief (4+ Segmente)
postgres;5067314732210816776;3329.753077975376;1653.670059767553;1462;tief (4+ Segmente)
postgres;5068245199112738631;5884.236080178173;367.81636945865193;449;tief (4+ Segmente)
postgres;5069014671643130431;3717.388275862069;769.5213889024728;1450;tief (4+ Segmente)
postgres;5071340673001783811;3456.5326315789475;286.3100405745099;475;mittel (2-3 Segmente)
postgres;5078852879163573250;3095.1698652511227;2175.5181688125144;2449;mittel (2-3 Segmente)
postgres;5084209680721016762;2069.6189473684212;225.35479775746361;475;tief (4+ Segmente)
postgres;5086200875250484993;2577.837777777778;244.67165014981393;450;tief (4+ Segmente)
postgres;5089032977161818952;2523.697777777778;201.26512391969274;450;tief (4+ Segmente)
postgres;5090683410679505951;3275.3802622498274;2193.3280105968443;1449;mittel (2-3 Segmente)
postgres;5098196716152230410;4951.8822222222225;271.4030228218404;450;mittel (2-3 Segmente)
postgres;5098693526405511162;2066.4840366972476;1345.1986533511113;5450;mittel (2-3 Segmente)
postgres;5100542165749969500;1872.22;198.41190883595837;450;tief (4+ Segmente)
postgres;5107956063525520296;1803.2263768115943;727.5092170063137;3450;mittel (2-3 Segmente)
postgres;5110652671339873797;4326.3422222222225;286.5934056694684;450;tief (4+ Segmente)
postgres;5114707729326352490;2825.731111111111;300.91759619220403;450;tief (4+ Segmente)
postgres;5123573233662941034;2750.391111111111;225.2525292316739;450;tief (4+ Segmente)
postgres;5132217028704022278;4658.470926517572;1673.9716566806912;1565;mittel (2-3 Segmente)
postgres;5140558166930360594;2085.4741833508956;802.3620381809015;949;tief (4+ Segmente)
postgres;5145699040459185510;2533.1094736842106;213.80484371730157;475;tief (4+ Segmente)
postgres;5156761752207896840;2487.1524137931033;572.5079554789146;1450;tief (4+ Segmente)
postgres;5171482786720269397;4499.285244241964;1835.3977174298657;3951;tief (4+ Segmente)
postgres;5175401758409031451;3297.4133333333334;345.49916479356546;450;tief (4+ Segmente)
postgres;5185368923685255472;3307.177777777778;299.78161976614984;450;tief (4+ Segmente)
postgres;5206296607846935853;1963.7557894736842;287.2423871596925;950;tief (4+ Segmente)
postgres;5208293331801981119;3748.2355555555555;292.65212681589867;450;tief (4+ Segmente)
postgres;5213096934715077152;3054.521243523316;1008.5565065904871;965;tief (4+ Segmente)
postgres;5213552895087825586;1612.8222222222223;146.6668860091496;450;tief (4+ Segmente)
postgres;5223853072882824892;2604.922105263158;374.45594322066796;475;tief (4+ Segmente)
postgres;5238516466910165669;2877.9178947368423;992.1702259258169;950;mittel (2-3 Segmente)
postgres;5248968730913874096;2418.217777777778;251.30987206844785;450;tief (4+ Segmente)
postgres;5250211424285324727;2699.5537837054217;2214.471128213103;3449;mittel (2-3 Segmente)
postgres;5251334780437825912;3107.5444444444443;415.62912736832044;450;tief (4+ Segmente)
postgres;5253781330196685061;2350.5911111111113;259.4708971516764;450;tief (4+ Segmente)
postgres;5262132187125352066;5125.20103626943;2650.2115172375456;965;tief (4+ Segmente)
postgres;5262180595156701638;1401.9041025641025;789.4577894786311;1950;mittel (2-3 Segmente)
postgres;5273720711980555008;2713.3852631578948;346.8638767474821;950;tief (4+ Segmente)
postgres;5278382984790960961;3213.7165437302424;1416.345037981285;949;tief (4+ Segmente)
postgres;5302986612871203940;3665.7046046915725;1670.734647416825;3453;tief (4+ Segmente)
postgres;5310330488411565811;2534.2118702553485;1253.4322613014049;1449;tief (4+ Segmente)
postgres;5312357934696303765;3329.0252631578946;836.699849365358;950;tief (4+ Segmente)
postgres;5314959450779673997;7828.951002227172;331.1952411681529;449;mittel (2-3 Segmente)
postgres;5316870681666191450;1129.28;323.0257202337927;950;mittel (2-3 Segmente)
postgres;5319301555773514394;3773.3955555555553;298.0886760303555;450;tief (4+ Segmente)
postgres;5323825588506649051;2690.0223577235774;804.9590632769684;1968;tief (4+ Segmente)
postgres;5327695371455149476;881.6317241379311;124.76455491030556;1450;mittel (2-3 Segmente)
postgres;5330466651416252739;1830.7933333333333;272.08533878416114;450;tief (4+ Segmente)
postgres;5330718611700897910;2527.110312981016;295.1397532770357;1949;tief (4+ Segmente)
postgres;5339282866568473281;3458.711724137931;1579.5760002545564;1450;tief (4+ Segmente)
postgres;5359736074125503781;3845.938947368421;280.3054454316165;950;tief (4+ Segmente)
postgres;5361193217007111717;1457.0561224489795;876.59427321292;980;flach (<=1 Segment)
postgres;5364554835927879892;4045.8488888888887;317.5404985287539;450;tief (4+ Segmente)
postgres;5376447224146146878;3482.958592132505;1198.6310606499912;1449;tief (4+ Segmente)
postgres;5385452811400269000;2483.791111111111;321.17533446151924;450;tief (4+ Segmente)
postgres;5387328610238367396;3631.557614360162;1902.0613285150855;3454;tief (4+ Segmente)
postgres;5389850693796701204;4898.7155555555555;318.2790569757597;450;tief (4+ Segmente)
postgres;5407928157323162812;3034.832320568677;1495.3194702072;17444;tief (4+ Segmente)
postgres;5410294649952048386;3984.8914767096135;1243.5353091342668;2018;tief (4+ Segmente)
postgres;5410385908106914672;812.4555555555555;120.21474485261865;450;mittel (2-3 Segmente)
postgres;5413671066199565272;1564.4733333333334;207.3113395166915;450;tief (4+ Segmente)
postgres;5415221220816637711;8971.028985507246;147.3048937256929;345;tief (4+ Segmente)
postgres;5416601852897259614;3714.766666666667;333.28137921024785;450;tief (4+ Segmente)
postgres;5417465298170475465;2332.8555555555554;296.16448512932436;450;tief (4+ Segmente)
postgres;5423020749723056959;574.34;74.51857334133891;450;flach (<=1 Segment)
postgres;5433453865291437777;4309.0801687763715;2538.9307775199773;948;tief (4+ Segmente)
postgres;5434615217429814103;2749.051111111111;265.4843446386357;450;tief (4+ Segmente)
postgres;5436961904390642996;3003.693333333333;255.439686786815;450;mittel (2-3 Segmente)
postgres;5442355129992800342;3553.6422222222222;348.21277510077124;450;tief (4+ Segmente)
postgres;5444454853020086605;3917.1844444444446;273.4609237489323;450;tief (4+ Segmente)
postgres;5446068306253880448;1472.4733333333334;190.31667537686585;450;mittel (2-3 Segmente)
postgres;5454861746150378108;2851.833670886076;1441.6199725596175;3950;tief (4+ Segmente)
postgres;5456936052226783288;7342.995545657016;332.6739810365184;449;tief (4+ Segmente)
postgres;5459538003171853369;8443.165501165502;296.20065048731027;429;tief (4+ Segmente)
postgres;5461389132692339064;7476.199105145414;331.10744763989453;447;tief (4+ Segmente)
postgres;5468773637961384141;8576.066508313539;279.7612253067965;421;tief (4+ Segmente)
postgres;5473403024752546956;1783.4155555555556;189.27920534189096;450;tief (4+ Segmente)
postgres;5475078144932870756;2681.058947368421;290.3381929391765;950;tief (4+ Segmente)
postgres;5478050461100281106;5036.417777777778;285.63851599763524;450;tief (4+ Segmente)
postgres;5484885789159007185;3742.7089655172413;1624.7923796193738;1450;tief (4+ Segmente)
postgres;5486669699480165382;4295.124625267666;2977.036521185487;2335;tief (4+ Segmente)
postgres;5493468535583883465;3298.78;1614.0336426480026;950;tief (4+ Segmente)
postgres;5498899749585258179;2897.653333333333;265.8480313419194;450;flach (<=1 Segment)
postgres;5500536538076759562;1592.4577777777777;157.25096405621736;450;tief (4+ Segmente)
postgres;5503837698919266075;2008.1733333333334;208.13735656584635;450;tief (4+ Segmente)
postgres;5505496635485408344;2218.4822222222224;259.91248466213915;450;tief (4+ Segmente)
postgres;5508967759134792772;3155.970612244898;1238.6062551273303;2450;tief (4+ Segmente)
postgres;5510819102807609432;3490.9044444444444;298.8218174754925;450;tief (4+ Segmente)
postgres;5518877400221737153;5249.704329461457;2361.843738445294;947;tief (4+ Segmente)
postgres;5519077511538053557;2057.952631578947;240.0134937996678;950;tief (4+ Segmente)
postgres;5519778755691890712;3539.6691729323306;802.2091939693721;1463;tief (4+ Segmente)
postgres;5535559360605700569;3302.627368421053;877.6852459914099;950;tief (4+ Segmente)
postgres;5538151497547625503;3860.090501426824;2482.2718227876185;4906;tief (4+ Segmente)
postgres;5540782288121118049;2801.633333333333;268.9910973762999;450;tief (4+ Segmente)
postgres;5546448881229045391;3778.96875;394.4293234424581;448;tief (4+ Segmente)
postgres;5555959410971175832;4507.388888888889;299.38381762361064;450;tief (4+ Segmente)
postgres;5556366266301609909;3615.383448275862;1748.4796441813294;1450;tief (4+ Segmente)
postgres;5561613688855469990;3205.162105263158;287.5396817887114;475;tief (4+ Segmente)
postgres;5567264031995499744;3168.117777777778;272.3691273879452;450;tief (4+ Segmente)
postgres;5569223570165696314;2665.7919418126135;1390.79391850281;10449;tief (4+ Segmente)
postgres;5583591783156248783;5323.347826086957;981.3999734599473;966;tief (4+ Segmente)
postgres;5616400302968271686;3694.932631578947;1383.1816980381095;950;tief (4+ Segmente)
postgres;5617510144668734022;2562.9933333333333;239.26051154144412;450;tief (4+ Segmente)
postgres;5639183456721914367;4813.9;442.47827196160665;450;mittel (2-3 Segmente)
postgres;5639228393184476633;7181.137777777778;292.8658694703408;450;tief (4+ Segmente)
postgres;5643283541426986774;4060.7254355400696;2980.618808409949;1435;tief (4+ Segmente)
postgres;5645528311713269004;1455.3915789473683;290.3095262023388;950;mittel (2-3 Segmente)
postgres;5645932708983841900;3241.5294736842106;1464.3966072280587;950;flach (<=1 Segment)
postgres;5646237379063164568;2312.547368421053;344.7464995698587;950;tief (4+ Segmente)
postgres;5653097961270931210;2187.502105263158;273.62113649914323;950;tief (4+ Segmente)
postgres;5658960865002591843;4916.079166666666;2271.1722567252705;1440;tief (4+ Segmente)
postgres;5660280600680046639;1667.3502040816327;733.4140016424454;2450;tief (4+ Segmente)
postgres;5662321701118212826;2519.1281265952016;2158.838188287271;1959;flach (<=1 Segment)
postgres;5695366282730021544;2465.131724137931;2278.432891307909;1450;mittel (2-3 Segmente)
postgres;5711066561672110822;2302.1355555555556;381.4794571645436;450;tief (4+ Segmente)
postgres;5716674029087508827;3541.0557894736844;1352.6207485480552;950;tief (4+ Segmente)
postgres;5716693611716872390;3679.793898305085;1118.6840790657322;1475;tief (4+ Segmente)
postgres;5731059930125300756;3541.354439091535;3413.11056803479;1453;mittel (2-3 Segmente)
postgres;5735454426847853064;8993.487804878048;141.72833259033038;246;tief (4+ Segmente)
postgres;5742504891104958874;2969.3081695966907;576.7848239079609;967;tief (4+ Segmente)
postgres;5743147211319887222;3453.722105263158;1519.5372640978114;950;mittel (2-3 Segmente)
postgres;5755920539766019477;2290.0096551724137;594.5153171235943;1450;tief (4+ Segmente)
postgres;5765871667095525341;2789.4844444444443;282.9393144465617;450;tief (4+ Segmente)
postgres;5771652216708352702;2086.3733333333334;213.62233435948065;450;tief (4+ Segmente)
postgres;5773441925639100410;3026.857286721335;1963.5499519682703;6951;tief (4+ Segmente)
postgres;5778074154933205916;3335.9662068965517;632.3998096268743;1450;tief (4+ Segmente)
postgres;5778283478472109328;6833.462053571428;372.582322344656;448;tief (4+ Segmente)
postgres;5792613558349454696;3122.9986440677967;1553.2775793090088;2950;tief (4+ Segmente)
postgres;5794832710217745243;2762.688195991091;265.97874490232994;449;tief (4+ Segmente)
postgres;5800696778223532823;4737.8189473684215;268.2012848144193;475;tief (4+ Segmente)
postgres;5802402265317097606;1567.4816513761468;660.5626636475096;5450;mittel (2-3 Segmente)
postgres;5804769346532838474;2726.4666666666667;249.44672853861837;450;tief (4+ Segmente)
postgres;5807067889361935726;2068.76;312.5218641081885;450;tief (4+ Segmente)
postgres;5817152135548445042;2274.644210526316;307.213880771406;950;tief (4+ Segmente)
postgres;5819340622713286740;4531.513333333333;236.9470560994785;450;tief (4+ Segmente)
postgres;5829886005468403501;3696.806896551724;1296.272914910938;1450;tief (4+ Segmente)
postgres;5834342123852753324;6117.568888888889;330.42639107797004;450;tief (4+ Segmente)
postgres;5836632896192132813;1820.1055172413794;974.278278245801;1450;flach (<=1 Segment)
postgres;5849097989878732809;3704.003105590062;1176.2994115827098;966;tief (4+ Segmente)
postgres;5859182835041635332;3514.5797101449275;1435.4555830625372;966;mittel (2-3 Segmente)
postgres;5859254473806996859;2162.791111111111;226.28959491575583;450;tief (4+ Segmente)
postgres;5860065544297083765;3517.720064724919;1300.8884695905128;2472;tief (4+ Segmente)
postgres;5862733684318313920;3652.9744827586205;1336.510725985196;1450;tief (4+ Segmente)
postgres;5868855570061413019;2219.9222222222224;249.69602133103245;450;tief (4+ Segmente)
postgres;5875718575240205075;2697.903622693096;485.1580499036572;1463;tief (4+ Segmente)
postgres;5885546580582353764;4762.286749482401;2132.9906217095595;966;tief (4+ Segmente)
postgres;5886596981376127229;2145.2505133470227;317.995844103378;487;flach (<=1 Segment)
postgres;5888878149548264107;4556.466666666666;397.30020962762643;450;tief (4+ Segmente)
postgres;5891390962599358429;3542.940408163265;2057.8396906575877;2450;tief (4+ Segmente)
postgres;5893594624922640028;2200.9105263157894;689.8356895692739;950;tief (4+ Segmente)
postgres;5895473172555763567;5087.672286617492;2871.8717887051785;949;tief (4+ Segmente)
postgres;5896318729371520181;2712.3644444444444;307.3647827031056;450;tief (4+ Segmente)
postgres;5897379912763917991;2634.1422222222222;263.30672155573916;450;tief (4+ Segmente)
postgres;5906496958719775160;1585.0222222222221;158.72310482081494;450;tief (4+ Segmente)
postgres;5910193922027097194;5047.4187050359715;2752.491537064059;695;tief (4+ Segmente)
postgres;5912189776611221043;2627.785263157895;222.6898379302217;475;tief (4+ Segmente)
postgres;5914753639352548704;5159.3104540654695;2930.652408213204;947;tief (4+ Segmente)
postgres;5918637790316114906;2792.6644444444446;445.8354144446984;450;tief (4+ Segmente)
postgres;5921539581227958474;3665.153333333333;254.47603017413022;450;tief (4+ Segmente)
postgres;5922958655594018315;5062.113148245155;1979.2011697171208;1909;tief (4+ Segmente)
postgres;5923002263897518223;4160.172413793103;1534.66727620415;1450;tief (4+ Segmente)
postgres;5924333401567263561;3461.558947368421;1213.4534291254975;950;tief (4+ Segmente)
postgres;5925631308366978494;5355.32518597237;3077.299063819464;941;tief (4+ Segmente)
postgres;5933687442628233442;2421.286666666667;224.22220932297245;450;tief (4+ Segmente)
postgres;5940861295064298073;8745.567430025445;268.2757322761924;393;tief (4+ Segmente)
postgres;5944985292157549540;1245.5422222222223;191.40508296724153;450;tief (4+ Segmente)
postgres;5947284626184853258;8087.559870550162;420.64717497886033;927;tief (4+ Segmente)
postgres;5960114202768520784;2338.3888888888887;221.29324760436845;450;mittel (2-3 Segmente)
postgres;5967069896472678376;5156.829537612146;1948.192313220815;1449;tief (4+ Segmente)
postgres;5973769856620448192;3396.507860560492;1914.7371236922174;1463;tief (4+ Segmente)
postgres;5974380146517149184;2462.1466666666665;350.27962205970465;450;tief (4+ Segmente)
postgres;5977659869415509245;3195.2431578947367;904.2329101371243;950;tief (4+ Segmente)
postgres;5980280963167919123;2120.7115789473683;206.58551976203415;475;tief (4+ Segmente)
postgres;5982466854000436152;2470.326666666667;245.6952091777891;450;tief (4+ Segmente)
postgres;5990245324121103853;1390.0;158.87675042711768;450;mittel (2-3 Segmente)
postgres;6003749780346662346;2244.8044444444445;282.071618917015;450;tief (4+ Segmente)
postgres;6006906626162987288;3243.9389830508476;997.3046522258339;2950;tief (4+ Segmente)
postgres;6035569127364925393;2442.199661016949;1092.4089916411956;2950;tief (4+ Segmente)
postgres;6039915015557696696;4262.062222222222;235.18279985826152;450;tief (4+ Segmente)
postgres;6041468693350349300;2160.3426183844012;1437.8611370018439;3949;mittel (2-3 Segmente)
postgres;6045321278204704508;3588.2705263157895;1468.1242699253614;950;tief (4+ Segmente)
postgres;6045614919224892697;2387.3446153846153;900.6109973268912;1950;tief (4+ Segmente)
postgres;6049919751840135324;3295.0022222222224;279.40735482129963;450;tief (4+ Segmente)
postgres;6059082588762000963;2154.88;205.19563982048032;450;tief (4+ Segmente)
postgres;6060061873406280289;2150.0;406.68376232606414;1450;tief (4+ Segmente)
postgres;6069093634743969280;5391.686378035903;1691.1283208946018;947;mittel (2-3 Segmente)
postgres;6072609984358472914;2129.4955555555557;271.40920088159754;450;tief (4+ Segmente)
postgres;6072704197946584965;3496.2178507194244;1874.2847850156818;4448;tief (4+ Segmente)
postgres;6079944415408147363;1175.4333333333334;148.55309954794157;450;tief (4+ Segmente)
postgres;6080560130574856177;2329.2672605790644;184.12062918346842;449;tief (4+ Segmente)
postgres;6085608012517089869;2932.197777777778;264.22947355354324;450;tief (4+ Segmente)
postgres;6095850063032474994;2956.345626975764;1604.1049276193278;949;tief (4+ Segmente)
postgres;6099361836995198340;6753.513199577614;454.9570021095433;947;tief (4+ Segmente)
postgres;6100245412723762295;3014.6989642499166;2148.1392435815465;2993;tief (4+ Segmente)
postgres;6101663781689786793;3304.806895234457;1944.312919481138;20942;tief (4+ Segmente)
postgres;6108289690992007831;3678.52;423.83088280019183;475;tief (4+ Segmente)
postgres;6110262331357099103;2796.5452631578946;960.9330048357157;950;tief (4+ Segmente)
postgres;6113274652996133645;8912.734328358209;178.95308784810285;335;tief (4+ Segmente)
postgres;6123855792281854719;2834.8155555555554;375.7780160575395;450;tief (4+ Segmente)
postgres;6125059177722119175;3064.7327394209356;270.14816507042264;449;tief (4+ Segmente)
postgres;6125266700812000818;2278.1262068965516;660.9147319341606;1450;tief (4+ Segmente)
postgres;6131199456104076946;1791.8444444444444;278.5451749741163;450;tief (4+ Segmente)
postgres;6142840522258834137;6020.82;378.43479789569017;450;tief (4+ Segmente)
postgres;6143266762331186035;1584.721379310345;1100.7133797683814;1450;flach (<=1 Segment)
postgres;6144479911199903239;2317.5073684210524;742.6697174508794;950;mittel (2-3 Segmente)
postgres;6148415941960067061;3236.4121013900244;2053.7941877124163;2446;tief (4+ Segmente)
postgres;6150368096895214572;2699.826153846154;803.1602721841108;1950;tief (4+ Segmente)
postgres;6168051656989246146;3846.6872153051927;2217.0110782613197;6586;tief (4+ Segmente)
postgres;6168740178041897396;1036.1852173913044;228.707927127635;3450;mittel (2-3 Segmente)
postgres;6169347855890187016;2110.8244444444445;272.11039916608;450;tief (4+ Segmente)
postgres;6169545201980741840;7085.835189309577;346.1544730396779;449;tief (4+ Segmente)
postgres;6173833612598305791;3436.8684210526317;576.084063127871;950;tief (4+ Segmente)
postgres;6177503259314778938;4209.3822222222225;376.65752540300116;450;tief (4+ Segmente)
postgres;6184059470523558657;3975.376811594203;1129.9330244235348;1449;tief (4+ Segmente)
postgres;6187185220356631838;4614.5888888888885;311.76424100561877;450;tief (4+ Segmente)
postgres;6187373095626766966;1841.591111111111;208.31407654432118;450;tief (4+ Segmente)
postgres;6200439226761143438;914.2684210526315;114.90708461840904;950;mittel (2-3 Segmente)
postgres;6221993639873759947;2563.438620689655;470.8924225273527;1450;tief (4+ Segmente)
postgres;6233718223374923264;2431.682222222222;289.04713111179547;450;tief (4+ Segmente)
postgres;6234908303186164022;1648.1170786516855;1035.263621506759;4450;mittel (2-3 Segmente)
postgres;6235554368285594860;1857.0736842105264;201.5598267450511;475;tief (4+ Segmente)
postgres;6239033509622230920;2667.9915789473685;269.98998249238036;475;tief (4+ Segmente)
postgres;6247557390256356085;2896.322222222222;245.70768787166148;450;tief (4+ Segmente)
postgres;6249949900317052497;3316.5468965517243;394.3008745219158;1450;tief (4+ Segmente)
postgres;6251330316207379170;2737.264827586207;1970.803975734353;1450;tief (4+ Segmente)
postgres;6256039240167545991;2931.5933333333332;274.69072538082713;450;tief (4+ Segmente)
postgres;6256094020817159034;3754.6673684210527;1199.9570763698396;950;tief (4+ Segmente)
postgres;6260692276606985163;1455.6777777777777;236.54476533716365;450;tief (4+ Segmente)
postgres;6261944467058099329;2493.633684210526;436.30314540622453;950;tief (4+ Segmente)
postgres;6267148307619687107;1933.517627118644;1036.7126077441833;2950;mittel (2-3 Segmente)
postgres;6271170465901072318;7684.304250559284;286.04837709763035;447;tief (4+ Segmente)
postgres;6277209744862038553;3376.9088888888887;281.20095321687063;450;tief (4+ Segmente)
postgres;6280426571937034084;2264.315789473684;546.0777602072801;950;mittel (2-3 Segmente)
postgres;6283829592363211063;3698.4324520101413;2152.875745929211;2761;tief (4+ Segmente)
postgres;6286048607598540720;4409.618947368421;2846.223821524189;950;tief (4+ Segmente)
postgres;6289986841115283723;4503.3;351.3649315807801;450;tief (4+ Segmente)
postgres;6295969277559646253;2997.296423519903;1002.7550296981927;4949;tief (4+ Segmente)
postgres;6303171249662756917;2505.54;283.86109632081383;450;tief (4+ Segmente)
postgres;6303255107028490935;4366.893684210526;321.182178593807;950;tief (4+ Segmente)
postgres;6311265279055986334;4347.614736842105;2157.7137646577603;950;tief (4+ Segmente)
postgres;6314424938776649240;2020.5673684210526;295.8238788905232;950;tief (4+ Segmente)
postgres;6318616562776186417;3722.8905263157894;273.5457995399034;475;tief (4+ Segmente)
postgres;6324187711132849850;770.3866666666667;100.41680087291225;450;mittel (2-3 Segmente)
postgres;6326301636553745261;1396.8452631578948;309.54077998180344;950;mittel (2-3 Segmente)
postgres;6326302990615755519;6368.095975232198;1315.268122303519;969;tief (4+ Segmente)
postgres;6328275225611674199;3268.115251798561;992.7435447653295;6950;tief (4+ Segmente)
postgres;6333738282814291938;3714.4744827586205;846.7023188870694;1450;tief (4+ Segmente)
postgres;6339223741432742184;1615.6647457627118;787.9914802099952;2950;mittel (2-3 Segmente)
postgres;6344414612961676944;2451.5;242.31471235116172;450;tief (4+ Segmente)
postgres;6348797976397034655;1019.6178947368421;162.81415542039838;950;mittel (2-3 Segmente)
postgres;6352040687010451590;4595.683937823835;1898.6651006757095;965;tief (4+ Segmente)
postgres;6359260740098691462;2156.4133333333334;263.78181204407565;450;tief (4+ Segmente)
postgres;6367920086937354966;3236.786666666667;421.9336164128698;450;tief (4+ Segmente)
postgres;6382660261821217963;3721.2642105263158;1518.662498963071;950;mittel (2-3 Segmente)
postgres;6390866362114641753;2763.2560162365903;1282.1370780579127;3449;tief (4+ Segmente)
postgres;6391729233649087586;4458.070320579111;636.1093855064549;967;tief (4+ Segmente)
postgres;6394189367554203785;2640.668888888889;240.47856733231228;450;tief (4+ Segmente)
postgres;6410038533119315912;2685.3444444444444;282.38397941235127;450;tief (4+ Segmente)
postgres;6411574319166152051;3018.759693877551;1363.954533435084;1960;tief (4+ Segmente)
postgres;6421599164714961175;2777.3964365256124;340.0774249891828;449;tief (4+ Segmente)
postgres;6445178872878901031;4966.497905027933;2492.1991666455974;1432;tief (4+ Segmente)
postgres;6447843030872828034;4587.233684210526;496.46790629943376;475;tief (4+ Segmente)
postgres;6449890693743718550;4806.332337565347;2469.2105558539047;1339;tief (4+ Segmente)
postgres;6451941728521548721;2625.249736564805;516.6168709627347;949;tief (4+ Segmente)
postgres;6486231326478176361;2058.6444444444446;298.09749048458895;450;tief (4+ Segmente)
postgres;6487075277431919327;6007.7844444444445;284.491677698197;450;mittel (2-3 Segmente)
postgres;6493150003484457479;2288.826530612245;798.1395351366735;2450;tief (4+ Segmente)
postgres;6496301240597002292;2694.4196428571427;577.6959038167686;448;tief (4+ Segmente)
postgres;6502829199176474386;3819.202105263158;541.120123042401;950;tief (4+ Segmente)
postgres;6506346987539001533;1275.6773085471812;382.2172399631001;4949;mittel (2-3 Segmente)
postgres;6509557777674824088;2093.3427586206894;1161.3729918164752;1450;tief (4+ Segmente)
postgres;6512615701195798917;4289.594736842106;1120.6494452361978;950;tief (4+ Segmente)
postgres;6513625981320547530;2211.6444444444446;243.29075198715358;450;tief (4+ Segmente)
postgres;6522901251238644740;2754.44275862069;939.1426804761344;1450;tief (4+ Segmente)
postgres;6528462012521620044;2815.9177777777777;301.64327209979115;450;tief (4+ Segmente)
postgres;6531186125582192571;7251.376391982182;303.5908878890708;449;tief (4+ Segmente)
postgres;6535112530896214022;9123.252525252525;88.33798076478116;99;tief (4+ Segmente)
postgres;6537095173671556838;6455.404444444444;478.7144961245716;450;tief (4+ Segmente)
postgres;6540301177922409811;2501.0289855072465;861.4805805099303;1449;tief (4+ Segmente)
postgres;6552899473397833164;9214.438596491229;34.00000921421083;57;tief (4+ Segmente)
postgres;6558346256756296246;3463.9755555555557;379.4943732871346;450;tief (4+ Segmente)
postgres;6559513867929632046;6400.235555555556;280.2086441499836;450;tief (4+ Segmente)
postgres;6560775341801200185;1948.5463157894737;489.34847059262717;950;tief (4+ Segmente)
postgres;6569585492190948236;1729.1951898734178;671.8239427900751;3950;mittel (2-3 Segmente)
postgres;6573411717329715258;454.05395683453236;186.85266102687177;6950;flach (<=1 Segment)
postgres;6579500761435026265;1123.2755555555555;176.11101878612445;450;mittel (2-3 Segmente)
postgres;6598197664192776714;9086.783018867925;113.46887204667514;212;tief (4+ Segmente)
postgres;6605551749643767128;4220.113333333334;302.162455825451;450;tief (4+ Segmente)
postgres;6610229096093481227;4254.497777777778;472.9711671332321;450;flach (<=1 Segment)
postgres;6611072465153856650;3468.5;1007.5859137319782;950;tief (4+ Segmente)
postgres;6616207873525727301;4404.075555555555;329.40939060259655;450;tief (4+ Segmente)
postgres;6617872096341455819;2233.185850971296;616.8193388909825;3449;tief (4+ Segmente)
postgres;6633615500066057814;4585.08;1341.5708078148364;1450;tief (4+ Segmente)
postgres;6642361558204199206;1290.2778947368422;185.36891885007995;950;mittel (2-3 Segmente)
postgres;6645597472538920772;2155.6926315789474;227.80956183746798;475;tief (4+ Segmente)
postgres;6645921071018426350;2109.2155555555555;226.8402305162124;450;tief (4+ Segmente)
postgres;6646076156020530585;7659.29313929314;313.32831445678954;481;tief (4+ Segmente)
postgres;6648117281892177276;3720.288717948718;2140.287047978226;1950;tief (4+ Segmente)
postgres;6649062256857120113;2695.194736842105;965.8610832913485;950;tief (4+ Segmente)
postgres;6650713113887104138;2643.826530612245;323.7868289994319;980;mittel (2-3 Segmente)
postgres;6654294049969334944;3573.4037267080744;2526.7692066143254;1449;tief (4+ Segmente)
postgres;6656091326550870156;3622.361052631579;561.8165602534998;950;tief (4+ Segmente)
postgres;6675930577918684863;3140.864827586207;450.3276787992926;1450;tief (4+ Segmente)
postgres;6681866036184840066;5703.504682622269;2314.27301675317;961;tief (4+ Segmente)
postgres;6686923937955848699;3781.482105263158;318.5114461770087;475;tief (4+ Segmente)
postgres;6688321457301195843;2347.668888888889;409.58688423059823;450;mittel (2-3 Segmente)
postgres;6689831521915727449;2137.6711111111113;364.31056199049095;450;tief (4+ Segmente)
postgres;6701351818718900713;1758.3821746160065;1061.830540856219;4948;mittel (2-3 Segmente)
postgres;6713014167349696218;5607.893333333333;388.6178319787295;450;tief (4+ Segmente)
postgres;6717295252140531492;2053.7271794871795;342.9612965458614;1950;tief (4+ Segmente)
postgres;6717494840143294197;5342.014877789586;3108.554740771691;941;tief (4+ Segmente)
postgres;6718416350717849323;1910.271714922049;319.19777669818046;449;tief (4+ Segmente)
postgres;6719381451999393753;3707.7924130663855;1101.5484154151181;949;tief (4+ Segmente)
postgres;6730369401503643849;4035.894250513347;2043.100806646599;1948;tief (4+ Segmente)
postgres;6731502890053543086;4012.2348717948717;1203.2890719063123;975;tief (4+ Segmente)
postgres;6733952511934450038;7210.596881959911;367.09038772230593;449;tief (4+ Segmente)
postgres;6735492487403172990;2495.26;307.6660490341517;450;tief (4+ Segmente)
postgres;6738676196440896408;3059.7614379084966;1343.7949088766843;2448;tief (4+ Segmente)
postgres;6752565762017988765;3103.5315789473684;1801.3639781636978;950;tief (4+ Segmente)
postgres;6759193123074634681;4152.569473684211;510.01722828267316;950;tief (4+ Segmente)
postgres;6770192758383095727;5592.7444444444445;321.73480070495526;450;tief (4+ Segmente)
postgres;6779073791728776433;1882.1133333333332;202.5174150173281;450;tief (4+ Segmente)
postgres;6785269743222454495;1854.5718326934734;888.0381408672139;4949;mittel (2-3 Segmente)
postgres;6790777157275220611;2029.5220689655173;862.7304408227898;1450;tief (4+ Segmente)
postgres;6794932373788399675;3011.866666666667;1985.8845393060408;1950;mittel (2-3 Segmente)
postgres;6806418340651381205;3401.6133333333332;321.80785507846224;450;tief (4+ Segmente)
postgres;6808161814986139354;2609.166158019668;1035.7547658923509;2949;tief (4+ Segmente)
postgres;6808285859891611528;2797.413702506063;1304.2890215200634;4948;tief (4+ Segmente)
postgres;6815416692114662967;7249.630289532294;328.35420439638364;449;tief (4+ Segmente)
postgres;6826322663245396868;1919.362105263158;281.200304443625;475;tief (4+ Segmente)
postgres;6831327114562572897;2859.1555555555556;287.47661514699274;450;tief (4+ Segmente)
postgres;6835931035346480990;2325.0933333333332;254.78510129056545;450;tief (4+ Segmente)
postgres;6856741613265116973;4156.109243697479;2210.931313604028;2380;tief (4+ Segmente)
postgres;6874137629783320727;3764.7790178571427;323.59852056488893;448;tief (4+ Segmente)
postgres;6877062122530207313;2933.1317647058822;1630.598562593162;5950;tief (4+ Segmente)
postgres;6886741728153381842;3283.296803652968;902.7056795227126;1971;tief (4+ Segmente)
postgres;6891435750456311247;1594.1131034482758;301.46766991645177;1450;tief (4+ Segmente)
postgres;6892347886550699060;2322.233333333333;282.0374823057918;450;tief (4+ Segmente)
postgres;6897743134406407913;4517.528511821975;2641.2356034826557;1438;tief (4+ Segmente)
postgres;6916223122062731847;3015.0533333333333;316.66168889144336;450;tief (4+ Segmente)
postgres;6916229976131609307;2310.3073237508556;690.0972042964905;1461;tief (4+ Segmente)
postgres;6918508674184897224;926.6550724637681;535.5120347165391;3450;flach (<=1 Segment)
postgres;6920728789574406068;4090.3931034482757;760.845287405507;1450;tief (4+ Segmente)
postgres;6923286108552797372;3640.76;208.54822219322682;450;tief (4+ Segmente)
postgres;6924759920109969572;1682.8348577235772;431.7439690002078;1968;tief (4+ Segmente)
postgres;6928965224961782591;6065.587973273942;335.86869901798667;449;tief (4+ Segmente)
postgres;6933988547591829902;1520.2571127502633;152.53606914006082;949;tief (4+ Segmente)
postgres;6934291779761673195;2732.0347368421053;229.3279590604528;950;tief (4+ Segmente)
postgres;6941355212589978942;6778.238396624472;316.0822947313987;474;tief (4+ Segmente)
postgres;6944619809665527286;2253.8242105263157;279.3754242117339;950;tief (4+ Segmente)
postgres;6951233344159055958;2362.5866666666666;192.0048319733481;450;mittel (2-3 Segmente)
postgres;6955290752189237719;3273.910396716826;723.7324415808346;1462;tief (4+ Segmente)
postgres;6955990833255922179;3145.0577777777776;249.8308224807747;450;tief (4+ Segmente)
postgres;6957954546553947698;2059.5466666666666;332.47185697331946;450;tief (4+ Segmente)
postgres;6959823792660505874;2066.8006896551724;285.8842123732468;1450;tief (4+ Segmente)
postgres;6963818490678498482;2698.7736842105264;752.1245625417472;950;tief (4+ Segmente)
postgres;6963969301241299631;1323.9031578947368;134.9928893671463;950;tief (4+ Segmente)
postgres;6964655324573933129;7819.808035714285;279.61562579783794;448;tief (4+ Segmente)
postgres;6965431344619332755;2711.7663934426228;330.891904559143;488;mittel (2-3 Segmente)
postgres;6966956981063676358;2106.1730434782608;920.8190892971255;3450;mittel (2-3 Segmente)
postgres;6975054252646366377;1516.9733333333334;213.5471848987331;450;mittel (2-3 Segmente)
postgres;6981467809402919174;3066.6466666666665;322.39186415870336;450;tief (4+ Segmente)
postgres;6991396919801460314;3119.1269487750556;187.6406720155944;449;tief (4+ Segmente)
postgres;6993855822822896526;1261.7079107505072;157.9924739585298;493;mittel (2-3 Segmente)
postgres;6999390392602078999;2627.107692307692;1358.562197858942;1950;mittel (2-3 Segmente)
postgres;7001670474862672429;3786.315789473684;287.870248225581;475;tief (4+ Segmente)
postgres;7019273673230404745;3361.064210526316;434.3419050685595;950;tief (4+ Segmente)
postgres;7023997211398386107;1398.441379310345;260.4352855684315;1450;tief (4+ Segmente)
postgres;7024105307023026624;1955.2715789473684;536.5636711183453;950;tief (4+ Segmente)
postgres;7026137585052751663;3637.4755555555557;373.7073227784585;450;tief (4+ Segmente)
postgres;7032653165590605654;2832.5494736842106;216.1746421824682;475;tief (4+ Segmente)
postgres;7064942382154644362;3281.4320585842147;1183.2707870370775;2458;tief (4+ Segmente)
postgres;7074953339264050056;2277.5094736842107;351.41805170189895;475;tief (4+ Segmente)
postgres;7079622581995693957;2563.5666666666666;227.96680735608126;450;tief (4+ Segmente)
postgres;7081456869338977085;3466.508888888889;470.2466548545355;450;tief (4+ Segmente)
postgres;7083861744864570255;4590.166666666667;296.5905912902004;450;tief (4+ Segmente)
postgres;7088882595890314483;1638.5010351966873;266.5540230386633;483;mittel (2-3 Segmente)
postgres;7090784894766664535;2457.3406896551724;296.00124934373247;1450;tief (4+ Segmente)
postgres;7092268058044733161;2541.04;279.97365614442856;950;tief (4+ Segmente)
postgres;7102054589116163334;3494.5644444444442;298.5818173102808;450;tief (4+ Segmente)
postgres;7103939474194307731;991.1088888888889;107.67456603234992;450;mittel (2-3 Segmente)
postgres;7116810954923767783;1350.4933333333333;239.67211492496537;450;tief (4+ Segmente)
postgres;7118184789286238807;3196.0687550854354;1221.7560027736915;2458;tief (4+ Segmente)
postgres;7130876767735522282;3123.9034907597534;1627.2118012597628;1461;tief (4+ Segmente)
postgres;7133253344475891479;2737.098639455782;479.34392187366;1470;tief (4+ Segmente)
postgres;7137050689974810421;4013.343157894737;301.4596524887109;475;tief (4+ Segmente)
postgres;7150485708328714877;2067.0138775510204;614.9606823897967;2450;mittel (2-3 Segmente)
postgres;7160837301264405624;4090.568888888889;288.40303077697746;450;tief (4+ Segmente)
postgres;7162281709022027790;2343.9088888888887;231.10363309647155;450;tief (4+ Segmente)
postgres;7166342363427531355;2759.5167346938774;1011.5720305416843;2450;tief (4+ Segmente)
postgres;7166971978966371759;3691.2968421052633;276.9905067196193;475;tief (4+ Segmente)
postgres;7168117380502047753;3452.251111111111;277.5105071324663;450;tief (4+ Segmente)
postgres;7169919946765129646;2239.722222222222;278.9254767031344;450;tief (4+ Segmente)
postgres;7193081606829572076;2226.882222222222;209.87413110764993;450;tief (4+ Segmente)
postgres;7195516590065718983;3331.7968911917096;1412.831727356215;965;tief (4+ Segmente)
postgres;7201513845208385946;3604.9558521560575;990.7969536657167;974;tief (4+ Segmente)
postgres;7203135976160683060;2189.6884210526314;648.7307489140198;950;mittel (2-3 Segmente)
postgres;7206319879082967727;4619.295555555555;279.5869196461425;450;tief (4+ Segmente)
postgres;7210960697097646052;2645.335789473684;245.5840544518508;950;tief (4+ Segmente)
postgres;7215686585499329261;2195.1724137931033;813.7919255345645;1450;tief (4+ Segmente)
postgres;7216462886097490882;5701.564444444444;378.6083079500497;450;mittel (2-3 Segmente)
postgres;7218765816327827919;3110.8288888888887;282.4201084361679;450;tief (4+ Segmente)
postgres;7219744551829154106;3008.530066815145;281.72627072442174;449;tief (4+ Segmente)
postgres;7223834057976010290;4133.11088011088;2767.571687339381;1443;tief (4+ Segmente)
postgres;7225340296034766726;2088.0289655172414;377.2608907622442;1450;tief (4+ Segmente)
postgres;7227339809588056304;4649.824444444444;238.4440334436574;450;mittel (2-3 Segmente)
postgres;7230413800350601507;2603.045174537988;399.76106291143776;487;tief (4+ Segmente)
postgres;7239704071197237017;3232.8569507480247;1867.435760874462;5949;tief (4+ Segmente)
postgres;7249485003278207740;3763.224210526316;1276.6597838219054;950;tief (4+ Segmente)
postgres;7254258091620370867;2249.617777777778;349.9792875124198;450;tief (4+ Segmente)
postgres;7262283538636734599;3480.9747368421054;721.3841172856223;950;tief (4+ Segmente)
postgres;7269964128757582341;3144.0896551724136;353.88413682244527;1450;tief (4+ Segmente)
postgres;7271460581007129364;1987.8577777777778;217.14378401169375;450;tief (4+ Segmente)
postgres;7289772492937031987;3377.116179775281;1521.180691320841;4450;tief (4+ Segmente)
postgres;7290382544211164749;1631.2923671822462;849.0167145783075;5948;mittel (2-3 Segmente)
postgres;7295766255755397120;5100.3263157894735;908.7882939185757;950;tief (4+ Segmente)
postgres;7319314336225477525;2818.3288888888887;282.5636665725339;450;tief (4+ Segmente)
postgres;7323861348285808901;2431.3577777777778;311.418199327779;450;tief (4+ Segmente)
postgres;7325785846958233655;2202.42132505176;271.0148678037385;966;tief (4+ Segmente)
postgres;7334523721464836294;2278.023157894737;199.55544868459816;475;tief (4+ Segmente)
postgres;7335319426941232207;2220.5177777777776;217.46861308886008;450;tief (4+ Segmente)
postgres;7336185532041334466;4061.5494736842106;670.9174106727869;950;tief (4+ Segmente)
postgres;7338120438875108379;3526.4883435582824;2119.4006323660783;2445;tief (4+ Segmente)
postgres;7347999273263298992;2544.46;239.85590412552958;450;tief (4+ Segmente)
postgres;7358393570826298146;7964.228187919463;287.7901527654686;447;tief (4+ Segmente)
postgres;7365661320660538846;372.47722567287786;55.80902854665215;966;flach (<=1 Segment)
postgres;7372654943741226211;1901.5581395348838;689.4463662701652;1462;tief (4+ Segmente)
postgres;7377292304080866557;1574.1476923076923;676.5560850406636;1950;mittel (2-3 Segmente)
postgres;7379177825003423233;3092.7559462254394;431.37234472829425;967;tief (4+ Segmente)
postgres;7383760680730060475;2745.282222222222;235.78088596531205;450;tief (4+ Segmente)
postgres;7384741138802309211;2554.108888888889;421.6827559806226;450;tief (4+ Segmente)
postgres;7388019909636183601;2984.4715789473685;273.8639995039416;475;tief (4+ Segmente)
postgres;7388832877617495275;1447.0377777777778;177.51986217036097;450;tief (4+ Segmente)
postgres;7390087711129764042;1527.2631192660551;906.8051764010232;5450;flach (<=1 Segment)
postgres;7393300876044742663;2604.177777777778;352.51799233102935;450;tief (4+ Segmente)
postgres;7402578400686588454;5006.684444444444;410.4499546063169;450;tief (4+ Segmente)
postgres;7410298140121884849;4389.233333333334;435.75281222618486;450;tief (4+ Segmente)
postgres;7412857051013713243;1771.2675862068966;875.118589292578;1450;mittel (2-3 Segmente)
postgres;7414958621765211615;3225.366666666667;370.71809717409684;450;tief (4+ Segmente)
postgres;7416139204776944113;4596.840744570838;976.0632846737241;967;tief (4+ Segmente)
postgres;7416739564391203102;3120.857894736842;644.3187953390592;950;tief (4+ Segmente)
postgres;7419651672170792594;3848.1427586206896;1647.2775246557583;1450;tief (4+ Segmente)
postgres;7435906873045652737;4148.808888888889;260.23607393040135;450;tief (4+ Segmente)
postgres;7435944757182627551;4730.027605244996;904.5043959407232;1449;tief (4+ Segmente)
postgres;7436564832966144642;7748.916666666667;438.40542662735476;444;tief (4+ Segmente)
postgres;7438884339891250401;4031.617894736842;1498.9335521558303;950;tief (4+ Segmente)
postgres;7441963244719407348;3398.224292615597;2582.7902365755135;1449;tief (4+ Segmente)
postgres;7443574671000378605;936.9844444444444;123.66965922456336;450;mittel (2-3 Segmente)
postgres;7447184893484684702;1428.0003390979994;412.9077019778945;2949;tief (4+ Segmente)
postgres;7449632599369639117;2130.5089655172414;671.9146105577086;1450;tief (4+ Segmente)
postgres;7454093421781551312;2180.2580535774837;1847.1201221904773;2949;mittel (2-3 Segmente)
postgres;7454438584224283616;918.3244444444445;113.97849434856927;450;mittel (2-3 Segmente)
postgres;7455457546118458202;3334.3294736842104;986.1803109822037;950;tief (4+ Segmente)
postgres;7463514146013541636;3860.387755102041;919.6560560277006;1470;tief (4+ Segmente)
postgres;7466131081227029273;3451.3593103448275;1312.1734528346042;1450;tief (4+ Segmente)
postgres;7469140033494620104;8772.754137115839;184.25194237987938;423;tief (4+ Segmente)
postgres;7483759199172463376;3292.3044444444445;275.2288106257514;450;tief (4+ Segmente)
postgres;7483810010677057972;6280.456570155902;451.66245347821416;449;tief (4+ Segmente)
postgres;7485963406192663527;2220.234736842105;275.4934391973121;950;tief (4+ Segmente)
postgres;7486112999374359057;1786.0422222222223;227.969854011523;450;tief (4+ Segmente)
postgres;7488422638392939646;2939.3173957273652;1312.0936242270645;2949;tief (4+ Segmente)
postgres;7493740809639542951;2446.788888888889;467.3937237191325;450;tief (4+ Segmente)
postgres;7494493814875381508;3239.7533333333336;325.17383262708876;450;tief (4+ Segmente)
postgres;7499152351859159970;3397.137777777778;304.2869845200087;450;tief (4+ Segmente)
postgres;7501183493214368543;3802.900893582453;2021.9938355582028;2462;tief (4+ Segmente)
postgres;7507878927214713905;1655.7111111111112;187.34760068996357;450;tief (4+ Segmente)
postgres;7509425978543611190;3524.073584265853;1638.6273497226957;2949;tief (4+ Segmente)
postgres;7518376303974920579;6404.071428571428;942.9378872943498;532;tief (4+ Segmente)
postgres;7533754097498814268;4594.1177777777775;316.13852211030604;450;tief (4+ Segmente)
postgres;7540689372683472301;5023.311839323467;2607.789832924852;946;tief (4+ Segmente)
postgres;7543667377026905370;1825.3715789473683;206.50423681764275;950;mittel (2-3 Segmente)
postgres;7545551363097580408;3944.850353892821;1680.8749220448776;2967;tief (4+ Segmente)
postgres;7546705186708086090;5050.413125590179;3014.074793748869;2118;tief (4+ Segmente)
postgres;7549320764247135497;4265.557777777778;294.4594950148576;450;tief (4+ Segmente)
postgres;7557900307389655720;4080.1353305785124;2553.6827310220237;1936;tief (4+ Segmente)
postgres;7559034564390017530;3937.965306122449;1317.6903428085027;1960;tief (4+ Segmente)
postgres;7572038563414648476;2146.498947368421;237.3189238627256;475;tief (4+ Segmente)
postgres;7573621614108211531;2757.4222222222224;241.94900794369744;450;tief (4+ Segmente)
postgres;7590920077360219268;4229.957777777778;310.9726539935611;450;tief (4+ Segmente)
postgres;7597423482031470806;2613.5133333333333;405.4743006748952;450;tief (4+ Segmente)
postgres;7598790591990274638;3614.1644444444446;293.95335384053783;450;mittel (2-3 Segmente)
postgres;7602163786987469196;4352.083157894737;1763.7409639795515;950;tief (4+ Segmente)
postgres;7604175532727225915;3251.8123297002726;2312.3134502474895;2936;mittel (2-3 Segmente)
postgres;7605618333424473443;2842.912631578947;1097.703076424593;950;tief (4+ Segmente)
postgres;7606048279799506040;2792.3284210526317;1632.7999610760717;950;tief (4+ Segmente)
postgres;7607555325147277506;3960.9142857142856;2469.2195125123408;2765;tief (4+ Segmente)
postgres;7608372997036589439;1964.848888888889;289.6469386204777;450;tief (4+ Segmente)
postgres;7609587362145515038;3018.6227586206896;1700.2026771255867;1450;tief (4+ Segmente)
postgres;7614248818746077525;3642.5946547884187;231.02971277662667;449;tief (4+ Segmente)
postgres;7618586604817474944;2642.7359889818836;2160.15576445041;9439;mittel (2-3 Segmente)
postgres;7625970572310186924;3076.16;210.92976105328418;450;mittel (2-3 Segmente)
postgres;7627634243330493037;2789.9777777777776;288.3068605327318;450;tief (4+ Segmente)
postgres;7643144860366089900;2452.3911338962607;1673.373782432719;9948;tief (4+ Segmente)
postgres;7649660162357036019;1015.5844897959183;278.17928202580464;2450;mittel (2-3 Segmente)
postgres;7653243178001675108;3636.752295262578;1766.9211442504482;5446;tief (4+ Segmente)
postgres;7657589701474899006;2661.755789473684;307.4784328191178;475;tief (4+ Segmente)
postgres;7660917291807904298;2115.256551724138;333.5585063088014;1450;tief (4+ Segmente)
postgres;7665538293914006793;1719.3179310344829;189.45324774361254;1450;tief (4+ Segmente)
postgres;7670966536050936040;2689.9044444444444;244.4378983949494;450;tief (4+ Segmente)
postgres;7671448998683467364;1832.951111111111;151.20141675462827;450;tief (4+ Segmente)
postgres;7677636386512570970;4938.356611570248;2812.3866465233546;2420;mittel (2-3 Segmente)
postgres;7678570372126106433;3070.6742578283856;2188.1837940516452;2459;flach (<=1 Segment)
postgres;7685502158203892137;3192.988888888889;385.6624270931358;450;tief (4+ Segmente)
postgres;7690256442500989885;2288.872631578947;301.935707272342;950;tief (4+ Segmente)
postgres;7695675953913130016;3284.94;384.31429515570295;450;tief (4+ Segmente)
postgres;7702886428339155513;2704.5844444444447;219.49910223553854;450;tief (4+ Segmente)
postgres;7703167561387159713;2998.5073684210524;465.93529610493783;950;tief (4+ Segmente)
postgres;7706472249485051110;5844.9978563772775;2593.0945392898752;933;tief (4+ Segmente)
postgres;7706494380103420494;4708.93347639485;2721.512744474019;1398;mittel (2-3 Segmente)
postgres;7706847723523811402;2628.1;312.14330734570115;450;tief (4+ Segmente)
postgres;7708758443249116019;1714.1179310344828;1241.8692312803964;1450;flach (<=1 Segment)
postgres;7712842238093308421;2226.54;193.88101521902752;450;tief (4+ Segmente)
postgres;7714965275699847724;1442.8578947368421;376.15301884847156;950;mittel (2-3 Segmente)
postgres;7715269961929926759;2922.262222222222;216.69866106074207;450;tief (4+ Segmente)
postgres;7716678126405782112;5666.044444444445;355.8485110703464;450;tief (4+ Segmente)
postgres;7720713218050718227;1564.957683741648;143.3478551647609;449;tief (4+ Segmente)
postgres;7724320098652030824;2002.6757894736843;425.63405642968763;950;tief (4+ Segmente)
postgres;7728311153807530202;3596.4930733709593;2541.9139480073222;1949;mittel (2-3 Segmente)
postgres;7734423266130148812;2139.882222222222;234.57081482260935;450;tief (4+ Segmente)
postgres;7737339736405481309;1974.316258351893;246.564715005957;449;tief (4+ Segmente)
postgres;7750167969799260466;3780.362105263158;460.96356546644967;475;tief (4+ Segmente)
postgres;7771309120905509014;2307.544210526316;910.7565386828642;950;tief (4+ Segmente)
postgres;7778649620297756760;1396.4155555555556;203.46156557485673;450;mittel (2-3 Segmente)
postgres;7787523818165175056;3306.013684210526;2565.9710911245556;950;mittel (2-3 Segmente)
postgres;7794075152604672764;3041.452631578947;274.83728947967865;950;tief (4+ Segmente)
postgres;7794422157638965262;6097.82;357.82951988435485;450;tief (4+ Segmente)
postgres;7800756764645728766;2404.412244897959;545.1104795065428;1960;mittel (2-3 Segmente)
postgres;7801391865468764418;1991.9066666666668;311.7553295115292;450;tief (4+ Segmente)
postgres;7804196488754753987;2424.991111111111;212.82444622194092;450;tief (4+ Segmente)
postgres;7810575532098302266;2075.2066666666665;272.29534019881163;450;tief (4+ Segmente)
postgres;7814797020253106575;2737.342222222222;258.2150969597751;450;tief (4+ Segmente)
postgres;7817635255973720961;1382.8044444444445;132.1024674090927;450;tief (4+ Segmente)
postgres;7820486427534166711;2204.306666666667;351.62405161597377;450;tief (4+ Segmente)
postgres;7820748042128337513;1685.9844444444445;196.79212966087147;450;mittel (2-3 Segmente)
postgres;7825766597069241617;1430.2277432712215;1028.5346533236668;483;mittel (2-3 Segmente)
postgres;7833263001423434748;3599.0512645249487;2218.8838028331925;1463;tief (4+ Segmente)
postgres;7836930319685189986;2020.6701791359326;299.6627530675491;949;tief (4+ Segmente)
postgres;7847434196279705256;1770.908888888889;239.9631990365575;450;mittel (2-3 Segmente)
postgres;7847923517565302487;2717.1252631578946;474.422006605529;950;tief (4+ Segmente)
postgres;7855464912634564335;2967.1222222222223;260.8411965058535;450;tief (4+ Segmente)
postgres;7857336528897483230;2875.3555555555554;256.00674715805417;450;tief (4+ Segmente)
postgres;7879453197154342024;1646.3220289855074;999.7182182330941;3450;mittel (2-3 Segmente)
postgres;7881054185804556936;3367.1444444444446;262.08973289144143;450;tief (4+ Segmente)
postgres;7889980091822876556;2973.931111111111;300.3807489718388;450;tief (4+ Segmente)
postgres;7911839071298462646;1742.0955555555556;194.75354130548425;450;tief (4+ Segmente)
postgres;7914490114105234744;1485.64;211.20039397099143;475;flach (<=1 Segment)
postgres;7924207866924397656;3993.0776764606553;1874.6810438742987;2961;tief (4+ Segmente)
postgres;7934491539954805734;1923.8577449947313;241.72414228991622;949;tief (4+ Segmente)
postgres;7934716613387155528;4884.5142857142855;2879.918809317648;2380;tief (4+ Segmente)
postgres;7937674554515289025;1657.6761797752808;564.4353387249031;4450;mittel (2-3 Segmente)
postgres;7949162585090740504;2782.311111111111;277.2116348967842;450;tief (4+ Segmente)
postgres;7951255157451630271;2834.7936842105264;1173.2080583238508;950;mittel (2-3 Segmente)
postgres;7954557932981491205;3843.2244444444445;234.09791952674598;450;tief (4+ Segmente)
postgres;7961861452809362955;4485.271714922049;582.9577195577039;449;tief (4+ Segmente)
postgres;7966613178259251389;4697.831325301205;2722.139104054508;664;tief (4+ Segmente)
postgres;7969185099911589695;2578.5266666666666;319.904238803512;450;tief (4+ Segmente)
postgres;7969231653249574758;2636.217777777778;254.7028866837366;450;tief (4+ Segmente)
postgres;7974865559595738319;2876.0290082320657;2022.64640274338;2551;tief (4+ Segmente)
postgres;7977445607510394306;774.5094736842105;106.43084703192694;950;mittel (2-3 Segmente)
postgres;7981456407909788733;7486.955156950673;339.01556459956515;446;tief (4+ Segmente)
postgres;7985905215544824736;2672.931111111111;257.73603520003456;450;tief (4+ Segmente)
postgres;8002107735070813616;2340.9291293028637;1550.2528773368442;3457;tief (4+ Segmente)
postgres;8004684252650471178;2264.7623519804;607.0045061291814;2449;tief (4+ Segmente)
postgres;8009479675960637208;3812.702222222222;352.9687396575675;450;tief (4+ Segmente)
postgres;8011044633609515872;2715.9675862068966;861.9181296983251;1450;tief (4+ Segmente)
postgres;8012132781248765105;1217.46;116.4816987641977;450;mittel (2-3 Segmente)
postgres;8017318032695903102;1089.591111111111;143.4436229744516;450;tief (4+ Segmente)
postgres;8024740927160817212;3756.0868236996544;1982.0124192242124;12439;tief (4+ Segmente)
postgres;8032770572855053139;2310.406896551724;1555.8254681875583;1450;mittel (2-3 Segmente)
postgres;8048113068471940615;3085.653333333333;285.8837270460754;450;tief (4+ Segmente)
postgres;8048937605057907363;2669.0866666666666;281.99932718806474;450;tief (4+ Segmente)
postgres;8076852080027342566;5056.937802349689;1897.0122782832136;1447;tief (4+ Segmente)
postgres;8081125232490943779;7353.612472160356;337.79548761231376;449;tief (4+ Segmente)
postgres;8083553919583443561;2429.648888888889;298.89371569814006;450;tief (4+ Segmente)
postgres;8090357232966047723;2117.028888888889;330.6357668181572;450;tief (4+ Segmente)
postgres;8091176873199077026;3407.092213114754;382.6749116267242;488;tief (4+ Segmente)
postgres;8093850040479481847;2121.0133333333333;269.2000602295937;450;tief (4+ Segmente)
postgres;8101493982957132486;1593.9133333333334;168.28413254087087;450;tief (4+ Segmente)
postgres;8104036942285947105;2781.9473684210525;632.1823353511649;950;tief (4+ Segmente)
postgres;8105571221077642590;2452.2410173597095;1687.3299708390414;4954;mittel (2-3 Segmente)
postgres;8106696424884874206;2022.0622222222223;206.77183802861612;450;tief (4+ Segmente)
postgres;8106733458892426760;4249.393333333333;403.7476482034839;450;tief (4+ Segmente)
postgres;8112177468357193797;1637.8793258426965;718.7985386892798;4450;mittel (2-3 Segmente)
postgres;8114030632140888337;4034.593377750858;1858.5845787376036;4953;tief (4+ Segmente)
postgres;8117310258812987058;4886.717777777778;265.2109013175716;450;tief (4+ Segmente)
postgres;8119810785832746253;8352.245689655172;263.2997699958521;464;tief (4+ Segmente)
postgres;8119855050985611855;4419.711578947368;2491.630108471594;950;mittel (2-3 Segmente)
postgres;8129666619574747232;2852.3355555555554;316.1116783117291;450;tief (4+ Segmente)
postgres;8133011164102318246;1777.0872210953346;201.53525206318776;493;mittel (2-3 Segmente)
postgres;8138448085655749047;3362.2044444444446;362.73986823470204;450;tief (4+ Segmente)
postgres;8144337049445978030;1724.7555555555555;209.7280087731357;450;tief (4+ Segmente)
postgres;8148081944159702026;3561.087692307692;817.1287226700089;1950;tief (4+ Segmente)
postgres;8153092320714708777;4793.626582278481;2260.9955815664157;948;tief (4+ Segmente)
postgres;8156985129812777584;5054.7;386.88698907595546;450;tief (4+ Segmente)
postgres;8160885765280817874;1254.8061224489795;478.9872912690791;2450;tief (4+ Segmente)
postgres;8162650708941819408;3177.438227848101;1278.938353809781;3950;tief (4+ Segmente)
postgres;8168728989765962238;2104.4733333333334;251.68527816056644;450;tief (4+ Segmente)
postgres;8174801760365560288;2522.4510005130837;330.55506533241004;1949;tief (4+ Segmente)
postgres;8175983140589636519;2175.3577777777778;358.12819306451763;450;tief (4+ Segmente)
postgres;8187934848189434984;9078.41450777202;122.50210115923846;193;tief (4+ Segmente)
postgres;8188579488157438975;5687.962222222222;362.8694242556663;450;tief (4+ Segmente)
postgres;8189660113630321993;5614.846666666666;352.56068178823386;450;tief (4+ Segmente)
postgres;8205447524040328507;1787.3084886128365;279.20541744058227;1449;tief (4+ Segmente)
postgres;8205875377611628785;1564.0705263157895;654.905891191168;950;mittel (2-3 Segmente)
postgres;8206122477087000540;3480.8326315789473;1253.7885989185356;950;tief (4+ Segmente)
postgres;8212931532045528175;3285.1266666666666;269.8430863844539;450;tief (4+ Segmente)
postgres;8212950357376289511;1504.6921487603306;148.08686898705005;484;mittel (2-3 Segmente)
postgres;8214542636243761800;2904.3852153272296;1728.7374847497492;2949;tief (4+ Segmente)
postgres;8214811004226730953;1401.068275862069;569.9332811440456;1450;mittel (2-3 Segmente)
postgres;8233228015036871977;1565.536551724138;588.9884173783955;1450;mittel (2-3 Segmente)
postgres;8235149938687236331;3354.8054506206154;2384.4762484483435;3706;tief (4+ Segmente)
postgres;8249255472453823918;2699.391111111111;321.0167906453931;450;tief (4+ Segmente)
postgres;8253634451158280355;2111.4699932569115;662.3695406102717;4449;tief (4+ Segmente)
postgres;8257146847875986490;3298.707175925926;1540.094069679584;3456;tief (4+ Segmente)
postgres;8257418353453479818;3161.9644444444443;437.09336414314936;450;tief (4+ Segmente)
postgres;8258316320189445057;3482.122494432071;271.76031761366147;449;tief (4+ Segmente)
postgres;8260022640083744436;7239.95459345301;357.00512703148075;947;tief (4+ Segmente)
postgres;8267759972787121734;4958.095555555556;277.61324016707187;450;tief (4+ Segmente)
postgres;8269340976754886854;3390.878947368421;1195.0455410499214;950;tief (4+ Segmente)
postgres;8281093260033057697;1390.0944827586206;416.2482487571779;1450;tief (4+ Segmente)
postgres;8287723621987704628;2753.1536842105265;647.7974855286349;950;tief (4+ Segmente)
postgres;8289414837227842680;2903.088888888889;254.94232040984568;450;tief (4+ Segmente)
postgres;8296388784930078906;4092.811111111111;322.3680439781101;450;tief (4+ Segmente)
postgres;8300456357319078326;2244.3758974358975;501.8795762067152;1950;tief (4+ Segmente)
postgres;8301959069264339235;3019.570769230769;1556.2186518686015;1950;tief (4+ Segmente)
postgres;8308147744105461042;4389.705212550607;1711.446928363118;3952;tief (4+ Segmente)
postgres;8317057491140540170;2309.86;247.17982678730345;450;mittel (2-3 Segmente)
postgres;8321230433727214796;2038.777435897436;321.35431360547733;1950;tief (4+ Segmente)
postgres;8323925667193372719;1994.1044444444444;236.23694312847934;450;tief (4+ Segmente)
postgres;8360294386122036700;1968.661052631579;337.38371818613183;950;tief (4+ Segmente)
postgres;8363527496076688360;3160.948888888889;321.1315316712244;450;tief (4+ Segmente)
postgres;8376299515471442782;1450.2452631578947;269.5442663874411;950;mittel (2-3 Segmente)
postgres;8380466740274136386;2388.16;280.4759416652465;450;tief (4+ Segmente)
postgres;8393151609384013809;3096.2066666666665;262.93420459603163;450;tief (4+ Segmente)
postgres;8396192385926769916;7404.044642857143;381.9922434620848;448;tief (4+ Segmente)
postgres;8396269078108146250;4032.62;1489.1907406309751;950;tief (4+ Segmente)
postgres;8402887429041495631;3573.376842105263;2147.1593676151115;950;tief (4+ Segmente)
postgres;8408992314278671286;5366.336507936508;2626.031980558052;945;tief (4+ Segmente)
postgres;8409498681106444953;2882.68;2263.953889396599;3450;mittel (2-3 Segmente)
postgres;8410331107270442448;2268.4547368421054;1124.7913702129215;950;mittel (2-3 Segmente)
postgres;8414147943106735390;3251.451111111111;346.2515513362672;450;tief (4+ Segmente)
postgres;8415020037479111579;2668.5222800925926;1143.396507792958;3456;tief (4+ Segmente)
postgres;8418011241908249638;1853.0413650465357;369.5031866065844;967;mittel (2-3 Segmente)
postgres;8423558151577747481;2896.583995806762;1506.0955586028342;11447;tief (4+ Segmente)
postgres;8425003814613098514;1464.3355555555556;141.76056801487502;450;tief (4+ Segmente)
postgres;8429013845431517632;2146.4822222222224;271.3689225222071;450;tief (4+ Segmente)
postgres;8431874952822939305;2762.85641025641;1119.2105354101382;1950;tief (4+ Segmente)
postgres;8434117233957624405;1220.3084210526315;219.71601709767057;950;mittel (2-3 Segmente)
postgres;8437061596767422494;1450.691111111111;194.846087762514;450;mittel (2-3 Segmente)
postgres;8443641335735353288;2000.391111111111;269.4510180826117;450;tief (4+ Segmente)
postgres;8443675054191713769;2885.6415384615384;1088.7305571077666;1950;mittel (2-3 Segmente)
postgres;8444745583364723991;2864.108888888889;397.61466294400185;450;tief (4+ Segmente)
postgres;8447071061916630046;3624.6376811594205;364.76334749684503;966;tief (4+ Segmente)
postgres;8448857340700015178;7494.674468085106;1071.0593661313771;1410;tief (4+ Segmente)
postgres;8451694341713990404;2696.94;262.39642300579504;450;tief (4+ Segmente)
postgres;8452036809630686673;2304.0622222222223;292.4384779408336;450;tief (4+ Segmente)
postgres;8456235273847712642;4146.770391517129;2554.6760887225355;2452;mittel (2-3 Segmente)
postgres;8458747794397874220;4332.755946225439;1265.5808445624925;967;tief (4+ Segmente)
postgres;8472004466428278807;2520.596842105263;405.3736786951606;950;tief (4+ Segmente)
postgres;8498222033452809729;4548.629553617239;2036.9968990663206;1949;tief (4+ Segmente)
postgres;8506827345084879050;5741.855083459787;2010.8435714606273;1318;tief (4+ Segmente)
postgres;8522206282596763468;3099.398947368421;895.3641721902226;950;tief (4+ Segmente)
postgres;8531024681537365356;3347.1511111111113;212.61351598943742;450;tief (4+ Segmente)
postgres;8535890679090937799;1460.3977777777777;258.44772962492846;450;flach (<=1 Segment)
postgres;8545964363446465189;1872.0852631578948;294.8447325734798;950;tief (4+ Segmente)
postgres;8557476827597094796;8188.221719457014;317.0624460889987;442;tief (4+ Segmente)
postgres;8560624140887427162;5822.566666666667;309.4287232043516;450;tief (4+ Segmente)
postgres;8577468320924189972;1058.72;110.77341708724562;450;mittel (2-3 Segmente)
postgres;8579727775912137851;7828.071748878924;373.44736465313684;446;tief (4+ Segmente)
postgres;8582558276962013183;4928.630546955625;3195.9042383265346;969;mittel (2-3 Segmente)
postgres;8584188565339401657;1396.959618208517;475.9721323135665;5448;mittel (2-3 Segmente)
postgres;8590601449132935916;2335.3547368421055;347.333678695043;950;tief (4+ Segmente)
postgres;8594432863740065305;3113.829329962073;1449.991770492555;3955;tief (4+ Segmente)
postgres;8594908021206395210;3189.571724137931;558.5999289611441;1450;tief (4+ Segmente)
postgres;8595687398230414950;3228.633333333333;275.78311456763186;450;tief (4+ Segmente)
postgres;8598074595889583694;4385.0741258741255;2901.9130636652635;1430;tief (4+ Segmente)
postgres;8600907852614497788;8186.9176201373;350.05558219972096;437;tief (4+ Segmente)
postgres;8608597223315634519;7872.568710359408;268.05393310448255;473;tief (4+ Segmente)
postgres;8647174678757329246;2601.2;245.60858461669562;450;tief (4+ Segmente)
postgres;8651568214603415412;4736.166666666667;287.3556982685295;450;tief (4+ Segmente)
postgres;8656310884432374865;1411.3644444444444;256.2328085649898;450;tief (4+ Segmente)
postgres;8659459269724191954;2791.8742980561556;1882.5676449152525;6945;tief (4+ Segmente)
postgres;8669842003089918082;2268.3877204884666;2240.6730583176577;2948;mittel (2-3 Segmente)
postgres;8670549772380930012;3104.5266666666666;284.4575824508963;450;mittel (2-3 Segmente)
postgres;8677597585617978523;4415.108888888889;291.22622890440465;450;tief (4+ Segmente)
postgres;8678764399526992932;2151.882222222222;357.84590242685766;450;tief (4+ Segmente)
postgres;8680977486174658034;4324.578758337609;2264.032074343324;1949;tief (4+ Segmente)
postgres;8701159403445503925;2084.3644444444444;217.3507538074077;450;tief (4+ Segmente)
postgres;8705865091978635203;2780.1106122448978;2152.882765344294;2450;tief (4+ Segmente)
postgres;8711357562119122254;2615.0933333333332;234.53471010703058;450;tief (4+ Segmente)
postgres;8726739986708219218;3970.125192406362;2247.2495766789007;1949;tief (4+ Segmente)
postgres;8731556128351205172;2420.8568421052632;244.78786009409896;950;tief (4+ Segmente)
postgres;8735203901732896337;6956.4855233853;459.8944127554827;449;tief (4+ Segmente)
postgres;8736984908825457625;1405.8666666666666;195.97310164957807;450;tief (4+ Segmente)
postgres;8740225905563828685;2284.3298305084745;637.272372429208;2950;tief (4+ Segmente)
postgres;8742583655934098097;4171.335555555555;297.4217582767967;450;tief (4+ Segmente)
postgres;8742729829499830331;1706.3115789473684;312.0172710301601;950;tief (4+ Segmente)
postgres;8743037925953868264;3381.22;281.93780301007354;450;tief (4+ Segmente)
postgres;8747979895821206748;2087.6795523906408;413.5095484986955;983;tief (4+ Segmente)
postgres;8755334839580773527;5079.944444444444;275.37950170252543;450;tief (4+ Segmente)
postgres;8780722923799491923;1943.7044444444443;244.63434688797818;450;tief (4+ Segmente)
postgres;8791738825152125374;1874.1863157894736;595.2506976632649;950;tief (4+ Segmente)
postgres;8794439436530708103;2272.369230769231;525.7315205358038;1950;tief (4+ Segmente)
postgres;8795005962080040597;3323.950945164818;2082.295733927042;6401;tief (4+ Segmente)
postgres;8795826941933653536;1969.2220689655173;303.5412279795991;1450;tief (4+ Segmente)
postgres;8806136256397710669;3278.536231884058;1629.5791237021772;1449;mittel (2-3 Segmente)
postgres;8809754087278947374;6488.517894736842;345.8322579350714;475;tief (4+ Segmente)
postgres;8811335922373119002;4210.439058171745;2799.9349591046393;1444;tief (4+ Segmente)
postgres;8819066052731835583;2314.2733333333335;310.26841379180365;450;tief (4+ Segmente)
postgres;8819106869683253407;2737.308336977117;1773.6964566454867;27444;tief (4+ Segmente)
postgres;8830007316182184432;2008.1882109617372;513.4165265720958;967;tief (4+ Segmente)
postgres;8830403994647853659;4804.018005540166;2578.9414468941645;1444;tief (4+ Segmente)
postgres;8833160505194618735;2403.551111111111;301.1683534413527;450;tief (4+ Segmente)
postgres;8840886348864005235;4110.648421052631;1502.812233669122;950;tief (4+ Segmente)
postgres;8844845809667442264;2711.268888888889;374.1177668653095;450;tief (4+ Segmente)
postgres;8850070104197648684;730.5466666666666;92.16325594347484;450;mittel (2-3 Segmente)
postgres;8860265615614077117;1646.9675862068966;526.3079271161598;1450;mittel (2-3 Segmente)
postgres;8861112665549803868;2869.604210526316;414.64849022559935;475;tief (4+ Segmente)
postgres;8861491253099622633;2101.8333333333335;275.4389834977785;450;tief (4+ Segmente)
postgres;8871537179902423536;1661.9822222222222;212.1486423568345;450;mittel (2-3 Segmente)
postgres;8872279482524359855;2052.051111111111;278.5730735242539;450;tief (4+ Segmente)
postgres;8874064694503012311;1992.737551020408;1018.0442495373431;2450;tief (4+ Segmente)
postgres;8874862737867335744;8964.805555555555;180.86263591486636;288;tief (4+ Segmente)
postgres;8876748007285764352;1490.4632516703787;184.76342042192817;449;tief (4+ Segmente)
postgres;8893533668912727216;1658.7155555555555;158.53929270016582;450;tief (4+ Segmente)
postgres;8899636642394804462;3848.895330938943;2757.58519284807;1949;mittel (2-3 Segmente)
postgres;8902984046038825296;3600.3243616287095;1003.8264613997659;1449;tief (4+ Segmente)
postgres;8909037740518159147;1886.7022222222222;274.73240310079234;450;tief (4+ Segmente)
postgres;8913421745053953703;1749.911111111111;176.64830765640465;450;tief (4+ Segmente)
postgres;8915428447504081249;1344.0168598524763;171.0347009052776;949;tief (4+ Segmente)
postgres;8925105213045171097;2840.886315789474;403.85154097338824;950;tief (4+ Segmente)
postgres;8930327916756680454;4652.848603351956;2062.832342242866;1790;tief (4+ Segmente)
postgres;8930445657304385959;3845.3155555555554;278.07146535840866;450;tief (4+ Segmente)
postgres;8934546407287326153;3668.1621808143545;2331.146448218956;1449;tief (4+ Segmente)
postgres;8935742632642017209;4000.642105263158;1382.0295792682505;950;tief (4+ Segmente)
postgres;8938566542267020118;3014.740526468036;1391.3651145610313;3457;tief (4+ Segmente)
postgres;8941692186417022645;2951.80841503268;999.8989485409397;2448;tief (4+ Segmente)
postgres;8944884728089404509;2236.9785164167006;1751.93603461084;2467;mittel (2-3 Segmente)
postgres;8951401630529051155;1922.0022222222221;230.14199643941026;450;tief (4+ Segmente)
postgres;8959091724109977090;2146.080960130187;1044.7845023958062;2458;mittel (2-3 Segmente)
postgres;8960386008572195050;4550.208640674394;2152.5070293208037;949;tief (4+ Segmente)
postgres;8962786697308848151;2986.656551724138;1370.7268540175623;1450;tief (4+ Segmente)
postgres;8963442366358863938;2448.5369172429178;1550.5266063930362;13449;tief (4+ Segmente)
postgres;8970058378905855103;5065.101449275362;2200.413153710314;1449;tief (4+ Segmente)
postgres;8981240591022388473;935.299746835443;231.64829191483733;3950;mittel (2-3 Segmente)
postgres;8981429411013371358;2970.768177028451;517.3943062523485;949;tief (4+ Segmente)
postgres;8982554129179380312;3175.826797385621;2020.8408605424497;2448;tief (4+ Segmente)
postgres;8990934797038571551;8400.356164383562;292.2331223517316;438;tief (4+ Segmente)
postgres;8996065119449288265;4150.64587973274;404.1394204899134;449;tief (4+ Segmente)
postgres;8997629075749111289;963.2688888888889;115.4309873405159;450;mittel (2-3 Segmente)
postgres;8998642927726512543;3204.3598759048605;497.56557124107485;967;tief (4+ Segmente)
postgres;9011650695160907212;2146.0266666666666;350.23557353736436;450;mittel (2-3 Segmente)
postgres;9024540605701094199;2806.8333333333335;424.94866059624087;450;tief (4+ Segmente)
postgres;9031508311185911562;2021.8266666666666;258.89628023558356;450;tief (4+ Segmente)
postgres;9033801055404887136;1895.8416779431664;1095.0791505363877;1478;mittel (2-3 Segmente)
postgres;9054268297812994330;2097.755789473684;309.20177506565693;475;mittel (2-3 Segmente)
postgres;9055280571713369888;3934.586956521739;1785.2493621835692;966;tief (4+ Segmente)
postgres;9061957716070271614;2524.9377777777777;321.1794392546797;450;tief (4+ Segmente)
postgres;9068317030731138808;1980.1422222222222;218.6379220881093;450;tief (4+ Segmente)
postgres;9071398499884036206;2573.8866666666668;276.3284544593178;450;tief (4+ Segmente)
postgres;9075343453913997370;1983.1034248897931;760.7809419315859;2949;tief (4+ Segmente)
postgres;9076007175678693997;1778.091111111111;306.73841087280897;450;tief (4+ Segmente)
postgres;9078217913552462163;1624.7831578947369;264.47015510354197;950;mittel (2-3 Segmente)
postgres;9090455464562450560;3123.536354056902;1094.0735421384466;949;tief (4+ Segmente)
postgres;9091478849225629699;1982.4031578947368;543.2434367778783;950;tief (4+ Segmente)
postgres;9100978371370653485;1571.9888888888888;273.0707379757653;450;mittel (2-3 Segmente)
postgres;9111641009135166562;3839.088888888889;346.930332744591;450;tief (4+ Segmente)
postgres;9115866093038978973;1748.8466666666666;933.8211638447498;7950;tief (4+ Segmente)
postgres;9131808939478792557;1235.3755555555556;178.65357309167132;450;mittel (2-3 Segmente)
postgres;9138725239290767154;2422.5466666666666;328.2567101967387;975;tief (4+ Segmente)
postgres;9139451253837142770;5773.503340757238;292.33418775874344;449;tief (4+ Segmente)
postgres;9141388857831991132;2580.6866666666665;315.44920711853894;450;tief (4+ Segmente)
postgres;9142645671052267769;2367.742222222222;285.1627445225754;450;tief (4+ Segmente)
postgres;9151057364614339943;2717.3088888888888;262.85691851082714;450;tief (4+ Segmente)
postgres;9157807758483819474;3210.7040908634035;1934.4214039755598;9949;tief (4+ Segmente)
postgres;9174086945711262061;3207.6993318485524;304.42159151252224;449;tief (4+ Segmente)
postgres;9182124499267812545;2787.850647482014;1803.1034281233067;6950;mittel (2-3 Segmente)
postgres;9184270037968872234;2257.4377777777777;344.855435183283;450;tief (4+ Segmente)
postgres;9186706996859359259;2879.270612244898;1485.552887794749;2450;tief (4+ Segmente)
postgres;9189435296018933019;2576.9430979978924;378.59911795644433;949;mittel (2-3 Segmente)
postgres;9191880184226525548;3044.3284210526317;340.27452428654084;950;tief (4+ Segmente)
postgres;9193842492896384246;2139.9933333333333;282.35420969544515;450;tief (4+ Segmente)
postgres;9195685962015932564;2309.9355555555558;290.73205020019793;450;tief (4+ Segmente)
postgres;9203205388289554788;2750.6989830508473;442.7363218794133;1475;mittel (2-3 Segmente)
postgres;9211970861699437503;5320.270413573701;1855.2912785557623;943;tief (4+ Segmente)
postgres;9213546895284720870;8959.899022801303;172.12506729088483;307;tief (4+ Segmente)
postgres;9214582849099619037;4128.675555555556;413.82925971227723;450;tief (4+ Segmente)
postgres;9220928299843149547;3680.382105263158;1785.6913884456656;950;tief (4+ Segmente)
postgres;9222315175809978640;1605.6715789473685;246.6577333922104;950;tief (4+ Segmente)
