form_id;collectionSize;actual_fastest;actual_fastest_duration;n_drivers_compared;ml_predicted_fastest;ml_pred_duration_postgres;ml_pred_duration_mongo;ml_pred_duration_neo4j;majority_predicted;simple_predicted
-9175951337406965087;100;postgres;978.4547368421053;3;postgres;983.1163312606708;2593.525779941703;1504.323547894828;neo4j;postgres
-9175951337406965087;100;postgres;978.4547368421053;3;postgres;983.1163312606708;2593.525779941703;1504.323547894828;neo4j;postgres
-9175951337406965087;1000;postgres;1195.6336842105263;3;postgres;1268.9043048066358;3747.7773509015096;1720.194998684677;neo4j;postgres
-9175951337406965087;1000;postgres;1195.6336842105263;3;postgres;1268.9043048066358;3747.7773509015096;1720.194998684677;neo4j;postgres
-9018611685019991181;100;neo4j;1404.705035971223;3;neo4j;2485.669366232006;3881.4100034495004;1694.0386743420427;neo4j;neo4j
-9018611685019991181;100;neo4j;1404.705035971223;3;neo4j;2485.669366232006;3881.4100034495004;1694.0386743420427;neo4j;neo4j
-9018611685019991181;100;neo4j;1404.705035971223;3;neo4j;2485.669366232006;3881.4100034495004;1694.0386743420427;neo4j;neo4j
-9018611685019991181;100;neo4j;1404.705035971223;3;neo4j;2485.669366232006;3881.4100034495004;1694.0386743420427;neo4j;neo4j
-8980828898780742638;1000;neo4j;1842.5590200445433;3;neo4j;2283.8863180185726;6355.127367498638;1941.977974771854;neo4j;postgres
-8878398820989998606;500;neo4j;1356.9894514767932;3;neo4j;2359.050545100208;2968.4962657396914;1365.865271477799;neo4j;mongo
-8878398820989998606;500;neo4j;1356.9894514767932;3;neo4j;2359.050545100208;2968.4962657396914;1365.865271477799;neo4j;mongo
-8878398820989998606;1000;neo4j;1420.4409282700421;3;neo4j;2517.8216415146326;3317.295741637935;1422.274786807821;neo4j;mongo
-8878398820989998606;1000;neo4j;1420.4409282700421;3;neo4j;2517.8216415146326;3317.295741637935;1422.274786807821;neo4j;mongo
-8851419415559083766;1000;postgres;2000.7357142857143;3;postgres;1848.4329682139748;5145.7703408499765;1908.7382917077837;neo4j;postgres
-8851419415559083766;1000;postgres;2000.7357142857143;3;postgres;1848.4329682139748;5145.7703408499765;1908.7382917077837;neo4j;postgres
-8851419415559083766;1000;postgres;2000.7357142857143;3;postgres;1848.4329682139748;5145.7703408499765;1908.7382917077837;neo4j;postgres
-8851419415559083766;1000;postgres;2000.7357142857143;3;postgres;1848.4329682139748;5145.7703408499765;1908.7382917077837;neo4j;postgres
-8851419415559083766;1000;postgres;2000.7357142857143;3;postgres;1848.4329682139748;5145.7703408499765;1908.7382917077837;neo4j;postgres
-8851419415559083766;3000;postgres;2470.7755102040815;3;neo4j;2483.5173538716754;6137.256652850714;2035.2630416540046;neo4j;postgres
-8851419415559083766;3000;postgres;2470.7755102040815;3;neo4j;2483.5173538716754;6137.256652850714;2035.2630416540046;neo4j;postgres
-8851419415559083766;3000;postgres;2470.7755102040815;3;neo4j;2483.5173538716754;6137.256652850714;2035.2630416540046;neo4j;postgres
-8851419415559083766;3000;postgres;2470.7755102040815;3;neo4j;2483.5173538716754;6137.256652850714;2035.2630416540046;neo4j;postgres
-8851419415559083766;3000;postgres;2470.7755102040815;3;neo4j;2483.5173538716754;6137.256652850714;2035.2630416540046;neo4j;postgres
-8851419415559083766;15000;postgres;7330.4928425357875;1;neo4j;6294.023667817876;7945.574736201131;2236.0004674782153;neo4j;postgres
-8851419415559083766;15000;postgres;7330.4928425357875;1;neo4j;6294.023667817876;7945.574736201131;2236.0004674782153;neo4j;postgres
-8851419415559083766;15000;postgres;7330.4928425357875;1;neo4j;6294.023667817876;7945.574736201131;2236.0004674782153;neo4j;postgres
-8851419415559083766;15000;postgres;7330.4928425357875;1;neo4j;6294.023667817876;7945.574736201131;2236.0004674782153;neo4j;postgres
-8851419415559083766;15000;postgres;7330.4928425357875;1;neo4j;6294.023667817876;7945.574736201131;2236.0004674782153;neo4j;postgres
-8757914087123582176;500;neo4j;1649.447661469933;3;neo4j;2920.740150703588;6210.47644926099;1940.0460305862237;neo4j;postgres
-8674623534688907109;1000;neo4j;1946.3296213808462;3;neo4j;4154.370960055581;10856.498383145445;2174.4765017406944;neo4j;postgres
-8211431013505666067;1000;neo4j;2145.349665924276;3;neo4j;4135.58695377861;9290.811730603182;2103.573110661464;neo4j;neo4j
-8030783203558293856;500;neo4j;1321.4321243523316;3;postgres;1238.890396930477;2551.730104637422;1241.9606168882292;neo4j;mongo
-8030783203558293856;500;neo4j;1321.4321243523316;3;postgres;1238.890396930477;2551.730104637422;1241.9606168882292;neo4j;mongo
-8030783203558293856;500;neo4j;1321.4321243523316;3;postgres;1238.890396930477;2551.730104637422;1241.9606168882292;neo4j;mongo
-8030783203558293856;3000;neo4j;1441.9750519750519;3;neo4j;2032.7458790026021;3401.1030158983704;1379.0042935029164;neo4j;mongo
-8030783203558293856;3000;neo4j;1441.9750519750519;3;neo4j;2032.7458790026021;3401.1030158983704;1379.0042935029164;neo4j;mongo
-8030783203558293856;3000;neo4j;1441.9750519750519;3;neo4j;2032.7458790026021;3401.1030158983704;1379.0042935029164;neo4j;mongo
-7712884023086902558;100;postgres;837.0153074027603;3;postgres;612.4651810295829;1744.506054077673;1309.8902533912815;neo4j;mongo
-7712884023086902558;100;postgres;837.0153074027603;3;postgres;612.4651810295829;1744.506054077673;1309.8902533912815;neo4j;mongo
-7712884023086902558;100;postgres;837.0153074027603;3;postgres;612.4651810295829;1744.506054077673;1309.8902533912815;neo4j;mongo
-7712884023086902558;100;postgres;837.0153074027603;3;postgres;612.4651810295829;1744.506054077673;1309.8902533912815;neo4j;mongo
-7712884023086902558;100;postgres;837.0153074027603;3;postgres;612.4651810295829;1744.506054077673;1309.8902533912815;neo4j;mongo
-7712884023086902558;100;postgres;837.0153074027603;3;postgres;612.4651810295829;1744.506054077673;1309.8902533912815;neo4j;mongo
-7712884023086902558;100;postgres;837.0153074027603;3;postgres;612.4651810295829;1744.506054077673;1309.8902533912815;neo4j;mongo
-7712884023086902558;100;postgres;837.0153074027603;3;postgres;612.4651810295829;1744.506054077673;1309.8902533912815;neo4j;mongo
-7712884023086902558;100;postgres;837.0153074027603;3;postgres;612.4651810295829;1744.506054077673;1309.8902533912815;neo4j;mongo
-7712884023086902558;100;postgres;837.0153074027603;3;postgres;612.4651810295829;1744.506054077673;1309.8902533912815;neo4j;mongo
-7712884023086902558;100;postgres;837.0153074027603;3;postgres;612.4651810295829;1744.506054077673;1309.8902533912815;neo4j;mongo
-7712884023086902558;100;postgres;837.0153074027603;3;postgres;612.4651810295829;1744.506054077673;1309.8902533912815;neo4j;mongo
-7712884023086902558;100;postgres;837.0153074027603;3;postgres;612.4651810295829;1744.506054077673;1309.8902533912815;neo4j;mongo
-7712884023086902558;100;postgres;837.0153074027603;3;postgres;612.4651810295829;1744.506054077673;1309.8902533912815;neo4j;mongo
-7712884023086902558;100;postgres;837.0153074027603;3;postgres;612.4651810295829;1744.506054077673;1309.8902533912815;neo4j;mongo
-7712884023086902558;100;postgres;837.0153074027603;3;postgres;612.4651810295829;1744.506054077673;1309.8902533912815;neo4j;mongo
-7712884023086902558;100;postgres;837.0153074027603;3;postgres;612.4651810295829;1744.506054077673;1309.8902533912815;neo4j;mongo
-7712884023086902558;100;postgres;837.0153074027603;3;postgres;612.4651810295829;1744.506054077673;1309.8902533912815;neo4j;mongo
-7712884023086902558;100;postgres;837.0153074027603;3;postgres;612.4651810295829;1744.506054077673;1309.8902533912815;neo4j;mongo
-7712884023086902558;100;postgres;837.0153074027603;3;postgres;612.4651810295829;1744.506054077673;1309.8902533912815;neo4j;mongo
-7712884023086902558;100;postgres;837.0153074027603;3;postgres;612.4651810295829;1744.506054077673;1309.8902533912815;neo4j;mongo
-7712884023086902558;100;postgres;837.0153074027603;3;postgres;612.4651810295829;1744.506054077673;1309.8902533912815;neo4j;mongo
-7712884023086902558;100;postgres;837.0153074027603;3;postgres;612.4651810295829;1744.506054077673;1309.8902533912815;neo4j;mongo
-7712884023086902558;100;postgres;837.0153074027603;3;postgres;612.4651810295829;1744.506054077673;1309.8902533912815;neo4j;mongo
-7712884023086902558;100;postgres;837.0153074027603;3;postgres;612.4651810295829;1744.506054077673;1309.8902533912815;neo4j;mongo
-7712884023086902558;100;postgres;837.0153074027603;3;postgres;612.4651810295829;1744.506054077673;1309.8902533912815;neo4j;mongo
-7712884023086902558;100;postgres;837.0153074027603;3;postgres;612.4651810295829;1744.506054077673;1309.8902533912815;neo4j;mongo
-7712884023086902558;100;postgres;837.0153074027603;3;postgres;612.4651810295829;1744.506054077673;1309.8902533912815;neo4j;mongo
-7712884023086902558;100;postgres;837.0153074027603;3;postgres;612.4651810295829;1744.506054077673;1309.8902533912815;neo4j;mongo
-7712884023086902558;500;postgres;1015.1775919732441;3;postgres;739.482058161123;2255.9436200614136;1438.4729491594508;neo4j;mongo
-7712884023086902558;500;postgres;1015.1775919732441;3;postgres;739.482058161123;2255.9436200614136;1438.4729491594508;neo4j;mongo
-7712884023086902558;500;postgres;1015.1775919732441;3;postgres;739.482058161123;2255.9436200614136;1438.4729491594508;neo4j;mongo
-7712884023086902558;500;postgres;1015.1775919732441;3;postgres;739.482058161123;2255.9436200614136;1438.4729491594508;neo4j;mongo
-7712884023086902558;500;postgres;1015.1775919732441;3;postgres;739.482058161123;2255.9436200614136;1438.4729491594508;neo4j;mongo
-7712884023086902558;500;postgres;1015.1775919732441;3;postgres;739.482058161123;2255.9436200614136;1438.4729491594508;neo4j;mongo
-7712884023086902558;500;postgres;1015.1775919732441;3;postgres;739.482058161123;2255.9436200614136;1438.4729491594508;neo4j;mongo
-7712884023086902558;500;postgres;1015.1775919732441;3;postgres;739.482058161123;2255.9436200614136;1438.4729491594508;neo4j;mongo
-7712884023086902558;500;postgres;1015.1775919732441;3;postgres;739.482058161123;2255.9436200614136;1438.4729491594508;neo4j;mongo
-7712884023086902558;500;postgres;1015.1775919732441;3;postgres;739.482058161123;2255.9436200614136;1438.4729491594508;neo4j;mongo
-7712884023086902558;500;postgres;1015.1775919732441;3;postgres;739.482058161123;2255.9436200614136;1438.4729491594508;neo4j;mongo
-7712884023086902558;500;postgres;1015.1775919732441;3;postgres;739.482058161123;2255.9436200614136;1438.4729491594508;neo4j;mongo
-7712884023086902558;500;postgres;1015.1775919732441;3;postgres;739.482058161123;2255.9436200614136;1438.4729491594508;neo4j;mongo
-7712884023086902558;500;postgres;1015.1775919732441;3;postgres;739.482058161123;2255.9436200614136;1438.4729491594508;neo4j;mongo
-7712884023086902558;500;postgres;1015.1775919732441;3;postgres;739.482058161123;2255.9436200614136;1438.4729491594508;neo4j;mongo
-7712884023086902558;500;postgres;1015.1775919732441;3;postgres;739.482058161123;2255.9436200614136;1438.4729491594508;neo4j;mongo
-7712884023086902558;500;postgres;1015.1775919732441;3;postgres;739.482058161123;2255.9436200614136;1438.4729491594508;neo4j;mongo
-7712884023086902558;500;postgres;1015.1775919732441;3;postgres;739.482058161123;2255.9436200614136;1438.4729491594508;neo4j;mongo
-7712884023086902558;500;postgres;1015.1775919732441;3;postgres;739.482058161123;2255.9436200614136;1438.4729491594508;neo4j;mongo
-7712884023086902558;500;postgres;1015.1775919732441;3;postgres;739.482058161123;2255.9436200614136;1438.4729491594508;neo4j;mongo
-7712884023086902558;500;postgres;1015.1775919732441;3;postgres;739.482058161123;2255.9436200614136;1438.4729491594508;neo4j;mongo
-7712884023086902558;500;postgres;1015.1775919732441;3;postgres;739.482058161123;2255.9436200614136;1438.4729491594508;neo4j;mongo
-7712884023086902558;500;postgres;1015.1775919732441;3;postgres;739.482058161123;2255.9436200614136;1438.4729491594508;neo4j;mongo
-7712884023086902558;500;postgres;1015.1775919732441;3;postgres;739.482058161123;2255.9436200614136;1438.4729491594508;neo4j;mongo
-7712884023086902558;500;postgres;1015.1775919732441;3;postgres;739.482058161123;2255.9436200614136;1438.4729491594508;neo4j;mongo
-7712884023086902558;500;postgres;1015.1775919732441;3;postgres;739.482058161123;2255.9436200614136;1438.4729491594508;neo4j;mongo
-7712884023086902558;500;postgres;1015.1775919732441;3;postgres;739.482058161123;2255.9436200614136;1438.4729491594508;neo4j;mongo
-7712884023086902558;500;postgres;1015.1775919732441;3;postgres;739.482058161123;2255.9436200614136;1438.4729491594508;neo4j;mongo
-7712884023086902558;500;postgres;1015.1775919732441;3;postgres;739.482058161123;2255.9436200614136;1438.4729491594508;neo4j;mongo
-7712884023086902558;1000;postgres;1138.3216256899148;3;postgres;898.2531545755479;2521.0460756165157;1497.8789294613512;neo4j;mongo
-7712884023086902558;1000;postgres;1138.3216256899148;3;postgres;898.2531545755479;2521.0460756165157;1497.8789294613512;neo4j;mongo
-7712884023086902558;1000;postgres;1138.3216256899148;3;postgres;898.2531545755479;2521.0460756165157;1497.8789294613512;neo4j;mongo
-7712884023086902558;1000;postgres;1138.3216256899148;3;postgres;898.2531545755479;2521.0460756165157;1497.8789294613512;neo4j;mongo
-7712884023086902558;1000;postgres;1138.3216256899148;3;postgres;898.2531545755479;2521.0460756165157;1497.8789294613512;neo4j;mongo
-7712884023086902558;1000;postgres;1138.3216256899148;3;postgres;898.2531545755479;2521.0460756165157;1497.8789294613512;neo4j;mongo
-7712884023086902558;1000;postgres;1138.3216256899148;3;postgres;898.2531545755479;2521.0460756165157;1497.8789294613512;neo4j;mongo
-7712884023086902558;1000;postgres;1138.3216256899148;3;postgres;898.2531545755479;2521.0460756165157;1497.8789294613512;neo4j;mongo
-7712884023086902558;1000;postgres;1138.3216256899148;3;postgres;898.2531545755479;2521.0460756165157;1497.8789294613512;neo4j;mongo
-7712884023086902558;1000;postgres;1138.3216256899148;3;postgres;898.2531545755479;2521.0460756165157;1497.8789294613512;neo4j;mongo
-7712884023086902558;1000;postgres;1138.3216256899148;3;postgres;898.2531545755479;2521.0460756165157;1497.8789294613512;neo4j;mongo
-7712884023086902558;1000;postgres;1138.3216256899148;3;postgres;898.2531545755479;2521.0460756165157;1497.8789294613512;neo4j;mongo
-7712884023086902558;1000;postgres;1138.3216256899148;3;postgres;898.2531545755479;2521.0460756165157;1497.8789294613512;neo4j;mongo
-7712884023086902558;1000;postgres;1138.3216256899148;3;postgres;898.2531545755479;2521.0460756165157;1497.8789294613512;neo4j;mongo
-7712884023086902558;1000;postgres;1138.3216256899148;3;postgres;898.2531545755479;2521.0460756165157;1497.8789294613512;neo4j;mongo
-7712884023086902558;1000;postgres;1138.3216256899148;3;postgres;898.2531545755479;2521.0460756165157;1497.8789294613512;neo4j;mongo
-7712884023086902558;1000;postgres;1138.3216256899148;3;postgres;898.2531545755479;2521.0460756165157;1497.8789294613512;neo4j;mongo
-7712884023086902558;1000;postgres;1138.3216256899148;3;postgres;898.2531545755479;2521.0460756165157;1497.8789294613512;neo4j;mongo
-7712884023086902558;1000;postgres;1138.3216256899148;3;postgres;898.2531545755479;2521.0460756165157;1497.8789294613512;neo4j;mongo
-7712884023086902558;1000;postgres;1138.3216256899148;3;postgres;898.2531545755479;2521.0460756165157;1497.8789294613512;neo4j;mongo
-7712884023086902558;1000;postgres;1138.3216256899148;3;postgres;898.2531545755479;2521.0460756165157;1497.8789294613512;neo4j;mongo
-7712884023086902558;1000;postgres;1138.3216256899148;3;postgres;898.2531545755479;2521.0460756165157;1497.8789294613512;neo4j;mongo
-7712884023086902558;1000;postgres;1138.3216256899148;3;postgres;898.2531545755479;2521.0460756165157;1497.8789294613512;neo4j;mongo
-7712884023086902558;1000;postgres;1138.3216256899148;3;postgres;898.2531545755479;2521.0460756165157;1497.8789294613512;neo4j;mongo
-7712884023086902558;1000;postgres;1138.3216256899148;3;postgres;898.2531545755479;2521.0460756165157;1497.8789294613512;neo4j;mongo
-7712884023086902558;1000;postgres;1138.3216256899148;3;postgres;898.2531545755479;2521.0460756165157;1497.8789294613512;neo4j;mongo
-7712884023086902558;1000;postgres;1138.3216256899148;3;postgres;898.2531545755479;2521.0460756165157;1497.8789294613512;neo4j;mongo
-7712884023086902558;1000;postgres;1138.3216256899148;3;postgres;898.2531545755479;2521.0460756165157;1497.8789294613512;neo4j;mongo
-7712884023086902558;1000;postgres;1138.3216256899148;3;postgres;898.2531545755479;2521.0460756165157;1497.8789294613512;neo4j;mongo
-7712884023086902558;3000;postgres;1177.6702036134213;3;postgres;1533.337540233248;3006.899143969278;1597.1832595746498;neo4j;mongo
-7712884023086902558;3000;postgres;1177.6702036134213;3;postgres;1533.337540233248;3006.899143969278;1597.1832595746498;neo4j;mongo
-7712884023086902558;3000;postgres;1177.6702036134213;3;postgres;1533.337540233248;3006.899143969278;1597.1832595746498;neo4j;mongo
-7712884023086902558;3000;postgres;1177.6702036134213;3;postgres;1533.337540233248;3006.899143969278;1597.1832595746498;neo4j;mongo
-7712884023086902558;3000;postgres;1177.6702036134213;3;postgres;1533.337540233248;3006.899143969278;1597.1832595746498;neo4j;mongo
-7712884023086902558;3000;postgres;1177.6702036134213;3;postgres;1533.337540233248;3006.899143969278;1597.1832595746498;neo4j;mongo
-7712884023086902558;3000;postgres;1177.6702036134213;3;postgres;1533.337540233248;3006.899143969278;1597.1832595746498;neo4j;mongo
-7712884023086902558;3000;postgres;1177.6702036134213;3;postgres;1533.337540233248;3006.899143969278;1597.1832595746498;neo4j;mongo
-7712884023086902558;3000;postgres;1177.6702036134213;3;postgres;1533.337540233248;3006.899143969278;1597.1832595746498;neo4j;mongo
-7712884023086902558;3000;postgres;1177.6702036134213;3;postgres;1533.337540233248;3006.899143969278;1597.1832595746498;neo4j;mongo
-7712884023086902558;3000;postgres;1177.6702036134213;3;postgres;1533.337540233248;3006.899143969278;1597.1832595746498;neo4j;mongo
-7712884023086902558;3000;postgres;1177.6702036134213;3;postgres;1533.337540233248;3006.899143969278;1597.1832595746498;neo4j;mongo
-7712884023086902558;3000;postgres;1177.6702036134213;3;postgres;1533.337540233248;3006.899143969278;1597.1832595746498;neo4j;mongo
-7712884023086902558;3000;postgres;1177.6702036134213;3;postgres;1533.337540233248;3006.899143969278;1597.1832595746498;neo4j;mongo
-7712884023086902558;3000;postgres;1177.6702036134213;3;postgres;1533.337540233248;3006.899143969278;1597.1832595746498;neo4j;mongo
-7712884023086902558;3000;postgres;1177.6702036134213;3;postgres;1533.337540233248;3006.899143969278;1597.1832595746498;neo4j;mongo
-7712884023086902558;3000;postgres;1177.6702036134213;3;postgres;1533.337540233248;3006.899143969278;1597.1832595746498;neo4j;mongo
-7712884023086902558;3000;postgres;1177.6702036134213;3;postgres;1533.337540233248;3006.899143969278;1597.1832595746498;neo4j;mongo
-7712884023086902558;3000;postgres;1177.6702036134213;3;postgres;1533.337540233248;3006.899143969278;1597.1832595746498;neo4j;mongo
-7712884023086902558;3000;postgres;1177.6702036134213;3;postgres;1533.337540233248;3006.899143969278;1597.1832595746498;neo4j;mongo
-7712884023086902558;3000;postgres;1177.6702036134213;3;postgres;1533.337540233248;3006.899143969278;1597.1832595746498;neo4j;mongo
-7712884023086902558;3000;postgres;1177.6702036134213;3;postgres;1533.337540233248;3006.899143969278;1597.1832595746498;neo4j;mongo
-7712884023086902558;3000;postgres;1177.6702036134213;3;postgres;1533.337540233248;3006.899143969278;1597.1832595746498;neo4j;mongo
-7712884023086902558;3000;postgres;1177.6702036134213;3;postgres;1533.337540233248;3006.899143969278;1597.1832595746498;neo4j;mongo
-7712884023086902558;3000;postgres;1177.6702036134213;3;postgres;1533.337540233248;3006.899143969278;1597.1832595746498;neo4j;mongo
-7712884023086902558;3000;postgres;1177.6702036134213;3;postgres;1533.337540233248;3006.899143969278;1597.1832595746498;neo4j;mongo
-7712884023086902558;3000;postgres;1177.6702036134213;3;postgres;1533.337540233248;3006.899143969278;1597.1832595746498;neo4j;mongo
-7712884023086902558;3000;postgres;1177.6702036134213;3;postgres;1533.337540233248;3006.899143969278;1597.1832595746498;neo4j;mongo
-7712884023086902558;3000;postgres;1177.6702036134213;3;postgres;1533.337540233248;3006.899143969278;1597.1832595746498;neo4j;mongo
-7712884023086902558;9000;neo4j;1360.3885254151987;3;neo4j;3438.590697206349;3586.6037331711013;1703.110952114235;neo4j;mongo
-7712884023086902558;9000;neo4j;1360.3885254151987;3;neo4j;3438.590697206349;3586.6037331711013;1703.110952114235;neo4j;mongo
-7712884023086902558;9000;neo4j;1360.3885254151987;3;neo4j;3438.590697206349;3586.6037331711013;1703.110952114235;neo4j;mongo
-7712884023086902558;9000;neo4j;1360.3885254151987;3;neo4j;3438.590697206349;3586.6037331711013;1703.110952114235;neo4j;mongo
-7712884023086902558;9000;neo4j;1360.3885254151987;3;neo4j;3438.590697206349;3586.6037331711013;1703.110952114235;neo4j;mongo
-7712884023086902558;9000;neo4j;1360.3885254151987;3;neo4j;3438.590697206349;3586.6037331711013;1703.110952114235;neo4j;mongo
-7712884023086902558;9000;neo4j;1360.3885254151987;3;neo4j;3438.590697206349;3586.6037331711013;1703.110952114235;neo4j;mongo
-7712884023086902558;9000;neo4j;1360.3885254151987;3;neo4j;3438.590697206349;3586.6037331711013;1703.110952114235;neo4j;mongo
-7712884023086902558;9000;neo4j;1360.3885254151987;3;neo4j;3438.590697206349;3586.6037331711013;1703.110952114235;neo4j;mongo
-7712884023086902558;9000;neo4j;1360.3885254151987;3;neo4j;3438.590697206349;3586.6037331711013;1703.110952114235;neo4j;mongo
-7712884023086902558;9000;neo4j;1360.3885254151987;3;neo4j;3438.590697206349;3586.6037331711013;1703.110952114235;neo4j;mongo
-7712884023086902558;9000;neo4j;1360.3885254151987;3;neo4j;3438.590697206349;3586.6037331711013;1703.110952114235;neo4j;mongo
-7712884023086902558;9000;neo4j;1360.3885254151987;3;neo4j;3438.590697206349;3586.6037331711013;1703.110952114235;neo4j;mongo
-7712884023086902558;9000;neo4j;1360.3885254151987;3;neo4j;3438.590697206349;3586.6037331711013;1703.110952114235;neo4j;mongo
-7712884023086902558;9000;neo4j;1360.3885254151987;3;neo4j;3438.590697206349;3586.6037331711013;1703.110952114235;neo4j;mongo
-7712884023086902558;9000;neo4j;1360.3885254151987;3;neo4j;3438.590697206349;3586.6037331711013;1703.110952114235;neo4j;mongo
-7712884023086902558;9000;neo4j;1360.3885254151987;3;neo4j;3438.590697206349;3586.6037331711013;1703.110952114235;neo4j;mongo
-7712884023086902558;9000;neo4j;1360.3885254151987;3;neo4j;3438.590697206349;3586.6037331711013;1703.110952114235;neo4j;mongo
-7712884023086902558;9000;neo4j;1360.3885254151987;3;neo4j;3438.590697206349;3586.6037331711013;1703.110952114235;neo4j;mongo
-7712884023086902558;9000;neo4j;1360.3885254151987;3;neo4j;3438.590697206349;3586.6037331711013;1703.110952114235;neo4j;mongo
-7712884023086902558;9000;neo4j;1360.3885254151987;3;neo4j;3438.590697206349;3586.6037331711013;1703.110952114235;neo4j;mongo
-7712884023086902558;9000;neo4j;1360.3885254151987;3;neo4j;3438.590697206349;3586.6037331711013;1703.110952114235;neo4j;mongo
-7712884023086902558;9000;neo4j;1360.3885254151987;3;neo4j;3438.590697206349;3586.6037331711013;1703.110952114235;neo4j;mongo
-7712884023086902558;9000;neo4j;1360.3885254151987;3;neo4j;3438.590697206349;3586.6037331711013;1703.110952114235;neo4j;mongo
-7712884023086902558;9000;neo4j;1360.3885254151987;3;neo4j;3438.590697206349;3586.6037331711013;1703.110952114235;neo4j;mongo
-7712884023086902558;9000;neo4j;1360.3885254151987;3;neo4j;3438.590697206349;3586.6037331711013;1703.110952114235;neo4j;mongo
-7712884023086902558;9000;neo4j;1360.3885254151987;3;neo4j;3438.590697206349;3586.6037331711013;1703.110952114235;neo4j;mongo
-7712884023086902558;9000;neo4j;1360.3885254151987;3;neo4j;3438.590697206349;3586.6037331711013;1703.110952114235;neo4j;mongo
-7712884023086902558;9000;neo4j;1360.3885254151987;3;neo4j;3438.590697206349;3586.6037331711013;1703.110952114235;neo4j;mongo
-7711038431031380520;100;neo4j;1648.377232142857;3;neo4j;2722.8370728298864;6518.552545190113;1989.526027290747;neo4j;postgres
-7000496661805857474;1000;neo4j;2037.8523206751054;3;neo4j;3926.8185685561575;8319.853303064323;2075.7920480933703;neo4j;neo4j
-7000496661805857474;1000;neo4j;2037.8523206751054;3;neo4j;3926.8185685561575;8319.853303064323;2075.7920480933703;neo4j;neo4j
-7000496661805857474;3000;neo4j;2684.3707627118642;3;neo4j;4561.902954213857;9922.802649506686;2213.384510744541;neo4j;neo4j
-7000496661805857474;3000;neo4j;2684.3707627118642;3;neo4j;4561.902954213857;9922.802649506686;2213.384510744541;neo4j;neo4j
-6797273311895284442;100;neo4j;1594.9472573839662;3;neo4j;2949.6370830398896;5487.374674436529;1896.554397545052;neo4j;postgres
-6797273311895284442;100;neo4j;1594.9472573839662;3;neo4j;2949.6370830398896;5487.374674436529;1896.554397545052;neo4j;postgres
-6647451198889251727;100;neo4j;1475.209109730849;3;neo4j;3074.196733611143;5500.908525062364;1818.1441911895263;neo4j;postgres
-6647451198889251727;100;neo4j;1475.209109730849;3;neo4j;3074.196733611143;5500.908525062364;1818.1441911895263;neo4j;postgres
-6647451198889251727;100;neo4j;1475.209109730849;3;neo4j;3074.196733611143;5500.908525062364;1818.1441911895263;neo4j;postgres
-6647451198889251727;3000;neo4j;2883.2765072765073;3;neo4j;3995.069092814808;9480.024659909852;2216.8254705840527;neo4j;postgres
-6647451198889251727;3000;neo4j;2883.2765072765073;3;neo4j;3995.069092814808;9480.024659909852;2216.8254705840527;neo4j;postgres
-6647451198889251727;3000;neo4j;2883.2765072765073;3;neo4j;3995.069092814808;9480.024659909852;2216.8254705840527;neo4j;postgres
-6635961803189943275;1000;neo4j;1956.3509127789046;3;postgres;1778.051614508859;4645.516444930824;1835.4332989083207;neo4j;postgres
-6635961803189943275;1000;neo4j;1956.3509127789046;3;postgres;1778.051614508859;4645.516444930824;1835.4332989083207;neo4j;postgres
-6635961803189943275;1000;neo4j;1956.3509127789046;3;postgres;1778.051614508859;4645.516444930824;1835.4332989083207;neo4j;postgres
-6635961803189943275;1000;neo4j;1956.3509127789046;3;postgres;1778.051614508859;4645.516444930824;1835.4332989083207;neo4j;postgres
-6635961803189943275;1000;neo4j;1956.3509127789046;3;postgres;1778.051614508859;4645.516444930824;1835.4332989083207;neo4j;postgres
-6635961803189943275;1000;neo4j;1956.3509127789046;3;postgres;1778.051614508859;4645.516444930824;1835.4332989083207;neo4j;postgres
-6635961803189943275;1000;neo4j;1956.3509127789046;3;postgres;1778.051614508859;4645.516444930824;1835.4332989083207;neo4j;postgres
-6635961803189943275;1000;neo4j;1956.3509127789046;3;postgres;1778.051614508859;4645.516444930824;1835.4332989083207;neo4j;postgres
-6635961803189943275;3000;neo4j;2766.726101694915;3;neo4j;2413.1360001665594;5540.632634023189;1957.1014169673172;neo4j;postgres
-6635961803189943275;3000;neo4j;2766.726101694915;3;neo4j;2413.1360001665594;5540.632634023189;1957.1014169673172;neo4j;postgres
-6635961803189943275;3000;neo4j;2766.726101694915;3;neo4j;2413.1360001665594;5540.632634023189;1957.1014169673172;neo4j;postgres
-6635961803189943275;3000;neo4j;2766.726101694915;3;neo4j;2413.1360001665594;5540.632634023189;1957.1014169673172;neo4j;postgres
-6635961803189943275;3000;neo4j;2766.726101694915;3;neo4j;2413.1360001665594;5540.632634023189;1957.1014169673172;neo4j;postgres
-6635961803189943275;3000;neo4j;2766.726101694915;3;neo4j;2413.1360001665594;5540.632634023189;1957.1014169673172;neo4j;postgres
-6635961803189943275;3000;neo4j;2766.726101694915;3;neo4j;2413.1360001665594;5540.632634023189;1957.1014169673172;neo4j;postgres
-6635961803189943275;3000;neo4j;2766.726101694915;3;neo4j;2413.1360001665594;5540.632634023189;1957.1014169673172;neo4j;postgres
-6635961803189943275;9000;neo4j;4922.6;3;neo4j;4318.389157139661;6608.657097561078;2086.884508871961;neo4j;postgres
-6635961803189943275;9000;neo4j;4922.6;3;neo4j;4318.389157139661;6608.657097561078;2086.884508871961;neo4j;postgres
-6635961803189943275;9000;neo4j;4922.6;3;neo4j;4318.389157139661;6608.657097561078;2086.884508871961;neo4j;postgres
-6635961803189943275;9000;neo4j;4922.6;3;neo4j;4318.389157139661;6608.657097561078;2086.884508871961;neo4j;postgres
-6635961803189943275;9000;neo4j;4922.6;3;neo4j;4318.389157139661;6608.657097561078;2086.884508871961;neo4j;postgres
-6635961803189943275;9000;neo4j;4922.6;3;neo4j;4318.389157139661;6608.657097561078;2086.884508871961;neo4j;postgres
-6635961803189943275;9000;neo4j;4922.6;3;neo4j;4318.389157139661;6608.657097561078;2086.884508871961;neo4j;postgres
-6635961803189943275;9000;neo4j;4922.6;3;neo4j;4318.389157139661;6608.657097561078;2086.884508871961;neo4j;postgres
-6635961803189943275;15000;postgres;6605.010803511141;1;neo4j;6223.642314112762;7173.18647954136;2150.133569446735;neo4j;postgres
-6635961803189943275;15000;postgres;6605.010803511141;1;neo4j;6223.642314112762;7173.18647954136;2150.133569446735;neo4j;postgres
-6635961803189943275;15000;postgres;6605.010803511141;1;neo4j;6223.642314112762;7173.18647954136;2150.133569446735;neo4j;postgres
-6635961803189943275;15000;postgres;6605.010803511141;1;neo4j;6223.642314112762;7173.18647954136;2150.133569446735;neo4j;postgres
-6635961803189943275;15000;postgres;6605.010803511141;1;neo4j;6223.642314112762;7173.18647954136;2150.133569446735;neo4j;postgres
-6635961803189943275;15000;postgres;6605.010803511141;1;neo4j;6223.642314112762;7173.18647954136;2150.133569446735;neo4j;postgres
-6635961803189943275;15000;postgres;6605.010803511141;1;neo4j;6223.642314112762;7173.18647954136;2150.133569446735;neo4j;postgres
-6635961803189943275;15000;postgres;6605.010803511141;1;neo4j;6223.642314112762;7173.18647954136;2150.133569446735;neo4j;postgres
-6562241423079351546;9000;neo4j;4937.578947368421;2;neo4j;4317.39145101738;6656.637646915184;2079.2633621198925;neo4j;postgres
-6562241423079351546;9000;neo4j;4937.578947368421;2;neo4j;4317.39145101738;6656.637646915184;2079.2633621198925;neo4j;postgres
-6562241423079351546;9000;neo4j;4937.578947368421;2;neo4j;4317.39145101738;6656.637646915184;2079.2633621198925;neo4j;postgres
-6562241423079351546;9000;neo4j;4937.578947368421;2;neo4j;4317.39145101738;6656.637646915184;2079.2633621198925;neo4j;postgres
-6562241423079351546;15000;postgres;9240.8;1;neo4j;6222.644607990481;7225.2650372299595;2142.2815524666808;neo4j;postgres
-6562241423079351546;15000;postgres;9240.8;1;neo4j;6222.644607990481;7225.2650372299595;2142.2815524666808;neo4j;postgres
-6562241423079351546;15000;postgres;9240.8;1;neo4j;6222.644607990481;7225.2650372299595;2142.2815524666808;neo4j;postgres
-6562241423079351546;15000;postgres;9240.8;1;neo4j;6222.644607990481;7225.2650372299595;2142.2815524666808;neo4j;postgres
-6115401621386745213;100;postgres;929.6311111111111;3;postgres;1196.3791842062296;2829.3392199899895;1572.6729868201448;neo4j;postgres
-6087403437793251177;500;neo4j;2049.3504464285716;3;neo4j;3312.287244490836;9443.162667158813;2261.1977046197026;neo4j;postgres
-5883824215796995569;3000;neo4j;2571.7072072072074;3;neo4j;4271.136204654496;10149.161926103245;2103.107251020532;neo4j;neo4j
-5769746364751834848;100;neo4j;1537.828125;3;neo4j;3223.581012654845;10007.391552171179;2192.4651891062535;neo4j;postgres
-5592271172756412787;500;neo4j;1344.3964365256124;3;neo4j;1842.722639230825;2787.4377107798514;1278.1179771463085;neo4j;mongo
-5342634912139478849;100;neo4j;1454.765625;3;neo4j;3103.5263189124908;5026.656812753484;1658.8507542363875;neo4j;postgres
-5218472874076861174;100;neo4j;1512.9979423868313;3;neo4j;2497.097899154112;2392.284769593685;1146.808805411554;neo4j;mongo
-5218472874076861174;100;neo4j;1512.9979423868313;3;neo4j;2497.097899154112;2392.284769593685;1146.808805411554;neo4j;mongo
-5218472874076861174;100;neo4j;1512.9979423868313;3;neo4j;2497.097899154112;2392.284769593685;1146.808805411554;neo4j;mongo
-5218472874076861174;100;neo4j;1512.9979423868313;3;neo4j;2497.097899154112;2392.284769593685;1146.808805411554;neo4j;mongo
-5218472874076861174;500;neo4j;1480.9958932238194;3;neo4j;2624.1147762856517;3093.523092089061;1259.39515659118;neo4j;mongo
-5218472874076861174;500;neo4j;1480.9958932238194;3;neo4j;2624.1147762856517;3093.523092089061;1259.39515659118;neo4j;mongo
-5218472874076861174;500;neo4j;1480.9958932238194;3;neo4j;2624.1147762856517;3093.523092089061;1259.39515659118;neo4j;mongo
-5218472874076861174;500;neo4j;1480.9958932238194;3;neo4j;2624.1147762856517;3093.523092089061;1259.39515659118;neo4j;mongo
-5218472874076861174;1000;neo4j;1269.8641975308642;3;neo4j;2782.8858727000766;3457.008321933861;1311.4107292970014;neo4j;mongo
-5218472874076861174;1000;neo4j;1269.8641975308642;3;neo4j;2782.8858727000766;3457.008321933861;1311.4107292970014;neo4j;mongo
-5218472874076861174;1000;neo4j;1269.8641975308642;3;neo4j;2782.8858727000766;3457.008321933861;1311.4107292970014;neo4j;mongo
-5218472874076861174;1000;neo4j;1269.8641975308642;3;neo4j;2782.8858727000766;3457.008321933861;1311.4107292970014;neo4j;mongo
-5218472874076861174;9000;neo4j;1370.8168724279835;3;neo4j;5323.223415330878;4918.007501508088;1491.1108393130685;neo4j;mongo
-5218472874076861174;9000;neo4j;1370.8168724279835;3;neo4j;5323.223415330878;4918.007501508088;1491.1108393130685;neo4j;mongo
-5218472874076861174;9000;neo4j;1370.8168724279835;3;neo4j;5323.223415330878;4918.007501508088;1491.1108393130685;neo4j;mongo
-5218472874076861174;9000;neo4j;1370.8168724279835;3;neo4j;5323.223415330878;4918.007501508088;1491.1108393130685;neo4j;mongo
-5015120425027576488;100;neo4j;1559.194075587334;3;neo4j;2512.6212959738978;2244.852616450892;1189.1389142288617;neo4j;mongo
-5015120425027576488;100;neo4j;1559.194075587334;3;neo4j;2512.6212959738978;2244.852616450892;1189.1389142288617;neo4j;mongo
-5015120425027576488;100;neo4j;1559.194075587334;3;neo4j;2512.6212959738978;2244.852616450892;1189.1389142288617;neo4j;mongo
-5015120425027576488;100;neo4j;1559.194075587334;3;neo4j;2512.6212959738978;2244.852616450892;1189.1389142288617;neo4j;mongo
-5015120425027576488;100;neo4j;1559.194075587334;3;neo4j;2512.6212959738978;2244.852616450892;1189.1389142288617;neo4j;mongo
-5015120425027576488;100;neo4j;1559.194075587334;3;neo4j;2512.6212959738978;2244.852616450892;1189.1389142288617;neo4j;mongo
-5015120425027576488;500;neo4j;1422.0480572597137;3;neo4j;2639.638173105438;2902.8929555448676;1305.8773441121082;neo4j;mongo
-5015120425027576488;500;neo4j;1422.0480572597137;3;neo4j;2639.638173105438;2902.8929555448676;1305.8773441121082;neo4j;mongo
-5015120425027576488;500;neo4j;1422.0480572597137;3;neo4j;2639.638173105438;2902.8929555448676;1305.8773441121082;neo4j;mongo
-5015120425027576488;500;neo4j;1422.0480572597137;3;neo4j;2639.638173105438;2902.8929555448676;1305.8773441121082;neo4j;mongo
-5015120425027576488;500;neo4j;1422.0480572597137;3;neo4j;2639.638173105438;2902.8929555448676;1305.8773441121082;neo4j;mongo
-5015120425027576488;500;neo4j;1422.0480572597137;3;neo4j;2639.638173105438;2902.8929555448676;1305.8773441121082;neo4j;mongo
-5015120425027576488;1000;neo4j;1235.2836734693878;3;neo4j;2798.409269519863;3243.9866126222037;1359.8112021999991;neo4j;mongo
-5015120425027576488;1000;neo4j;1235.2836734693878;3;neo4j;2798.409269519863;3243.9866126222037;1359.8112021999991;neo4j;mongo
-5015120425027576488;1000;neo4j;1235.2836734693878;3;neo4j;2798.409269519863;3243.9866126222037;1359.8112021999991;neo4j;mongo
-5015120425027576488;1000;neo4j;1235.2836734693878;3;neo4j;2798.409269519863;3243.9866126222037;1359.8112021999991;neo4j;mongo
-5015120425027576488;1000;neo4j;1235.2836734693878;3;neo4j;2798.409269519863;3243.9866126222037;1359.8112021999991;neo4j;mongo
-5015120425027576488;1000;neo4j;1235.2836734693878;3;neo4j;2798.409269519863;3243.9866126222037;1359.8112021999991;neo4j;mongo
-5015120425027576488;9000;neo4j;1350.091836734694;3;neo4j;5338.746812150664;4614.984695159805;1546.1384832009892;neo4j;mongo
-5015120425027576488;9000;neo4j;1350.091836734694;3;neo4j;5338.746812150664;4614.984695159805;1546.1384832009892;neo4j;mongo
-5015120425027576488;9000;neo4j;1350.091836734694;3;neo4j;5338.746812150664;4614.984695159805;1546.1384832009892;neo4j;mongo
-5015120425027576488;9000;neo4j;1350.091836734694;3;neo4j;5338.746812150664;4614.984695159805;1546.1384832009892;neo4j;mongo
-5015120425027576488;9000;neo4j;1350.091836734694;3;neo4j;5338.746812150664;4614.984695159805;1546.1384832009892;neo4j;mongo
-5015120425027576488;9000;neo4j;1350.091836734694;3;neo4j;5338.746812150664;4614.984695159805;1546.1384832009892;neo4j;mongo
-4994141867836442350;3000;postgres;7724.450226244344;1;neo4j;4603.101717882109;16769.397321601984;2652.7954518659285;neo4j;postgres
-4897849497684829669;3000;neo4j;2662.161825726141;3;neo4j;4080.3447726303984;10326.519665416505;2283.842540393548;neo4j;postgres
-4897849497684829669;3000;neo4j;2662.161825726141;3;neo4j;4080.3447726303984;10326.519665416505;2283.842540393548;neo4j;postgres
-4897849497684829669;3000;neo4j;2662.161825726141;3;neo4j;4080.3447726303984;10326.519665416505;2283.842540393548;neo4j;postgres
-4897849497684829669;9000;neo4j;4888.119047619048;2;neo4j;5985.5979296035;12316.915705495714;2435.2820556495067;neo4j;postgres
-4897849497684829669;9000;neo4j;4888.119047619048;2;neo4j;5985.5979296035;12316.915705495714;2435.2820556495067;neo4j;postgres
-4897849497684829669;9000;neo4j;4888.119047619048;2;neo4j;5985.5979296035;12316.915705495714;2435.2820556495067;neo4j;postgres
-4827810657882304328;1000;neo4j;1854.075723830735;3;neo4j;2112.228935698203;5071.115921438032;1837.9919826284545;neo4j;postgres
-4747473398088409065;100;neo4j;1403.9799554565702;3;neo4j;2627.905850881726;5433.289890309473;1736.4283694147157;neo4j;postgres
-4457535041426753831;100;neo4j;1590.2076843198338;3;neo4j;3578.5969003997693;6538.752544822659;1961.9038394056765;neo4j;postgres
-4457535041426753831;100;neo4j;1590.2076843198338;3;neo4j;3578.5969003997693;6538.752544822659;1961.9038394056765;neo4j;postgres
-4457535041426753831;100;neo4j;1590.2076843198338;3;neo4j;3578.5969003997693;6538.752544822659;1961.9038394056765;neo4j;postgres
-4457535041426753831;500;neo4j;3171.1597510373444;3;neo4j;3705.613777531309;8454.916121480906;2154.4412898532046;neo4j;postgres
-4457535041426753831;500;neo4j;3171.1597510373444;3;neo4j;3705.613777531309;8454.916121480906;2154.4412898532046;neo4j;postgres
-4457535041426753831;500;neo4j;3171.1597510373444;3;neo4j;3705.613777531309;8454.916121480906;2154.4412898532046;neo4j;postgres
-4230844380626341797;1000;neo4j;1842.6536430834212;3;neo4j;3217.2088237660464;8274.07620026459;2057.0895531981196;neo4j;postgres
-4230844380626341797;1000;neo4j;1842.6536430834212;3;neo4j;3217.2088237660464;8274.07620026459;2057.0895531981196;neo4j;postgres
-3890098727378472595;1000;postgres;1188.0252631578946;3;postgres;1399.1559791281663;3385.227593113973;1691.7792806630762;neo4j;postgres
-3890098727378472595;1000;postgres;1188.0252631578946;3;postgres;1399.1559791281663;3385.227593113973;1691.7792806630762;neo4j;postgres
-3890098727378472595;15000;postgres;4850.6;1;neo4j;5844.74667873207;5227.3099614704715;1981.8622898870813;neo4j;postgres
-3890098727378472595;15000;postgres;4850.6;1;neo4j;5844.74667873207;5227.3099614704715;1981.8622898870813;neo4j;postgres
-3690558348516185085;100;neo4j;1440.810975609756;3;neo4j;1785.6012107184463;3895.0351729957947;1684.7504715067503;neo4j;postgres
-3690558348516185085;100;neo4j;1440.810975609756;3;neo4j;1785.6012107184463;3895.0351729957947;1684.7504715067503;neo4j;postgres
-3690558348516185085;100;neo4j;1440.810975609756;3;neo4j;1785.6012107184463;3895.0351729957947;1684.7504715067503;neo4j;postgres
-3690558348516185085;100;neo4j;1440.810975609756;3;neo4j;1785.6012107184463;3895.0351729957947;1684.7504715067503;neo4j;postgres
-3690558348516185085;100;neo4j;1440.810975609756;3;neo4j;1785.6012107184463;3895.0351729957947;1684.7504715067503;neo4j;postgres
-3690558348516185085;100;neo4j;1440.810975609756;3;neo4j;1785.6012107184463;3895.0351729957947;1684.7504715067503;neo4j;postgres
-3690558348516185085;100;neo4j;1440.810975609756;3;neo4j;1785.6012107184463;3895.0351729957947;1684.7504715067503;neo4j;postgres
-3690558348516185085;100;neo4j;1440.810975609756;3;neo4j;1785.6012107184463;3895.0351729957947;1684.7504715067503;neo4j;postgres
-3690558348516185085;500;postgres;1491.4401622718053;3;neo4j;1912.6180878499863;5036.583058899228;1850.102482827336;neo4j;postgres
-3690558348516185085;500;postgres;1491.4401622718053;3;neo4j;1912.6180878499863;5036.583058899228;1850.102482827336;neo4j;postgres
-3690558348516185085;500;postgres;1491.4401622718053;3;neo4j;1912.6180878499863;5036.583058899228;1850.102482827336;neo4j;postgres
-3690558348516185085;500;postgres;1491.4401622718053;3;neo4j;1912.6180878499863;5036.583058899228;1850.102482827336;neo4j;postgres
-3690558348516185085;500;postgres;1491.4401622718053;3;neo4j;1912.6180878499863;5036.583058899228;1850.102482827336;neo4j;postgres
-3690558348516185085;500;postgres;1491.4401622718053;3;neo4j;1912.6180878499863;5036.583058899228;1850.102482827336;neo4j;postgres
-3690558348516185085;500;postgres;1491.4401622718053;3;neo4j;1912.6180878499863;5036.583058899228;1850.102482827336;neo4j;postgres
-3690558348516185085;500;postgres;1491.4401622718053;3;neo4j;1912.6180878499863;5036.583058899228;1850.102482827336;neo4j;postgres
-3690558348516185085;1000;neo4j;1732.9884823848238;3;neo4j;2071.3891842644116;5628.301711995502;1926.4961084914044;neo4j;postgres
-3690558348516185085;1000;neo4j;1732.9884823848238;3;neo4j;2071.3891842644116;5628.301711995502;1926.4961084914044;neo4j;postgres
-3690558348516185085;1000;neo4j;1732.9884823848238;3;neo4j;2071.3891842644116;5628.301711995502;1926.4961084914044;neo4j;postgres
-3690558348516185085;1000;neo4j;1732.9884823848238;3;neo4j;2071.3891842644116;5628.301711995502;1926.4961084914044;neo4j;postgres
-3690558348516185085;1000;neo4j;1732.9884823848238;3;neo4j;2071.3891842644116;5628.301711995502;1926.4961084914044;neo4j;postgres
-3690558348516185085;1000;neo4j;1732.9884823848238;3;neo4j;2071.3891842644116;5628.301711995502;1926.4961084914044;neo4j;postgres
-3690558348516185085;1000;neo4j;1732.9884823848238;3;neo4j;2071.3891842644116;5628.301711995502;1926.4961084914044;neo4j;postgres
-3690558348516185085;1000;neo4j;1732.9884823848238;3;neo4j;2071.3891842644116;5628.301711995502;1926.4961084914044;neo4j;postgres
-3690558348516185085;9000;postgres;6852.452332657201;2;neo4j;4611.726726895213;8006.6664864914155;2190.4159736825263;neo4j;postgres
-3690558348516185085;9000;postgres;6852.452332657201;2;neo4j;4611.726726895213;8006.6664864914155;2190.4159736825263;neo4j;postgres
-3690558348516185085;9000;postgres;6852.452332657201;2;neo4j;4611.726726895213;8006.6664864914155;2190.4159736825263;neo4j;postgres
-3690558348516185085;9000;postgres;6852.452332657201;2;neo4j;4611.726726895213;8006.6664864914155;2190.4159736825263;neo4j;postgres
-3690558348516185085;9000;postgres;6852.452332657201;2;neo4j;4611.726726895213;8006.6664864914155;2190.4159736825263;neo4j;postgres
-3690558348516185085;9000;postgres;6852.452332657201;2;neo4j;4611.726726895213;8006.6664864914155;2190.4159736825263;neo4j;postgres
-3690558348516185085;9000;postgres;6852.452332657201;2;neo4j;4611.726726895213;8006.6664864914155;2190.4159736825263;neo4j;postgres
-3690558348516185085;9000;postgres;6852.452332657201;2;neo4j;4611.726726895213;8006.6664864914155;2190.4159736825263;neo4j;postgres
-3690558348516185085;15000;postgres;8608.356076759062;1;neo4j;6516.9798838683155;8690.599547767964;2256.8013513578744;neo4j;postgres
-3690558348516185085;15000;postgres;8608.356076759062;1;neo4j;6516.9798838683155;8690.599547767964;2256.8013513578744;neo4j;postgres
-3690558348516185085;15000;postgres;8608.356076759062;1;neo4j;6516.9798838683155;8690.599547767964;2256.8013513578744;neo4j;postgres
-3690558348516185085;15000;postgres;8608.356076759062;1;neo4j;6516.9798838683155;8690.599547767964;2256.8013513578744;neo4j;postgres
-3690558348516185085;15000;postgres;8608.356076759062;1;neo4j;6516.9798838683155;8690.599547767964;2256.8013513578744;neo4j;postgres
-3690558348516185085;15000;postgres;8608.356076759062;1;neo4j;6516.9798838683155;8690.599547767964;2256.8013513578744;neo4j;postgres
-3690558348516185085;15000;postgres;8608.356076759062;1;neo4j;6516.9798838683155;8690.599547767964;2256.8013513578744;neo4j;postgres
-3690558348516185085;15000;postgres;8608.356076759062;1;neo4j;6516.9798838683155;8690.599547767964;2256.8013513578744;neo4j;postgres
-3347165239717756527;100;neo4j;1583.4320712694878;3;neo4j;3035.475959738367;5208.848649836246;1724.457711579322;neo4j;postgres
-3186312978222321866;100;neo4j;1658.781737193764;3;neo4j;2296.8581167635807;2256.512157683483;1197.5668014719147;neo4j;mongo
-2997100093229795678;500;neo4j;1452.2392344497607;3;neo4j;2577.3653897893532;3084.9902499487434;1282.674687079369;neo4j;mongo
-2997100093229795678;500;neo4j;1452.2392344497607;3;neo4j;2577.3653897893532;3084.9902499487434;1282.674687079369;neo4j;mongo
-2997100093229795678;500;neo4j;1452.2392344497607;3;neo4j;2577.3653897893532;3084.9902499487434;1282.674687079369;neo4j;mongo
-2997100093229795678;500;neo4j;1452.2392344497607;3;neo4j;2577.3653897893532;3084.9902499487434;1282.674687079369;neo4j;mongo
-2997100093229795678;500;neo4j;1452.2392344497607;3;neo4j;2577.3653897893532;3084.9902499487434;1282.674687079369;neo4j;mongo
-2997100093229795678;1000;neo4j;1429.7909836065573;3;neo4j;2736.1364862037785;3447.4732051314054;1335.6509887314523;neo4j;mongo
-2997100093229795678;1000;neo4j;1429.7909836065573;3;neo4j;2736.1364862037785;3447.4732051314054;1335.6509887314523;neo4j;mongo
-2997100093229795678;1000;neo4j;1429.7909836065573;3;neo4j;2736.1364862037785;3447.4732051314054;1335.6509887314523;neo4j;mongo
-2997100093229795678;1000;neo4j;1429.7909836065573;3;neo4j;2736.1364862037785;3447.4732051314054;1335.6509887314523;neo4j;mongo
-2997100093229795678;1000;neo4j;1429.7909836065573;3;neo4j;2736.1364862037785;3447.4732051314054;1335.6509887314523;neo4j;mongo
-2997100093229795678;3000;neo4j;1519.4446721311476;3;neo4j;3371.220871861479;4111.795440971531;1424.207328020948;neo4j;mongo
-2997100093229795678;3000;neo4j;1519.4446721311476;3;neo4j;3371.220871861479;4111.795440971531;1424.207328020948;neo4j;mongo
-2997100093229795678;3000;neo4j;1519.4446721311476;3;neo4j;3371.220871861479;4111.795440971531;1424.207328020948;neo4j;mongo
-2997100093229795678;3000;neo4j;1519.4446721311476;3;neo4j;3371.220871861479;4111.795440971531;1424.207328020948;neo4j;mongo
-2997100093229795678;3000;neo4j;1519.4446721311476;3;neo4j;3371.220871861479;4111.795440971531;1424.207328020948;neo4j;mongo
-2976612325514127951;500;postgres;3754.2955555555554;3;neo4j;3225.2156936551405;8782.688165683441;2180.4385063712434;neo4j;postgres
-2658033047011429709;100;neo4j;1446.4966592427618;3;neo4j;1649.596888523849;4101.783410609162;1614.2008301926385;neo4j;postgres
-2592638182945132307;1000;neo4j;1899.1559020044544;3;neo4j;4096.385839458478;9665.198379888627;2188.2198921255895;neo4j;postgres
-2526248153524971894;500;neo4j;1658.5421810699588;3;neo4j;2801.225227410747;5817.7468791748925;1953.256664535267;neo4j;postgres
-2526248153524971894;500;neo4j;1658.5421810699588;3;neo4j;2801.225227410747;5817.7468791748925;1953.256664535267;neo4j;postgres
-2526248153524971894;500;neo4j;1658.5421810699588;3;neo4j;2801.225227410747;5817.7468791748925;1953.256664535267;neo4j;postgres
-2526248153524971894;500;neo4j;1658.5421810699588;3;neo4j;2801.225227410747;5817.7468791748925;1953.256664535267;neo4j;postgres
-2526248153524971894;9000;neo4j;4904.45;2;neo4j;5500.333866455974;9248.392780816375;2312.5343996713677;neo4j;postgres
-2526248153524971894;9000;neo4j;4904.45;2;neo4j;5500.333866455974;9248.392780816375;2312.5343996713677;neo4j;postgres
-2526248153524971894;9000;neo4j;4904.45;2;neo4j;5500.333866455974;9248.392780816375;2312.5343996713677;neo4j;postgres
-2526248153524971894;9000;neo4j;4904.45;2;neo4j;5500.333866455974;9248.392780816375;2312.5343996713677;neo4j;postgres
-2526248153524971894;15000;postgres;9079.208888888888;1;neo4j;7405.587023429075;10038.38141610789;2382.619156162854;neo4j;postgres
-2526248153524971894;15000;postgres;9079.208888888888;1;neo4j;7405.587023429075;10038.38141610789;2382.619156162854;neo4j;postgres
-2526248153524971894;15000;postgres;9079.208888888888;1;neo4j;7405.587023429075;10038.38141610789;2382.619156162854;neo4j;postgres
-2526248153524971894;15000;postgres;9079.208888888888;1;neo4j;7405.587023429075;10038.38141610789;2382.619156162854;neo4j;postgres
-2525549918523340614;500;postgres;1206.43429844098;3;neo4j;1733.7691873573754;2466.588295325287;1336.4301127940507;neo4j;neo4j
-2422562548704182940;100;neo4j;1492.837416481069;3;neo4j;2570.2213652611385;5072.327032288854;1696.5682956338414;neo4j;postgres
-2280516890771335684;100;postgres;1113.6796714579054;3;postgres;1278.0582201985808;1923.5510150617572;1302.2318692066717;neo4j;neo4j
-2280516890771335684;100;postgres;1113.6796714579054;3;postgres;1278.0582201985808;1923.5510150617572;1302.2318692066717;neo4j;neo4j
-2280516890771335684;100;postgres;1113.6796714579054;3;postgres;1278.0582201985808;1923.5510150617572;1302.2318692066717;neo4j;neo4j
-2280516890771335684;100;postgres;1113.6796714579054;3;postgres;1278.0582201985808;1923.5510150617572;1302.2318692066717;neo4j;neo4j
-2280516890771335684;500;postgres;1493.3958974358975;3;postgres;1405.0750973301206;2487.449194879197;1430.0633688459982;neo4j;neo4j
-2280516890771335684;500;postgres;1493.3958974358975;3;postgres;1405.0750973301206;2487.449194879197;1430.0633688459982;neo4j;neo4j
-2280516890771335684;500;postgres;1493.3958974358975;3;postgres;1405.0750973301206;2487.449194879197;1430.0633688459982;neo4j;neo4j
-2280516890771335684;500;postgres;1493.3958974358975;3;postgres;1405.0750973301206;2487.449194879197;1430.0633688459982;neo4j;neo4j
-2280516890771335684;15000;neo4j;1354.0618556701031;3;neo4j;6009.436893348449;4292.44859310006;1744.4769998061895;neo4j;neo4j
-2280516890771335684;15000;neo4j;1354.0618556701031;3;neo4j;6009.436893348449;4292.44859310006;1744.4769998061895;neo4j;neo4j
-2280516890771335684;15000;neo4j;1354.0618556701031;3;neo4j;6009.436893348449;4292.44859310006;1744.4769998061895;neo4j;neo4j
-2280516890771335684;15000;neo4j;1354.0618556701031;3;neo4j;6009.436893348449;4292.44859310006;1744.4769998061895;neo4j;neo4j
-1888431145472274022;3000;neo4j;2705.8348214285716;3;neo4j;5007.6509741866885;12517.971896612922;2276.311411541056;neo4j;postgres
-523799415667217518;500;neo4j;1410.4017857142858;3;postgres;1211.7122746137445;2272.0369443035624;1238.0244416804876;neo4j;mongo
-484428940663733261;100;neo4j;1774.7371937639198;3;neo4j;4247.288326727004;8893.794192580794;2122.2931843699903;neo4j;postgres
-337597371140235294;100;neo4j;1606.34996582365;3;neo4j;3392.150147730856;7129.935446171293;2026.6862456077504;neo4j;postgres
-337597371140235294;100;neo4j;1606.34996582365;3;neo4j;3392.150147730856;7129.935446171293;2026.6862456077504;neo4j;postgres
-337597371140235294;100;neo4j;1606.34996582365;3;neo4j;3392.150147730856;7129.935446171293;2026.6862456077504;neo4j;postgres
-337597371140235294;100;neo4j;1606.34996582365;3;neo4j;3392.150147730856;7129.935446171293;2026.6862456077504;neo4j;postgres
-337597371140235294;100;neo4j;1606.34996582365;3;neo4j;3392.150147730856;7129.935446171293;2026.6862456077504;neo4j;postgres
-190574955427962001;100;neo4j;1254.6308016877638;3;neo4j;1729.3660035903547;3552.446514321378;1674.156815970392;neo4j;postgres
-190574955427962001;100;neo4j;1254.6308016877638;3;neo4j;1729.3660035903547;3552.446514321378;1674.156815970392;neo4j;postgres
-190574955427962001;500;postgres;1369.6547368421052;3;neo4j;1856.3828807218945;4593.61508081955;1838.4697160584542;neo4j;postgres
-190574955427962001;500;postgres;1369.6547368421052;3;neo4j;1856.3828807218945;4593.61508081955;1838.4697160584542;neo4j;postgres
55621005251156460;500;neo4j;1557.746887966805;3;neo4j;2879.1005254752085;9023.484895531323;2074.4638235519615;neo4j;postgres
55621005251156460;500;neo4j;1557.746887966805;3;neo4j;2879.1005254752085;9023.484895531323;2074.4638235519615;neo4j;postgres
55621005251156460;500;neo4j;1557.746887966805;3;neo4j;2879.1005254752085;9023.484895531323;2074.4638235519615;neo4j;postgres
55621005251156460;1000;neo4j;1886.0726141078837;3;neo4j;3037.871621889634;10083.508320423163;2160.1166752371773;neo4j;postgres
55621005251156460;1000;neo4j;1886.0726141078837;3;neo4j;3037.871621889634;10083.508320423163;2160.1166752371773;neo4j;postgres
55621005251156460;1000;neo4j;1886.0726141078837;3;neo4j;3037.871621889634;10083.508320423163;2160.1166752371773;neo4j;postgres
198385241727043463;100;postgres;1606.9876033057851;3;neo4j;2190.0469457642544;5105.348270176176;1851.098786291562;neo4j;postgres
198385241727043463;100;postgres;1606.9876033057851;3;neo4j;2190.0469457642544;5105.348270176176;1851.098786291562;neo4j;postgres
198385241727043463;100;postgres;1606.9876033057851;3;neo4j;2190.0469457642544;5105.348270176176;1851.098786291562;neo4j;postgres
198385241727043463;500;postgres;2284.6252587991717;3;neo4j;2317.0638228957946;6601.520869671482;2032.76758286262;neo4j;postgres
198385241727043463;500;postgres;2284.6252587991717;3;neo4j;2317.0638228957946;6601.520869671482;2032.76758286262;neo4j;postgres
198385241727043463;500;postgres;2284.6252587991717;3;neo4j;2317.0638228957946;6601.520869671482;2032.76758286262;neo4j;postgres
198385241727043463;1000;postgres;3857.360248447205;2;neo4j;2475.8349193102194;7377.058406296384;2116.6996616395986;neo4j;postgres
198385241727043463;1000;postgres;3857.360248447205;2;neo4j;2475.8349193102194;7377.058406296384;2116.6996616395986;neo4j;postgres
198385241727043463;1000;postgres;3857.360248447205;2;neo4j;2475.8349193102194;7377.058406296384;2116.6996616395986;neo4j;postgres
269281139764885068;3000;neo4j;2761.6473214285716;3;neo4j;4203.944975513757;11812.708928364225;2245.7151400041585;neo4j;neo4j
284898153821570014;100;postgres;1486.8487282463186;3;postgres;800.9569141434351;1833.1168222245722;1253.5169762012322;neo4j;mongo
284898153821570014;100;postgres;1486.8487282463186;3;postgres;800.9569141434351;1833.1168222245722;1253.5169762012322;neo4j;mongo
284898153821570014;100;postgres;1486.8487282463186;3;postgres;800.9569141434351;1833.1168222245722;1253.5169762012322;neo4j;mongo
284898153821570014;100;postgres;1486.8487282463186;3;postgres;800.9569141434351;1833.1168222245722;1253.5169762012322;neo4j;mongo
284898153821570014;100;postgres;1486.8487282463186;3;postgres;800.9569141434351;1833.1168222245722;1253.5169762012322;neo4j;mongo
284898153821570014;100;postgres;1486.8487282463186;3;postgres;800.9569141434351;1833.1168222245722;1253.5169762012322;neo4j;mongo
284898153821570014;100;postgres;1486.8487282463186;3;postgres;800.9569141434351;1833.1168222245722;1253.5169762012322;neo4j;mongo
284898153821570014;100;postgres;1486.8487282463186;3;postgres;800.9569141434351;1833.1168222245722;1253.5169762012322;neo4j;mongo
284898153821570014;100;postgres;1486.8487282463186;3;postgres;800.9569141434351;1833.1168222245722;1253.5169762012322;neo4j;mongo
284898153821570014;100;postgres;1486.8487282463186;3;postgres;800.9569141434351;1833.1168222245722;1253.5169762012322;neo4j;mongo
284898153821570014;100;postgres;1486.8487282463186;3;postgres;800.9569141434351;1833.1168222245722;1253.5169762012322;neo4j;mongo
284898153821570014;100;postgres;1486.8487282463186;3;postgres;800.9569141434351;1833.1168222245722;1253.5169762012322;neo4j;mongo
284898153821570014;100;postgres;1486.8487282463186;3;postgres;800.9569141434351;1833.1168222245722;1253.5169762012322;neo4j;mongo
284898153821570014;100;postgres;1486.8487282463186;3;postgres;800.9569141434351;1833.1168222245722;1253.5169762012322;neo4j;mongo
284898153821570014;100;postgres;1486.8487282463186;3;postgres;800.9569141434351;1833.1168222245722;1253.5169762012322;neo4j;mongo
284898153821570014;100;postgres;1486.8487282463186;3;postgres;800.9569141434351;1833.1168222245722;1253.5169762012322;neo4j;mongo
284898153821570014;100;postgres;1486.8487282463186;3;postgres;800.9569141434351;1833.1168222245722;1253.5169762012322;neo4j;mongo
284898153821570014;100;postgres;1486.8487282463186;3;postgres;800.9569141434351;1833.1168222245722;1253.5169762012322;neo4j;mongo
284898153821570014;100;postgres;1486.8487282463186;3;postgres;800.9569141434351;1833.1168222245722;1253.5169762012322;neo4j;mongo
284898153821570014;100;postgres;1486.8487282463186;3;postgres;800.9569141434351;1833.1168222245722;1253.5169762012322;neo4j;mongo
284898153821570014;100;postgres;1486.8487282463186;3;postgres;800.9569141434351;1833.1168222245722;1253.5169762012322;neo4j;mongo
284898153821570014;500;postgres;951.9141515761235;3;postgres;927.9737912749752;2370.517561166166;1376.5701259745094;neo4j;mongo
284898153821570014;500;postgres;951.9141515761235;3;postgres;927.9737912749752;2370.517561166166;1376.5701259745094;neo4j;mongo
284898153821570014;500;postgres;951.9141515761235;3;postgres;927.9737912749752;2370.517561166166;1376.5701259745094;neo4j;mongo
284898153821570014;500;postgres;951.9141515761235;3;postgres;927.9737912749752;2370.517561166166;1376.5701259745094;neo4j;mongo
284898153821570014;500;postgres;951.9141515761235;3;postgres;927.9737912749752;2370.517561166166;1376.5701259745094;neo4j;mongo
284898153821570014;500;postgres;951.9141515761235;3;postgres;927.9737912749752;2370.517561166166;1376.5701259745094;neo4j;mongo
284898153821570014;500;postgres;951.9141515761235;3;postgres;927.9737912749752;2370.517561166166;1376.5701259745094;neo4j;mongo
284898153821570014;500;postgres;951.9141515761235;3;postgres;927.9737912749752;2370.517561166166;1376.5701259745094;neo4j;mongo
284898153821570014;500;postgres;951.9141515761235;3;postgres;927.9737912749752;2370.517561166166;1376.5701259745094;neo4j;mongo
284898153821570014;500;postgres;951.9141515761235;3;postgres;927.9737912749752;2370.517561166166;1376.5701259745094;neo4j;mongo
284898153821570014;500;postgres;951.9141515761235;3;postgres;927.9737912749752;2370.517561166166;1376.5701259745094;neo4j;mongo
284898153821570014;500;postgres;951.9141515761235;3;postgres;927.9737912749752;2370.517561166166;1376.5701259745094;neo4j;mongo
284898153821570014;500;postgres;951.9141515761235;3;postgres;927.9737912749752;2370.517561166166;1376.5701259745094;neo4j;mongo
284898153821570014;500;postgres;951.9141515761235;3;postgres;927.9737912749752;2370.517561166166;1376.5701259745094;neo4j;mongo
284898153821570014;500;postgres;951.9141515761235;3;postgres;927.9737912749752;2370.517561166166;1376.5701259745094;neo4j;mongo
284898153821570014;500;postgres;951.9141515761235;3;postgres;927.9737912749752;2370.517561166166;1376.5701259745094;neo4j;mongo
284898153821570014;500;postgres;951.9141515761235;3;postgres;927.9737912749752;2370.517561166166;1376.5701259745094;neo4j;mongo
284898153821570014;500;postgres;951.9141515761235;3;postgres;927.9737912749752;2370.517561166166;1376.5701259745094;neo4j;mongo
284898153821570014;500;postgres;951.9141515761235;3;postgres;927.9737912749752;2370.517561166166;1376.5701259745094;neo4j;mongo
284898153821570014;500;postgres;951.9141515761235;3;postgres;927.9737912749752;2370.517561166166;1376.5701259745094;neo4j;mongo
284898153821570014;500;postgres;951.9141515761235;3;postgres;927.9737912749752;2370.517561166166;1376.5701259745094;neo4j;mongo
284898153821570014;1000;neo4j;1318.4569603227976;3;postgres;1086.7448876894002;2649.077966162057;1433.4214227049652;neo4j;mongo
284898153821570014;1000;neo4j;1318.4569603227976;3;postgres;1086.7448876894002;2649.077966162057;1433.4214227049652;neo4j;mongo
284898153821570014;1000;neo4j;1318.4569603227976;3;postgres;1086.7448876894002;2649.077966162057;1433.4214227049652;neo4j;mongo
284898153821570014;1000;neo4j;1318.4569603227976;3;postgres;1086.7448876894002;2649.077966162057;1433.4214227049652;neo4j;mongo
284898153821570014;1000;neo4j;1318.4569603227976;3;postgres;1086.7448876894002;2649.077966162057;1433.4214227049652;neo4j;mongo
284898153821570014;1000;neo4j;1318.4569603227976;3;postgres;1086.7448876894002;2649.077966162057;1433.4214227049652;neo4j;mongo
284898153821570014;1000;neo4j;1318.4569603227976;3;postgres;1086.7448876894002;2649.077966162057;1433.4214227049652;neo4j;mongo
284898153821570014;1000;neo4j;1318.4569603227976;3;postgres;1086.7448876894002;2649.077966162057;1433.4214227049652;neo4j;mongo
284898153821570014;1000;neo4j;1318.4569603227976;3;postgres;1086.7448876894002;2649.077966162057;1433.4214227049652;neo4j;mongo
284898153821570014;1000;neo4j;1318.4569603227976;3;postgres;1086.7448876894002;2649.077966162057;1433.4214227049652;neo4j;mongo
284898153821570014;1000;neo4j;1318.4569603227976;3;postgres;1086.7448876894002;2649.077966162057;1433.4214227049652;neo4j;mongo
284898153821570014;1000;neo4j;1318.4569603227976;3;postgres;1086.7448876894002;2649.077966162057;1433.4214227049652;neo4j;mongo
284898153821570014;1000;neo4j;1318.4569603227976;3;postgres;1086.7448876894002;2649.077966162057;1433.4214227049652;neo4j;mongo
284898153821570014;1000;neo4j;1318.4569603227976;3;postgres;1086.7448876894002;2649.077966162057;1433.4214227049652;neo4j;mongo
284898153821570014;1000;neo4j;1318.4569603227976;3;postgres;1086.7448876894002;2649.077966162057;1433.4214227049652;neo4j;mongo
284898153821570014;1000;neo4j;1318.4569603227976;3;postgres;1086.7448876894002;2649.077966162057;1433.4214227049652;neo4j;mongo
284898153821570014;1000;neo4j;1318.4569603227976;3;postgres;1086.7448876894002;2649.077966162057;1433.4214227049652;neo4j;mongo
284898153821570014;1000;neo4j;1318.4569603227976;3;postgres;1086.7448876894002;2649.077966162057;1433.4214227049652;neo4j;mongo
284898153821570014;1000;neo4j;1318.4569603227976;3;postgres;1086.7448876894002;2649.077966162057;1433.4214227049652;neo4j;mongo
284898153821570014;1000;neo4j;1318.4569603227976;3;postgres;1086.7448876894002;2649.077966162057;1433.4214227049652;neo4j;mongo
284898153821570014;1000;neo4j;1318.4569603227976;3;postgres;1086.7448876894002;2649.077966162057;1433.4214227049652;neo4j;mongo
284898153821570014;3000;neo4j;1374.0;3;neo4j;1721.8292733471008;3159.5954082032963;1528.4552881373595;neo4j;mongo
284898153821570014;3000;neo4j;1374.0;3;neo4j;1721.8292733471008;3159.5954082032963;1528.4552881373595;neo4j;mongo
284898153821570014;3000;neo4j;1374.0;3;neo4j;1721.8292733471008;3159.5954082032963;1528.4552881373595;neo4j;mongo
284898153821570014;3000;neo4j;1374.0;3;neo4j;1721.8292733471008;3159.5954082032963;1528.4552881373595;neo4j;mongo
284898153821570014;3000;neo4j;1374.0;3;neo4j;1721.8292733471008;3159.5954082032963;1528.4552881373595;neo4j;mongo
284898153821570014;3000;neo4j;1374.0;3;neo4j;1721.8292733471008;3159.5954082032963;1528.4552881373595;neo4j;mongo
284898153821570014;3000;neo4j;1374.0;3;neo4j;1721.8292733471008;3159.5954082032963;1528.4552881373595;neo4j;mongo
284898153821570014;3000;neo4j;1374.0;3;neo4j;1721.8292733471008;3159.5954082032963;1528.4552881373595;neo4j;mongo
284898153821570014;3000;neo4j;1374.0;3;neo4j;1721.8292733471008;3159.5954082032963;1528.4552881373595;neo4j;mongo
284898153821570014;3000;neo4j;1374.0;3;neo4j;1721.8292733471008;3159.5954082032963;1528.4552881373595;neo4j;mongo
284898153821570014;3000;neo4j;1374.0;3;neo4j;1721.8292733471008;3159.5954082032963;1528.4552881373595;neo4j;mongo
284898153821570014;3000;neo4j;1374.0;3;neo4j;1721.8292733471008;3159.5954082032963;1528.4552881373595;neo4j;mongo
284898153821570014;3000;neo4j;1374.0;3;neo4j;1721.8292733471008;3159.5954082032963;1528.4552881373595;neo4j;mongo
284898153821570014;3000;neo4j;1374.0;3;neo4j;1721.8292733471008;3159.5954082032963;1528.4552881373595;neo4j;mongo
284898153821570014;3000;neo4j;1374.0;3;neo4j;1721.8292733471008;3159.5954082032963;1528.4552881373595;neo4j;mongo
284898153821570014;3000;neo4j;1374.0;3;neo4j;1721.8292733471008;3159.5954082032963;1528.4552881373595;neo4j;mongo
284898153821570014;3000;neo4j;1374.0;3;neo4j;1721.8292733471008;3159.5954082032963;1528.4552881373595;neo4j;mongo
284898153821570014;3000;neo4j;1374.0;3;neo4j;1721.8292733471008;3159.5954082032963;1528.4552881373595;neo4j;mongo
284898153821570014;3000;neo4j;1374.0;3;neo4j;1721.8292733471008;3159.5954082032963;1528.4552881373595;neo4j;mongo
284898153821570014;3000;neo4j;1374.0;3;neo4j;1721.8292733471008;3159.5954082032963;1528.4552881373595;neo4j;mongo
284898153821570014;3000;neo4j;1374.0;3;neo4j;1721.8292733471008;3159.5954082032963;1528.4552881373595;neo4j;mongo
284898153821570014;9000;neo4j;1341.233870967742;3;neo4j;3627.082430320201;3768.728751792683;1629.8276861675927;neo4j;mongo
284898153821570014;9000;neo4j;1341.233870967742;3;neo4j;3627.082430320201;3768.728751792683;1629.8276861675927;neo4j;mongo
284898153821570014;9000;neo4j;1341.233870967742;3;neo4j;3627.082430320201;3768.728751792683;1629.8276861675927;neo4j;mongo
284898153821570014;9000;neo4j;1341.233870967742;3;neo4j;3627.082430320201;3768.728751792683;1629.8276861675927;neo4j;mongo
284898153821570014;9000;neo4j;1341.233870967742;3;neo4j;3627.082430320201;3768.728751792683;1629.8276861675927;neo4j;mongo
284898153821570014;9000;neo4j;1341.233870967742;3;neo4j;3627.082430320201;3768.728751792683;1629.8276861675927;neo4j;mongo
284898153821570014;9000;neo4j;1341.233870967742;3;neo4j;3627.082430320201;3768.728751792683;1629.8276861675927;neo4j;mongo
284898153821570014;9000;neo4j;1341.233870967742;3;neo4j;3627.082430320201;3768.728751792683;1629.8276861675927;neo4j;mongo
284898153821570014;9000;neo4j;1341.233870967742;3;neo4j;3627.082430320201;3768.728751792683;1629.8276861675927;neo4j;mongo
284898153821570014;9000;neo4j;1341.233870967742;3;neo4j;3627.082430320201;3768.728751792683;1629.8276861675927;neo4j;mongo
284898153821570014;9000;neo4j;1341.233870967742;3;neo4j;3627.082430320201;3768.728751792683;1629.8276861675927;neo4j;mongo
284898153821570014;9000;neo4j;1341.233870967742;3;neo4j;3627.082430320201;3768.728751792683;1629.8276861675927;neo4j;mongo
284898153821570014;9000;neo4j;1341.233870967742;3;neo4j;3627.082430320201;3768.728751792683;1629.8276861675927;neo4j;mongo
284898153821570014;9000;neo4j;1341.233870967742;3;neo4j;3627.082430320201;3768.728751792683;1629.8276861675927;neo4j;mongo
284898153821570014;9000;neo4j;1341.233870967742;3;neo4j;3627.082430320201;3768.728751792683;1629.8276861675927;neo4j;mongo
284898153821570014;9000;neo4j;1341.233870967742;3;neo4j;3627.082430320201;3768.728751792683;1629.8276861675927;neo4j;mongo
284898153821570014;9000;neo4j;1341.233870967742;3;neo4j;3627.082430320201;3768.728751792683;1629.8276861675927;neo4j;mongo
284898153821570014;9000;neo4j;1341.233870967742;3;neo4j;3627.082430320201;3768.728751792683;1629.8276861675927;neo4j;mongo
284898153821570014;9000;neo4j;1341.233870967742;3;neo4j;3627.082430320201;3768.728751792683;1629.8276861675927;neo4j;mongo
284898153821570014;9000;neo4j;1341.233870967742;3;neo4j;3627.082430320201;3768.728751792683;1629.8276861675927;neo4j;mongo
284898153821570014;9000;neo4j;1341.233870967742;3;neo4j;3627.082430320201;3768.728751792683;1629.8276861675927;neo4j;mongo
284898153821570014;15000;neo4j;1402.6806451612904;3;neo4j;5532.3355872933025;4090.700468490072;1679.2309547253737;neo4j;mongo
284898153821570014;15000;neo4j;1402.6806451612904;3;neo4j;5532.3355872933025;4090.700468490072;1679.2309547253737;neo4j;mongo
284898153821570014;15000;neo4j;1402.6806451612904;3;neo4j;5532.3355872933025;4090.700468490072;1679.2309547253737;neo4j;mongo
284898153821570014;15000;neo4j;1402.6806451612904;3;neo4j;5532.3355872933025;4090.700468490072;1679.2309547253737;neo4j;mongo
284898153821570014;15000;neo4j;1402.6806451612904;3;neo4j;5532.3355872933025;4090.700468490072;1679.2309547253737;neo4j;mongo
284898153821570014;15000;neo4j;1402.6806451612904;3;neo4j;5532.3355872933025;4090.700468490072;1679.2309547253737;neo4j;mongo
284898153821570014;15000;neo4j;1402.6806451612904;3;neo4j;5532.3355872933025;4090.700468490072;1679.2309547253737;neo4j;mongo
284898153821570014;15000;neo4j;1402.6806451612904;3;neo4j;5532.3355872933025;4090.700468490072;1679.2309547253737;neo4j;mongo
284898153821570014;15000;neo4j;1402.6806451612904;3;neo4j;5532.3355872933025;4090.700468490072;1679.2309547253737;neo4j;mongo
284898153821570014;15000;neo4j;1402.6806451612904;3;neo4j;5532.3355872933025;4090.700468490072;1679.2309547253737;neo4j;mongo
284898153821570014;15000;neo4j;1402.6806451612904;3;neo4j;5532.3355872933025;4090.700468490072;1679.2309547253737;neo4j;mongo
284898153821570014;15000;neo4j;1402.6806451612904;3;neo4j;5532.3355872933025;4090.700468490072;1679.2309547253737;neo4j;mongo
284898153821570014;15000;neo4j;1402.6806451612904;3;neo4j;5532.3355872933025;4090.700468490072;1679.2309547253737;neo4j;mongo
284898153821570014;15000;neo4j;1402.6806451612904;3;neo4j;5532.3355872933025;4090.700468490072;1679.2309547253737;neo4j;mongo
284898153821570014;15000;neo4j;1402.6806451612904;3;neo4j;5532.3355872933025;4090.700468490072;1679.2309547253737;neo4j;mongo
284898153821570014;15000;neo4j;1402.6806451612904;3;neo4j;5532.3355872933025;4090.700468490072;1679.2309547253737;neo4j;mongo
284898153821570014;15000;neo4j;1402.6806451612904;3;neo4j;5532.3355872933025;4090.700468490072;1679.2309547253737;neo4j;mongo
284898153821570014;15000;neo4j;1402.6806451612904;3;neo4j;5532.3355872933025;4090.700468490072;1679.2309547253737;neo4j;mongo
284898153821570014;15000;neo4j;1402.6806451612904;3;neo4j;5532.3355872933025;4090.700468490072;1679.2309547253737;neo4j;mongo
284898153821570014;15000;neo4j;1402.6806451612904;3;neo4j;5532.3355872933025;4090.700468490072;1679.2309547253737;neo4j;mongo
284898153821570014;15000;neo4j;1402.6806451612904;3;neo4j;5532.3355872933025;4090.700468490072;1679.2309547253737;neo4j;mongo
301876092220321866;100;neo4j;1391.4471544715448;3;neo4j;2216.322440282366;3850.542219772073;1684.7933057955265;neo4j;postgres
301876092220321866;100;neo4j;1391.4471544715448;3;neo4j;2216.322440282366;3850.542219772073;1684.7933057955265;neo4j;postgres
301876092220321866;100;neo4j;1391.4471544715448;3;neo4j;2216.322440282366;3850.542219772073;1684.7933057955265;neo4j;postgres
301876092220321866;100;neo4j;1391.4471544715448;3;neo4j;2216.322440282366;3850.542219772073;1684.7933057955265;neo4j;postgres
301876092220321866;100;neo4j;1391.4471544715448;3;neo4j;2216.322440282366;3850.542219772073;1684.7933057955265;neo4j;postgres
301876092220321866;100;neo4j;1391.4471544715448;3;neo4j;2216.322440282366;3850.542219772073;1684.7933057955265;neo4j;postgres
301876092220321866;100;neo4j;1391.4471544715448;3;neo4j;2216.322440282366;3850.542219772073;1684.7933057955265;neo4j;postgres
301876092220321866;100;neo4j;1391.4471544715448;3;neo4j;2216.322440282366;3850.542219772073;1684.7933057955265;neo4j;postgres
301876092220321866;100;neo4j;1391.4471544715448;3;neo4j;2216.322440282366;3850.542219772073;1684.7933057955265;neo4j;postgres
301876092220321866;1000;neo4j;1998.9512195121952;3;neo4j;2502.1104138283313;5564.014751885375;1926.54508544637;neo4j;postgres
301876092220321866;1000;neo4j;1998.9512195121952;3;neo4j;2502.1104138283313;5564.014751885375;1926.54508544637;neo4j;postgres
301876092220321866;1000;neo4j;1998.9512195121952;3;neo4j;2502.1104138283313;5564.014751885375;1926.54508544637;neo4j;postgres
301876092220321866;1000;neo4j;1998.9512195121952;3;neo4j;2502.1104138283313;5564.014751885375;1926.54508544637;neo4j;postgres
301876092220321866;1000;neo4j;1998.9512195121952;3;neo4j;2502.1104138283313;5564.014751885375;1926.54508544637;neo4j;postgres
301876092220321866;1000;neo4j;1998.9512195121952;3;neo4j;2502.1104138283313;5564.014751885375;1926.54508544637;neo4j;postgres
301876092220321866;1000;neo4j;1998.9512195121952;3;neo4j;2502.1104138283313;5564.014751885375;1926.54508544637;neo4j;postgres
301876092220321866;1000;neo4j;1998.9512195121952;3;neo4j;2502.1104138283313;5564.014751885375;1926.54508544637;neo4j;postgres
301876092220321866;1000;neo4j;1998.9512195121952;3;neo4j;2502.1104138283313;5564.014751885375;1926.54508544637;neo4j;postgres
301876092220321866;3000;neo4j;2881.695829094608;3;neo4j;3137.1947994860316;6636.072680871063;2054.2495782583546;neo4j;postgres
301876092220321866;3000;neo4j;2881.695829094608;3;neo4j;3137.1947994860316;6636.072680871063;2054.2495782583546;neo4j;postgres
301876092220321866;3000;neo4j;2881.695829094608;3;neo4j;3137.1947994860316;6636.072680871063;2054.2495782583546;neo4j;postgres
301876092220321866;3000;neo4j;2881.695829094608;3;neo4j;3137.1947994860316;6636.072680871063;2054.2495782583546;neo4j;postgres
301876092220321866;3000;neo4j;2881.695829094608;3;neo4j;3137.1947994860316;6636.072680871063;2054.2495782583546;neo4j;postgres
301876092220321866;3000;neo4j;2881.695829094608;3;neo4j;3137.1947994860316;6636.072680871063;2054.2495782583546;neo4j;postgres
301876092220321866;3000;neo4j;2881.695829094608;3;neo4j;3137.1947994860316;6636.072680871063;2054.2495782583546;neo4j;postgres
301876092220321866;3000;neo4j;2881.695829094608;3;neo4j;3137.1947994860316;6636.072680871063;2054.2495782583546;neo4j;postgres
301876092220321866;3000;neo4j;2881.695829094608;3;neo4j;3137.1947994860316;6636.072680871063;2054.2495782583546;neo4j;postgres
301876092220321866;9000;neo4j;4884.637426900585;2;neo4j;5042.447956459135;7915.218459306213;2190.471656742524;neo4j;postgres
301876092220321866;9000;neo4j;4884.637426900585;2;neo4j;5042.447956459135;7915.218459306213;2190.471656742524;neo4j;postgres
301876092220321866;9000;neo4j;4884.637426900585;2;neo4j;5042.447956459135;7915.218459306213;2190.471656742524;neo4j;postgres
301876092220321866;9000;neo4j;4884.637426900585;2;neo4j;5042.447956459135;7915.218459306213;2190.471656742524;neo4j;postgres
301876092220321866;9000;neo4j;4884.637426900585;2;neo4j;5042.447956459135;7915.218459306213;2190.471656742524;neo4j;postgres
301876092220321866;9000;neo4j;4884.637426900585;2;neo4j;5042.447956459135;7915.218459306213;2190.471656742524;neo4j;postgres
301876092220321866;9000;neo4j;4884.637426900585;2;neo4j;5042.447956459135;7915.218459306213;2190.471656742524;neo4j;postgres
301876092220321866;9000;neo4j;4884.637426900585;2;neo4j;5042.447956459135;7915.218459306213;2190.471656742524;neo4j;postgres
301876092220321866;9000;neo4j;4884.637426900585;2;neo4j;5042.447956459135;7915.218459306213;2190.471656742524;neo4j;postgres
301876092220321866;15000;postgres;9195.934426229509;1;neo4j;6947.7011134322365;8591.340964375675;2256.858721245481;neo4j;postgres
301876092220321866;15000;postgres;9195.934426229509;1;neo4j;6947.7011134322365;8591.340964375675;2256.858721245481;neo4j;postgres
301876092220321866;15000;postgres;9195.934426229509;1;neo4j;6947.7011134322365;8591.340964375675;2256.858721245481;neo4j;postgres
301876092220321866;15000;postgres;9195.934426229509;1;neo4j;6947.7011134322365;8591.340964375675;2256.858721245481;neo4j;postgres
301876092220321866;15000;postgres;9195.934426229509;1;neo4j;6947.7011134322365;8591.340964375675;2256.858721245481;neo4j;postgres
301876092220321866;15000;postgres;9195.934426229509;1;neo4j;6947.7011134322365;8591.340964375675;2256.858721245481;neo4j;postgres
301876092220321866;15000;postgres;9195.934426229509;1;neo4j;6947.7011134322365;8591.340964375675;2256.858721245481;neo4j;postgres
301876092220321866;15000;postgres;9195.934426229509;1;neo4j;6947.7011134322365;8591.340964375675;2256.858721245481;neo4j;postgres
301876092220321866;15000;postgres;9195.934426229509;1;neo4j;6947.7011134322365;8591.340964375675;2256.858721245481;neo4j;postgres
336549245393134503;1000;postgres;625.44;3;postgres;754.379685323786;2451.426742106766;1493.5200552183958;neo4j;neo4j
591457710187147916;3000;neo4j;2890.9933184855236;3;neo4j;5319.21064632138;15804.004624515163;2437.70048098794;neo4j;neo4j
674835182984831971;3000;neo4j;2606.858744394619;3;neo4j;3110.8369448357344;7227.868776593689;1963.844621328667;neo4j;neo4j
947533190914524242;100;neo4j;1327.0357142857142;3;neo4j;1803.4795352215297;4936.086272448421;1675.7664148876481;neo4j;postgres
1031963741124383336;100;postgres;1239.4955570745044;3;postgres;1216.0410044293044;3266.7030336613816;1615.511109724228;neo4j;postgres
1031963741124383336;100;postgres;1239.4955570745044;3;postgres;1216.0410044293044;3266.7030336613816;1615.511109724228;neo4j;postgres
1031963741124383336;100;postgres;1239.4955570745044;3;postgres;1216.0410044293044;3266.7030336613816;1615.511109724228;neo4j;postgres
1031963741124383336;100;postgres;1239.4955570745044;3;postgres;1216.0410044293044;3266.7030336613816;1615.511109724228;neo4j;postgres
1031963741124383336;500;postgres;1382.0636550308009;3;postgres;1343.0578815608444;4224.148057692844;1774.0715656356308;neo4j;postgres
1031963741124383336;500;postgres;1382.0636550308009;3;postgres;1343.0578815608444;4224.148057692844;1774.0715656356308;neo4j;postgres
1031963741124383336;500;postgres;1382.0636550308009;3;postgres;1343.0578815608444;4224.148057692844;1774.0715656356308;neo4j;postgres
1031963741124383336;500;postgres;1382.0636550308009;3;postgres;1343.0578815608444;4224.148057692844;1774.0715656356308;neo4j;postgres
1664155460377545707;100;postgres;1118.4;3;neo4j;1743.474142730219;2980.9224958791456;1524.3930758400109;neo4j;postgres
1693831707291403119;1000;neo4j;1899.325892857143;3;neo4j;2811.304294385938;5101.576683179294;1791.1219339164927;neo4j;postgres
2159236020344786070;100;postgres;942.271220492215;3;postgres;761.7301382303193;1689.8384746997765;1323.0837354606988;neo4j;neo4j
2159236020344786070;100;postgres;942.271220492215;3;postgres;761.7301382303193;1689.8384746997765;1323.0837354606988;neo4j;neo4j
2159236020344786070;100;postgres;942.271220492215;3;postgres;761.7301382303193;1689.8384746997765;1323.0837354606988;neo4j;neo4j
2159236020344786070;100;postgres;942.271220492215;3;postgres;761.7301382303193;1689.8384746997765;1323.0837354606988;neo4j;neo4j
2159236020344786070;100;postgres;942.271220492215;3;postgres;761.7301382303193;1689.8384746997765;1323.0837354606988;neo4j;neo4j
2159236020344786070;100;postgres;942.271220492215;3;postgres;761.7301382303193;1689.8384746997765;1323.0837354606988;neo4j;neo4j
2159236020344786070;100;postgres;942.271220492215;3;postgres;761.7301382303193;1689.8384746997765;1323.0837354606988;neo4j;neo4j
2159236020344786070;100;postgres;942.271220492215;3;postgres;761.7301382303193;1689.8384746997765;1323.0837354606988;neo4j;neo4j
2159236020344786070;100;postgres;942.271220492215;3;postgres;761.7301382303193;1689.8384746997765;1323.0837354606988;neo4j;neo4j
2159236020344786070;100;postgres;942.271220492215;3;postgres;761.7301382303193;1689.8384746997765;1323.0837354606988;neo4j;neo4j
2159236020344786070;100;postgres;942.271220492215;3;postgres;761.7301382303193;1689.8384746997765;1323.0837354606988;neo4j;neo4j
2159236020344786070;100;postgres;942.271220492215;3;postgres;761.7301382303193;1689.8384746997765;1323.0837354606988;neo4j;neo4j
2159236020344786070;100;postgres;942.271220492215;3;postgres;761.7301382303193;1689.8384746997765;1323.0837354606988;neo4j;neo4j
2159236020344786070;100;postgres;942.271220492215;3;postgres;761.7301382303193;1689.8384746997765;1323.0837354606988;neo4j;neo4j
2159236020344786070;100;postgres;942.271220492215;3;postgres;761.7301382303193;1689.8384746997765;1323.0837354606988;neo4j;neo4j
2159236020344786070;100;postgres;942.271220492215;3;postgres;761.7301382303193;1689.8384746997765;1323.0837354606988;neo4j;neo4j
2159236020344786070;100;postgres;942.271220492215;3;postgres;761.7301382303193;1689.8384746997765;1323.0837354606988;neo4j;neo4j
2159236020344786070;100;postgres;942.271220492215;3;postgres;761.7301382303193;1689.8384746997765;1323.0837354606988;neo4j;neo4j
2159236020344786070;100;postgres;942.271220492215;3;postgres;761.7301382303193;1689.8384746997765;1323.0837354606988;neo4j;neo4j
2159236020344786070;100;postgres;942.271220492215;3;postgres;761.7301382303193;1689.8384746997765;1323.0837354606988;neo4j;neo4j
2159236020344786070;100;postgres;942.271220492215;3;postgres;761.7301382303193;1689.8384746997765;1323.0837354606988;neo4j;neo4j
2159236020344786070;100;postgres;942.271220492215;3;postgres;761.7301382303193;1689.8384746997765;1323.0837354606988;neo4j;neo4j
2159236020344786070;100;postgres;942.271220492215;3;postgres;761.7301382303193;1689.8384746997765;1323.0837354606988;neo4j;neo4j
2159236020344786070;500;postgres;958.2547207713941;3;postgres;888.7470153618593;2185.2583055001073;1452.9605544300027;neo4j;neo4j
2159236020344786070;500;postgres;958.2547207713941;3;postgres;888.7470153618593;2185.2583055001073;1452.9605544300027;neo4j;neo4j
2159236020344786070;500;postgres;958.2547207713941;3;postgres;888.7470153618593;2185.2583055001073;1452.9605544300027;neo4j;neo4j
2159236020344786070;500;postgres;958.2547207713941;3;postgres;888.7470153618593;2185.2583055001073;1452.9605544300027;neo4j;neo4j
2159236020344786070;500;postgres;958.2547207713941;3;postgres;888.7470153618593;2185.2583055001073;1452.9605544300027;neo4j;neo4j
2159236020344786070;500;postgres;958.2547207713941;3;postgres;888.7470153618593;2185.2583055001073;1452.9605544300027;neo4j;neo4j
2159236020344786070;500;postgres;958.2547207713941;3;postgres;888.7470153618593;2185.2583055001073;1452.9605544300027;neo4j;neo4j
2159236020344786070;500;postgres;958.2547207713941;3;postgres;888.7470153618593;2185.2583055001073;1452.9605544300027;neo4j;neo4j
2159236020344786070;500;postgres;958.2547207713941;3;postgres;888.7470153618593;2185.2583055001073;1452.9605544300027;neo4j;neo4j
2159236020344786070;500;postgres;958.2547207713941;3;postgres;888.7470153618593;2185.2583055001073;1452.9605544300027;neo4j;neo4j
2159236020344786070;500;postgres;958.2547207713941;3;postgres;888.7470153618593;2185.2583055001073;1452.9605544300027;neo4j;neo4j
2159236020344786070;500;postgres;958.2547207713941;3;postgres;888.7470153618593;2185.2583055001073;1452.9605544300027;neo4j;neo4j
2159236020344786070;500;postgres;958.2547207713941;3;postgres;888.7470153618593;2185.2583055001073;1452.9605544300027;neo4j;neo4j
2159236020344786070;500;postgres;958.2547207713941;3;postgres;888.7470153618593;2185.2583055001073;1452.9605544300027;neo4j;neo4j
2159236020344786070;500;postgres;958.2547207713941;3;postgres;888.7470153618593;2185.2583055001073;1452.9605544300027;neo4j;neo4j
2159236020344786070;500;postgres;958.2547207713941;3;postgres;888.7470153618593;2185.2583055001073;1452.9605544300027;neo4j;neo4j
2159236020344786070;500;postgres;958.2547207713941;3;postgres;888.7470153618593;2185.2583055001073;1452.9605544300027;neo4j;neo4j
2159236020344786070;500;postgres;958.2547207713941;3;postgres;888.7470153618593;2185.2583055001073;1452.9605544300027;neo4j;neo4j
2159236020344786070;500;postgres;958.2547207713941;3;postgres;888.7470153618593;2185.2583055001073;1452.9605544300027;neo4j;neo4j
2159236020344786070;500;postgres;958.2547207713941;3;postgres;888.7470153618593;2185.2583055001073;1452.9605544300027;neo4j;neo4j
2159236020344786070;500;postgres;958.2547207713941;3;postgres;888.7470153618593;2185.2583055001073;1452.9605544300027;neo4j;neo4j
2159236020344786070;500;postgres;958.2547207713941;3;postgres;888.7470153618593;2185.2583055001073;1452.9605544300027;neo4j;neo4j
2159236020344786070;500;postgres;958.2547207713941;3;postgres;888.7470153618593;2185.2583055001073;1452.9605544300027;neo4j;neo4j
2159236020344786070;1000;postgres;1340.9859437751004;3;postgres;1047.5181117762845;2442.0580058178516;1512.9644274493915;neo4j;neo4j
2159236020344786070;1000;postgres;1340.9859437751004;3;postgres;1047.5181117762845;2442.0580058178516;1512.9644274493915;neo4j;neo4j
2159236020344786070;1000;postgres;1340.9859437751004;3;postgres;1047.5181117762845;2442.0580058178516;1512.9644274493915;neo4j;neo4j
2159236020344786070;1000;postgres;1340.9859437751004;3;postgres;1047.5181117762845;2442.0580058178516;1512.9644274493915;neo4j;neo4j
2159236020344786070;1000;postgres;1340.9859437751004;3;postgres;1047.5181117762845;2442.0580058178516;1512.9644274493915;neo4j;neo4j
2159236020344786070;1000;postgres;1340.9859437751004;3;postgres;1047.5181117762845;2442.0580058178516;1512.9644274493915;neo4j;neo4j
2159236020344786070;1000;postgres;1340.9859437751004;3;postgres;1047.5181117762845;2442.0580058178516;1512.9644274493915;neo4j;neo4j
2159236020344786070;1000;postgres;1340.9859437751004;3;postgres;1047.5181117762845;2442.0580058178516;1512.9644274493915;neo4j;neo4j
2159236020344786070;1000;postgres;1340.9859437751004;3;postgres;1047.5181117762845;2442.0580058178516;1512.9644274493915;neo4j;neo4j
2159236020344786070;1000;postgres;1340.9859437751004;3;postgres;1047.5181117762845;2442.0580058178516;1512.9644274493915;neo4j;neo4j
2159236020344786070;1000;postgres;1340.9859437751004;3;postgres;1047.5181117762845;2442.0580058178516;1512.9644274493915;neo4j;neo4j
2159236020344786070;1000;postgres;1340.9859437751004;3;postgres;1047.5181117762845;2442.0580058178516;1512.9644274493915;neo4j;neo4j
2159236020344786070;1000;postgres;1340.9859437751004;3;postgres;1047.5181117762845;2442.0580058178516;1512.9644274493915;neo4j;neo4j
2159236020344786070;1000;postgres;1340.9859437751004;3;postgres;1047.5181117762845;2442.0580058178516;1512.9644274493915;neo4j;neo4j
2159236020344786070;1000;postgres;1340.9859437751004;3;postgres;1047.5181117762845;2442.0580058178516;1512.9644274493915;neo4j;neo4j
2159236020344786070;1000;postgres;1340.9859437751004;3;postgres;1047.5181117762845;2442.0580058178516;1512.9644274493915;neo4j;neo4j
2159236020344786070;1000;postgres;1340.9859437751004;3;postgres;1047.5181117762845;2442.0580058178516;1512.9644274493915;neo4j;neo4j
2159236020344786070;1000;postgres;1340.9859437751004;3;postgres;1047.5181117762845;2442.0580058178516;1512.9644274493915;neo4j;neo4j
2159236020344786070;1000;postgres;1340.9859437751004;3;postgres;1047.5181117762845;2442.0580058178516;1512.9644274493915;neo4j;neo4j
2159236020344786070;1000;postgres;1340.9859437751004;3;postgres;1047.5181117762845;2442.0580058178516;1512.9644274493915;neo4j;neo4j
2159236020344786070;1000;postgres;1340.9859437751004;3;postgres;1047.5181117762845;2442.0580058178516;1512.9644274493915;neo4j;neo4j
2159236020344786070;1000;postgres;1340.9859437751004;3;postgres;1047.5181117762845;2442.0580058178516;1512.9644274493915;neo4j;neo4j
2159236020344786070;1000;postgres;1340.9859437751004;3;postgres;1047.5181117762845;2442.0580058178516;1512.9644274493915;neo4j;neo4j
2159236020344786070;3000;postgres;1331.2503346720214;3;neo4j;1682.6024974339848;2912.694620971774;1613.268208047104;neo4j;neo4j
2159236020344786070;3000;postgres;1331.2503346720214;3;neo4j;1682.6024974339848;2912.694620971774;1613.268208047104;neo4j;neo4j
2159236020344786070;3000;postgres;1331.2503346720214;3;neo4j;1682.6024974339848;2912.694620971774;1613.268208047104;neo4j;neo4j
2159236020344786070;3000;postgres;1331.2503346720214;3;neo4j;1682.6024974339848;2912.694620971774;1613.268208047104;neo4j;neo4j
2159236020344786070;3000;postgres;1331.2503346720214;3;neo4j;1682.6024974339848;2912.694620971774;1613.268208047104;neo4j;neo4j
2159236020344786070;3000;postgres;1331.2503346720214;3;neo4j;1682.6024974339848;2912.694620971774;1613.268208047104;neo4j;neo4j
2159236020344786070;3000;postgres;1331.2503346720214;3;neo4j;1682.6024974339848;2912.694620971774;1613.268208047104;neo4j;neo4j
2159236020344786070;3000;postgres;1331.2503346720214;3;neo4j;1682.6024974339848;2912.694620971774;1613.268208047104;neo4j;neo4j
2159236020344786070;3000;postgres;1331.2503346720214;3;neo4j;1682.6024974339848;2912.694620971774;1613.268208047104;neo4j;neo4j
2159236020344786070;3000;postgres;1331.2503346720214;3;neo4j;1682.6024974339848;2912.694620971774;1613.268208047104;neo4j;neo4j
2159236020344786070;3000;postgres;1331.2503346720214;3;neo4j;1682.6024974339848;2912.694620971774;1613.268208047104;neo4j;neo4j
2159236020344786070;3000;postgres;1331.2503346720214;3;neo4j;1682.6024974339848;2912.694620971774;1613.268208047104;neo4j;neo4j
2159236020344786070;3000;postgres;1331.2503346720214;3;neo4j;1682.6024974339848;2912.694620971774;1613.268208047104;neo4j;neo4j
2159236020344786070;3000;postgres;1331.2503346720214;3;neo4j;1682.6024974339848;2912.694620971774;1613.268208047104;neo4j;neo4j
2159236020344786070;3000;postgres;1331.2503346720214;3;neo4j;1682.6024974339848;2912.694620971774;1613.268208047104;neo4j;neo4j
2159236020344786070;3000;postgres;1331.2503346720214;3;neo4j;1682.6024974339848;2912.694620971774;1613.268208047104;neo4j;neo4j
2159236020344786070;3000;postgres;1331.2503346720214;3;neo4j;1682.6024974339848;2912.694620971774;1613.268208047104;neo4j;neo4j
2159236020344786070;3000;postgres;1331.2503346720214;3;neo4j;1682.6024974339848;2912.694620971774;1613.268208047104;neo4j;neo4j
2159236020344786070;3000;postgres;1331.2503346720214;3;neo4j;1682.6024974339848;2912.694620971774;1613.268208047104;neo4j;neo4j
2159236020344786070;3000;postgres;1331.2503346720214;3;neo4j;1682.6024974339848;2912.694620971774;1613.268208047104;neo4j;neo4j
2159236020344786070;3000;postgres;1331.2503346720214;3;neo4j;1682.6024974339848;2912.694620971774;1613.268208047104;neo4j;neo4j
2159236020344786070;3000;postgres;1331.2503346720214;3;neo4j;1682.6024974339848;2912.694620971774;1613.268208047104;neo4j;neo4j
2159236020344786070;3000;postgres;1331.2503346720214;3;neo4j;1682.6024974339848;2912.694620971774;1613.268208047104;neo4j;neo4j
2159236020344786070;9000;neo4j;1282.1560926485397;3;neo4j;3587.8556544070857;3474.2434171461896;1720.2620120392387;neo4j;neo4j
2159236020344786070;9000;neo4j;1282.1560926485397;3;neo4j;3587.8556544070857;3474.2434171461896;1720.2620120392387;neo4j;neo4j
2159236020344786070;9000;neo4j;1282.1560926485397;3;neo4j;3587.8556544070857;3474.2434171461896;1720.2620120392387;neo4j;neo4j
2159236020344786070;9000;neo4j;1282.1560926485397;3;neo4j;3587.8556544070857;3474.2434171461896;1720.2620120392387;neo4j;neo4j
2159236020344786070;9000;neo4j;1282.1560926485397;3;neo4j;3587.8556544070857;3474.2434171461896;1720.2620120392387;neo4j;neo4j
2159236020344786070;9000;neo4j;1282.1560926485397;3;neo4j;3587.8556544070857;3474.2434171461896;1720.2620120392387;neo4j;neo4j
2159236020344786070;9000;neo4j;1282.1560926485397;3;neo4j;3587.8556544070857;3474.2434171461896;1720.2620120392387;neo4j;neo4j
2159236020344786070;9000;neo4j;1282.1560926485397;3;neo4j;3587.8556544070857;3474.2434171461896;1720.2620120392387;neo4j;neo4j
2159236020344786070;9000;neo4j;1282.1560926485397;3;neo4j;3587.8556544070857;3474.2434171461896;1720.2620120392387;neo4j;neo4j
2159236020344786070;9000;neo4j;1282.1560926485397;3;neo4j;3587.8556544070857;3474.2434171461896;1720.2620120392387;neo4j;neo4j
2159236020344786070;9000;neo4j;1282.1560926485397;3;neo4j;3587.8556544070857;3474.2434171461896;1720.2620120392387;neo4j;neo4j
2159236020344786070;9000;neo4j;1282.1560926485397;3;neo4j;3587.8556544070857;3474.2434171461896;1720.2620120392387;neo4j;neo4j
2159236020344786070;9000;neo4j;1282.1560926485397;3;neo4j;3587.8556544070857;3474.2434171461896;1720.2620120392387;neo4j;neo4j
2159236020344786070;9000;neo4j;1282.1560926485397;3;neo4j;3587.8556544070857;3474.2434171461896;1720.2620120392387;neo4j;neo4j
2159236020344786070;9000;neo4j;1282.1560926485397;3;neo4j;3587.8556544070857;3474.2434171461896;1720.2620120392387;neo4j;neo4j
2159236020344786070;9000;neo4j;1282.1560926485397;3;neo4j;3587.8556544070857;3474.2434171461896;1720.2620120392387;neo4j;neo4j
2159236020344786070;9000;neo4j;1282.1560926485397;3;neo4j;3587.8556544070857;3474.2434171461896;1720.2620120392387;neo4j;neo4j
2159236020344786070;9000;neo4j;1282.1560926485397;3;neo4j;3587.8556544070857;3474.2434171461896;1720.2620120392387;neo4j;neo4j
2159236020344786070;9000;neo4j;1282.1560926485397;3;neo4j;3587.8556544070857;3474.2434171461896;1720.2620120392387;neo4j;neo4j
2159236020344786070;9000;neo4j;1282.1560926485397;3;neo4j;3587.8556544070857;3474.2434171461896;1720.2620120392387;neo4j;neo4j
2159236020344786070;9000;neo4j;1282.1560926485397;3;neo4j;3587.8556544070857;3474.2434171461896;1720.2620120392387;neo4j;neo4j
2159236020344786070;9000;neo4j;1282.1560926485397;3;neo4j;3587.8556544070857;3474.2434171461896;1720.2620120392387;neo4j;neo4j
2159236020344786070;9000;neo4j;1282.1560926485397;3;neo4j;3587.8556544070857;3474.2434171461896;1720.2620120392387;neo4j;neo4j
2159236020344786070;15000;neo4j;1359.0080604534005;3;neo4j;5493.108811380188;3771.063205155541;1772.4048412052762;neo4j;neo4j
2159236020344786070;15000;neo4j;1359.0080604534005;3;neo4j;5493.108811380188;3771.063205155541;1772.4048412052762;neo4j;neo4j
2159236020344786070;15000;neo4j;1359.0080604534005;3;neo4j;5493.108811380188;3771.063205155541;1772.4048412052762;neo4j;neo4j
2159236020344786070;15000;neo4j;1359.0080604534005;3;neo4j;5493.108811380188;3771.063205155541;1772.4048412052762;neo4j;neo4j
2159236020344786070;15000;neo4j;1359.0080604534005;3;neo4j;5493.108811380188;3771.063205155541;1772.4048412052762;neo4j;neo4j
2159236020344786070;15000;neo4j;1359.0080604534005;3;neo4j;5493.108811380188;3771.063205155541;1772.4048412052762;neo4j;neo4j
2159236020344786070;15000;neo4j;1359.0080604534005;3;neo4j;5493.108811380188;3771.063205155541;1772.4048412052762;neo4j;neo4j
2159236020344786070;15000;neo4j;1359.0080604534005;3;neo4j;5493.108811380188;3771.063205155541;1772.4048412052762;neo4j;neo4j
2159236020344786070;15000;neo4j;1359.0080604534005;3;neo4j;5493.108811380188;3771.063205155541;1772.4048412052762;neo4j;neo4j
2159236020344786070;15000;neo4j;1359.0080604534005;3;neo4j;5493.108811380188;3771.063205155541;1772.4048412052762;neo4j;neo4j
2159236020344786070;15000;neo4j;1359.0080604534005;3;neo4j;5493.108811380188;3771.063205155541;1772.4048412052762;neo4j;neo4j
2159236020344786070;15000;neo4j;1359.0080604534005;3;neo4j;5493.108811380188;3771.063205155541;1772.4048412052762;neo4j;neo4j
2159236020344786070;15000;neo4j;1359.0080604534005;3;neo4j;5493.108811380188;3771.063205155541;1772.4048412052762;neo4j;neo4j
2159236020344786070;15000;neo4j;1359.0080604534005;3;neo4j;5493.108811380188;3771.063205155541;1772.4048412052762;neo4j;neo4j
2159236020344786070;15000;neo4j;1359.0080604534005;3;neo4j;5493.108811380188;3771.063205155541;1772.4048412052762;neo4j;neo4j
2159236020344786070;15000;neo4j;1359.0080604534005;3;neo4j;5493.108811380188;3771.063205155541;1772.4048412052762;neo4j;neo4j
2159236020344786070;15000;neo4j;1359.0080604534005;3;neo4j;5493.108811380188;3771.063205155541;1772.4048412052762;neo4j;neo4j
2159236020344786070;15000;neo4j;1359.0080604534005;3;neo4j;5493.108811380188;3771.063205155541;1772.4048412052762;neo4j;neo4j
2159236020344786070;15000;neo4j;1359.0080604534005;3;neo4j;5493.108811380188;3771.063205155541;1772.4048412052762;neo4j;neo4j
2159236020344786070;15000;neo4j;1359.0080604534005;3;neo4j;5493.108811380188;3771.063205155541;1772.4048412052762;neo4j;neo4j
2159236020344786070;15000;neo4j;1359.0080604534005;3;neo4j;5493.108811380188;3771.063205155541;1772.4048412052762;neo4j;neo4j
2159236020344786070;15000;neo4j;1359.0080604534005;3;neo4j;5493.108811380188;3771.063205155541;1772.4048412052762;neo4j;neo4j
2159236020344786070;15000;neo4j;1359.0080604534005;3;neo4j;5493.108811380188;3771.063205155541;1772.4048412052762;neo4j;neo4j
2298239981936239358;1000;neo4j;1831.7075892857142;3;neo4j;2798.8733634985747;6447.169503172149;1862.813904835025;neo4j;neo4j
2311658522699135076;1000;neo4j;1918.490486257928;3;neo4j;2163.0783859028497;5449.609492604276;1850.6814912664113;neo4j;postgres
2311658522699135076;1000;neo4j;1918.490486257928;3;neo4j;2163.0783859028497;5449.609492604276;1850.6814912664113;neo4j;postgres
2311658522699135076;15000;postgres;8537.324786324787;1;neo4j;6608.669085506754;8414.7001036254;2167.9947672775347;neo4j;postgres
2311658522699135076;15000;postgres;8537.324786324787;1;neo4j;6608.669085506754;8414.7001036254;2167.9947672775347;neo4j;postgres
2420125548069914849;3000;postgres;2090.628062360802;3;neo4j;2185.738168915782;4445.705782378897;1881.221171318925;neo4j;postgres
2614336428805471147;9000;neo4j;1364.804008908686;3;neo4j;4757.001996125364;4321.627630009028;1509.597339002469;neo4j;neo4j
2798755672638114246;100;neo4j;1475.358574610245;3;neo4j;2548.2947396563172;6127.1287753015;1743.539189390429;neo4j;postgres
2984436085959465646;1000;postgres;1591.1115789473683;3;postgres;1464.460029131414;4676.772566797034;1827.613592655843;neo4j;postgres
2984436085959465646;1000;postgres;1591.1115789473683;3;postgres;1464.460029131414;4676.772566797034;1827.613592655843;neo4j;postgres
2984436085959465646;15000;postgres;5251.195789473684;1;neo4j;5910.050728735316;7221.44569686107;2140.973839750635;neo4j;postgres
2984436085959465646;15000;postgres;5251.195789473684;1;neo4j;5910.050728735316;7221.44569686107;2140.973839750635;neo4j;postgres
3023036639377030247;100;neo4j;1634.246887966805;3;neo4j;1157.8860004472572;1969.5382474389432;1112.4079140323668;neo4j;mongo
3023036639377030247;100;neo4j;1634.246887966805;3;neo4j;1157.8860004472572;1969.5382474389432;1112.4079140323668;neo4j;mongo
3023036639377030247;100;neo4j;1634.246887966805;3;neo4j;1157.8860004472572;1969.5382474389432;1112.4079140323668;neo4j;mongo
3023036639377030247;1000;neo4j;1424.8817427385893;3;neo4j;1443.6739739932223;2846.1904993945577;1272.076566036912;neo4j;mongo
3023036639377030247;1000;neo4j;1424.8817427385893;3;neo4j;1443.6739739932223;2846.1904993945577;1272.076566036912;neo4j;mongo
3023036639377030247;1000;neo4j;1424.8817427385893;3;neo4j;1443.6739739932223;2846.1904993945577;1272.076566036912;neo4j;mongo
3140063653330046280;100;neo4j;1366.075819672131;3;neo4j;1691.0425662572093;1938.7698414846868;1198.1222600785882;neo4j;mongo
3140063653330046280;100;neo4j;1366.075819672131;3;neo4j;1691.0425662572093;1938.7698414846868;1198.1222600785882;neo4j;mongo
3140063653330046280;100;neo4j;1366.075819672131;3;neo4j;1691.0425662572093;1938.7698414846868;1198.1222600785882;neo4j;mongo
3140063653330046280;100;neo4j;1366.075819672131;3;neo4j;1691.0425662572093;1938.7698414846868;1198.1222600785882;neo4j;mongo
3140063653330046280;100;neo4j;1366.075819672131;3;neo4j;1691.0425662572093;1938.7698414846868;1198.1222600785882;neo4j;mongo
3140063653330046280;500;postgres;1268.104081632653;3;neo4j;1818.0594433887493;2507.1271748666127;1315.7418490240727;neo4j;mongo
3140063653330046280;500;postgres;1268.104081632653;3;neo4j;1818.0594433887493;2507.1271748666127;1315.7418490240727;neo4j;mongo
3140063653330046280;500;postgres;1268.104081632653;3;neo4j;1818.0594433887493;2507.1271748666127;1315.7418490240727;neo4j;mongo
3140063653330046280;500;postgres;1268.104081632653;3;neo4j;1818.0594433887493;2507.1271748666127;1315.7418490240727;neo4j;mongo
3140063653330046280;500;postgres;1268.104081632653;3;neo4j;1818.0594433887493;2507.1271748666127;1315.7418490240727;neo4j;mongo
3140063653330046280;3000;neo4j;1446.375;3;neo4j;2611.9149254608747;3341.659300475613;1460.9203379406747;neo4j;mongo
3140063653330046280;3000;neo4j;1446.375;3;neo4j;2611.9149254608747;3341.659300475613;1460.9203379406747;neo4j;mongo
3140063653330046280;3000;neo4j;1446.375;3;neo4j;2611.9149254608747;3341.659300475613;1460.9203379406747;neo4j;mongo
3140063653330046280;3000;neo4j;1446.375;3;neo4j;2611.9149254608747;3341.659300475613;1460.9203379406747;neo4j;mongo
3140063653330046280;3000;neo4j;1446.375;3;neo4j;2611.9149254608747;3341.659300475613;1460.9203379406747;neo4j;mongo
3140063653330046280;9000;neo4j;1379.5357873210635;3;neo4j;4517.1680824339755;3985.881345123956;1557.8165149885817;neo4j;mongo
3140063653330046280;9000;neo4j;1379.5357873210635;3;neo4j;4517.1680824339755;3985.881345123956;1557.8165149885817;neo4j;mongo
3140063653330046280;9000;neo4j;1379.5357873210635;3;neo4j;4517.1680824339755;3985.881345123956;1557.8165149885817;neo4j;mongo
3140063653330046280;9000;neo4j;1379.5357873210635;3;neo4j;4517.1680824339755;3985.881345123956;1557.8165149885817;neo4j;mongo
3140063653330046280;9000;neo4j;1379.5357873210635;3;neo4j;4517.1680824339755;3985.881345123956;1557.8165149885817;neo4j;mongo
3140063653330046280;15000;neo4j;1455.2719836400818;2;neo4j;6422.421239407078;4326.400017813049;1605.0383224029865;neo4j;mongo
3140063653330046280;15000;neo4j;1455.2719836400818;2;neo4j;6422.421239407078;4326.400017813049;1605.0383224029865;neo4j;mongo
3140063653330046280;15000;neo4j;1455.2719836400818;2;neo4j;6422.421239407078;4326.400017813049;1605.0383224029865;neo4j;mongo
3140063653330046280;15000;neo4j;1455.2719836400818;2;neo4j;6422.421239407078;4326.400017813049;1605.0383224029865;neo4j;mongo
3140063653330046280;15000;neo4j;1455.2719836400818;2;neo4j;6422.421239407078;4326.400017813049;1605.0383224029865;neo4j;mongo
3200381190457382989;100;postgres;1213.0310559006211;3;neo4j;1831.4826450182222;2870.395659647538;1542.7794175692986;neo4j;postgres
3200381190457382989;100;postgres;1213.0310559006211;3;neo4j;1831.4826450182222;2870.395659647538;1542.7794175692986;neo4j;postgres
3200381190457382989;100;postgres;1213.0310559006211;3;neo4j;1831.4826450182222;2870.395659647538;1542.7794175692986;neo4j;postgres
3200381190457382989;3000;neo4j;3067.8319502074687;3;neo4j;2752.3550042218876;4947.059920201576;1881.1121106457113;neo4j;postgres
3200381190457382989;3000;neo4j;3067.8319502074687;3;neo4j;2752.3550042218876;4947.059920201576;1881.1121106457113;neo4j;postgres
3200381190457382989;3000;neo4j;3067.8319502074687;3;neo4j;2752.3550042218876;4947.059920201576;1881.1121106457113;neo4j;postgres
3221325576274428927;1000;postgres;1147.3777777777777;3;postgres;1139.1650783557034;3500.7511413599286;1684.342262382556;neo4j;postgres
3261133048331320170;100;neo4j;1525.4743875278396;3;neo4j;4083.265514342682;8307.991453866418;1932.5146508634596;neo4j;postgres
3580708077801495241;100;neo4j;1292.3881856540083;3;neo4j;1806.2407997630517;3265.7482075129724;1538.3003167244035;neo4j;neo4j
3580708077801495241;100;neo4j;1292.3881856540083;3;neo4j;1806.2407997630517;3265.7482075129724;1538.3003167244035;neo4j;neo4j
3580708077801495241;3000;postgres;2565.5557894736844;3;neo4j;2727.1131589667175;5628.341195343797;1875.651375874254;neo4j;neo4j
3580708077801495241;3000;postgres;2565.5557894736844;3;neo4j;2727.1131589667175;5628.341195343797;1875.651375874254;neo4j;neo4j
3625272256298212169;9000;neo4j;4586.275862068966;2;neo4j;7053.508956676313;17201.214672483275;2573.714607804372;neo4j;postgres
3718404708143474634;100;neo4j;1694.9843400447428;3;neo4j;3682.728211739585;9695.853377101617;2179.726888599545;neo4j;postgres
3781727411837071052;500;neo4j;4149.714964370546;3;neo4j;3218.990755407017;8313.216542967342;2215.093580052841;neo4j;postgres
4031863119841526644;9000;neo4j;4661.094915254237;2;neo4j;6896.117403749831;14817.276533656803;2419.3453320470007;neo4j;postgres
4062941903455482520;500;neo4j;1872.2737913486005;3;neo4j;2374.5146683181138;5050.090851053639;1861.3955024308823;neo4j;postgres
4062941903455482520;500;neo4j;1872.2737913486005;3;neo4j;2374.5146683181138;5050.090851053639;1861.3955024308823;neo4j;postgres
4062941903455482520;500;neo4j;1872.2737913486005;3;neo4j;2374.5146683181138;5050.090851053639;1861.3955024308823;neo4j;postgres
4062941903455482520;500;neo4j;1872.2737913486005;3;neo4j;2374.5146683181138;5050.090851053639;1861.3955024308823;neo4j;postgres
4062941903455482520;500;neo4j;1872.2737913486005;3;neo4j;2374.5146683181138;5050.090851053639;1861.3955024308823;neo4j;postgres
4062941903455482520;500;neo4j;1872.2737913486005;3;neo4j;2374.5146683181138;5050.090851053639;1861.3955024308823;neo4j;postgres
4062941903455482520;500;neo4j;1872.2737913486005;3;neo4j;2374.5146683181138;5050.090851053639;1861.3955024308823;neo4j;postgres
4062941903455482520;500;neo4j;1872.2737913486005;3;neo4j;2374.5146683181138;5050.090851053639;1861.3955024308823;neo4j;postgres
4062941903455482520;9000;postgres;7268.457868020305;1;neo4j;5073.623307363341;8028.138270336309;2203.785143558266;neo4j;postgres
4062941903455482520;9000;postgres;7268.457868020305;1;neo4j;5073.623307363341;8028.138270336309;2203.785143558266;neo4j;postgres
4062941903455482520;9000;postgres;7268.457868020305;1;neo4j;5073.623307363341;8028.138270336309;2203.785143558266;neo4j;postgres
4062941903455482520;9000;postgres;7268.457868020305;1;neo4j;5073.623307363341;8028.138270336309;2203.785143558266;neo4j;postgres
4062941903455482520;9000;postgres;7268.457868020305;1;neo4j;5073.623307363341;8028.138270336309;2203.785143558266;neo4j;postgres
4062941903455482520;9000;postgres;7268.457868020305;1;neo4j;5073.623307363341;8028.138270336309;2203.785143558266;neo4j;postgres
4062941903455482520;9000;postgres;7268.457868020305;1;neo4j;5073.623307363341;8028.138270336309;2203.785143558266;neo4j;postgres
4062941903455482520;9000;postgres;7268.457868020305;1;neo4j;5073.623307363341;8028.138270336309;2203.785143558266;neo4j;postgres
4062941903455482520;15000;postgres;8885.291262135923;1;neo4j;6978.876464336443;8713.905232023297;2270.5755184600944;neo4j;postgres
4062941903455482520;15000;postgres;8885.291262135923;1;neo4j;6978.876464336443;8713.905232023297;2270.5755184600944;neo4j;postgres
4062941903455482520;15000;postgres;8885.291262135923;1;neo4j;6978.876464336443;8713.905232023297;2270.5755184600944;neo4j;postgres
4062941903455482520;15000;postgres;8885.291262135923;1;neo4j;6978.876464336443;8713.905232023297;2270.5755184600944;neo4j;postgres
4062941903455482520;15000;postgres;8885.291262135923;1;neo4j;6978.876464336443;8713.905232023297;2270.5755184600944;neo4j;postgres
4062941903455482520;15000;postgres;8885.291262135923;1;neo4j;6978.876464336443;8713.905232023297;2270.5755184600944;neo4j;postgres
4062941903455482520;15000;postgres;8885.291262135923;1;neo4j;6978.876464336443;8713.905232023297;2270.5755184600944;neo4j;postgres
4062941903455482520;15000;postgres;8885.291262135923;1;neo4j;6978.876464336443;8713.905232023297;2270.5755184600944;neo4j;postgres
4066493230910611264;1000;neo4j;1471.533195020747;3;neo4j;2047.016433288087;3120.149914503678;1306.760212838509;neo4j;mongo
4066493230910611264;1000;neo4j;1471.533195020747;3;neo4j;2047.016433288087;3120.149914503678;1306.760212838509;neo4j;mongo
4066493230910611264;1000;neo4j;1471.533195020747;3;neo4j;2047.016433288087;3120.149914503678;1306.760212838509;neo4j;mongo
4066493230910611264;3000;neo4j;1317.300518134715;3;neo4j;2682.1008189457875;3721.415798347579;1393.402468815396;neo4j;mongo
4066493230910611264;3000;neo4j;1317.300518134715;3;neo4j;2682.1008189457875;3721.415798347579;1393.402468815396;neo4j;mongo
4066493230910611264;3000;neo4j;1317.300518134715;3;neo4j;2682.1008189457875;3721.415798347579;1393.402468815396;neo4j;mongo
4727086781211084254;3000;neo4j;1471.2553191489362;3;neo4j;1865.776963316258;3026.3916195913107;1484.8555346300948;neo4j;mongo
4727086781211084254;3000;neo4j;1471.2553191489362;3;neo4j;1865.776963316258;3026.3916195913107;1484.8555346300948;neo4j;mongo
4727086781211084254;15000;neo4j;1324.6483050847457;3;neo4j;5676.2832772624615;3918.2551112470373;1631.3330815220852;neo4j;mongo
4727086781211084254;15000;neo4j;1324.6483050847457;3;neo4j;5676.2832772624615;3918.2551112470373;1631.3330815220852;neo4j;mongo
4937627862133058739;1000;postgres;2922.277777777778;3;neo4j;2510.5200723146313;5350.223248042425;1837.6322985382058;neo4j;neo4j
5389850693796701204;3000;neo4j;2559.5602678571427;3;neo4j;4215.664853110123;10751.410937783525;2083.0304742776607;neo4j;postgres
5500536538076759562;100;neo4j;1564.3184855233853;3;neo4j;2692.3988883892985;4547.46050244614;1781.5383480606677;neo4j;postgres
5765871667095525341;500;neo4j;2148.988864142539;3;neo4j;3198.491881935569;6277.281077946371;1913.7704790995153;neo4j;postgres
5819340622713286740;3000;neo4j;2869.7946428571427;3;neo4j;4625.341979196528;11455.276873037164;2236.480215439258;neo4j;neo4j
6035569127364925393;100;neo4j;1556.234693877551;3;neo4j;1339.1322585654548;1912.3315782616403;1237.946864554558;neo4j;mongo
6035569127364925393;100;neo4j;1556.234693877551;3;neo4j;1339.1322585654548;1912.3315782616403;1237.946864554558;neo4j;mongo
6035569127364925393;100;neo4j;1556.234693877551;3;neo4j;1339.1322585654548;1912.3315782616403;1237.946864554558;neo4j;mongo
6035569127364925393;100;neo4j;1556.234693877551;3;neo4j;1339.1322585654548;1912.3315782616403;1237.946864554558;neo4j;mongo
6035569127364925393;100;neo4j;1556.234693877551;3;neo4j;1339.1322585654548;1912.3315782616403;1237.946864554558;neo4j;mongo
6035569127364925393;100;neo4j;1556.234693877551;3;neo4j;1339.1322585654548;1912.3315782616403;1237.946864554558;neo4j;mongo
6035569127364925393;500;neo4j;1438.725971370143;3;neo4j;1466.1491356969948;2472.9424355084393;1359.4727721168558;neo4j;mongo
6035569127364925393;500;neo4j;1438.725971370143;3;neo4j;1466.1491356969948;2472.9424355084393;1359.4727721168558;neo4j;mongo
6035569127364925393;500;neo4j;1438.725971370143;3;neo4j;1466.1491356969948;2472.9424355084393;1359.4727721168558;neo4j;mongo
6035569127364925393;500;neo4j;1438.725971370143;3;neo4j;1466.1491356969948;2472.9424355084393;1359.4727721168558;neo4j;mongo
6035569127364925393;500;neo4j;1438.725971370143;3;neo4j;1466.1491356969948;2472.9424355084393;1359.4727721168558;neo4j;mongo
6035569127364925393;500;neo4j;1438.725971370143;3;neo4j;1466.1491356969948;2472.9424355084393;1359.4727721168558;neo4j;mongo
6035569127364925393;3000;neo4j;1313.957011258956;3;neo4j;2260.00461776912;3296.1002323011594;1509.472851034752;neo4j;mongo
6035569127364925393;3000;neo4j;1313.957011258956;3;neo4j;2260.00461776912;3296.1002323011594;1509.472851034752;neo4j;mongo
6035569127364925393;3000;neo4j;1313.957011258956;3;neo4j;2260.00461776912;3296.1002323011594;1509.472851034752;neo4j;mongo
6035569127364925393;3000;neo4j;1313.957011258956;3;neo4j;2260.00461776912;3296.1002323011594;1509.472851034752;neo4j;mongo
6035569127364925393;3000;neo4j;1313.957011258956;3;neo4j;2260.00461776912;3296.1002323011594;1509.472851034752;neo4j;mongo
6035569127364925393;3000;neo4j;1313.957011258956;3;neo4j;2260.00461776912;3296.1002323011594;1509.472851034752;neo4j;mongo
6035569127364925393;9000;neo4j;1277.3849287169044;3;neo4j;4165.257774742221;3931.54179607685;1609.587091873679;neo4j;mongo
6035569127364925393;9000;neo4j;1277.3849287169044;3;neo4j;4165.257774742221;3931.54179607685;1609.587091873679;neo4j;mongo
6035569127364925393;9000;neo4j;1277.3849287169044;3;neo4j;4165.257774742221;3931.54179607685;1609.587091873679;neo4j;mongo
6035569127364925393;9000;neo4j;1277.3849287169044;3;neo4j;4165.257774742221;3931.54179607685;1609.587091873679;neo4j;mongo
6035569127364925393;9000;neo4j;1277.3849287169044;3;neo4j;4165.257774742221;3931.54179607685;1609.587091873679;neo4j;mongo
6035569127364925393;9000;neo4j;1277.3849287169044;3;neo4j;4165.257774742221;3931.54179607685;1609.587091873679;neo4j;mongo
6035569127364925393;15000;neo4j;1265.2953156822812;3;neo4j;6070.510931715323;4267.419339644144;1658.377204593996;neo4j;mongo
6035569127364925393;15000;neo4j;1265.2953156822812;3;neo4j;6070.510931715323;4267.419339644144;1658.377204593996;neo4j;mongo
6035569127364925393;15000;neo4j;1265.2953156822812;3;neo4j;6070.510931715323;4267.419339644144;1658.377204593996;neo4j;mongo
6035569127364925393;15000;neo4j;1265.2953156822812;3;neo4j;6070.510931715323;4267.419339644144;1658.377204593996;neo4j;mongo
6035569127364925393;15000;neo4j;1265.2953156822812;3;neo4j;6070.510931715323;4267.419339644144;1658.377204593996;neo4j;mongo
6035569127364925393;15000;neo4j;1265.2953156822812;3;neo4j;6070.510931715323;4267.419339644144;1658.377204593996;neo4j;mongo
6039915015557696696;9000;neo4j;1312.4855233853007;3;neo4j;4239.505126428515;4012.954161573079;1585.1031075474991;neo4j;mongo
6449890693743718550;3000;neo4j;1448.8278008298755;3;neo4j;3456.1797051259796;3940.6489294956277;1460.112144195291;neo4j;neo4j
6449890693743718550;3000;neo4j;1448.8278008298755;3;neo4j;3456.1797051259796;3940.6489294956277;1460.112144195291;neo4j;neo4j
6449890693743718550;3000;neo4j;1448.8278008298755;3;neo4j;3456.1797051259796;3940.6489294956277;1460.112144195291;neo4j;neo4j
6449890693743718550;9000;neo4j;1354.3150259067359;3;neo4j;5361.43286209908;4700.312689509794;1556.9547541081022;neo4j;neo4j
6449890693743718550;9000;neo4j;1354.3150259067359;3;neo4j;5361.43286209908;4700.312689509794;1556.9547541081022;neo4j;neo4j
6449890693743718550;9000;neo4j;1354.3150259067359;3;neo4j;5361.43286209908;4700.312689509794;1556.9547541081022;neo4j;neo4j
6944619809665527286;1000;neo4j;1880.5957671957672;3;neo4j;2618.205317027333;6967.442362505823;2026.3717557353739;neo4j;neo4j
6944619809665527286;1000;neo4j;1880.5957671957672;3;neo4j;2618.205317027333;6967.442362505823;2026.3717557353739;neo4j;neo4j
7559034564390017530;500;neo4j;1647.7889344262296;3;neo4j;3454.075630217744;6772.284399968208;1931.8814005472861;neo4j;postgres
7559034564390017530;500;neo4j;1647.7889344262296;3;neo4j;3454.075630217744;6772.284399968208;1931.8814005472861;neo4j;postgres
7559034564390017530;500;neo4j;1647.7889344262296;3;neo4j;3454.075630217744;6772.284399968208;1931.8814005472861;neo4j;postgres
7559034564390017530;500;neo4j;1647.7889344262296;3;neo4j;3454.075630217744;6772.284399968208;1931.8814005472861;neo4j;postgres
7559034564390017530;500;neo4j;1647.7889344262296;3;neo4j;3454.075630217744;6772.284399968208;1931.8814005472861;neo4j;postgres
7559034564390017530;1000;neo4j;1804.0429447852762;3;neo4j;3612.846726632169;7567.879961436323;2011.6499814531455;neo4j;postgres
7559034564390017530;1000;neo4j;1804.0429447852762;3;neo4j;3612.846726632169;7567.879961436323;2011.6499814531455;neo4j;postgres
7559034564390017530;1000;neo4j;1804.0429447852762;3;neo4j;3612.846726632169;7567.879961436323;2011.6499814531455;neo4j;postgres
7559034564390017530;1000;neo4j;1804.0429447852762;3;neo4j;3612.846726632169;7567.879961436323;2011.6499814531455;neo4j;postgres
7559034564390017530;1000;neo4j;1804.0429447852762;3;neo4j;3612.846726632169;7567.879961436323;2011.6499814531455;neo4j;postgres
7559034564390017530;3000;neo4j;2949.548353909465;3;neo4j;4247.93111228987;9025.967340890198;2144.992878088948;neo4j;postgres
7559034564390017530;3000;neo4j;2949.548353909465;3;neo4j;4247.93111228987;9025.967340890198;2144.992878088948;neo4j;postgres
7559034564390017530;3000;neo4j;2949.548353909465;3;neo4j;4247.93111228987;9025.967340890198;2144.992878088948;neo4j;postgres
7559034564390017530;3000;neo4j;2949.548353909465;3;neo4j;4247.93111228987;9025.967340890198;2144.992878088948;neo4j;postgres
7559034564390017530;3000;neo4j;2949.548353909465;3;neo4j;4247.93111228987;9025.967340890198;2144.992878088948;neo4j;postgres
7609587362145515038;100;neo4j;1436.5228215767636;3;neo4j;1721.5507404094951;2120.5546085777187;1133.9588047575614;neo4j;mongo
7609587362145515038;100;neo4j;1436.5228215767636;3;neo4j;1721.5507404094951;2120.5546085777187;1133.9588047575614;neo4j;mongo
7609587362145515038;100;neo4j;1436.5228215767636;3;neo4j;1721.5507404094951;2120.5546085777187;1133.9588047575614;neo4j;mongo
7609587362145515038;15000;neo4j;1433.9006211180124;3;neo4j;6452.929413559364;4731.9406069761535;1519.101323671425;neo4j;mongo
7609587362145515038;15000;neo4j;1433.9006211180124;3;neo4j;6452.929413559364;4731.9406069761535;1519.101323671425;neo4j;mongo
7609587362145515038;15000;neo4j;1433.9006211180124;3;neo4j;6452.929413559364;4731.9406069761535;1519.101323671425;neo4j;mongo
7670966536050936040;100;neo4j;1575.2170022371365;3;neo4j;1594.0525856663432;1855.1507320559365;1175.738464181778;neo4j;mongo
7833263001423434748;100;neo4j;1445.7358684480987;3;neo4j;2408.4104222719343;5577.614669273037;1794.7708726890617;neo4j;neo4j
7833263001423434748;100;neo4j;1445.7358684480987;3;neo4j;2408.4104222719343;5577.614669273037;1794.7708726890617;neo4j;neo4j
7833263001423434748;100;neo4j;1445.7358684480987;3;neo4j;2408.4104222719343;5577.614669273037;1794.7708726890617;neo4j;neo4j
7833263001423434748;100;neo4j;1445.7358684480987;3;neo4j;2408.4104222719343;5577.614669273037;1794.7708726890617;neo4j;neo4j
7833263001423434748;9000;neo4j;4887.048128342246;2;neo4j;5234.535938448699;11464.93491707047;2333.4386028658228;neo4j;neo4j
7833263001423434748;9000;neo4j;4887.048128342246;2;neo4j;5234.535938448699;11464.93491707047;2333.4386028658228;neo4j;neo4j
7833263001423434748;9000;neo4j;4887.048128342246;2;neo4j;5234.535938448699;11464.93491707047;2333.4386028658228;neo4j;neo4j
7833263001423434748;9000;neo4j;4887.048128342246;2;neo4j;5234.535938448699;11464.93491707047;2333.4386028658228;neo4j;neo4j
7836930319685189986;100;neo4j;1361.7700421940929;3;neo4j;2272.1080714878185;4416.950177428534;1625.3260154713266;neo4j;postgres
7836930319685189986;100;neo4j;1361.7700421940929;3;neo4j;2272.1080714878185;4416.950177428534;1625.3260154713266;neo4j;postgres
7836930319685189986;500;neo4j;1573.9746835443038;3;neo4j;2399.124948619358;5711.420443001693;1784.849196550918;neo4j;postgres
7836930319685189986;500;neo4j;1573.9746835443038;3;neo4j;2399.124948619358;5711.420443001693;1784.849196550918;neo4j;postgres
7954557932981491205;3000;neo4j;2614.6473214285716;3;neo4j;3870.535537701191;9534.489649461655;2120.8829798960587;neo4j;postgres
7966613178259251389;100;neo4j;1584.01244813278;3;neo4j;3712.1472542804463;6181.61405663638;1847.9670917714252;neo4j;postgres
7966613178259251389;100;neo4j;1584.01244813278;3;neo4j;3712.1472542804463;6181.61405663638;1847.9670917714252;neo4j;postgres
7966613178259251389;100;neo4j;1584.01244813278;3;neo4j;3712.1472542804463;6181.61405663638;1847.9670917714252;neo4j;postgres
7966613178259251389;9000;neo4j;4872.696629213483;2;neo4j;6538.2727704572135;12706.357398462409;2402.5918056719356;neo4j;postgres
7966613178259251389;9000;neo4j;4872.696629213483;2;neo4j;6538.2727704572135;12706.357398462409;2402.5918056719356;neo4j;postgres
7966613178259251389;9000;neo4j;4872.696629213483;2;neo4j;6538.2727704572135;12706.357398462409;2402.5918056719356;neo4j;postgres
8091176873199077026;1000;neo4j;1963.0636550308009;3;neo4j;4410.656975416404;12435.224972315971;2241.4678120574495;neo4j;postgres
8091176873199077026;1000;neo4j;1963.0636550308009;3;neo4j;4410.656975416404;12435.224972315971;2241.4678120574495;neo4j;postgres
8091176873199077026;1000;neo4j;1963.0636550308009;3;neo4j;4410.656975416404;12435.224972315971;2241.4678120574495;neo4j;postgres
8091176873199077026;1000;neo4j;1963.0636550308009;3;neo4j;4410.656975416404;12435.224972315971;2241.4678120574495;neo4j;postgres
8363527496076688360;500;neo4j;1748.033482142857;3;neo4j;4171.7043891563435;9829.51537441701;2137.9632562400175;neo4j;postgres
8680977486174658034;100;neo4j;1618.8316221765913;3;neo4j;2316.912496687463;2318.976002668083;1235.8154427467814;neo4j;mongo
8680977486174658034;100;neo4j;1618.8316221765913;3;neo4j;2316.912496687463;2318.976002668083;1235.8154427467814;neo4j;mongo
8680977486174658034;100;neo4j;1618.8316221765913;3;neo4j;2316.912496687463;2318.976002668083;1235.8154427467814;neo4j;mongo
8680977486174658034;100;neo4j;1618.8316221765913;3;neo4j;2316.912496687463;2318.976002668083;1235.8154427467814;neo4j;mongo
8680977486174658034;500;neo4j;1351.991769547325;3;neo4j;2443.9293738190026;2998.734676190537;1357.132283256247;neo4j;mongo
8680977486174658034;500;neo4j;1351.991769547325;3;neo4j;2443.9293738190026;2998.734676190537;1357.132283256247;neo4j;mongo
8680977486174658034;500;neo4j;1351.991769547325;3;neo4j;2443.9293738190026;2998.734676190537;1357.132283256247;neo4j;mongo
8680977486174658034;500;neo4j;1351.991769547325;3;neo4j;2443.9293738190026;2998.734676190537;1357.132283256247;neo4j;mongo
8680977486174658034;9000;neo4j;1332.9362139917696;3;neo4j;5143.038012864229;4767.333257049255;1606.8163189300167;neo4j;mongo
8680977486174658034;9000;neo4j;1332.9362139917696;3;neo4j;5143.038012864229;4767.333257049255;1606.8163189300167;neo4j;mongo
8680977486174658034;9000;neo4j;1332.9362139917696;3;neo4j;5143.038012864229;4767.333257049255;1606.8163189300167;neo4j;mongo
8680977486174658034;9000;neo4j;1332.9362139917696;3;neo4j;5143.038012864229;4767.333257049255;1606.8163189300167;neo4j;mongo
8680977486174658034;15000;neo4j;1269.2860082304526;3;neo4j;7048.291169837331;5174.595568383284;1655.522495596875;neo4j;mongo
8680977486174658034;15000;neo4j;1269.2860082304526;3;neo4j;7048.291169837331;5174.595568383284;1655.522495596875;neo4j;mongo
8680977486174658034;15000;neo4j;1269.2860082304526;3;neo4j;7048.291169837331;5174.595568383284;1655.522495596875;neo4j;mongo
8680977486174658034;15000;neo4j;1269.2860082304526;3;neo4j;7048.291169837331;5174.595568383284;1655.522495596875;neo4j;mongo
8795005962080040597;100;neo4j;1487.3195355880869;3;neo4j;2734.4952259889096;5166.894547619207;1787.4932400301366;neo4j;postgres
8795005962080040597;100;neo4j;1487.3195355880869;3;neo4j;2734.4952259889096;5166.894547619207;1787.4932400301366;neo4j;postgres
8795005962080040597;100;neo4j;1487.3195355880869;3;neo4j;2734.4952259889096;5166.894547619207;1787.4932400301366;neo4j;postgres
8795005962080040597;100;neo4j;1487.3195355880869;3;neo4j;2734.4952259889096;5166.894547619207;1787.4932400301366;neo4j;postgres
8795005962080040597;100;neo4j;1487.3195355880869;3;neo4j;2734.4952259889096;5166.894547619207;1787.4932400301366;neo4j;postgres
8795005962080040597;100;neo4j;1487.3195355880869;3;neo4j;2734.4952259889096;5166.894547619207;1787.4932400301366;neo4j;postgres
8795005962080040597;100;neo4j;1487.3195355880869;3;neo4j;2734.4952259889096;5166.894547619207;1787.4932400301366;neo4j;postgres
8795005962080040597;100;neo4j;1487.3195355880869;3;neo4j;2734.4952259889096;5166.894547619207;1787.4932400301366;neo4j;postgres
8795005962080040597;100;neo4j;1487.3195355880869;3;neo4j;2734.4952259889096;5166.894547619207;1787.4932400301366;neo4j;postgres
8795005962080040597;100;neo4j;1487.3195355880869;3;neo4j;2734.4952259889096;5166.894547619207;1787.4932400301366;neo4j;postgres
8795005962080040597;100;neo4j;1487.3195355880869;3;neo4j;2734.4952259889096;5166.894547619207;1787.4932400301366;neo4j;postgres
8795005962080040597;100;neo4j;1487.3195355880869;3;neo4j;2734.4952259889096;5166.894547619207;1787.4932400301366;neo4j;postgres
8795005962080040597;100;neo4j;1487.3195355880869;3;neo4j;2734.4952259889096;5166.894547619207;1787.4932400301366;neo4j;postgres
8795005962080040597;100;neo4j;1487.3195355880869;3;neo4j;2734.4952259889096;5166.894547619207;1787.4932400301366;neo4j;postgres
8795005962080040597;100;neo4j;1487.3195355880869;3;neo4j;2734.4952259889096;5166.894547619207;1787.4932400301366;neo4j;postgres
8795005962080040597;100;neo4j;1487.3195355880869;3;neo4j;2734.4952259889096;5166.894547619207;1787.4932400301366;neo4j;postgres
8795005962080040597;100;neo4j;1487.3195355880869;3;neo4j;2734.4952259889096;5166.894547619207;1787.4932400301366;neo4j;postgres
8795005962080040597;500;neo4j;1690.4459049544994;3;neo4j;2861.51210312045;6681.100357745499;1962.9230912867847;neo4j;postgres
8795005962080040597;500;neo4j;1690.4459049544994;3;neo4j;2861.51210312045;6681.100357745499;1962.9230912867847;neo4j;postgres
8795005962080040597;500;neo4j;1690.4459049544994;3;neo4j;2861.51210312045;6681.100357745499;1962.9230912867847;neo4j;postgres
8795005962080040597;500;neo4j;1690.4459049544994;3;neo4j;2861.51210312045;6681.100357745499;1962.9230912867847;neo4j;postgres
8795005962080040597;500;neo4j;1690.4459049544994;3;neo4j;2861.51210312045;6681.100357745499;1962.9230912867847;neo4j;postgres
8795005962080040597;500;neo4j;1690.4459049544994;3;neo4j;2861.51210312045;6681.100357745499;1962.9230912867847;neo4j;postgres
8795005962080040597;500;neo4j;1690.4459049544994;3;neo4j;2861.51210312045;6681.100357745499;1962.9230912867847;neo4j;postgres
8795005962080040597;500;neo4j;1690.4459049544994;3;neo4j;2861.51210312045;6681.100357745499;1962.9230912867847;neo4j;postgres
8795005962080040597;500;neo4j;1690.4459049544994;3;neo4j;2861.51210312045;6681.100357745499;1962.9230912867847;neo4j;postgres
8795005962080040597;500;neo4j;1690.4459049544994;3;neo4j;2861.51210312045;6681.100357745499;1962.9230912867847;neo4j;postgres
8795005962080040597;500;neo4j;1690.4459049544994;3;neo4j;2861.51210312045;6681.100357745499;1962.9230912867847;neo4j;postgres
8795005962080040597;500;neo4j;1690.4459049544994;3;neo4j;2861.51210312045;6681.100357745499;1962.9230912867847;neo4j;postgres
8795005962080040597;500;neo4j;1690.4459049544994;3;neo4j;2861.51210312045;6681.100357745499;1962.9230912867847;neo4j;postgres
8795005962080040597;500;neo4j;1690.4459049544994;3;neo4j;2861.51210312045;6681.100357745499;1962.9230912867847;neo4j;postgres
8795005962080040597;500;neo4j;1690.4459049544994;3;neo4j;2861.51210312045;6681.100357745499;1962.9230912867847;neo4j;postgres
8795005962080040597;500;neo4j;1690.4459049544994;3;neo4j;2861.51210312045;6681.100357745499;1962.9230912867847;neo4j;postgres
8795005962080040597;500;neo4j;1690.4459049544994;3;neo4j;2861.51210312045;6681.100357745499;1962.9230912867847;neo4j;postgres
8795005962080040597;1000;neo4j;1964.059595959596;3;neo4j;3020.283199534875;7465.985366550352;2043.9727397317636;neo4j;postgres
8795005962080040597;1000;neo4j;1964.059595959596;3;neo4j;3020.283199534875;7465.985366550352;2043.9727397317636;neo4j;postgres
8795005962080040597;1000;neo4j;1964.059595959596;3;neo4j;3020.283199534875;7465.985366550352;2043.9727397317636;neo4j;postgres
8795005962080040597;1000;neo4j;1964.059595959596;3;neo4j;3020.283199534875;7465.985366550352;2043.9727397317636;neo4j;postgres
8795005962080040597;1000;neo4j;1964.059595959596;3;neo4j;3020.283199534875;7465.985366550352;2043.9727397317636;neo4j;postgres
8795005962080040597;1000;neo4j;1964.059595959596;3;neo4j;3020.283199534875;7465.985366550352;2043.9727397317636;neo4j;postgres
8795005962080040597;1000;neo4j;1964.059595959596;3;neo4j;3020.283199534875;7465.985366550352;2043.9727397317636;neo4j;postgres
8795005962080040597;1000;neo4j;1964.059595959596;3;neo4j;3020.283199534875;7465.985366550352;2043.9727397317636;neo4j;postgres
8795005962080040597;1000;neo4j;1964.059595959596;3;neo4j;3020.283199534875;7465.985366550352;2043.9727397317636;neo4j;postgres
8795005962080040597;1000;neo4j;1964.059595959596;3;neo4j;3020.283199534875;7465.985366550352;2043.9727397317636;neo4j;postgres
8795005962080040597;1000;neo4j;1964.059595959596;3;neo4j;3020.283199534875;7465.985366550352;2043.9727397317636;neo4j;postgres
8795005962080040597;1000;neo4j;1964.059595959596;3;neo4j;3020.283199534875;7465.985366550352;2043.9727397317636;neo4j;postgres
8795005962080040597;1000;neo4j;1964.059595959596;3;neo4j;3020.283199534875;7465.985366550352;2043.9727397317636;neo4j;postgres
8795005962080040597;1000;neo4j;1964.059595959596;3;neo4j;3020.283199534875;7465.985366550352;2043.9727397317636;neo4j;postgres
8795005962080040597;1000;neo4j;1964.059595959596;3;neo4j;3020.283199534875;7465.985366550352;2043.9727397317636;neo4j;postgres
8795005962080040597;1000;neo4j;1964.059595959596;3;neo4j;3020.283199534875;7465.985366550352;2043.9727397317636;neo4j;postgres
8795005962080040597;1000;neo4j;1964.059595959596;3;neo4j;3020.283199534875;7465.985366550352;2043.9727397317636;neo4j;postgres
8795005962080040597;3000;neo4j;3051.4137931034484;3;neo4j;3655.3675851925755;8904.443524297083;2179.457096758517;neo4j;postgres
8795005962080040597;3000;neo4j;3051.4137931034484;3;neo4j;3655.3675851925755;8904.443524297083;2179.457096758517;neo4j;postgres
8795005962080040597;3000;neo4j;3051.4137931034484;3;neo4j;3655.3675851925755;8904.443524297083;2179.457096758517;neo4j;postgres
8795005962080040597;3000;neo4j;3051.4137931034484;3;neo4j;3655.3675851925755;8904.443524297083;2179.457096758517;neo4j;postgres
8795005962080040597;3000;neo4j;3051.4137931034484;3;neo4j;3655.3675851925755;8904.443524297083;2179.457096758517;neo4j;postgres
8795005962080040597;3000;neo4j;3051.4137931034484;3;neo4j;3655.3675851925755;8904.443524297083;2179.457096758517;neo4j;postgres
8795005962080040597;3000;neo4j;3051.4137931034484;3;neo4j;3655.3675851925755;8904.443524297083;2179.457096758517;neo4j;postgres
8795005962080040597;3000;neo4j;3051.4137931034484;3;neo4j;3655.3675851925755;8904.443524297083;2179.457096758517;neo4j;postgres
8795005962080040597;3000;neo4j;3051.4137931034484;3;neo4j;3655.3675851925755;8904.443524297083;2179.457096758517;neo4j;postgres
8795005962080040597;3000;neo4j;3051.4137931034484;3;neo4j;3655.3675851925755;8904.443524297083;2179.457096758517;neo4j;postgres
8795005962080040597;3000;neo4j;3051.4137931034484;3;neo4j;3655.3675851925755;8904.443524297083;2179.457096758517;neo4j;postgres
8795005962080040597;3000;neo4j;3051.4137931034484;3;neo4j;3655.3675851925755;8904.443524297083;2179.457096758517;neo4j;postgres
8795005962080040597;3000;neo4j;3051.4137931034484;3;neo4j;3655.3675851925755;8904.443524297083;2179.457096758517;neo4j;postgres
8795005962080040597;3000;neo4j;3051.4137931034484;3;neo4j;3655.3675851925755;8904.443524297083;2179.457096758517;neo4j;postgres
8795005962080040597;3000;neo4j;3051.4137931034484;3;neo4j;3655.3675851925755;8904.443524297083;2179.457096758517;neo4j;postgres
8795005962080040597;3000;neo4j;3051.4137931034484;3;neo4j;3655.3675851925755;8904.443524297083;2179.457096758517;neo4j;postgres
8795005962080040597;3000;neo4j;3051.4137931034484;3;neo4j;3655.3675851925755;8904.443524297083;2179.457096758517;neo4j;postgres
8795005962080040597;9000;neo4j;4844.580645161291;2;neo4j;5560.620742165675;10620.76652344527;2323.9779378807452;neo4j;postgres
8795005962080040597;9000;neo4j;4844.580645161291;2;neo4j;5560.620742165675;10620.76652344527;2323.9779378807452;neo4j;postgres
8795005962080040597;9000;neo4j;4844.580645161291;2;neo4j;5560.620742165675;10620.76652344527;2323.9779378807452;neo4j;postgres
8795005962080040597;9000;neo4j;4844.580645161291;2;neo4j;5560.620742165675;10620.76652344527;2323.9779378807452;neo4j;postgres
8795005962080040597;9000;neo4j;4844.580645161291;2;neo4j;5560.620742165675;10620.76652344527;2323.9779378807452;neo4j;postgres
8795005962080040597;9000;neo4j;4844.580645161291;2;neo4j;5560.620742165675;10620.76652344527;2323.9779378807452;neo4j;postgres
8795005962080040597;9000;neo4j;4844.580645161291;2;neo4j;5560.620742165675;10620.76652344527;2323.9779378807452;neo4j;postgres
8795005962080040597;9000;neo4j;4844.580645161291;2;neo4j;5560.620742165675;10620.76652344527;2323.9779378807452;neo4j;postgres
8795005962080040597;9000;neo4j;4844.580645161291;2;neo4j;5560.620742165675;10620.76652344527;2323.9779378807452;neo4j;postgres
8795005962080040597;9000;neo4j;4844.580645161291;2;neo4j;5560.620742165675;10620.76652344527;2323.9779378807452;neo4j;postgres
8795005962080040597;9000;neo4j;4844.580645161291;2;neo4j;5560.620742165675;10620.76652344527;2323.9779378807452;neo4j;postgres
8795005962080040597;9000;neo4j;4844.580645161291;2;neo4j;5560.620742165675;10620.76652344527;2323.9779378807452;neo4j;postgres
8795005962080040597;9000;neo4j;4844.580645161291;2;neo4j;5560.620742165675;10620.76652344527;2323.9779378807452;neo4j;postgres
8795005962080040597;9000;neo4j;4844.580645161291;2;neo4j;5560.620742165675;10620.76652344527;2323.9779378807452;neo4j;postgres
8795005962080040597;9000;neo4j;4844.580645161291;2;neo4j;5560.620742165675;10620.76652344527;2323.9779378807452;neo4j;postgres
8795005962080040597;9000;neo4j;4844.580645161291;2;neo4j;5560.620742165675;10620.76652344527;2323.9779378807452;neo4j;postgres
8795005962080040597;9000;neo4j;4844.580645161291;2;neo4j;5560.620742165675;10620.76652344527;2323.9779378807452;neo4j;postgres
8795005962080040597;15000;postgres;8791.589977220956;1;neo4j;7465.873899138777;11527.969303031545;2394.409357723733;neo4j;postgres
8795005962080040597;15000;postgres;8791.589977220956;1;neo4j;7465.873899138777;11527.969303031545;2394.409357723733;neo4j;postgres
8795005962080040597;15000;postgres;8791.589977220956;1;neo4j;7465.873899138777;11527.969303031545;2394.409357723733;neo4j;postgres
8795005962080040597;15000;postgres;8791.589977220956;1;neo4j;7465.873899138777;11527.969303031545;2394.409357723733;neo4j;postgres
8795005962080040597;15000;postgres;8791.589977220956;1;neo4j;7465.873899138777;11527.969303031545;2394.409357723733;neo4j;postgres
8795005962080040597;15000;postgres;8791.589977220956;1;neo4j;7465.873899138777;11527.969303031545;2394.409357723733;neo4j;postgres
8795005962080040597;15000;postgres;8791.589977220956;1;neo4j;7465.873899138777;11527.969303031545;2394.409357723733;neo4j;postgres
8795005962080040597;15000;postgres;8791.589977220956;1;neo4j;7465.873899138777;11527.969303031545;2394.409357723733;neo4j;postgres
8795005962080040597;15000;postgres;8791.589977220956;1;neo4j;7465.873899138777;11527.969303031545;2394.409357723733;neo4j;postgres
8795005962080040597;15000;postgres;8791.589977220956;1;neo4j;7465.873899138777;11527.969303031545;2394.409357723733;neo4j;postgres
8795005962080040597;15000;postgres;8791.589977220956;1;neo4j;7465.873899138777;11527.969303031545;2394.409357723733;neo4j;postgres
8795005962080040597;15000;postgres;8791.589977220956;1;neo4j;7465.873899138777;11527.969303031545;2394.409357723733;neo4j;postgres
8795005962080040597;15000;postgres;8791.589977220956;1;neo4j;7465.873899138777;11527.969303031545;2394.409357723733;neo4j;postgres
8795005962080040597;15000;postgres;8791.589977220956;1;neo4j;7465.873899138777;11527.969303031545;2394.409357723733;neo4j;postgres
8795005962080040597;15000;postgres;8791.589977220956;1;neo4j;7465.873899138777;11527.969303031545;2394.409357723733;neo4j;postgres
8795005962080040597;15000;postgres;8791.589977220956;1;neo4j;7465.873899138777;11527.969303031545;2394.409357723733;neo4j;postgres
8795005962080040597;15000;postgres;8791.589977220956;1;neo4j;7465.873899138777;11527.969303031545;2394.409357723733;neo4j;postgres
8833160505194618735;1000;neo4j;1301.510022271715;3;neo4j;2314.987803401473;3107.04092068176;1285.7393521142278;neo4j;neo4j
8951401630529051155;500;neo4j;1591.8708240534522;3;neo4j;2460.01647622214;4765.375807635655;1843.2510494313462;neo4j;postgres
8960386008572195050;500;neo4j;1646.710970464135;3;neo4j;2849.7419250685207;5609.464741373019;1783.727374493362;neo4j;postgres
8960386008572195050;500;neo4j;1646.710970464135;3;neo4j;2849.7419250685207;5609.464741373019;1783.727374493362;neo4j;postgres
8960386008572195050;9000;neo4j;4441.669398907104;2;neo4j;5548.850564113747;8917.310617979481;2111.8382212310185;neo4j;postgres
8960386008572195050;9000;neo4j;4441.669398907104;2;neo4j;5548.850564113747;8917.310617979481;2111.8382212310185;neo4j;postgres
