strategy;target_driver;relative_diff;form_weight
ml_model;postgres;0.09704404312019503;2.1481481481481484
ml_model;postgres;0.09704404312019503;2.1481481481481484
ml_model;postgres;0.08435800696523497;2.1481481481481484
ml_model;postgres;0.08435800696523497;2.1481481481481484
ml_model;postgres;-0.04498405614121308;0.40576902378646
ml_model;postgres;-0.04498405614121308;0.40576902378646
ml_model;postgres;-0.04498405614121308;0.40576902378646
ml_model;postgres;-0.04498405614121308;0.40576902378646
ml_model;postgres;-0.13630765679031373;0.40576902378646
ml_model;postgres;0.00832696821647463;0.40576902378646
ml_model;postgres;0.00832696821647463;0.40576902378646
ml_model;postgres;-0.43725254227155125;0.40576902378646
ml_model;postgres;-0.43725254227155125;0.40576902378646
ml_model;postgres;0.05668029067423749;2.1481481481481484
ml_model;postgres;0.05668029067423749;2.1481481481481484
ml_model;postgres;0.05668029067423749;2.1481481481481484
ml_model;postgres;0.05668029067423749;2.1481481481481484
ml_model;postgres;0.05668029067423749;2.1481481481481484
ml_model;postgres;0.31454810715954723;2.1481481481481484
ml_model;postgres;0.31454810715954723;2.1481481481481484
ml_model;postgres;0.31454810715954723;2.1481481481481484
ml_model;postgres;0.31454810715954723;2.1481481481481484
ml_model;postgres;0.31454810715954723;2.1481481481481484
ml_model;postgres;-0.30765680396771355;0.40576902378646
ml_model;postgres;-0.3920097006369171;0.40576902378646
ml_model;postgres;-0.5581040870410574;0.40576902378646
ml_model;postgres;0.0864089071528176;0.40576902378646
ml_model;postgres;0.0864089071528176;0.40576902378646
ml_model;postgres;0.0864089071528176;0.40576902378646
ml_model;postgres;-0.3239974355551339;0.40576902378646
ml_model;postgres;-0.3239974355551339;0.40576902378646
ml_model;postgres;-0.3239974355551339;0.40576902378646
ml_model;postgres;0.10746123062610377;2.1481481481481484
ml_model;postgres;0.10746123062610377;2.1481481481481484
ml_model;postgres;0.10746123062610377;2.1481481481481484
ml_model;postgres;0.10746123062610377;2.1481481481481484
ml_model;postgres;0.10746123062610377;2.1481481481481484
ml_model;postgres;0.10746123062610377;2.1481481481481484
ml_model;postgres;0.10746123062610377;2.1481481481481484
ml_model;postgres;0.10746123062610377;2.1481481481481484
ml_model;postgres;0.10746123062610377;2.1481481481481484
ml_model;postgres;0.10746123062610377;2.1481481481481484
ml_model;postgres;0.10746123062610377;2.1481481481481484
ml_model;postgres;0.10746123062610377;2.1481481481481484
ml_model;postgres;0.10746123062610377;2.1481481481481484
ml_model;postgres;0.10746123062610377;2.1481481481481484
ml_model;postgres;0.10746123062610377;2.1481481481481484
ml_model;postgres;0.10746123062610377;2.1481481481481484
ml_model;postgres;0.10746123062610377;2.1481481481481484
ml_model;postgres;0.10746123062610377;2.1481481481481484
ml_model;postgres;0.10746123062610377;2.1481481481481484
ml_model;postgres;0.10746123062610377;2.1481481481481484
ml_model;postgres;0.10746123062610377;2.1481481481481484
ml_model;postgres;0.10746123062610377;2.1481481481481484
ml_model;postgres;0.10746123062610377;2.1481481481481484
ml_model;postgres;0.10746123062610377;2.1481481481481484
ml_model;postgres;0.10746123062610377;2.1481481481481484
ml_model;postgres;0.10746123062610377;2.1481481481481484
ml_model;postgres;0.10746123062610377;2.1481481481481484
ml_model;postgres;0.10746123062610377;2.1481481481481484
ml_model;postgres;0.10746123062610377;2.1481481481481484
ml_model;postgres;0.08329202351037487;2.1481481481481484
ml_model;postgres;0.08329202351037487;2.1481481481481484
ml_model;postgres;0.08329202351037487;2.1481481481481484
ml_model;postgres;0.08329202351037487;2.1481481481481484
ml_model;postgres;0.08329202351037487;2.1481481481481484
ml_model;postgres;0.08329202351037487;2.1481481481481484
ml_model;postgres;0.08329202351037487;2.1481481481481484
ml_model;postgres;0.08329202351037487;2.1481481481481484
ml_model;postgres;0.08329202351037487;2.1481481481481484
ml_model;postgres;0.08329202351037487;2.1481481481481484
ml_model;postgres;0.08329202351037487;2.1481481481481484
ml_model;postgres;0.08329202351037487;2.1481481481481484
ml_model;postgres;0.08329202351037487;2.1481481481481484
ml_model;postgres;0.08329202351037487;2.1481481481481484
ml_model;postgres;0.08329202351037487;2.1481481481481484
ml_model;postgres;0.08329202351037487;2.1481481481481484
ml_model;postgres;0.08329202351037487;2.1481481481481484
ml_model;postgres;0.08329202351037487;2.1481481481481484
ml_model;postgres;0.08329202351037487;2.1481481481481484
ml_model;postgres;0.08329202351037487;2.1481481481481484
ml_model;postgres;0.08329202351037487;2.1481481481481484
ml_model;postgres;0.08329202351037487;2.1481481481481484
ml_model;postgres;0.08329202351037487;2.1481481481481484
ml_model;postgres;0.08329202351037487;2.1481481481481484
ml_model;postgres;0.08329202351037487;2.1481481481481484
ml_model;postgres;0.08329202351037487;2.1481481481481484
ml_model;postgres;0.08329202351037487;2.1481481481481484
ml_model;postgres;0.08329202351037487;2.1481481481481484
ml_model;postgres;0.08329202351037487;2.1481481481481484
ml_model;postgres;0.07477202236262968;2.1481481481481484
ml_model;postgres;0.07477202236262968;2.1481481481481484
ml_model;postgres;0.07477202236262968;2.1481481481481484
ml_model;postgres;0.07477202236262968;2.1481481481481484
ml_model;postgres;0.07477202236262968;2.1481481481481484
ml_model;postgres;0.07477202236262968;2.1481481481481484
ml_model;postgres;0.07477202236262968;2.1481481481481484
ml_model;postgres;0.07477202236262968;2.1481481481481484
ml_model;postgres;0.07477202236262968;2.1481481481481484
ml_model;postgres;0.07477202236262968;2.1481481481481484
ml_model;postgres;0.07477202236262968;2.1481481481481484
ml_model;postgres;0.07477202236262968;2.1481481481481484
ml_model;postgres;0.07477202236262968;2.1481481481481484
ml_model;postgres;0.07477202236262968;2.1481481481481484
ml_model;postgres;0.07477202236262968;2.1481481481481484
ml_model;postgres;0.07477202236262968;2.1481481481481484
ml_model;postgres;0.07477202236262968;2.1481481481481484
ml_model;postgres;0.07477202236262968;2.1481481481481484
ml_model;postgres;0.07477202236262968;2.1481481481481484
ml_model;postgres;0.07477202236262968;2.1481481481481484
ml_model;postgres;0.07477202236262968;2.1481481481481484
ml_model;postgres;0.07477202236262968;2.1481481481481484
ml_model;postgres;0.07477202236262968;2.1481481481481484
ml_model;postgres;0.07477202236262968;2.1481481481481484
ml_model;postgres;0.07477202236262968;2.1481481481481484
ml_model;postgres;0.07477202236262968;2.1481481481481484
ml_model;postgres;0.07477202236262968;2.1481481481481484
ml_model;postgres;0.07477202236262968;2.1481481481481484
ml_model;postgres;0.07477202236262968;2.1481481481481484
ml_model;postgres;0.06701629884613071;2.1481481481481484
ml_model;postgres;0.06701629884613071;2.1481481481481484
ml_model;postgres;0.06701629884613071;2.1481481481481484
ml_model;postgres;0.06701629884613071;2.1481481481481484
ml_model;postgres;0.06701629884613071;2.1481481481481484
ml_model;postgres;0.06701629884613071;2.1481481481481484
ml_model;postgres;0.06701629884613071;2.1481481481481484
ml_model;postgres;0.06701629884613071;2.1481481481481484
ml_model;postgres;0.06701629884613071;2.1481481481481484
ml_model;postgres;0.06701629884613071;2.1481481481481484
ml_model;postgres;0.06701629884613071;2.1481481481481484
ml_model;postgres;0.06701629884613071;2.1481481481481484
ml_model;postgres;0.06701629884613071;2.1481481481481484
ml_model;postgres;0.06701629884613071;2.1481481481481484
ml_model;postgres;0.06701629884613071;2.1481481481481484
ml_model;postgres;0.06701629884613071;2.1481481481481484
ml_model;postgres;0.06701629884613071;2.1481481481481484
ml_model;postgres;0.06701629884613071;2.1481481481481484
ml_model;postgres;0.06701629884613071;2.1481481481481484
ml_model;postgres;0.06701629884613071;2.1481481481481484
ml_model;postgres;0.06701629884613071;2.1481481481481484
ml_model;postgres;0.06701629884613071;2.1481481481481484
ml_model;postgres;0.06701629884613071;2.1481481481481484
ml_model;postgres;0.06701629884613071;2.1481481481481484
ml_model;postgres;0.06701629884613071;2.1481481481481484
ml_model;postgres;0.06701629884613071;2.1481481481481484
ml_model;postgres;0.06701629884613071;2.1481481481481484
ml_model;postgres;0.06701629884613071;2.1481481481481484
ml_model;postgres;0.06701629884613071;2.1481481481481484
ml_model;postgres;-0.3068294738009472;2.1481481481481484
ml_model;postgres;-0.3068294738009472;2.1481481481481484
ml_model;postgres;-0.3068294738009472;2.1481481481481484
ml_model;postgres;-0.3068294738009472;2.1481481481481484
ml_model;postgres;-0.3068294738009472;2.1481481481481484
ml_model;postgres;-0.3068294738009472;2.1481481481481484
ml_model;postgres;-0.3068294738009472;2.1481481481481484
ml_model;postgres;-0.3068294738009472;2.1481481481481484
ml_model;postgres;-0.3068294738009472;2.1481481481481484
ml_model;postgres;-0.3068294738009472;2.1481481481481484
ml_model;postgres;-0.3068294738009472;2.1481481481481484
ml_model;postgres;-0.3068294738009472;2.1481481481481484
ml_model;postgres;-0.3068294738009472;2.1481481481481484
ml_model;postgres;-0.3068294738009472;2.1481481481481484
ml_model;postgres;-0.3068294738009472;2.1481481481481484
ml_model;postgres;-0.3068294738009472;2.1481481481481484
ml_model;postgres;-0.3068294738009472;2.1481481481481484
ml_model;postgres;-0.3068294738009472;2.1481481481481484
ml_model;postgres;-0.3068294738009472;2.1481481481481484
ml_model;postgres;-0.3068294738009472;2.1481481481481484
ml_model;postgres;-0.3068294738009472;2.1481481481481484
ml_model;postgres;-0.3068294738009472;2.1481481481481484
ml_model;postgres;-0.3068294738009472;2.1481481481481484
ml_model;postgres;-0.3068294738009472;2.1481481481481484
ml_model;postgres;-0.3068294738009472;2.1481481481481484
ml_model;postgres;-0.3068294738009472;2.1481481481481484
ml_model;postgres;-0.3068294738009472;2.1481481481481484
ml_model;postgres;-0.3068294738009472;2.1481481481481484
ml_model;postgres;-0.3068294738009472;2.1481481481481484
ml_model;postgres;-0.12335592460377957;0.40576902378646
ml_model;postgres;-0.5276612536947736;0.40576902378646
ml_model;postgres;-0.5276612536947736;0.40576902378646
ml_model;postgres;-0.4998599718618609;0.40576902378646
ml_model;postgres;-0.4998599718618609;0.40576902378646
ml_model;postgres;-0.26648075600376836;0.40576902378646
ml_model;postgres;-0.26648075600376836;0.40576902378646
ml_model;postgres;-0.3610332905479346;0.40576902378646
ml_model;postgres;-0.3610332905479346;0.40576902378646
ml_model;postgres;-0.3610332905479346;0.40576902378646
ml_model;postgres;-0.2991373212569662;0.40576902378646
ml_model;postgres;-0.2991373212569662;0.40576902378646
ml_model;postgres;-0.2991373212569662;0.40576902378646
ml_model;postgres;0.05531862841038069;2.1481481481481484
ml_model;postgres;0.05531862841038069;2.1481481481481484
ml_model;postgres;0.05531862841038069;2.1481481481481484
ml_model;postgres;0.05531862841038069;2.1481481481481484
ml_model;postgres;0.05531862841038069;2.1481481481481484
ml_model;postgres;0.05531862841038069;2.1481481481481484
ml_model;postgres;0.05531862841038069;2.1481481481481484
ml_model;postgres;0.05531862841038069;2.1481481481481484
ml_model;postgres;-0.0015099852525588815;2.1481481481481484
ml_model;postgres;-0.0015099852525588815;2.1481481481481484
ml_model;postgres;-0.0015099852525588815;2.1481481481481484
ml_model;postgres;-0.0015099852525588815;2.1481481481481484
ml_model;postgres;-0.0015099852525588815;2.1481481481481484
ml_model;postgres;-0.0015099852525588815;2.1481481481481484
ml_model;postgres;-0.0015099852525588815;2.1481481481481484
ml_model;postgres;-0.0015099852525588815;2.1481481481481484
ml_model;postgres;-0.22903338304520737;2.1481481481481484
ml_model;postgres;-0.22903338304520737;2.1481481481481484
ml_model;postgres;-0.22903338304520737;2.1481481481481484
ml_model;postgres;-0.22903338304520737;2.1481481481481484
ml_model;postgres;-0.22903338304520737;2.1481481481481484
ml_model;postgres;-0.22903338304520737;2.1481481481481484
ml_model;postgres;-0.22903338304520737;2.1481481481481484
ml_model;postgres;-0.22903338304520737;2.1481481481481484
ml_model;postgres;0.08783070434108758;2.1481481481481484
ml_model;postgres;-0.20670168818109172;0.40576902378646
ml_model;postgres;-0.43147566241154506;0.40576902378646
ml_model;postgres;-0.1784130876765998;0.40576902378646
ml_model;postgres;-0.35154739560716564;0.40576902378646
ml_model;postgres;-0.3236772971557327;0.40576902378646
ml_model;postgres;0.0065626056210937615;0.40576902378646
ml_model;postgres;0.0065626056210937615;0.40576902378646
ml_model;postgres;0.0065626056210937615;0.40576902378646
ml_model;postgres;0.0065626056210937615;0.40576902378646
ml_model;postgres;-0.48358713902187056;0.40576902378646
ml_model;postgres;-0.48358713902187056;0.40576902378646
ml_model;postgres;-0.48358713902187056;0.40576902378646
ml_model;postgres;-0.48358713902187056;0.40576902378646
ml_model;postgres;-0.36059732350464546;0.40576902378646
ml_model;postgres;-0.36059732350464546;0.40576902378646
ml_model;postgres;-0.36059732350464546;0.40576902378646
ml_model;postgres;-0.36059732350464546;0.40576902378646
ml_model;postgres;-0.7694511540990415;0.40576902378646
ml_model;postgres;-0.7694511540990415;0.40576902378646
ml_model;postgres;-0.7694511540990415;0.40576902378646
ml_model;postgres;-0.7694511540990415;0.40576902378646
ml_model;postgres;-0.414385189926628;0.40576902378646
ml_model;postgres;-0.414385189926628;0.40576902378646
ml_model;postgres;-0.414385189926628;0.40576902378646
ml_model;postgres;-0.414385189926628;0.40576902378646
ml_model;postgres;-0.414385189926628;0.40576902378646
ml_model;postgres;-0.414385189926628;0.40576902378646
ml_model;postgres;-0.4469276417292167;0.40576902378646
ml_model;postgres;-0.4469276417292167;0.40576902378646
ml_model;postgres;-0.4469276417292167;0.40576902378646
ml_model;postgres;-0.4469276417292167;0.40576902378646
ml_model;postgres;-0.4469276417292167;0.40576902378646
ml_model;postgres;-0.4469276417292167;0.40576902378646
ml_model;postgres;-0.356146658163022;0.40576902378646
ml_model;postgres;-0.356146658163022;0.40576902378646
ml_model;postgres;-0.356146658163022;0.40576902378646
ml_model;postgres;-0.356146658163022;0.40576902378646
ml_model;postgres;-0.356146658163022;0.40576902378646
ml_model;postgres;-0.356146658163022;0.40576902378646
ml_model;postgres;-0.7860601291156635;0.40576902378646
ml_model;postgres;-0.7860601291156635;0.40576902378646
ml_model;postgres;-0.7860601291156635;0.40576902378646
ml_model;postgres;-0.7860601291156635;0.40576902378646
ml_model;postgres;-0.7860601291156635;0.40576902378646
ml_model;postgres;-0.7860601291156635;0.40576902378646
ml_model;postgres;-0.32347013531620195;0.40576902378646
ml_model;postgres;-0.32347013531620195;0.40576902378646
ml_model;postgres;-0.32347013531620195;0.40576902378646
ml_model;postgres;-0.38367900054737336;0.40576902378646
ml_model;postgres;-0.38367900054737336;0.40576902378646
ml_model;postgres;-0.38367900054737336;0.40576902378646
ml_model;postgres;-0.004804516755493796;0.40576902378646
ml_model;postgres;-0.2792110454607142;0.40576902378646
ml_model;postgres;-0.25606676313176246;0.40576902378646
ml_model;postgres;-0.25606676313176246;0.40576902378646
ml_model;postgres;-0.25606676313176246;0.40576902378646
ml_model;postgres;-0.09349855902048511;0.40576902378646
ml_model;postgres;-0.09349855902048511;0.40576902378646
ml_model;postgres;-0.09349855902048511;0.40576902378646
ml_model;postgres;-0.2627308656925887;0.40576902378646
ml_model;postgres;-0.2627308656925887;0.40576902378646
ml_model;postgres;0.06337929968832318;2.1481481481481484
ml_model;postgres;0.06337929968832318;2.1481481481481484
ml_model;postgres;0.025073229463512734;0.40576902378646
ml_model;postgres;0.025073229463512734;0.40576902378646
ml_model;postgres;0.025073229463512734;0.40576902378646
ml_model;postgres;0.025073229463512734;0.40576902378646
ml_model;postgres;0.025073229463512734;0.40576902378646
ml_model;postgres;0.025073229463512734;0.40576902378646
ml_model;postgres;0.025073229463512734;0.40576902378646
ml_model;postgres;0.025073229463512734;0.40576902378646
ml_model;postgres;0.21358189215785034;0.40576902378646
ml_model;postgres;0.21358189215785034;0.40576902378646
ml_model;postgres;0.21358189215785034;0.40576902378646
ml_model;postgres;0.21358189215785034;0.40576902378646
ml_model;postgres;0.21358189215785034;0.40576902378646
ml_model;postgres;0.21358189215785034;0.40576902378646
ml_model;postgres;0.21358189215785034;0.40576902378646
ml_model;postgres;0.21358189215785034;0.40576902378646
ml_model;postgres;-0.18991452805251519;0.40576902378646
ml_model;postgres;-0.18991452805251519;0.40576902378646
ml_model;postgres;-0.18991452805251519;0.40576902378646
ml_model;postgres;-0.18991452805251519;0.40576902378646
ml_model;postgres;-0.18991452805251519;0.40576902378646
ml_model;postgres;-0.18991452805251519;0.40576902378646
ml_model;postgres;-0.18991452805251519;0.40576902378646
ml_model;postgres;-0.18991452805251519;0.40576902378646
ml_model;postgres;-0.4713991491939288;0.40576902378646
ml_model;postgres;-0.24495428796846333;0.40576902378646
ml_model;postgres;-0.38406559991195804;0.40576902378646
ml_model;postgres;-0.38406559991195804;0.40576902378646
ml_model;postgres;-0.38406559991195804;0.40576902378646
ml_model;postgres;-0.38406559991195804;0.40576902378646
ml_model;postgres;-0.38406559991195804;0.40576902378646
ml_model;postgres;-0.41316899721810224;0.40576902378646
ml_model;postgres;-0.41316899721810224;0.40576902378646
ml_model;postgres;-0.41316899721810224;0.40576902378646
ml_model;postgres;-0.41316899721810224;0.40576902378646
ml_model;postgres;-0.41316899721810224;0.40576902378646
ml_model;postgres;-0.6046959568233388;0.40576902378646
ml_model;postgres;-0.6046959568233388;0.40576902378646
ml_model;postgres;-0.6046959568233388;0.40576902378646
ml_model;postgres;-0.6046959568233388;0.40576902378646
ml_model;postgres;-0.6046959568233388;0.40576902378646
ml_model;postgres;0.12163290371897928;0.40576902378646
ml_model;postgres;0.0028092692331579826;0.40576902378646
ml_model;postgres;-0.3217311140134998;0.40576902378646
ml_model;postgres;-0.1988075842406839;0.40576902378646
ml_model;postgres;-0.1988075842406839;0.40576902378646
ml_model;postgres;-0.1988075842406839;0.40576902378646
ml_model;postgres;-0.1988075842406839;0.40576902378646
ml_model;postgres;-0.1871057059599909;0.40576902378646
ml_model;postgres;-0.1871057059599909;0.40576902378646
ml_model;postgres;-0.1871057059599909;0.40576902378646
ml_model;postgres;-0.1871057059599909;0.40576902378646
ml_model;postgres;0.13396590867055938;0.40576902378646
ml_model;postgres;-0.2753771421860019;0.40576902378646
ml_model;postgres;0.079415434891205;2.1481481481481484
ml_model;postgres;0.079415434891205;2.1481481481481484
ml_model;postgres;0.079415434891205;2.1481481481481484
ml_model;postgres;0.079415434891205;2.1481481481481484
ml_model;postgres;0.06308518343292042;2.1481481481481484
ml_model;postgres;0.06308518343292042;2.1481481481481484
ml_model;postgres;0.06308518343292042;2.1481481481481484
ml_model;postgres;0.06308518343292042;2.1481481481481484
ml_model;postgres;-0.780032781070122;2.1481481481481484
ml_model;postgres;-0.780032781070122;2.1481481481481484
ml_model;postgres;-0.780032781070122;2.1481481481481484
ml_model;postgres;-0.780032781070122;2.1481481481481484
ml_model;postgres;-0.5385958658504639;0.40576902378646
ml_model;postgres;0.08084771839272346;0.40576902378646
ml_model;postgres;-0.31127796824401494;0.40576902378646
ml_model;postgres;-0.2182888380237309;0.40576902378646
ml_model;postgres;-0.2182888380237309;0.40576902378646
ml_model;postgres;-0.2182888380237309;0.40576902378646
ml_model;postgres;-0.2182888380237309;0.40576902378646
ml_model;postgres;-0.2182888380237309;0.40576902378646
ml_model;postgres;0.06409696028527323;2.1481481481481484
ml_model;postgres;0.06409696028527323;2.1481481481481484
ml_model;postgres;0.21653272015755026;2.1481481481481484
ml_model;postgres;0.21653272015755026;2.1481481481481484
ml_model;postgres;-0.4195359114883105;0.40576902378646
ml_model;postgres;-0.4195359114883105;0.40576902378646
ml_model;postgres;-0.4195359114883105;0.40576902378646
ml_model;postgres;-0.15661339939830976;0.40576902378646
ml_model;postgres;-0.15661339939830976;0.40576902378646
ml_model;postgres;-0.15661339939830976;0.40576902378646
ml_model;postgres;0.09608870661684882;2.1481481481481484
ml_model;postgres;0.09608870661684882;2.1481481481481484
ml_model;postgres;0.09608870661684882;2.1481481481481484
ml_model;postgres;0.12801618460657802;2.1481481481481484
ml_model;postgres;0.12801618460657802;2.1481481481481484
ml_model;postgres;0.12801618460657802;2.1481481481481484
ml_model;postgres;0.27368612378954055;2.1481481481481484
ml_model;postgres;0.27368612378954055;2.1481481481481484
ml_model;postgres;0.27368612378954055;2.1481481481481484
ml_model;postgres;-0.35591104713304833;0.40576902378646
ml_model;postgres;0.08701654146670647;2.1481481481481484
ml_model;postgres;0.08701654146670647;2.1481481481481484
ml_model;postgres;0.08701654146670647;2.1481481481481484
ml_model;postgres;0.08701654146670647;2.1481481481481484
ml_model;postgres;0.08701654146670647;2.1481481481481484
ml_model;postgres;0.08701654146670647;2.1481481481481484
ml_model;postgres;0.08701654146670647;2.1481481481481484
ml_model;postgres;0.08701654146670647;2.1481481481481484
ml_model;postgres;0.08701654146670647;2.1481481481481484
ml_model;postgres;0.08701654146670647;2.1481481481481484
ml_model;postgres;0.08701654146670647;2.1481481481481484
ml_model;postgres;0.08701654146670647;2.1481481481481484
ml_model;postgres;0.08701654146670647;2.1481481481481484
ml_model;postgres;0.08701654146670647;2.1481481481481484
ml_model;postgres;0.08701654146670647;2.1481481481481484
ml_model;postgres;0.08701654146670647;2.1481481481481484
ml_model;postgres;0.08701654146670647;2.1481481481481484
ml_model;postgres;0.08701654146670647;2.1481481481481484
ml_model;postgres;0.08701654146670647;2.1481481481481484
ml_model;postgres;0.08701654146670647;2.1481481481481484
ml_model;postgres;0.08701654146670647;2.1481481481481484
ml_model;postgres;0.11577620788631213;2.1481481481481484
ml_model;postgres;0.11577620788631213;2.1481481481481484
ml_model;postgres;0.11577620788631213;2.1481481481481484
ml_model;postgres;0.11577620788631213;2.1481481481481484
ml_model;postgres;0.11577620788631213;2.1481481481481484
ml_model;postgres;0.11577620788631213;2.1481481481481484
ml_model;postgres;0.11577620788631213;2.1481481481481484
ml_model;postgres;0.11577620788631213;2.1481481481481484
ml_model;postgres;0.11577620788631213;2.1481481481481484
ml_model;postgres;0.11577620788631213;2.1481481481481484
ml_model;postgres;0.11577620788631213;2.1481481481481484
ml_model;postgres;0.11577620788631213;2.1481481481481484
ml_model;postgres;0.11577620788631213;2.1481481481481484
ml_model;postgres;0.11577620788631213;2.1481481481481484
ml_model;postgres;0.11577620788631213;2.1481481481481484
ml_model;postgres;0.11577620788631213;2.1481481481481484
ml_model;postgres;0.11577620788631213;2.1481481481481484
ml_model;postgres;0.11577620788631213;2.1481481481481484
ml_model;postgres;0.11577620788631213;2.1481481481481484
ml_model;postgres;0.11577620788631213;2.1481481481481484
ml_model;postgres;0.11577620788631213;2.1481481481481484
ml_model;postgres;0.07454127874881332;2.1481481481481484
ml_model;postgres;0.07454127874881332;2.1481481481481484
ml_model;postgres;0.07454127874881332;2.1481481481481484
ml_model;postgres;0.07454127874881332;2.1481481481481484
ml_model;postgres;0.07454127874881332;2.1481481481481484
ml_model;postgres;0.07454127874881332;2.1481481481481484
ml_model;postgres;0.07454127874881332;2.1481481481481484
ml_model;postgres;0.07454127874881332;2.1481481481481484
ml_model;postgres;0.07454127874881332;2.1481481481481484
ml_model;postgres;0.07454127874881332;2.1481481481481484
ml_model;postgres;0.07454127874881332;2.1481481481481484
ml_model;postgres;0.07454127874881332;2.1481481481481484
ml_model;postgres;0.07454127874881332;2.1481481481481484
ml_model;postgres;0.07454127874881332;2.1481481481481484
ml_model;postgres;0.07454127874881332;2.1481481481481484
ml_model;postgres;0.07454127874881332;2.1481481481481484
ml_model;postgres;0.07454127874881332;2.1481481481481484
ml_model;postgres;0.07454127874881332;2.1481481481481484
ml_model;postgres;0.07454127874881332;2.1481481481481484
ml_model;postgres;0.07454127874881332;2.1481481481481484
ml_model;postgres;0.07454127874881332;2.1481481481481484
ml_model;postgres;-0.03464544045010709;2.1481481481481484
ml_model;postgres;-0.03464544045010709;2.1481481481481484
ml_model;postgres;-0.03464544045010709;2.1481481481481484
ml_model;postgres;-0.03464544045010709;2.1481481481481484
ml_model;postgres;-0.03464544045010709;2.1481481481481484
ml_model;postgres;-0.03464544045010709;2.1481481481481484
ml_model;postgres;-0.03464544045010709;2.1481481481481484
ml_model;postgres;-0.03464544045010709;2.1481481481481484
ml_model;postgres;-0.03464544045010709;2.1481481481481484
ml_model;postgres;-0.03464544045010709;2.1481481481481484
ml_model;postgres;-0.03464544045010709;2.1481481481481484
ml_model;postgres;-0.03464544045010709;2.1481481481481484
ml_model;postgres;-0.03464544045010709;2.1481481481481484
ml_model;postgres;-0.03464544045010709;2.1481481481481484
ml_model;postgres;-0.03464544045010709;2.1481481481481484
ml_model;postgres;-0.03464544045010709;2.1481481481481484
ml_model;postgres;-0.03464544045010709;2.1481481481481484
ml_model;postgres;-0.03464544045010709;2.1481481481481484
ml_model;postgres;-0.03464544045010709;2.1481481481481484
ml_model;postgres;-0.03464544045010709;2.1481481481481484
ml_model;postgres;-0.03464544045010709;2.1481481481481484
ml_model;postgres;-0.4272412580619938;2.1481481481481484
ml_model;postgres;-0.4272412580619938;2.1481481481481484
ml_model;postgres;-0.4272412580619938;2.1481481481481484
ml_model;postgres;-0.4272412580619938;2.1481481481481484
ml_model;postgres;-0.4272412580619938;2.1481481481481484
ml_model;postgres;-0.4272412580619938;2.1481481481481484
ml_model;postgres;-0.4272412580619938;2.1481481481481484
ml_model;postgres;-0.4272412580619938;2.1481481481481484
ml_model;postgres;-0.4272412580619938;2.1481481481481484
ml_model;postgres;-0.4272412580619938;2.1481481481481484
ml_model;postgres;-0.4272412580619938;2.1481481481481484
ml_model;postgres;-0.4272412580619938;2.1481481481481484
ml_model;postgres;-0.4272412580619938;2.1481481481481484
ml_model;postgres;-0.4272412580619938;2.1481481481481484
ml_model;postgres;-0.4272412580619938;2.1481481481481484
ml_model;postgres;-0.4272412580619938;2.1481481481481484
ml_model;postgres;-0.4272412580619938;2.1481481481481484
ml_model;postgres;-0.4272412580619938;2.1481481481481484
ml_model;postgres;-0.4272412580619938;2.1481481481481484
ml_model;postgres;-0.4272412580619938;2.1481481481481484
ml_model;postgres;-0.4272412580619938;2.1481481481481484
ml_model;postgres;-0.5579446206453134;2.1481481481481484
ml_model;postgres;-0.5579446206453134;2.1481481481481484
ml_model;postgres;-0.5579446206453134;2.1481481481481484
ml_model;postgres;-0.5579446206453134;2.1481481481481484
ml_model;postgres;-0.5579446206453134;2.1481481481481484
ml_model;postgres;-0.5579446206453134;2.1481481481481484
ml_model;postgres;-0.5579446206453134;2.1481481481481484
ml_model;postgres;-0.5579446206453134;2.1481481481481484
ml_model;postgres;-0.5579446206453134;2.1481481481481484
ml_model;postgres;-0.5579446206453134;2.1481481481481484
ml_model;postgres;-0.5579446206453134;2.1481481481481484
ml_model;postgres;-0.5579446206453134;2.1481481481481484
ml_model;postgres;-0.5579446206453134;2.1481481481481484
ml_model;postgres;-0.5579446206453134;2.1481481481481484
ml_model;postgres;-0.5579446206453134;2.1481481481481484
ml_model;postgres;-0.5579446206453134;2.1481481481481484
ml_model;postgres;-0.5579446206453134;2.1481481481481484
ml_model;postgres;-0.5579446206453134;2.1481481481481484
ml_model;postgres;-0.5579446206453134;2.1481481481481484
ml_model;postgres;-0.5579446206453134;2.1481481481481484
ml_model;postgres;-0.5579446206453134;2.1481481481481484
ml_model;postgres;-0.06563508372217719;0.40576902378646
ml_model;postgres;-0.06563508372217719;0.40576902378646
ml_model;postgres;-0.06563508372217719;0.40576902378646
ml_model;postgres;-0.06563508372217719;0.40576902378646
ml_model;postgres;-0.06563508372217719;0.40576902378646
ml_model;postgres;-0.06563508372217719;0.40576902378646
ml_model;postgres;-0.06563508372217719;0.40576902378646
ml_model;postgres;-0.06563508372217719;0.40576902378646
ml_model;postgres;-0.06563508372217719;0.40576902378646
ml_model;postgres;-0.07443905063447835;0.40576902378646
ml_model;postgres;-0.07443905063447835;0.40576902378646
ml_model;postgres;-0.07443905063447835;0.40576902378646
ml_model;postgres;-0.07443905063447835;0.40576902378646
ml_model;postgres;-0.07443905063447835;0.40576902378646
ml_model;postgres;-0.07443905063447835;0.40576902378646
ml_model;postgres;-0.07443905063447835;0.40576902378646
ml_model;postgres;-0.07443905063447835;0.40576902378646
ml_model;postgres;-0.07443905063447835;0.40576902378646
ml_model;postgres;-0.04431066990413493;0.40576902378646
ml_model;postgres;-0.04431066990413493;0.40576902378646
ml_model;postgres;-0.04431066990413493;0.40576902378646
ml_model;postgres;-0.04431066990413493;0.40576902378646
ml_model;postgres;-0.04431066990413493;0.40576902378646
ml_model;postgres;-0.04431066990413493;0.40576902378646
ml_model;postgres;-0.04431066990413493;0.40576902378646
ml_model;postgres;-0.04431066990413493;0.40576902378646
ml_model;postgres;-0.04431066990413493;0.40576902378646
ml_model;postgres;-0.06450738870845653;0.40576902378646
ml_model;postgres;-0.06450738870845653;0.40576902378646
ml_model;postgres;-0.06450738870845653;0.40576902378646
ml_model;postgres;-0.06450738870845653;0.40576902378646
ml_model;postgres;-0.06450738870845653;0.40576902378646
ml_model;postgres;-0.06450738870845653;0.40576902378646
ml_model;postgres;-0.06450738870845653;0.40576902378646
ml_model;postgres;-0.06450738870845653;0.40576902378646
ml_model;postgres;-0.06450738870845653;0.40576902378646
ml_model;postgres;0.09532445496081014;14.280303030303031
ml_model;postgres;-0.49401131838233936;0.40576902378646
ml_model;postgres;-0.27834623972421785;0.40576902378646
ml_model;postgres;-0.13641427943390644;0.40576902378646
ml_model;postgres;0.09375544726863022;2.1481481481481484
ml_model;postgres;0.09375544726863022;2.1481481481481484
ml_model;postgres;0.09375544726863022;2.1481481481481484
ml_model;postgres;0.09375544726863022;2.1481481481481484
ml_model;postgres;0.08050163825473305;2.1481481481481484
ml_model;postgres;0.08050163825473305;2.1481481481481484
ml_model;postgres;0.08050163825473305;2.1481481481481484
ml_model;postgres;0.08050163825473305;2.1481481481481484
ml_model;postgres;0.22549483607073162;2.1481481481481484
ml_model;postgres;-0.28636655721596344;0.40576902378646
ml_model;postgres;0.09602138690028995;2.1481481481481484
ml_model;postgres;0.09602138690028995;2.1481481481481484
ml_model;postgres;0.09602138690028995;2.1481481481481484
ml_model;postgres;0.09602138690028995;2.1481481481481484
ml_model;postgres;0.09602138690028995;2.1481481481481484
ml_model;postgres;0.09602138690028995;2.1481481481481484
ml_model;postgres;0.09602138690028995;2.1481481481481484
ml_model;postgres;0.09602138690028995;2.1481481481481484
ml_model;postgres;0.09602138690028995;2.1481481481481484
ml_model;postgres;0.09602138690028995;2.1481481481481484
ml_model;postgres;0.09602138690028995;2.1481481481481484
ml_model;postgres;0.09602138690028995;2.1481481481481484
ml_model;postgres;0.09602138690028995;2.1481481481481484
ml_model;postgres;0.09602138690028995;2.1481481481481484
ml_model;postgres;0.09602138690028995;2.1481481481481484
ml_model;postgres;0.09602138690028995;2.1481481481481484
ml_model;postgres;0.09602138690028995;2.1481481481481484
ml_model;postgres;0.09602138690028995;2.1481481481481484
ml_model;postgres;0.09602138690028995;2.1481481481481484
ml_model;postgres;0.09602138690028995;2.1481481481481484
ml_model;postgres;0.09602138690028995;2.1481481481481484
ml_model;postgres;0.09602138690028995;2.1481481481481484
ml_model;postgres;0.09602138690028995;2.1481481481481484
ml_model;postgres;0.08415080771666116;2.1481481481481484
ml_model;postgres;0.08415080771666116;2.1481481481481484
ml_model;postgres;0.08415080771666116;2.1481481481481484
ml_model;postgres;0.08415080771666116;2.1481481481481484
ml_model;postgres;0.08415080771666116;2.1481481481481484
ml_model;postgres;0.08415080771666116;2.1481481481481484
ml_model;postgres;0.08415080771666116;2.1481481481481484
ml_model;postgres;0.08415080771666116;2.1481481481481484
ml_model;postgres;0.08415080771666116;2.1481481481481484
ml_model;postgres;0.08415080771666116;2.1481481481481484
ml_model;postgres;0.08415080771666116;2.1481481481481484
ml_model;postgres;0.08415080771666116;2.1481481481481484
ml_model;postgres;0.08415080771666116;2.1481481481481484
ml_model;postgres;0.08415080771666116;2.1481481481481484
ml_model;postgres;0.08415080771666116;2.1481481481481484
ml_model;postgres;0.08415080771666116;2.1481481481481484
ml_model;postgres;0.08415080771666116;2.1481481481481484
ml_model;postgres;0.08415080771666116;2.1481481481481484
ml_model;postgres;0.08415080771666116;2.1481481481481484
ml_model;postgres;0.08415080771666116;2.1481481481481484
ml_model;postgres;0.08415080771666116;2.1481481481481484
ml_model;postgres;0.08415080771666116;2.1481481481481484
ml_model;postgres;0.08415080771666116;2.1481481481481484
ml_model;postgres;0.06645058365303075;2.1481481481481484
ml_model;postgres;0.06645058365303075;2.1481481481481484
ml_model;postgres;0.06645058365303075;2.1481481481481484
ml_model;postgres;0.06645058365303075;2.1481481481481484
ml_model;postgres;0.06645058365303075;2.1481481481481484
ml_model;postgres;0.06645058365303075;2.1481481481481484
ml_model;postgres;0.06645058365303075;2.1481481481481484
ml_model;postgres;0.06645058365303075;2.1481481481481484
ml_model;postgres;0.06645058365303075;2.1481481481481484
ml_model;postgres;0.06645058365303075;2.1481481481481484
ml_model;postgres;0.06645058365303075;2.1481481481481484
ml_model;postgres;0.06645058365303075;2.1481481481481484
ml_model;postgres;0.06645058365303075;2.1481481481481484
ml_model;postgres;0.06645058365303075;2.1481481481481484
ml_model;postgres;0.06645058365303075;2.1481481481481484
ml_model;postgres;0.06645058365303075;2.1481481481481484
ml_model;postgres;0.06645058365303075;2.1481481481481484
ml_model;postgres;0.06645058365303075;2.1481481481481484
ml_model;postgres;0.06645058365303075;2.1481481481481484
ml_model;postgres;0.06645058365303075;2.1481481481481484
ml_model;postgres;0.06645058365303075;2.1481481481481484
ml_model;postgres;0.06645058365303075;2.1481481481481484
ml_model;postgres;0.06645058365303075;2.1481481481481484
ml_model;postgres;0.08090287826249931;2.1481481481481484
ml_model;postgres;0.08090287826249931;2.1481481481481484
ml_model;postgres;0.08090287826249931;2.1481481481481484
ml_model;postgres;0.08090287826249931;2.1481481481481484
ml_model;postgres;0.08090287826249931;2.1481481481481484
ml_model;postgres;0.08090287826249931;2.1481481481481484
ml_model;postgres;0.08090287826249931;2.1481481481481484
ml_model;postgres;0.08090287826249931;2.1481481481481484
ml_model;postgres;0.08090287826249931;2.1481481481481484
ml_model;postgres;0.08090287826249931;2.1481481481481484
ml_model;postgres;0.08090287826249931;2.1481481481481484
ml_model;postgres;0.08090287826249931;2.1481481481481484
ml_model;postgres;0.08090287826249931;2.1481481481481484
ml_model;postgres;0.08090287826249931;2.1481481481481484
ml_model;postgres;0.08090287826249931;2.1481481481481484
ml_model;postgres;0.08090287826249931;2.1481481481481484
ml_model;postgres;0.08090287826249931;2.1481481481481484
ml_model;postgres;0.08090287826249931;2.1481481481481484
ml_model;postgres;0.08090287826249931;2.1481481481481484
ml_model;postgres;0.08090287826249931;2.1481481481481484
ml_model;postgres;0.08090287826249931;2.1481481481481484
ml_model;postgres;0.08090287826249931;2.1481481481481484
ml_model;postgres;0.08090287826249931;2.1481481481481484
ml_model;postgres;-0.3102977735026908;2.1481481481481484
ml_model;postgres;-0.3102977735026908;2.1481481481481484
ml_model;postgres;-0.3102977735026908;2.1481481481481484
ml_model;postgres;-0.3102977735026908;2.1481481481481484
ml_model;postgres;-0.3102977735026908;2.1481481481481484
ml_model;postgres;-0.3102977735026908;2.1481481481481484
ml_model;postgres;-0.3102977735026908;2.1481481481481484
ml_model;postgres;-0.3102977735026908;2.1481481481481484
ml_model;postgres;-0.3102977735026908;2.1481481481481484
ml_model;postgres;-0.3102977735026908;2.1481481481481484
ml_model;postgres;-0.3102977735026908;2.1481481481481484
ml_model;postgres;-0.3102977735026908;2.1481481481481484
ml_model;postgres;-0.3102977735026908;2.1481481481481484
ml_model;postgres;-0.3102977735026908;2.1481481481481484
ml_model;postgres;-0.3102977735026908;2.1481481481481484
ml_model;postgres;-0.3102977735026908;2.1481481481481484
ml_model;postgres;-0.3102977735026908;2.1481481481481484
ml_model;postgres;-0.3102977735026908;2.1481481481481484
ml_model;postgres;-0.3102977735026908;2.1481481481481484
ml_model;postgres;-0.3102977735026908;2.1481481481481484
ml_model;postgres;-0.3102977735026908;2.1481481481481484
ml_model;postgres;-0.3102977735026908;2.1481481481481484
ml_model;postgres;-0.3102977735026908;2.1481481481481484
ml_model;postgres;-0.5077979926235286;2.1481481481481484
ml_model;postgres;-0.5077979926235286;2.1481481481481484
ml_model;postgres;-0.5077979926235286;2.1481481481481484
ml_model;postgres;-0.5077979926235286;2.1481481481481484
ml_model;postgres;-0.5077979926235286;2.1481481481481484
ml_model;postgres;-0.5077979926235286;2.1481481481481484
ml_model;postgres;-0.5077979926235286;2.1481481481481484
ml_model;postgres;-0.5077979926235286;2.1481481481481484
ml_model;postgres;-0.5077979926235286;2.1481481481481484
ml_model;postgres;-0.5077979926235286;2.1481481481481484
ml_model;postgres;-0.5077979926235286;2.1481481481481484
ml_model;postgres;-0.5077979926235286;2.1481481481481484
ml_model;postgres;-0.5077979926235286;2.1481481481481484
ml_model;postgres;-0.5077979926235286;2.1481481481481484
ml_model;postgres;-0.5077979926235286;2.1481481481481484
ml_model;postgres;-0.5077979926235286;2.1481481481481484
ml_model;postgres;-0.5077979926235286;2.1481481481481484
ml_model;postgres;-0.5077979926235286;2.1481481481481484
ml_model;postgres;-0.5077979926235286;2.1481481481481484
ml_model;postgres;-0.5077979926235286;2.1481481481481484
ml_model;postgres;-0.5077979926235286;2.1481481481481484
ml_model;postgres;-0.5077979926235286;2.1481481481481484
ml_model;postgres;-0.5077979926235286;2.1481481481481484
ml_model;postgres;-0.26604150752768463;0.40576902378646
ml_model;postgres;-0.07479264838568887;0.40576902378646
ml_model;postgres;-0.07479264838568887;0.40576902378646
ml_model;postgres;0.9703790001007222;2.1481481481481484
ml_model;postgres;-0.5661865810318729;0.40576902378646
ml_model;postgres;-0.23115426960371344;0.40576902378646
ml_model;postgres;0.06568884025764528;2.1481481481481484
ml_model;postgres;0.06568884025764528;2.1481481481481484
ml_model;postgres;-0.08937539366856886;0.40576902378646
ml_model;postgres;-0.08937539366856886;0.40576902378646
ml_model;postgres;-0.08937539366856886;0.40576902378646
ml_model;postgres;0.09179426192172567;0.40576902378646
ml_model;postgres;0.09179426192172567;0.40576902378646
ml_model;postgres;0.09179426192172567;0.40576902378646
ml_model;postgres;0.1093110595812585;0.40576902378646
ml_model;postgres;0.1093110595812585;0.40576902378646
ml_model;postgres;0.1093110595812585;0.40576902378646
ml_model;postgres;0.1093110595812585;0.40576902378646
ml_model;postgres;0.1093110595812585;0.40576902378646
ml_model;postgres;0.1329701627327963;0.40576902378646
ml_model;postgres;0.1329701627327963;0.40576902378646
ml_model;postgres;0.1329701627327963;0.40576902378646
ml_model;postgres;0.1329701627327963;0.40576902378646
ml_model;postgres;0.1329701627327963;0.40576902378646
ml_model;postgres;-0.5210711172380238;0.40576902378646
ml_model;postgres;-0.5210711172380238;0.40576902378646
ml_model;postgres;-0.5210711172380238;0.40576902378646
ml_model;postgres;-0.5210711172380238;0.40576902378646
ml_model;postgres;-0.5210711172380238;0.40576902378646
ml_model;postgres;-0.701628514267097;0.40576902378646
ml_model;postgres;-0.701628514267097;0.40576902378646
ml_model;postgres;-0.701628514267097;0.40576902378646
ml_model;postgres;-0.701628514267097;0.40576902378646
ml_model;postgres;-0.701628514267097;0.40576902378646
ml_model;postgres;0.3100549608180125;2.1481481481481484
ml_model;postgres;0.3100549608180125;2.1481481481481484
ml_model;postgres;0.3100549608180125;2.1481481481481484
ml_model;postgres;-0.01147800890332055;2.1481481481481484
ml_model;postgres;-0.01147800890332055;2.1481481481481484
ml_model;postgres;-0.01147800890332055;2.1481481481481484
ml_model;postgres;0.07939056411285597;2.1481481481481484
ml_model;postgres;-0.4134981426701926;0.40576902378646
ml_model;postgres;-0.054172841350516546;2.1481481481481484
ml_model;postgres;-0.054172841350516546;2.1481481481481484
ml_model;postgres;0.08904732902691774;2.1481481481481484
ml_model;postgres;0.08904732902691774;2.1481481481481484
ml_model;postgres;-0.49334115531717126;0.40576902378646
ml_model;postgres;-0.2503769496078295;0.40576902378646
ml_model;postgres;-0.04333210005627912;0.40576902378646
ml_model;postgres;-0.38246847858762084;0.40576902378646
ml_model;postgres;-0.016145670960852794;0.40576902378646
ml_model;postgres;-0.016145670960852794;0.40576902378646
ml_model;postgres;-0.016145670960852794;0.40576902378646
ml_model;postgres;-0.016145670960852794;0.40576902378646
ml_model;postgres;-0.016145670960852794;0.40576902378646
ml_model;postgres;-0.016145670960852794;0.40576902378646
ml_model;postgres;-0.016145670960852794;0.40576902378646
ml_model;postgres;-0.016145670960852794;0.40576902378646
ml_model;postgres;-0.34220036409631793;0.40576902378646
ml_model;postgres;-0.34220036409631793;0.40576902378646
ml_model;postgres;-0.34220036409631793;0.40576902378646
ml_model;postgres;-0.42420966226045137;0.40576902378646
ml_model;postgres;-0.42420966226045137;0.40576902378646
ml_model;postgres;-0.42420966226045137;0.40576902378646
ml_model;postgres;-0.342004703398465;0.40576902378646
ml_model;postgres;-0.342004703398465;0.40576902378646
ml_model;postgres;-0.5540982509878851;0.40576902378646
ml_model;postgres;-0.5540982509878851;0.40576902378646
ml_model;postgres;0.13482636051589683;2.1481481481481484
ml_model;postgres;-0.4546747795192766;0.40576902378646
ml_model;postgres;0.057470516858584;0.40576902378646
ml_model;postgres;-0.1880128829876523;0.40576902378646
ml_model;postgres;-0.3359426564679318;0.40576902378646
ml_model;postgres;-0.04544800610889602;0.40576902378646
ml_model;postgres;-0.04544800610889602;0.40576902378646
ml_model;postgres;-0.04544800610889602;0.40576902378646
ml_model;postgres;-0.04544800610889602;0.40576902378646
ml_model;postgres;-0.04544800610889602;0.40576902378646
ml_model;postgres;-0.04544800610889602;0.40576902378646
ml_model;postgres;-0.2516411510263414;0.40576902378646
ml_model;postgres;-0.2516411510263414;0.40576902378646
ml_model;postgres;-0.2516411510263414;0.40576902378646
ml_model;postgres;-0.2516411510263414;0.40576902378646
ml_model;postgres;-0.2516411510263414;0.40576902378646
ml_model;postgres;-0.2516411510263414;0.40576902378646
ml_model;postgres;-0.18440431226838103;0.40576902378646
ml_model;postgres;-0.18440431226838103;0.40576902378646
ml_model;postgres;-0.18440431226838103;0.40576902378646
ml_model;postgres;-0.18440431226838103;0.40576902378646
ml_model;postgres;-0.18440431226838103;0.40576902378646
ml_model;postgres;-0.18440431226838103;0.40576902378646
ml_model;postgres;-0.5252956850090436;0.40576902378646
ml_model;postgres;-0.5252956850090436;0.40576902378646
ml_model;postgres;-0.5252956850090436;0.40576902378646
ml_model;postgres;-0.5252956850090436;0.40576902378646
ml_model;postgres;-0.5252956850090436;0.40576902378646
ml_model;postgres;-0.5252956850090436;0.40576902378646
ml_model;postgres;-0.7239825700121654;0.40576902378646
ml_model;postgres;-0.7239825700121654;0.40576902378646
ml_model;postgres;-0.7239825700121654;0.40576902378646
ml_model;postgres;-0.7239825700121654;0.40576902378646
ml_model;postgres;-0.7239825700121654;0.40576902378646
ml_model;postgres;-0.7239825700121654;0.40576902378646
ml_model;postgres;-0.6837023523842959;0.40576902378646
ml_model;postgres;-0.3535896300366722;0.40576902378646
ml_model;postgres;-0.3535896300366722;0.40576902378646
ml_model;postgres;-0.3535896300366722;0.40576902378646
ml_model;postgres;-0.7743052022938928;0.40576902378646
ml_model;postgres;-0.7743052022938928;0.40576902378646
ml_model;postgres;-0.7743052022938928;0.40576902378646
ml_model;postgres;-0.11230152170893958;0.40576902378646
ml_model;postgres;-0.11230152170893958;0.40576902378646
ml_model;postgres;-0.2105551344943828;0.40576902378646
ml_model;postgres;-0.2105551344943828;0.40576902378646
ml_model;postgres;-0.2105551344943828;0.40576902378646
ml_model;postgres;-0.2105551344943828;0.40576902378646
ml_model;postgres;-0.2105551344943828;0.40576902378646
ml_model;postgres;-0.4495540028090874;0.40576902378646
ml_model;postgres;-0.4495540028090874;0.40576902378646
ml_model;postgres;-0.4495540028090874;0.40576902378646
ml_model;postgres;-0.4495540028090874;0.40576902378646
ml_model;postgres;-0.4495540028090874;0.40576902378646
ml_model;postgres;-0.38634970200576646;0.40576902378646
ml_model;postgres;-0.38634970200576646;0.40576902378646
ml_model;postgres;-0.38634970200576646;0.40576902378646
ml_model;postgres;-0.38634970200576646;0.40576902378646
ml_model;postgres;-0.38634970200576646;0.40576902378646
ml_model;postgres;-0.1632642572365011;0.40576902378646
ml_model;postgres;-0.1632642572365011;0.40576902378646
ml_model;postgres;-0.1632642572365011;0.40576902378646
ml_model;postgres;-0.7216812265211842;0.40576902378646
ml_model;postgres;-0.7216812265211842;0.40576902378646
ml_model;postgres;-0.7216812265211842;0.40576902378646
ml_model;postgres;-0.3819759302374529;0.40576902378646
ml_model;postgres;-0.23929580966271294;0.40576902378646
ml_model;postgres;-0.23929580966271294;0.40576902378646
ml_model;postgres;-0.23929580966271294;0.40576902378646
ml_model;postgres;-0.23929580966271294;0.40576902378646
ml_model;postgres;-0.24958953883420407;0.40576902378646
ml_model;postgres;-0.24958953883420407;0.40576902378646
ml_model;postgres;-0.24958953883420407;0.40576902378646
ml_model;postgres;-0.24958953883420407;0.40576902378646
ml_model;postgres;-0.19316557768074163;0.40576902378646
ml_model;postgres;-0.19316557768074163;0.40576902378646
ml_model;postgres;-0.2343744178903721;0.40576902378646
ml_model;postgres;-0.2343744178903721;0.40576902378646
ml_model;postgres;-0.2843244890188329;0.40576902378646
ml_model;postgres;-0.4464484334654491;0.40576902378646
ml_model;postgres;-0.4464484334654491;0.40576902378646
ml_model;postgres;-0.4464484334654491;0.40576902378646
ml_model;postgres;-0.453263646346245;0.40576902378646
ml_model;postgres;-0.453263646346245;0.40576902378646
ml_model;postgres;-0.453263646346245;0.40576902378646
ml_model;postgres;-0.38430630231281215;0.40576902378646
ml_model;postgres;-0.38430630231281215;0.40576902378646
ml_model;postgres;-0.38430630231281215;0.40576902378646
ml_model;postgres;-0.38430630231281215;0.40576902378646
ml_model;postgres;-0.4111990791914691;0.40576902378646
ml_model;postgres;-0.36770311468478273;0.40576902378646
ml_model;postgres;-0.36770311468478273;0.40576902378646
ml_model;postgres;-0.36770311468478273;0.40576902378646
ml_model;postgres;-0.36770311468478273;0.40576902378646
ml_model;postgres;-0.030287868259906627;0.40576902378646
ml_model;postgres;-0.030287868259906627;0.40576902378646
ml_model;postgres;-0.030287868259906627;0.40576902378646
ml_model;postgres;-0.030287868259906627;0.40576902378646
ml_model;postgres;-0.7734847472896464;0.40576902378646
ml_model;postgres;-0.7734847472896464;0.40576902378646
ml_model;postgres;-0.7734847472896464;0.40576902378646
ml_model;postgres;-0.7734847472896464;0.40576902378646
ml_model;postgres;-0.8131462507392384;0.40576902378646
ml_model;postgres;-0.8131462507392384;0.40576902378646
ml_model;postgres;-0.8131462507392384;0.40576902378646
ml_model;postgres;-0.8131462507392384;0.40576902378646
ml_model;postgres;-0.23721080751748144;0.40576902378646
ml_model;postgres;-0.23721080751748144;0.40576902378646
ml_model;postgres;-0.23721080751748144;0.40576902378646
ml_model;postgres;-0.23721080751748144;0.40576902378646
ml_model;postgres;-0.23721080751748144;0.40576902378646
ml_model;postgres;-0.23721080751748144;0.40576902378646
ml_model;postgres;-0.23721080751748144;0.40576902378646
ml_model;postgres;-0.23721080751748144;0.40576902378646
ml_model;postgres;-0.23721080751748144;0.40576902378646
ml_model;postgres;-0.23721080751748144;0.40576902378646
ml_model;postgres;-0.23721080751748144;0.40576902378646
ml_model;postgres;-0.23721080751748144;0.40576902378646
ml_model;postgres;-0.23721080751748144;0.40576902378646
ml_model;postgres;-0.23721080751748144;0.40576902378646
ml_model;postgres;-0.23721080751748144;0.40576902378646
ml_model;postgres;-0.23721080751748144;0.40576902378646
ml_model;postgres;-0.23721080751748144;0.40576902378646
ml_model;postgres;-0.18263727536321203;0.40576902378646
ml_model;postgres;-0.18263727536321203;0.40576902378646
ml_model;postgres;-0.18263727536321203;0.40576902378646
ml_model;postgres;-0.18263727536321203;0.40576902378646
ml_model;postgres;-0.18263727536321203;0.40576902378646
ml_model;postgres;-0.18263727536321203;0.40576902378646
ml_model;postgres;-0.18263727536321203;0.40576902378646
ml_model;postgres;-0.18263727536321203;0.40576902378646
ml_model;postgres;-0.18263727536321203;0.40576902378646
ml_model;postgres;-0.18263727536321203;0.40576902378646
ml_model;postgres;-0.18263727536321203;0.40576902378646
ml_model;postgres;-0.18263727536321203;0.40576902378646
ml_model;postgres;-0.18263727536321203;0.40576902378646
ml_model;postgres;-0.18263727536321203;0.40576902378646
ml_model;postgres;-0.18263727536321203;0.40576902378646
ml_model;postgres;-0.18263727536321203;0.40576902378646
ml_model;postgres;-0.18263727536321203;0.40576902378646
ml_model;postgres;-0.1998436487477981;0.40576902378646
ml_model;postgres;-0.1998436487477981;0.40576902378646
ml_model;postgres;-0.1998436487477981;0.40576902378646
ml_model;postgres;-0.1998436487477981;0.40576902378646
ml_model;postgres;-0.1998436487477981;0.40576902378646
ml_model;postgres;-0.1998436487477981;0.40576902378646
ml_model;postgres;-0.1998436487477981;0.40576902378646
ml_model;postgres;-0.1998436487477981;0.40576902378646
ml_model;postgres;-0.1998436487477981;0.40576902378646
ml_model;postgres;-0.1998436487477981;0.40576902378646
ml_model;postgres;-0.1998436487477981;0.40576902378646
ml_model;postgres;-0.1998436487477981;0.40576902378646
ml_model;postgres;-0.1998436487477981;0.40576902378646
ml_model;postgres;-0.1998436487477981;0.40576902378646
ml_model;postgres;-0.1998436487477981;0.40576902378646
ml_model;postgres;-0.1998436487477981;0.40576902378646
ml_model;postgres;-0.1998436487477981;0.40576902378646
ml_model;postgres;-0.2572606651890362;0.40576902378646
ml_model;postgres;-0.2572606651890362;0.40576902378646
ml_model;postgres;-0.2572606651890362;0.40576902378646
ml_model;postgres;-0.2572606651890362;0.40576902378646
ml_model;postgres;-0.2572606651890362;0.40576902378646
ml_model;postgres;-0.2572606651890362;0.40576902378646
ml_model;postgres;-0.2572606651890362;0.40576902378646
ml_model;postgres;-0.2572606651890362;0.40576902378646
ml_model;postgres;-0.2572606651890362;0.40576902378646
ml_model;postgres;-0.2572606651890362;0.40576902378646
ml_model;postgres;-0.2572606651890362;0.40576902378646
ml_model;postgres;-0.2572606651890362;0.40576902378646
ml_model;postgres;-0.2572606651890362;0.40576902378646
ml_model;postgres;-0.2572606651890362;0.40576902378646
ml_model;postgres;-0.2572606651890362;0.40576902378646
ml_model;postgres;-0.2572606651890362;0.40576902378646
ml_model;postgres;-0.2572606651890362;0.40576902378646
ml_model;postgres;-0.32925412544529675;0.40576902378646
ml_model;postgres;-0.32925412544529675;0.40576902378646
ml_model;postgres;-0.32925412544529675;0.40576902378646
ml_model;postgres;-0.32925412544529675;0.40576902378646
ml_model;postgres;-0.32925412544529675;0.40576902378646
ml_model;postgres;-0.32925412544529675;0.40576902378646
ml_model;postgres;-0.32925412544529675;0.40576902378646
ml_model;postgres;-0.32925412544529675;0.40576902378646
ml_model;postgres;-0.32925412544529675;0.40576902378646
ml_model;postgres;-0.32925412544529675;0.40576902378646
ml_model;postgres;-0.32925412544529675;0.40576902378646
ml_model;postgres;-0.32925412544529675;0.40576902378646
ml_model;postgres;-0.32925412544529675;0.40576902378646
ml_model;postgres;-0.32925412544529675;0.40576902378646
ml_model;postgres;-0.32925412544529675;0.40576902378646
ml_model;postgres;-0.32925412544529675;0.40576902378646
ml_model;postgres;-0.32925412544529675;0.40576902378646
ml_model;postgres;-0.41563006300653066;0.40576902378646
ml_model;postgres;-0.1204971597708325;0.40576902378646
ml_model;postgres;-0.26959166621956465;0.40576902378646
ml_model;postgres;-0.26959166621956465;0.40576902378646
ml_model;postgres;-0.31221788321589117;0.40576902378646
ml_model;postgres;-0.31221788321589117;0.40576902378646
ml_model;mongo;-0.5114216693192833;2.1481481481481484
ml_model;mongo;-0.5114216693192833;2.1481481481481484
ml_model;mongo;-0.7269380429195857;2.1481481481481484
ml_model;mongo;-0.7269380429195857;2.1481481481481484
ml_model;mongo;-0.35760018589618203;0.40576902378646
ml_model;mongo;-0.35760018589618203;0.40576902378646
ml_model;mongo;-0.35760018589618203;0.40576902378646
ml_model;mongo;-0.35760018589618203;0.40576902378646
ml_model;mongo;-0.6438684370829505;0.40576902378646
ml_model;mongo;-0.44570284518215714;0.40576902378646
ml_model;mongo;-0.44570284518215714;0.40576902378646
ml_model;mongo;-0.48903377394186714;0.40576902378646
ml_model;mongo;-0.48903377394186714;0.40576902378646
ml_model;mongo;-0.6107483291659677;2.1481481481481484
ml_model;mongo;-0.6107483291659677;2.1481481481481484
ml_model;mongo;-0.6107483291659677;2.1481481481481484
ml_model;mongo;-0.6107483291659677;2.1481481481481484
ml_model;mongo;-0.6107483291659677;2.1481481481481484
ml_model;mongo;-0.7309908372794078;2.1481481481481484
ml_model;mongo;-0.7309908372794078;2.1481481481481484
ml_model;mongo;-0.7309908372794078;2.1481481481481484
ml_model;mongo;-0.7309908372794078;2.1481481481481484
ml_model;mongo;-0.7309908372794078;2.1481481481481484
ml_model;mongo;-0.6283963939318614;0.40576902378646
ml_model;mongo;-0.7779576348845914;0.40576902378646
ml_model;mongo;-0.7931457611346847;0.40576902378646
ml_model;mongo;-0.37268936696493077;0.40576902378646
ml_model;mongo;-0.37268936696493077;0.40576902378646
ml_model;mongo;-0.37268936696493077;0.40576902378646
ml_model;mongo;-0.5356564822153115;0.40576902378646
ml_model;mongo;-0.5356564822153115;0.40576902378646
ml_model;mongo;-0.5356564822153115;0.40576902378646
ml_model;mongo;-0.41177724176794905;2.1481481481481484
ml_model;mongo;-0.41177724176794905;2.1481481481481484
ml_model;mongo;-0.41177724176794905;2.1481481481481484
ml_model;mongo;-0.41177724176794905;2.1481481481481484
ml_model;mongo;-0.41177724176794905;2.1481481481481484
ml_model;mongo;-0.41177724176794905;2.1481481481481484
ml_model;mongo;-0.41177724176794905;2.1481481481481484
ml_model;mongo;-0.41177724176794905;2.1481481481481484
ml_model;mongo;-0.41177724176794905;2.1481481481481484
ml_model;mongo;-0.41177724176794905;2.1481481481481484
ml_model;mongo;-0.41177724176794905;2.1481481481481484
ml_model;mongo;-0.41177724176794905;2.1481481481481484
ml_model;mongo;-0.41177724176794905;2.1481481481481484
ml_model;mongo;-0.41177724176794905;2.1481481481481484
ml_model;mongo;-0.41177724176794905;2.1481481481481484
ml_model;mongo;-0.41177724176794905;2.1481481481481484
ml_model;mongo;-0.41177724176794905;2.1481481481481484
ml_model;mongo;-0.41177724176794905;2.1481481481481484
ml_model;mongo;-0.41177724176794905;2.1481481481481484
ml_model;mongo;-0.41177724176794905;2.1481481481481484
ml_model;mongo;-0.41177724176794905;2.1481481481481484
ml_model;mongo;-0.41177724176794905;2.1481481481481484
ml_model;mongo;-0.41177724176794905;2.1481481481481484
ml_model;mongo;-0.41177724176794905;2.1481481481481484
ml_model;mongo;-0.41177724176794905;2.1481481481481484
ml_model;mongo;-0.41177724176794905;2.1481481481481484
ml_model;mongo;-0.41177724176794905;2.1481481481481484
ml_model;mongo;-0.41177724176794905;2.1481481481481484
ml_model;mongo;-0.41177724176794905;2.1481481481481484
ml_model;mongo;-0.2925482871329404;2.1481481481481484
ml_model;mongo;-0.2925482871329404;2.1481481481481484
ml_model;mongo;-0.2925482871329404;2.1481481481481484
ml_model;mongo;-0.2925482871329404;2.1481481481481484
ml_model;mongo;-0.2925482871329404;2.1481481481481484
ml_model;mongo;-0.2925482871329404;2.1481481481481484
ml_model;mongo;-0.2925482871329404;2.1481481481481484
ml_model;mongo;-0.2925482871329404;2.1481481481481484
ml_model;mongo;-0.2925482871329404;2.1481481481481484
ml_model;mongo;-0.2925482871329404;2.1481481481481484
ml_model;mongo;-0.2925482871329404;2.1481481481481484
ml_model;mongo;-0.2925482871329404;2.1481481481481484
ml_model;mongo;-0.2925482871329404;2.1481481481481484
ml_model;mongo;-0.2925482871329404;2.1481481481481484
ml_model;mongo;-0.2925482871329404;2.1481481481481484
ml_model;mongo;-0.2925482871329404;2.1481481481481484
ml_model;mongo;-0.2925482871329404;2.1481481481481484
ml_model;mongo;-0.2925482871329404;2.1481481481481484
ml_model;mongo;-0.2925482871329404;2.1481481481481484
ml_model;mongo;-0.2925482871329404;2.1481481481481484
ml_model;mongo;-0.2925482871329404;2.1481481481481484
ml_model;mongo;-0.2925482871329404;2.1481481481481484
ml_model;mongo;-0.2925482871329404;2.1481481481481484
ml_model;mongo;-0.2925482871329404;2.1481481481481484
ml_model;mongo;-0.2925482871329404;2.1481481481481484
ml_model;mongo;-0.2925482871329404;2.1481481481481484
ml_model;mongo;-0.2925482871329404;2.1481481481481484
ml_model;mongo;-0.2925482871329404;2.1481481481481484
ml_model;mongo;-0.2925482871329404;2.1481481481481484
ml_model;mongo;-0.22288218761400244;2.1481481481481484
ml_model;mongo;-0.22288218761400244;2.1481481481481484
ml_model;mongo;-0.22288218761400244;2.1481481481481484
ml_model;mongo;-0.22288218761400244;2.1481481481481484
ml_model;mongo;-0.22288218761400244;2.1481481481481484
ml_model;mongo;-0.22288218761400244;2.1481481481481484
ml_model;mongo;-0.22288218761400244;2.1481481481481484
ml_model;mongo;-0.22288218761400244;2.1481481481481484
ml_model;mongo;-0.22288218761400244;2.1481481481481484
ml_model;mongo;-0.22288218761400244;2.1481481481481484
ml_model;mongo;-0.22288218761400244;2.1481481481481484
ml_model;mongo;-0.22288218761400244;2.1481481481481484
ml_model;mongo;-0.22288218761400244;2.1481481481481484
ml_model;mongo;-0.22288218761400244;2.1481481481481484
ml_model;mongo;-0.22288218761400244;2.1481481481481484
ml_model;mongo;-0.22288218761400244;2.1481481481481484
ml_model;mongo;-0.22288218761400244;2.1481481481481484
ml_model;mongo;-0.22288218761400244;2.1481481481481484
ml_model;mongo;-0.22288218761400244;2.1481481481481484
ml_model;mongo;-0.22288218761400244;2.1481481481481484
ml_model;mongo;-0.22288218761400244;2.1481481481481484
ml_model;mongo;-0.22288218761400244;2.1481481481481484
ml_model;mongo;-0.22288218761400244;2.1481481481481484
ml_model;mongo;-0.22288218761400244;2.1481481481481484
ml_model;mongo;-0.22288218761400244;2.1481481481481484
ml_model;mongo;-0.22288218761400244;2.1481481481481484
ml_model;mongo;-0.22288218761400244;2.1481481481481484
ml_model;mongo;-0.22288218761400244;2.1481481481481484
ml_model;mongo;-0.22288218761400244;2.1481481481481484
ml_model;mongo;-0.15974247197034722;2.1481481481481484
ml_model;mongo;-0.15974247197034722;2.1481481481481484
ml_model;mongo;-0.15974247197034722;2.1481481481481484
ml_model;mongo;-0.15974247197034722;2.1481481481481484
ml_model;mongo;-0.15974247197034722;2.1481481481481484
ml_model;mongo;-0.15974247197034722;2.1481481481481484
ml_model;mongo;-0.15974247197034722;2.1481481481481484
ml_model;mongo;-0.15974247197034722;2.1481481481481484
ml_model;mongo;-0.15974247197034722;2.1481481481481484
ml_model;mongo;-0.15974247197034722;2.1481481481481484
ml_model;mongo;-0.15974247197034722;2.1481481481481484
ml_model;mongo;-0.15974247197034722;2.1481481481481484
ml_model;mongo;-0.15974247197034722;2.1481481481481484
ml_model;mongo;-0.15974247197034722;2.1481481481481484
ml_model;mongo;-0.15974247197034722;2.1481481481481484
ml_model;mongo;-0.15974247197034722;2.1481481481481484
ml_model;mongo;-0.15974247197034722;2.1481481481481484
ml_model;mongo;-0.15974247197034722;2.1481481481481484
ml_model;mongo;-0.15974247197034722;2.1481481481481484
ml_model;mongo;-0.15974247197034722;2.1481481481481484
ml_model;mongo;-0.15974247197034722;2.1481481481481484
ml_model;mongo;-0.15974247197034722;2.1481481481481484
ml_model;mongo;-0.15974247197034722;2.1481481481481484
ml_model;mongo;-0.15974247197034722;2.1481481481481484
ml_model;mongo;-0.15974247197034722;2.1481481481481484
ml_model;mongo;-0.15974247197034722;2.1481481481481484
ml_model;mongo;-0.15974247197034722;2.1481481481481484
ml_model;mongo;-0.15974247197034722;2.1481481481481484
ml_model;mongo;-0.15974247197034722;2.1481481481481484
ml_model;mongo;-0.23197838257724798;2.1481481481481484
ml_model;mongo;-0.23197838257724798;2.1481481481481484
ml_model;mongo;-0.23197838257724798;2.1481481481481484
ml_model;mongo;-0.23197838257724798;2.1481481481481484
ml_model;mongo;-0.23197838257724798;2.1481481481481484
ml_model;mongo;-0.23197838257724798;2.1481481481481484
ml_model;mongo;-0.23197838257724798;2.1481481481481484
ml_model;mongo;-0.23197838257724798;2.1481481481481484
ml_model;mongo;-0.23197838257724798;2.1481481481481484
ml_model;mongo;-0.23197838257724798;2.1481481481481484
ml_model;mongo;-0.23197838257724798;2.1481481481481484
ml_model;mongo;-0.23197838257724798;2.1481481481481484
ml_model;mongo;-0.23197838257724798;2.1481481481481484
ml_model;mongo;-0.23197838257724798;2.1481481481481484
ml_model;mongo;-0.23197838257724798;2.1481481481481484
ml_model;mongo;-0.23197838257724798;2.1481481481481484
ml_model;mongo;-0.23197838257724798;2.1481481481481484
ml_model;mongo;-0.23197838257724798;2.1481481481481484
ml_model;mongo;-0.23197838257724798;2.1481481481481484
ml_model;mongo;-0.23197838257724798;2.1481481481481484
ml_model;mongo;-0.23197838257724798;2.1481481481481484
ml_model;mongo;-0.23197838257724798;2.1481481481481484
ml_model;mongo;-0.23197838257724798;2.1481481481481484
ml_model;mongo;-0.23197838257724798;2.1481481481481484
ml_model;mongo;-0.23197838257724798;2.1481481481481484
ml_model;mongo;-0.23197838257724798;2.1481481481481484
ml_model;mongo;-0.23197838257724798;2.1481481481481484
ml_model;mongo;-0.23197838257724798;2.1481481481481484
ml_model;mongo;-0.23197838257724798;2.1481481481481484
ml_model;mongo;-0.46781639098774686;0.40576902378646
ml_model;mongo;-0.8017672464916527;0.40576902378646
ml_model;mongo;-0.8017672464916527;0.40576902378646
ml_model;mongo;-0.8771499297736365;0.40576902378646
ml_model;mongo;-0.8771499297736365;0.40576902378646
ml_model;mongo;-0.5612902634590066;0.40576902378646
ml_model;mongo;-0.5612902634590066;0.40576902378646
ml_model;mongo;-0.5958930527060229;0.40576902378646
ml_model;mongo;-0.5958930527060229;0.40576902378646
ml_model;mongo;-0.5958930527060229;0.40576902378646
ml_model;mongo;-0.8089687024287093;0.40576902378646
ml_model;mongo;-0.8089687024287093;0.40576902378646
ml_model;mongo;-0.8089687024287093;0.40576902378646
ml_model;mongo;-0.5698291776561949;2.1481481481481484
ml_model;mongo;-0.5698291776561949;2.1481481481481484
ml_model;mongo;-0.5698291776561949;2.1481481481481484
ml_model;mongo;-0.5698291776561949;2.1481481481481484
ml_model;mongo;-0.5698291776561949;2.1481481481481484
ml_model;mongo;-0.5698291776561949;2.1481481481481484
ml_model;mongo;-0.5698291776561949;2.1481481481481484
ml_model;mongo;-0.5698291776561949;2.1481481481481484
ml_model;mongo;-0.7340257718483495;2.1481481481481484
ml_model;mongo;-0.7340257718483495;2.1481481481481484
ml_model;mongo;-0.7340257718483495;2.1481481481481484
ml_model;mongo;-0.7340257718483495;2.1481481481481484
ml_model;mongo;-0.7340257718483495;2.1481481481481484
ml_model;mongo;-0.7340257718483495;2.1481481481481484
ml_model;mongo;-0.7340257718483495;2.1481481481481484
ml_model;mongo;-0.7340257718483495;2.1481481481481484
ml_model;mongo;-0.7981271124734778;2.1481481481481484
ml_model;mongo;-0.7981271124734778;2.1481481481481484
ml_model;mongo;-0.7981271124734778;2.1481481481481484
ml_model;mongo;-0.7981271124734778;2.1481481481481484
ml_model;mongo;-0.7981271124734778;2.1481481481481484
ml_model;mongo;-0.7981271124734778;2.1481481481481484
ml_model;mongo;-0.7981271124734778;2.1481481481481484
ml_model;mongo;-0.7981271124734778;2.1481481481481484
ml_model;mongo;-0.8027405574500103;2.1481481481481484
ml_model;mongo;-0.8027405574500103;2.1481481481481484
ml_model;mongo;-0.8027405574500103;2.1481481481481484
ml_model;mongo;-0.8027405574500103;2.1481481481481484
ml_model;mongo;-0.25977973911258645;2.1481481481481484
ml_model;mongo;-0.7042353766131554;0.40576902378646
ml_model;mongo;-0.8728389423879395;0.40576902378646
ml_model;mongo;-0.6387794819630545;0.40576902378646
ml_model;mongo;-0.5757315410776483;0.40576902378646
ml_model;mongo;-0.5547450628082344;0.40576902378646
ml_model;mongo;-0.5406557371480877;0.40576902378646
ml_model;mongo;-0.5406557371480877;0.40576902378646
ml_model;mongo;-0.5406557371480877;0.40576902378646
ml_model;mongo;-0.5406557371480877;0.40576902378646
ml_model;mongo;-0.5965618301639295;0.40576902378646
ml_model;mongo;-0.5965618301639295;0.40576902378646
ml_model;mongo;-0.5965618301639295;0.40576902378646
ml_model;mongo;-0.5965618301639295;0.40576902378646
ml_model;mongo;-0.626228940320841;0.40576902378646
ml_model;mongo;-0.626228940320841;0.40576902378646
ml_model;mongo;-0.626228940320841;0.40576902378646
ml_model;mongo;-0.626228940320841;0.40576902378646
ml_model;mongo;-0.6565432802091914;0.40576902378646
ml_model;mongo;-0.6565432802091914;0.40576902378646
ml_model;mongo;-0.6565432802091914;0.40576902378646
ml_model;mongo;-0.6565432802091914;0.40576902378646
ml_model;mongo;-0.545080223670067;0.40576902378646
ml_model;mongo;-0.545080223670067;0.40576902378646
ml_model;mongo;-0.545080223670067;0.40576902378646
ml_model;mongo;-0.545080223670067;0.40576902378646
ml_model;mongo;-0.545080223670067;0.40576902378646
ml_model;mongo;-0.545080223670067;0.40576902378646
ml_model;mongo;-0.5726223463307162;0.40576902378646
ml_model;mongo;-0.5726223463307162;0.40576902378646
ml_model;mongo;-0.5726223463307162;0.40576902378646
ml_model;mongo;-0.5726223463307162;0.40576902378646
ml_model;mongo;-0.5726223463307162;0.40576902378646
ml_model;mongo;-0.5726223463307162;0.40576902378646
ml_model;mongo;-0.5665399288024503;0.40576902378646
ml_model;mongo;-0.5665399288024503;0.40576902378646
ml_model;mongo;-0.5665399288024503;0.40576902378646
ml_model;mongo;-0.5665399288024503;0.40576902378646
ml_model;mongo;-0.5665399288024503;0.40576902378646
ml_model;mongo;-0.5665399288024503;0.40576902378646
ml_model;mongo;-0.5862777945573909;0.40576902378646
ml_model;mongo;-0.5862777945573909;0.40576902378646
ml_model;mongo;-0.5862777945573909;0.40576902378646
ml_model;mongo;-0.5862777945573909;0.40576902378646
ml_model;mongo;-0.5862777945573909;0.40576902378646
ml_model;mongo;-0.5862777945573909;0.40576902378646
ml_model;mongo;-0.8137620074644827;0.40576902378646
ml_model;mongo;-0.8137620074644827;0.40576902378646
ml_model;mongo;-0.8137620074644827;0.40576902378646
ml_model;mongo;-0.6652037263378641;0.40576902378646
ml_model;mongo;-0.5523080204791487;0.40576902378646
ml_model;mongo;-0.6268699608952225;0.40576902378646
ml_model;mongo;-0.6268699608952225;0.40576902378646
ml_model;mongo;-0.6268699608952225;0.40576902378646
ml_model;mongo;-0.7771028068754671;0.40576902378646
ml_model;mongo;-0.7771028068754671;0.40576902378646
ml_model;mongo;-0.7771028068754671;0.40576902378646
ml_model;mongo;-0.7439765053643994;0.40576902378646
ml_model;mongo;-0.7439765053643994;0.40576902378646
ml_model;mongo;-0.6501985141656361;2.1481481481481484
ml_model;mongo;-0.6501985141656361;2.1481481481481484
ml_model;mongo;-0.4491089343629228;0.40576902378646
ml_model;mongo;-0.4491089343629228;0.40576902378646
ml_model;mongo;-0.4491089343629228;0.40576902378646
ml_model;mongo;-0.4491089343629228;0.40576902378646
ml_model;mongo;-0.4491089343629228;0.40576902378646
ml_model;mongo;-0.4491089343629228;0.40576902378646
ml_model;mongo;-0.4491089343629228;0.40576902378646
ml_model;mongo;-0.4491089343629228;0.40576902378646
ml_model;mongo;-0.5360583851505145;0.40576902378646
ml_model;mongo;-0.5360583851505145;0.40576902378646
ml_model;mongo;-0.5360583851505145;0.40576902378646
ml_model;mongo;-0.5360583851505145;0.40576902378646
ml_model;mongo;-0.5360583851505145;0.40576902378646
ml_model;mongo;-0.5360583851505145;0.40576902378646
ml_model;mongo;-0.5360583851505145;0.40576902378646
ml_model;mongo;-0.5360583851505145;0.40576902378646
ml_model;mongo;-0.6794835500066371;0.40576902378646
ml_model;mongo;-0.6794835500066371;0.40576902378646
ml_model;mongo;-0.6794835500066371;0.40576902378646
ml_model;mongo;-0.6794835500066371;0.40576902378646
ml_model;mongo;-0.6794835500066371;0.40576902378646
ml_model;mongo;-0.6794835500066371;0.40576902378646
ml_model;mongo;-0.6794835500066371;0.40576902378646
ml_model;mongo;-0.6794835500066371;0.40576902378646
ml_model;mongo;-0.5307258694061767;0.40576902378646
ml_model;mongo;-0.4812246933974063;0.40576902378646
ml_model;mongo;-0.5817258725067844;0.40576902378646
ml_model;mongo;-0.5817258725067844;0.40576902378646
ml_model;mongo;-0.5817258725067844;0.40576902378646
ml_model;mongo;-0.5817258725067844;0.40576902378646
ml_model;mongo;-0.5817258725067844;0.40576902378646
ml_model;mongo;-0.5481379931948205;0.40576902378646
ml_model;mongo;-0.5481379931948205;0.40576902378646
ml_model;mongo;-0.5481379931948205;0.40576902378646
ml_model;mongo;-0.5481379931948205;0.40576902378646
ml_model;mongo;-0.5481379931948205;0.40576902378646
ml_model;mongo;-0.5386269200368698;0.40576902378646
ml_model;mongo;-0.5386269200368698;0.40576902378646
ml_model;mongo;-0.5386269200368698;0.40576902378646
ml_model;mongo;-0.5386269200368698;0.40576902378646
ml_model;mongo;-0.5386269200368698;0.40576902378646
ml_model;mongo;-0.7720922563928472;0.40576902378646
ml_model;mongo;-0.5274870122350656;0.40576902378646
ml_model;mongo;-0.7720984353931891;0.40576902378646
ml_model;mongo;-0.5655139862728763;0.40576902378646
ml_model;mongo;-0.5655139862728763;0.40576902378646
ml_model;mongo;-0.5655139862728763;0.40576902378646
ml_model;mongo;-0.5655139862728763;0.40576902378646
ml_model;mongo;-0.4481263065761936;0.40576902378646
ml_model;mongo;-0.5352205789834131;0.40576902378646
ml_model;mongo;-0.5580787463679905;2.1481481481481484
ml_model;mongo;-0.5580787463679905;2.1481481481481484
ml_model;mongo;-0.5580787463679905;2.1481481481481484
ml_model;mongo;-0.5580787463679905;2.1481481481481484
ml_model;mongo;-0.41886641392139773;2.1481481481481484
ml_model;mongo;-0.41886641392139773;2.1481481481481484
ml_model;mongo;-0.41886641392139773;2.1481481481481484
ml_model;mongo;-0.41886641392139773;2.1481481481481484
ml_model;mongo;-0.5186802790046944;2.1481481481481484
ml_model;mongo;-0.5186802790046944;2.1481481481481484
ml_model;mongo;-0.5186802790046944;2.1481481481481484
ml_model;mongo;-0.5186802790046944;2.1481481481481484
ml_model;mongo;-0.864320925321269;0.40576902378646
ml_model;mongo;-0.30582077658649665;0.40576902378646
ml_model;mongo;-0.6624799942211552;0.40576902378646
ml_model;mongo;-0.6074319595629454;0.40576902378646
ml_model;mongo;-0.6074319595629454;0.40576902378646
ml_model;mongo;-0.6074319595629454;0.40576902378646
ml_model;mongo;-0.6074319595629454;0.40576902378646
ml_model;mongo;-0.6074319595629454;0.40576902378646
ml_model;mongo;-0.399531846342036;2.1481481481481484
ml_model;mongo;-0.399531846342036;2.1481481481481484
ml_model;mongo;-0.5446933436217598;2.1481481481481484
ml_model;mongo;-0.5446933436217598;2.1481481481481484
ml_model;mongo;-0.6879671329704383;0.40576902378646
ml_model;mongo;-0.6879671329704383;0.40576902378646
ml_model;mongo;-0.6879671329704383;0.40576902378646
ml_model;mongo;-0.7130864861585781;0.40576902378646
ml_model;mongo;-0.7130864861585781;0.40576902378646
ml_model;mongo;-0.7130864861585781;0.40576902378646
ml_model;mongo;-0.6585339810134326;2.1481481481481484
ml_model;mongo;-0.6585339810134326;2.1481481481481484
ml_model;mongo;-0.6585339810134326;2.1481481481481484
ml_model;mongo;-0.7339500003406338;2.1481481481481484
ml_model;mongo;-0.7339500003406338;2.1481481481481484
ml_model;mongo;-0.7339500003406338;2.1481481481481484
ml_model;mongo;-0.8297563591780551;0.40576902378646
ml_model;mongo;-0.39017321442543024;2.1481481481481484
ml_model;mongo;-0.39017321442543024;2.1481481481481484
ml_model;mongo;-0.39017321442543024;2.1481481481481484
ml_model;mongo;-0.39017321442543024;2.1481481481481484
ml_model;mongo;-0.39017321442543024;2.1481481481481484
ml_model;mongo;-0.39017321442543024;2.1481481481481484
ml_model;mongo;-0.39017321442543024;2.1481481481481484
ml_model;mongo;-0.39017321442543024;2.1481481481481484
ml_model;mongo;-0.39017321442543024;2.1481481481481484
ml_model;mongo;-0.39017321442543024;2.1481481481481484
ml_model;mongo;-0.39017321442543024;2.1481481481481484
ml_model;mongo;-0.39017321442543024;2.1481481481481484
ml_model;mongo;-0.39017321442543024;2.1481481481481484
ml_model;mongo;-0.39017321442543024;2.1481481481481484
ml_model;mongo;-0.39017321442543024;2.1481481481481484
ml_model;mongo;-0.39017321442543024;2.1481481481481484
ml_model;mongo;-0.39017321442543024;2.1481481481481484
ml_model;mongo;-0.39017321442543024;2.1481481481481484
ml_model;mongo;-0.39017321442543024;2.1481481481481484
ml_model;mongo;-0.39017321442543024;2.1481481481481484
ml_model;mongo;-0.39017321442543024;2.1481481481481484
ml_model;mongo;-0.3854055293359394;2.1481481481481484
ml_model;mongo;-0.3854055293359394;2.1481481481481484
ml_model;mongo;-0.3854055293359394;2.1481481481481484
ml_model;mongo;-0.3854055293359394;2.1481481481481484
ml_model;mongo;-0.3854055293359394;2.1481481481481484
ml_model;mongo;-0.3854055293359394;2.1481481481481484
ml_model;mongo;-0.3854055293359394;2.1481481481481484
ml_model;mongo;-0.3854055293359394;2.1481481481481484
ml_model;mongo;-0.3854055293359394;2.1481481481481484
ml_model;mongo;-0.3854055293359394;2.1481481481481484
ml_model;mongo;-0.3854055293359394;2.1481481481481484
ml_model;mongo;-0.3854055293359394;2.1481481481481484
ml_model;mongo;-0.3854055293359394;2.1481481481481484
ml_model;mongo;-0.3854055293359394;2.1481481481481484
ml_model;mongo;-0.3854055293359394;2.1481481481481484
ml_model;mongo;-0.3854055293359394;2.1481481481481484
ml_model;mongo;-0.3854055293359394;2.1481481481481484
ml_model;mongo;-0.3854055293359394;2.1481481481481484
ml_model;mongo;-0.3854055293359394;2.1481481481481484
ml_model;mongo;-0.3854055293359394;2.1481481481481484
ml_model;mongo;-0.3854055293359394;2.1481481481481484
ml_model;mongo;-0.25756254404629036;2.1481481481481484
ml_model;mongo;-0.25756254404629036;2.1481481481481484
ml_model;mongo;-0.25756254404629036;2.1481481481481484
ml_model;mongo;-0.25756254404629036;2.1481481481481484
ml_model;mongo;-0.25756254404629036;2.1481481481481484
ml_model;mongo;-0.25756254404629036;2.1481481481481484
ml_model;mongo;-0.25756254404629036;2.1481481481481484
ml_model;mongo;-0.25756254404629036;2.1481481481481484
ml_model;mongo;-0.25756254404629036;2.1481481481481484
ml_model;mongo;-0.25756254404629036;2.1481481481481484
ml_model;mongo;-0.25756254404629036;2.1481481481481484
ml_model;mongo;-0.25756254404629036;2.1481481481481484
ml_model;mongo;-0.25756254404629036;2.1481481481481484
ml_model;mongo;-0.25756254404629036;2.1481481481481484
ml_model;mongo;-0.25756254404629036;2.1481481481481484
ml_model;mongo;-0.25756254404629036;2.1481481481481484
ml_model;mongo;-0.25756254404629036;2.1481481481481484
ml_model;mongo;-0.25756254404629036;2.1481481481481484
ml_model;mongo;-0.25756254404629036;2.1481481481481484
ml_model;mongo;-0.25756254404629036;2.1481481481481484
ml_model;mongo;-0.25756254404629036;2.1481481481481484
ml_model;mongo;-0.3109901573666693;2.1481481481481484
ml_model;mongo;-0.3109901573666693;2.1481481481481484
ml_model;mongo;-0.3109901573666693;2.1481481481481484
ml_model;mongo;-0.3109901573666693;2.1481481481481484
ml_model;mongo;-0.3109901573666693;2.1481481481481484
ml_model;mongo;-0.3109901573666693;2.1481481481481484
ml_model;mongo;-0.3109901573666693;2.1481481481481484
ml_model;mongo;-0.3109901573666693;2.1481481481481484
ml_model;mongo;-0.3109901573666693;2.1481481481481484
ml_model;mongo;-0.3109901573666693;2.1481481481481484
ml_model;mongo;-0.3109901573666693;2.1481481481481484
ml_model;mongo;-0.3109901573666693;2.1481481481481484
ml_model;mongo;-0.3109901573666693;2.1481481481481484
ml_model;mongo;-0.3109901573666693;2.1481481481481484
ml_model;mongo;-0.3109901573666693;2.1481481481481484
ml_model;mongo;-0.3109901573666693;2.1481481481481484
ml_model;mongo;-0.3109901573666693;2.1481481481481484
ml_model;mongo;-0.3109901573666693;2.1481481481481484
ml_model;mongo;-0.3109901573666693;2.1481481481481484
ml_model;mongo;-0.3109901573666693;2.1481481481481484
ml_model;mongo;-0.3109901573666693;2.1481481481481484
ml_model;mongo;-0.40432327195611306;2.1481481481481484
ml_model;mongo;-0.40432327195611306;2.1481481481481484
ml_model;mongo;-0.40432327195611306;2.1481481481481484
ml_model;mongo;-0.40432327195611306;2.1481481481481484
ml_model;mongo;-0.40432327195611306;2.1481481481481484
ml_model;mongo;-0.40432327195611306;2.1481481481481484
ml_model;mongo;-0.40432327195611306;2.1481481481481484
ml_model;mongo;-0.40432327195611306;2.1481481481481484
ml_model;mongo;-0.40432327195611306;2.1481481481481484
ml_model;mongo;-0.40432327195611306;2.1481481481481484
ml_model;mongo;-0.40432327195611306;2.1481481481481484
ml_model;mongo;-0.40432327195611306;2.1481481481481484
ml_model;mongo;-0.40432327195611306;2.1481481481481484
ml_model;mongo;-0.40432327195611306;2.1481481481481484
ml_model;mongo;-0.40432327195611306;2.1481481481481484
ml_model;mongo;-0.40432327195611306;2.1481481481481484
ml_model;mongo;-0.40432327195611306;2.1481481481481484
ml_model;mongo;-0.40432327195611306;2.1481481481481484
ml_model;mongo;-0.40432327195611306;2.1481481481481484
ml_model;mongo;-0.40432327195611306;2.1481481481481484
ml_model;mongo;-0.40432327195611306;2.1481481481481484
ml_model;mongo;-0.3589536089103579;2.1481481481481484
ml_model;mongo;-0.3589536089103579;2.1481481481481484
ml_model;mongo;-0.3589536089103579;2.1481481481481484
ml_model;mongo;-0.3589536089103579;2.1481481481481484
ml_model;mongo;-0.3589536089103579;2.1481481481481484
ml_model;mongo;-0.3589536089103579;2.1481481481481484
ml_model;mongo;-0.3589536089103579;2.1481481481481484
ml_model;mongo;-0.3589536089103579;2.1481481481481484
ml_model;mongo;-0.3589536089103579;2.1481481481481484
ml_model;mongo;-0.3589536089103579;2.1481481481481484
ml_model;mongo;-0.3589536089103579;2.1481481481481484
ml_model;mongo;-0.3589536089103579;2.1481481481481484
ml_model;mongo;-0.3589536089103579;2.1481481481481484
ml_model;mongo;-0.3589536089103579;2.1481481481481484
ml_model;mongo;-0.3589536089103579;2.1481481481481484
ml_model;mongo;-0.3589536089103579;2.1481481481481484
ml_model;mongo;-0.3589536089103579;2.1481481481481484
ml_model;mongo;-0.3589536089103579;2.1481481481481484
ml_model;mongo;-0.3589536089103579;2.1481481481481484
ml_model;mongo;-0.3589536089103579;2.1481481481481484
ml_model;mongo;-0.3589536089103579;2.1481481481481484
ml_model;mongo;-0.38392638546882263;0.40576902378646
ml_model;mongo;-0.38392638546882263;0.40576902378646
ml_model;mongo;-0.38392638546882263;0.40576902378646
ml_model;mongo;-0.38392638546882263;0.40576902378646
ml_model;mongo;-0.38392638546882263;0.40576902378646
ml_model;mongo;-0.38392638546882263;0.40576902378646
ml_model;mongo;-0.38392638546882263;0.40576902378646
ml_model;mongo;-0.38392638546882263;0.40576902378646
ml_model;mongo;-0.38392638546882263;0.40576902378646
ml_model;mongo;-0.6942347872627723;0.40576902378646
ml_model;mongo;-0.6942347872627723;0.40576902378646
ml_model;mongo;-0.6942347872627723;0.40576902378646
ml_model;mongo;-0.6942347872627723;0.40576902378646
ml_model;mongo;-0.6942347872627723;0.40576902378646
ml_model;mongo;-0.6942347872627723;0.40576902378646
ml_model;mongo;-0.6942347872627723;0.40576902378646
ml_model;mongo;-0.6942347872627723;0.40576902378646
ml_model;mongo;-0.6942347872627723;0.40576902378646
ml_model;mongo;-0.7940067149005781;0.40576902378646
ml_model;mongo;-0.7940067149005781;0.40576902378646
ml_model;mongo;-0.7940067149005781;0.40576902378646
ml_model;mongo;-0.7940067149005781;0.40576902378646
ml_model;mongo;-0.7940067149005781;0.40576902378646
ml_model;mongo;-0.7940067149005781;0.40576902378646
ml_model;mongo;-0.7940067149005781;0.40576902378646
ml_model;mongo;-0.7940067149005781;0.40576902378646
ml_model;mongo;-0.7940067149005781;0.40576902378646
ml_model;mongo;-0.035436686909674116;14.280303030303031
ml_model;mongo;-0.8728339725158851;0.40576902378646
ml_model;mongo;-0.8247222829880215;0.40576902378646
ml_model;mongo;-0.5637410588657417;0.40576902378646
ml_model;mongo;-0.40261338648174533;2.1481481481481484
ml_model;mongo;-0.40261338648174533;2.1481481481481484
ml_model;mongo;-0.40261338648174533;2.1481481481481484
ml_model;mongo;-0.40261338648174533;2.1481481481481484
ml_model;mongo;-0.5266559113771646;2.1481481481481484
ml_model;mongo;-0.5266559113771646;2.1481481481481484
ml_model;mongo;-0.5266559113771646;2.1481481481481484
ml_model;mongo;-0.5266559113771646;2.1481481481481484
ml_model;mongo;-0.36442639046882114;2.1481481481481484
ml_model;mongo;-0.7676899857912489;0.40576902378646
ml_model;mongo;-0.4318582527129689;2.1481481481481484
ml_model;mongo;-0.4318582527129689;2.1481481481481484
ml_model;mongo;-0.4318582527129689;2.1481481481481484
ml_model;mongo;-0.4318582527129689;2.1481481481481484
ml_model;mongo;-0.4318582527129689;2.1481481481481484
ml_model;mongo;-0.4318582527129689;2.1481481481481484
ml_model;mongo;-0.4318582527129689;2.1481481481481484
ml_model;mongo;-0.4318582527129689;2.1481481481481484
ml_model;mongo;-0.4318582527129689;2.1481481481481484
ml_model;mongo;-0.4318582527129689;2.1481481481481484
ml_model;mongo;-0.4318582527129689;2.1481481481481484
ml_model;mongo;-0.4318582527129689;2.1481481481481484
ml_model;mongo;-0.4318582527129689;2.1481481481481484
ml_model;mongo;-0.4318582527129689;2.1481481481481484
ml_model;mongo;-0.4318582527129689;2.1481481481481484
ml_model;mongo;-0.4318582527129689;2.1481481481481484
ml_model;mongo;-0.4318582527129689;2.1481481481481484
ml_model;mongo;-0.4318582527129689;2.1481481481481484
ml_model;mongo;-0.4318582527129689;2.1481481481481484
ml_model;mongo;-0.4318582527129689;2.1481481481481484
ml_model;mongo;-0.4318582527129689;2.1481481481481484
ml_model;mongo;-0.4318582527129689;2.1481481481481484
ml_model;mongo;-0.4318582527129689;2.1481481481481484
ml_model;mongo;-0.2623377169637249;2.1481481481481484
ml_model;mongo;-0.2623377169637249;2.1481481481481484
ml_model;mongo;-0.2623377169637249;2.1481481481481484
ml_model;mongo;-0.2623377169637249;2.1481481481481484
ml_model;mongo;-0.2623377169637249;2.1481481481481484
ml_model;mongo;-0.2623377169637249;2.1481481481481484
ml_model;mongo;-0.2623377169637249;2.1481481481481484
ml_model;mongo;-0.2623377169637249;2.1481481481481484
ml_model;mongo;-0.2623377169637249;2.1481481481481484
ml_model;mongo;-0.2623377169637249;2.1481481481481484
ml_model;mongo;-0.2623377169637249;2.1481481481481484
ml_model;mongo;-0.2623377169637249;2.1481481481481484
ml_model;mongo;-0.2623377169637249;2.1481481481481484
ml_model;mongo;-0.2623377169637249;2.1481481481481484
ml_model;mongo;-0.2623377169637249;2.1481481481481484
ml_model;mongo;-0.2623377169637249;2.1481481481481484
ml_model;mongo;-0.2623377169637249;2.1481481481481484
ml_model;mongo;-0.2623377169637249;2.1481481481481484
ml_model;mongo;-0.2623377169637249;2.1481481481481484
ml_model;mongo;-0.2623377169637249;2.1481481481481484
ml_model;mongo;-0.2623377169637249;2.1481481481481484
ml_model;mongo;-0.2623377169637249;2.1481481481481484
ml_model;mongo;-0.2623377169637249;2.1481481481481484
ml_model;mongo;-0.3196788002311845;2.1481481481481484
ml_model;mongo;-0.3196788002311845;2.1481481481481484
ml_model;mongo;-0.3196788002311845;2.1481481481481484
ml_model;mongo;-0.3196788002311845;2.1481481481481484
ml_model;mongo;-0.3196788002311845;2.1481481481481484
ml_model;mongo;-0.3196788002311845;2.1481481481481484
ml_model;mongo;-0.3196788002311845;2.1481481481481484
ml_model;mongo;-0.3196788002311845;2.1481481481481484
ml_model;mongo;-0.3196788002311845;2.1481481481481484
ml_model;mongo;-0.3196788002311845;2.1481481481481484
ml_model;mongo;-0.3196788002311845;2.1481481481481484
ml_model;mongo;-0.3196788002311845;2.1481481481481484
ml_model;mongo;-0.3196788002311845;2.1481481481481484
ml_model;mongo;-0.3196788002311845;2.1481481481481484
ml_model;mongo;-0.3196788002311845;2.1481481481481484
ml_model;mongo;-0.3196788002311845;2.1481481481481484
ml_model;mongo;-0.3196788002311845;2.1481481481481484
ml_model;mongo;-0.3196788002311845;2.1481481481481484
ml_model;mongo;-0.3196788002311845;2.1481481481481484
ml_model;mongo;-0.3196788002311845;2.1481481481481484
ml_model;mongo;-0.3196788002311845;2.1481481481481484
ml_model;mongo;-0.3196788002311845;2.1481481481481484
ml_model;mongo;-0.3196788002311845;2.1481481481481484
ml_model;mongo;-0.13516824036476954;2.1481481481481484
ml_model;mongo;-0.13516824036476954;2.1481481481481484
ml_model;mongo;-0.13516824036476954;2.1481481481481484
ml_model;mongo;-0.13516824036476954;2.1481481481481484
ml_model;mongo;-0.13516824036476954;2.1481481481481484
ml_model;mongo;-0.13516824036476954;2.1481481481481484
ml_model;mongo;-0.13516824036476954;2.1481481481481484
ml_model;mongo;-0.13516824036476954;2.1481481481481484
ml_model;mongo;-0.13516824036476954;2.1481481481481484
ml_model;mongo;-0.13516824036476954;2.1481481481481484
ml_model;mongo;-0.13516824036476954;2.1481481481481484
ml_model;mongo;-0.13516824036476954;2.1481481481481484
ml_model;mongo;-0.13516824036476954;2.1481481481481484
ml_model;mongo;-0.13516824036476954;2.1481481481481484
ml_model;mongo;-0.13516824036476954;2.1481481481481484
ml_model;mongo;-0.13516824036476954;2.1481481481481484
ml_model;mongo;-0.13516824036476954;2.1481481481481484
ml_model;mongo;-0.13516824036476954;2.1481481481481484
ml_model;mongo;-0.13516824036476954;2.1481481481481484
ml_model;mongo;-0.13516824036476954;2.1481481481481484
ml_model;mongo;-0.13516824036476954;2.1481481481481484
ml_model;mongo;-0.13516824036476954;2.1481481481481484
ml_model;mongo;-0.13516824036476954;2.1481481481481484
ml_model;mongo;-0.041489304327671374;2.1481481481481484
ml_model;mongo;-0.041489304327671374;2.1481481481481484
ml_model;mongo;-0.041489304327671374;2.1481481481481484
ml_model;mongo;-0.041489304327671374;2.1481481481481484
ml_model;mongo;-0.041489304327671374;2.1481481481481484
ml_model;mongo;-0.041489304327671374;2.1481481481481484
ml_model;mongo;-0.041489304327671374;2.1481481481481484
ml_model;mongo;-0.041489304327671374;2.1481481481481484
ml_model;mongo;-0.041489304327671374;2.1481481481481484
ml_model;mongo;-0.041489304327671374;2.1481481481481484
ml_model;mongo;-0.041489304327671374;2.1481481481481484
ml_model;mongo;-0.041489304327671374;2.1481481481481484
ml_model;mongo;-0.041489304327671374;2.1481481481481484
ml_model;mongo;-0.041489304327671374;2.1481481481481484
ml_model;mongo;-0.041489304327671374;2.1481481481481484
ml_model;mongo;-0.041489304327671374;2.1481481481481484
ml_model;mongo;-0.041489304327671374;2.1481481481481484
ml_model;mongo;-0.041489304327671374;2.1481481481481484
ml_model;mongo;-0.041489304327671374;2.1481481481481484
ml_model;mongo;-0.041489304327671374;2.1481481481481484
ml_model;mongo;-0.041489304327671374;2.1481481481481484
ml_model;mongo;-0.041489304327671374;2.1481481481481484
ml_model;mongo;-0.041489304327671374;2.1481481481481484
ml_model;mongo;-0.0698835411436596;2.1481481481481484
ml_model;mongo;-0.0698835411436596;2.1481481481481484
ml_model;mongo;-0.0698835411436596;2.1481481481481484
ml_model;mongo;-0.0698835411436596;2.1481481481481484
ml_model;mongo;-0.0698835411436596;2.1481481481481484
ml_model;mongo;-0.0698835411436596;2.1481481481481484
ml_model;mongo;-0.0698835411436596;2.1481481481481484
ml_model;mongo;-0.0698835411436596;2.1481481481481484
ml_model;mongo;-0.0698835411436596;2.1481481481481484
ml_model;mongo;-0.0698835411436596;2.1481481481481484
ml_model;mongo;-0.0698835411436596;2.1481481481481484
ml_model;mongo;-0.0698835411436596;2.1481481481481484
ml_model;mongo;-0.0698835411436596;2.1481481481481484
ml_model;mongo;-0.0698835411436596;2.1481481481481484
ml_model;mongo;-0.0698835411436596;2.1481481481481484
ml_model;mongo;-0.0698835411436596;2.1481481481481484
ml_model;mongo;-0.0698835411436596;2.1481481481481484
ml_model;mongo;-0.0698835411436596;2.1481481481481484
ml_model;mongo;-0.0698835411436596;2.1481481481481484
ml_model;mongo;-0.0698835411436596;2.1481481481481484
ml_model;mongo;-0.0698835411436596;2.1481481481481484
ml_model;mongo;-0.0698835411436596;2.1481481481481484
ml_model;mongo;-0.0698835411436596;2.1481481481481484
ml_model;mongo;-0.7341799347409561;0.40576902378646
ml_model;mongo;-0.6966163145193376;0.40576902378646
ml_model;mongo;-0.6966163145193376;0.40576902378646
ml_model;mongo;-0.6116249970161858;2.1481481481481484
ml_model;mongo;-0.5552082300945413;0.40576902378646
ml_model;mongo;-0.6001321675943292;0.40576902378646
ml_model;mongo;-0.6457270143593018;2.1481481481481484
ml_model;mongo;-0.6457270143593018;2.1481481481481484
ml_model;mongo;-0.5181918416201979;0.40576902378646
ml_model;mongo;-0.5181918416201979;0.40576902378646
ml_model;mongo;-0.5181918416201979;0.40576902378646
ml_model;mongo;-0.584275318850898;0.40576902378646
ml_model;mongo;-0.584275318850898;0.40576902378646
ml_model;mongo;-0.584275318850898;0.40576902378646
ml_model;mongo;-0.4343371347113329;0.40576902378646
ml_model;mongo;-0.4343371347113329;0.40576902378646
ml_model;mongo;-0.4343371347113329;0.40576902378646
ml_model;mongo;-0.4343371347113329;0.40576902378646
ml_model;mongo;-0.4343371347113329;0.40576902378646
ml_model;mongo;-0.4391315678364702;0.40576902378646
ml_model;mongo;-0.4391315678364702;0.40576902378646
ml_model;mongo;-0.4391315678364702;0.40576902378646
ml_model;mongo;-0.4391315678364702;0.40576902378646
ml_model;mongo;-0.4391315678364702;0.40576902378646
ml_model;mongo;-0.4742803215186981;0.40576902378646
ml_model;mongo;-0.4742803215186981;0.40576902378646
ml_model;mongo;-0.4742803215186981;0.40576902378646
ml_model;mongo;-0.4742803215186981;0.40576902378646
ml_model;mongo;-0.4742803215186981;0.40576902378646
ml_model;mongo;-0.5029014265048718;0.40576902378646
ml_model;mongo;-0.5029014265048718;0.40576902378646
ml_model;mongo;-0.5029014265048718;0.40576902378646
ml_model;mongo;-0.5029014265048718;0.40576902378646
ml_model;mongo;-0.5029014265048718;0.40576902378646
ml_model;mongo;-0.5511854608726378;0.40576902378646
ml_model;mongo;-0.5511854608726378;0.40576902378646
ml_model;mongo;-0.5511854608726378;0.40576902378646
ml_model;mongo;-0.5511854608726378;0.40576902378646
ml_model;mongo;-0.5511854608726378;0.40576902378646
ml_model;mongo;-0.32865722454086366;2.1481481481481484
ml_model;mongo;-0.32865722454086366;2.1481481481481484
ml_model;mongo;-0.32865722454086366;2.1481481481481484
ml_model;mongo;-0.7742253552062707;2.1481481481481484
ml_model;mongo;-0.7742253552062707;2.1481481481481484
ml_model;mongo;-0.7742253552062707;2.1481481481481484
ml_model;mongo;-0.7316824361438808;2.1481481481481484
ml_model;mongo;-0.6412424935796351;0.40576902378646
ml_model;mongo;-0.4898576499734045;2.1481481481481484
ml_model;mongo;-0.4898576499734045;2.1481481481481484
ml_model;mongo;-0.7902477004503244;2.1481481481481484
ml_model;mongo;-0.7902477004503244;2.1481481481481484
ml_model;mongo;-0.6854862779538857;0.40576902378646
ml_model;mongo;-0.7650572495773262;0.40576902378646
ml_model;mongo;-0.6074381577188055;0.40576902378646
ml_model;mongo;-0.6074381577188055;0.40576902378646
ml_model;mongo;-0.6074381577188055;0.40576902378646
ml_model;mongo;-0.6074381577188055;0.40576902378646
ml_model;mongo;-0.6074381577188055;0.40576902378646
ml_model;mongo;-0.6074381577188055;0.40576902378646
ml_model;mongo;-0.6074381577188055;0.40576902378646
ml_model;mongo;-0.6074381577188055;0.40576902378646
ml_model;mongo;-0.5566321829618254;0.40576902378646
ml_model;mongo;-0.5566321829618254;0.40576902378646
ml_model;mongo;-0.5566321829618254;0.40576902378646
ml_model;mongo;-0.6247158548015046;0.40576902378646
ml_model;mongo;-0.6247158548015046;0.40576902378646
ml_model;mongo;-0.6247158548015046;0.40576902378646
ml_model;mongo;-0.4478522125962069;0.40576902378646
ml_model;mongo;-0.4478522125962069;0.40576902378646
ml_model;mongo;-0.3711731241714978;0.40576902378646
ml_model;mongo;-0.3711731241714978;0.40576902378646
ml_model;mongo;-0.6918737850376532;2.1481481481481484
ml_model;mongo;-0.8789253789897011;0.40576902378646
ml_model;mongo;-0.38765812698285707;0.40576902378646
ml_model;mongo;-0.61534270143186;0.40576902378646
ml_model;mongo;-0.8640641762698842;0.40576902378646
ml_model;mongo;-0.4197387422208639;0.40576902378646
ml_model;mongo;-0.4197387422208639;0.40576902378646
ml_model;mongo;-0.4197387422208639;0.40576902378646
ml_model;mongo;-0.4197387422208639;0.40576902378646
ml_model;mongo;-0.4197387422208639;0.40576902378646
ml_model;mongo;-0.4197387422208639;0.40576902378646
ml_model;mongo;-0.5127538504806975;0.40576902378646
ml_model;mongo;-0.5127538504806975;0.40576902378646
ml_model;mongo;-0.5127538504806975;0.40576902378646
ml_model;mongo;-0.5127538504806975;0.40576902378646
ml_model;mongo;-0.5127538504806975;0.40576902378646
ml_model;mongo;-0.5127538504806975;0.40576902378646
ml_model;mongo;-0.3248402599045331;0.40576902378646
ml_model;mongo;-0.3248402599045331;0.40576902378646
ml_model;mongo;-0.3248402599045331;0.40576902378646
ml_model;mongo;-0.3248402599045331;0.40576902378646
ml_model;mongo;-0.3248402599045331;0.40576902378646
ml_model;mongo;-0.3248402599045331;0.40576902378646
ml_model;mongo;-0.48468132119962665;0.40576902378646
ml_model;mongo;-0.48468132119962665;0.40576902378646
ml_model;mongo;-0.48468132119962665;0.40576902378646
ml_model;mongo;-0.48468132119962665;0.40576902378646
ml_model;mongo;-0.48468132119962665;0.40576902378646
ml_model;mongo;-0.48468132119962665;0.40576902378646
ml_model;mongo;-0.38044855163646263;0.40576902378646
ml_model;mongo;-0.38044855163646263;0.40576902378646
ml_model;mongo;-0.38044855163646263;0.40576902378646
ml_model;mongo;-0.38044855163646263;0.40576902378646
ml_model;mongo;-0.38044855163646263;0.40576902378646
ml_model;mongo;-0.38044855163646263;0.40576902378646
ml_model;mongo;-0.5044348707817154;0.40576902378646
ml_model;mongo;-0.5294900329991031;0.40576902378646
ml_model;mongo;-0.5294900329991031;0.40576902378646
ml_model;mongo;-0.5294900329991031;0.40576902378646
ml_model;mongo;-0.5811857170513842;0.40576902378646
ml_model;mongo;-0.5811857170513842;0.40576902378646
ml_model;mongo;-0.5811857170513842;0.40576902378646
ml_model;mongo;-0.7645383806274134;0.40576902378646
ml_model;mongo;-0.7645383806274134;0.40576902378646
ml_model;mongo;-0.6847127571686535;0.40576902378646
ml_model;mongo;-0.6847127571686535;0.40576902378646
ml_model;mongo;-0.6847127571686535;0.40576902378646
ml_model;mongo;-0.6847127571686535;0.40576902378646
ml_model;mongo;-0.6847127571686535;0.40576902378646
ml_model;mongo;-0.7739603826531879;0.40576902378646
ml_model;mongo;-0.7739603826531879;0.40576902378646
ml_model;mongo;-0.7739603826531879;0.40576902378646
ml_model;mongo;-0.7739603826531879;0.40576902378646
ml_model;mongo;-0.7739603826531879;0.40576902378646
ml_model;mongo;-0.8474326715705084;0.40576902378646
ml_model;mongo;-0.8474326715705084;0.40576902378646
ml_model;mongo;-0.8474326715705084;0.40576902378646
ml_model;mongo;-0.8474326715705084;0.40576902378646
ml_model;mongo;-0.8474326715705084;0.40576902378646
ml_model;mongo;-0.5583599914442327;0.40576902378646
ml_model;mongo;-0.5583599914442327;0.40576902378646
ml_model;mongo;-0.5583599914442327;0.40576902378646
ml_model;mongo;-0.557457552040475;0.40576902378646
ml_model;mongo;-0.557457552040475;0.40576902378646
ml_model;mongo;-0.557457552040475;0.40576902378646
ml_model;mongo;-0.5130303366880928;0.40576902378646
ml_model;mongo;-0.566201022172953;0.40576902378646
ml_model;mongo;-0.566201022172953;0.40576902378646
ml_model;mongo;-0.566201022172953;0.40576902378646
ml_model;mongo;-0.566201022172953;0.40576902378646
ml_model;mongo;-0.5486617911707161;0.40576902378646
ml_model;mongo;-0.5486617911707161;0.40576902378646
ml_model;mongo;-0.6679450570769082;0.40576902378646
ml_model;mongo;-0.6679450570769082;0.40576902378646
ml_model;mongo;-0.8686914813283109;0.40576902378646
ml_model;mongo;-0.6161746029577465;0.40576902378646
ml_model;mongo;-0.6161746029577465;0.40576902378646
ml_model;mongo;-0.6161746029577465;0.40576902378646
ml_model;mongo;-0.7878846514929322;0.40576902378646
ml_model;mongo;-0.7878846514929322;0.40576902378646
ml_model;mongo;-0.7878846514929322;0.40576902378646
ml_model;mongo;-0.7878846514929322;0.40576902378646
ml_model;mongo;-0.7266575483728737;0.40576902378646
ml_model;mongo;-0.4923261007365373;0.40576902378646
ml_model;mongo;-0.4923261007365373;0.40576902378646
ml_model;mongo;-0.4923261007365373;0.40576902378646
ml_model;mongo;-0.4923261007365373;0.40576902378646
ml_model;mongo;-0.4789447592412108;0.40576902378646
ml_model;mongo;-0.4789447592412108;0.40576902378646
ml_model;mongo;-0.4789447592412108;0.40576902378646
ml_model;mongo;-0.4789447592412108;0.40576902378646
ml_model;mongo;-0.6014105818863327;0.40576902378646
ml_model;mongo;-0.6014105818863327;0.40576902378646
ml_model;mongo;-0.6014105818863327;0.40576902378646
ml_model;mongo;-0.6014105818863327;0.40576902378646
ml_model;mongo;-0.6060830402542918;0.40576902378646
ml_model;mongo;-0.6060830402542918;0.40576902378646
ml_model;mongo;-0.6060830402542918;0.40576902378646
ml_model;mongo;-0.6060830402542918;0.40576902378646
ml_model;mongo;-0.5158717140155101;0.40576902378646
ml_model;mongo;-0.5158717140155101;0.40576902378646
ml_model;mongo;-0.5158717140155101;0.40576902378646
ml_model;mongo;-0.5158717140155101;0.40576902378646
ml_model;mongo;-0.5158717140155101;0.40576902378646
ml_model;mongo;-0.5158717140155101;0.40576902378646
ml_model;mongo;-0.5158717140155101;0.40576902378646
ml_model;mongo;-0.5158717140155101;0.40576902378646
ml_model;mongo;-0.5158717140155101;0.40576902378646
ml_model;mongo;-0.5158717140155101;0.40576902378646
ml_model;mongo;-0.5158717140155101;0.40576902378646
ml_model;mongo;-0.5158717140155101;0.40576902378646
ml_model;mongo;-0.5158717140155101;0.40576902378646
ml_model;mongo;-0.5158717140155101;0.40576902378646
ml_model;mongo;-0.5158717140155101;0.40576902378646
ml_model;mongo;-0.5158717140155101;0.40576902378646
ml_model;mongo;-0.5158717140155101;0.40576902378646
ml_model;mongo;-0.6372226134635701;0.40576902378646
ml_model;mongo;-0.6372226134635701;0.40576902378646
ml_model;mongo;-0.6372226134635701;0.40576902378646
ml_model;mongo;-0.6372226134635701;0.40576902378646
ml_model;mongo;-0.6372226134635701;0.40576902378646
ml_model;mongo;-0.6372226134635701;0.40576902378646
ml_model;mongo;-0.6372226134635701;0.40576902378646
ml_model;mongo;-0.6372226134635701;0.40576902378646
ml_model;mongo;-0.6372226134635701;0.40576902378646
ml_model;mongo;-0.6372226134635701;0.40576902378646
ml_model;mongo;-0.6372226134635701;0.40576902378646
ml_model;mongo;-0.6372226134635701;0.40576902378646
ml_model;mongo;-0.6372226134635701;0.40576902378646
ml_model;mongo;-0.6372226134635701;0.40576902378646
ml_model;mongo;-0.6372226134635701;0.40576902378646
ml_model;mongo;-0.6372226134635701;0.40576902378646
ml_model;mongo;-0.6372226134635701;0.40576902378646
ml_model;mongo;-0.722726705555266;0.40576902378646
ml_model;mongo;-0.722726705555266;0.40576902378646
ml_model;mongo;-0.722726705555266;0.40576902378646
ml_model;mongo;-0.722726705555266;0.40576902378646
ml_model;mongo;-0.722726705555266;0.40576902378646
ml_model;mongo;-0.722726705555266;0.40576902378646
ml_model;mongo;-0.722726705555266;0.40576902378646
ml_model;mongo;-0.722726705555266;0.40576902378646
ml_model;mongo;-0.722726705555266;0.40576902378646
ml_model;mongo;-0.722726705555266;0.40576902378646
ml_model;mongo;-0.722726705555266;0.40576902378646
ml_model;mongo;-0.722726705555266;0.40576902378646
ml_model;mongo;-0.722726705555266;0.40576902378646
ml_model;mongo;-0.722726705555266;0.40576902378646
ml_model;mongo;-0.722726705555266;0.40576902378646
ml_model;mongo;-0.722726705555266;0.40576902378646
ml_model;mongo;-0.722726705555266;0.40576902378646
ml_model;mongo;-0.7924717331857426;0.40576902378646
ml_model;mongo;-0.7924717331857426;0.40576902378646
ml_model;mongo;-0.7924717331857426;0.40576902378646
ml_model;mongo;-0.7924717331857426;0.40576902378646
ml_model;mongo;-0.7924717331857426;0.40576902378646
ml_model;mongo;-0.7924717331857426;0.40576902378646
ml_model;mongo;-0.7924717331857426;0.40576902378646
ml_model;mongo;-0.7924717331857426;0.40576902378646
ml_model;mongo;-0.7924717331857426;0.40576902378646
ml_model;mongo;-0.7924717331857426;0.40576902378646
ml_model;mongo;-0.7924717331857426;0.40576902378646
ml_model;mongo;-0.7924717331857426;0.40576902378646
ml_model;mongo;-0.7924717331857426;0.40576902378646
ml_model;mongo;-0.7924717331857426;0.40576902378646
ml_model;mongo;-0.7924717331857426;0.40576902378646
ml_model;mongo;-0.7924717331857426;0.40576902378646
ml_model;mongo;-0.7924717331857426;0.40576902378646
ml_model;mongo;-0.6219151567668892;0.40576902378646
ml_model;mongo;-0.5793108743080126;0.40576902378646
ml_model;mongo;-0.7063768462116259;0.40576902378646
ml_model;mongo;-0.7063768462116259;0.40576902378646
ml_model;neo4j;-0.2595258579485709;2.1481481481481484
ml_model;neo4j;-0.2595258579485709;2.1481481481481484
ml_model;neo4j;-0.35193110077674233;2.1481481481481484
ml_model;neo4j;-0.35193110077674233;2.1481481481481484
ml_model;neo4j;0.011013333209275184;0.40576902378646
ml_model;neo4j;0.011013333209275184;0.40576902378646
ml_model;neo4j;0.011013333209275184;0.40576902378646
ml_model;neo4j;0.011013333209275184;0.40576902378646
ml_model;neo4j;0.01104330476352675;0.40576902378646
ml_model;neo4j;0.010763564168247993;0.40576902378646
ml_model;neo4j;0.010763564168247993;0.40576902378646
ml_model;neo4j;0.013465277138048445;0.40576902378646
ml_model;neo4j;0.013465277138048445;0.40576902378646
ml_model;neo4j;-0.02794075659608848;2.1481481481481484
ml_model;neo4j;-0.02794075659608848;2.1481481481481484
ml_model;neo4j;-0.02794075659608848;2.1481481481481484
ml_model;neo4j;-0.02794075659608848;2.1481481481481484
ml_model;neo4j;-0.02794075659608848;2.1481481481481484
ml_model;neo4j;0.006736136753845025;2.1481481481481484
ml_model;neo4j;0.006736136753845025;2.1481481481481484
ml_model;neo4j;0.006736136753845025;2.1481481481481484
ml_model;neo4j;0.006736136753845025;2.1481481481481484
ml_model;neo4j;0.006736136753845025;2.1481481481481484
ml_model;neo4j;0.012939186458875115;0.40576902378646
ml_model;neo4j;0.012746312400058779;0.40576902378646
ml_model;neo4j;0.013108552764277331;0.40576902378646
ml_model;neo4j;0.43383203736947107;0.40576902378646
ml_model;neo4j;0.43383203736947107;0.40576902378646
ml_model;neo4j;0.43383203736947107;0.40576902378646
ml_model;neo4j;0.014535619585584896;0.40576902378646
ml_model;neo4j;0.014535619585584896;0.40576902378646
ml_model;neo4j;0.014535619585584896;0.40576902378646
ml_model;neo4j;-0.3985440262371432;2.1481481481481484
ml_model;neo4j;-0.3985440262371432;2.1481481481481484
ml_model;neo4j;-0.3985440262371432;2.1481481481481484
ml_model;neo4j;-0.3985440262371432;2.1481481481481484
ml_model;neo4j;-0.3985440262371432;2.1481481481481484
ml_model;neo4j;-0.3985440262371432;2.1481481481481484
ml_model;neo4j;-0.3985440262371432;2.1481481481481484
ml_model;neo4j;-0.3985440262371432;2.1481481481481484
ml_model;neo4j;-0.3985440262371432;2.1481481481481484
ml_model;neo4j;-0.3985440262371432;2.1481481481481484
ml_model;neo4j;-0.3985440262371432;2.1481481481481484
ml_model;neo4j;-0.3985440262371432;2.1481481481481484
ml_model;neo4j;-0.3985440262371432;2.1481481481481484
ml_model;neo4j;-0.3985440262371432;2.1481481481481484
ml_model;neo4j;-0.3985440262371432;2.1481481481481484
ml_model;neo4j;-0.3985440262371432;2.1481481481481484
ml_model;neo4j;-0.3985440262371432;2.1481481481481484
ml_model;neo4j;-0.3985440262371432;2.1481481481481484
ml_model;neo4j;-0.3985440262371432;2.1481481481481484
ml_model;neo4j;-0.3985440262371432;2.1481481481481484
ml_model;neo4j;-0.3985440262371432;2.1481481481481484
ml_model;neo4j;-0.3985440262371432;2.1481481481481484
ml_model;neo4j;-0.3985440262371432;2.1481481481481484
ml_model;neo4j;-0.3985440262371432;2.1481481481481484
ml_model;neo4j;-0.3985440262371432;2.1481481481481484
ml_model;neo4j;-0.3985440262371432;2.1481481481481484
ml_model;neo4j;-0.3985440262371432;2.1481481481481484
ml_model;neo4j;-0.3985440262371432;2.1481481481481484
ml_model;neo4j;-0.3985440262371432;2.1481481481481484
ml_model;neo4j;-0.26392418352906855;2.1481481481481484
ml_model;neo4j;-0.26392418352906855;2.1481481481481484
ml_model;neo4j;-0.26392418352906855;2.1481481481481484
ml_model;neo4j;-0.26392418352906855;2.1481481481481484
ml_model;neo4j;-0.26392418352906855;2.1481481481481484
ml_model;neo4j;-0.26392418352906855;2.1481481481481484
ml_model;neo4j;-0.26392418352906855;2.1481481481481484
ml_model;neo4j;-0.26392418352906855;2.1481481481481484
ml_model;neo4j;-0.26392418352906855;2.1481481481481484
ml_model;neo4j;-0.26392418352906855;2.1481481481481484
ml_model;neo4j;-0.26392418352906855;2.1481481481481484
ml_model;neo4j;-0.26392418352906855;2.1481481481481484
ml_model;neo4j;-0.26392418352906855;2.1481481481481484
ml_model;neo4j;-0.26392418352906855;2.1481481481481484
ml_model;neo4j;-0.26392418352906855;2.1481481481481484
ml_model;neo4j;-0.26392418352906855;2.1481481481481484
ml_model;neo4j;-0.26392418352906855;2.1481481481481484
ml_model;neo4j;-0.26392418352906855;2.1481481481481484
ml_model;neo4j;-0.26392418352906855;2.1481481481481484
ml_model;neo4j;-0.26392418352906855;2.1481481481481484
ml_model;neo4j;-0.26392418352906855;2.1481481481481484
ml_model;neo4j;-0.26392418352906855;2.1481481481481484
ml_model;neo4j;-0.26392418352906855;2.1481481481481484
ml_model;neo4j;-0.26392418352906855;2.1481481481481484
ml_model;neo4j;-0.26392418352906855;2.1481481481481484
ml_model;neo4j;-0.26392418352906855;2.1481481481481484
ml_model;neo4j;-0.26392418352906855;2.1481481481481484
ml_model;neo4j;-0.26392418352906855;2.1481481481481484
ml_model;neo4j;-0.26392418352906855;2.1481481481481484
ml_model;neo4j;-0.13937192084122227;2.1481481481481484
ml_model;neo4j;-0.13937192084122227;2.1481481481481484
ml_model;neo4j;-0.13937192084122227;2.1481481481481484
ml_model;neo4j;-0.13937192084122227;2.1481481481481484
ml_model;neo4j;-0.13937192084122227;2.1481481481481484
ml_model;neo4j;-0.13937192084122227;2.1481481481481484
ml_model;neo4j;-0.13937192084122227;2.1481481481481484
ml_model;neo4j;-0.13937192084122227;2.1481481481481484
ml_model;neo4j;-0.13937192084122227;2.1481481481481484
ml_model;neo4j;-0.13937192084122227;2.1481481481481484
ml_model;neo4j;-0.13937192084122227;2.1481481481481484
ml_model;neo4j;-0.13937192084122227;2.1481481481481484
ml_model;neo4j;-0.13937192084122227;2.1481481481481484
ml_model;neo4j;-0.13937192084122227;2.1481481481481484
ml_model;neo4j;-0.13937192084122227;2.1481481481481484
ml_model;neo4j;-0.13937192084122227;2.1481481481481484
ml_model;neo4j;-0.13937192084122227;2.1481481481481484
ml_model;neo4j;-0.13937192084122227;2.1481481481481484
ml_model;neo4j;-0.13937192084122227;2.1481481481481484
ml_model;neo4j;-0.13937192084122227;2.1481481481481484
ml_model;neo4j;-0.13937192084122227;2.1481481481481484
ml_model;neo4j;-0.13937192084122227;2.1481481481481484
ml_model;neo4j;-0.13937192084122227;2.1481481481481484
ml_model;neo4j;-0.13937192084122227;2.1481481481481484
ml_model;neo4j;-0.13937192084122227;2.1481481481481484
ml_model;neo4j;-0.13937192084122227;2.1481481481481484
ml_model;neo4j;-0.13937192084122227;2.1481481481481484
ml_model;neo4j;-0.13937192084122227;2.1481481481481484
ml_model;neo4j;-0.13937192084122227;2.1481481481481484
ml_model;neo4j;-0.10007112212233102;2.1481481481481484
ml_model;neo4j;-0.10007112212233102;2.1481481481481484
ml_model;neo4j;-0.10007112212233102;2.1481481481481484
ml_model;neo4j;-0.10007112212233102;2.1481481481481484
ml_model;neo4j;-0.10007112212233102;2.1481481481481484
ml_model;neo4j;-0.10007112212233102;2.1481481481481484
ml_model;neo4j;-0.10007112212233102;2.1481481481481484
ml_model;neo4j;-0.10007112212233102;2.1481481481481484
ml_model;neo4j;-0.10007112212233102;2.1481481481481484
ml_model;neo4j;-0.10007112212233102;2.1481481481481484
ml_model;neo4j;-0.10007112212233102;2.1481481481481484
ml_model;neo4j;-0.10007112212233102;2.1481481481481484
ml_model;neo4j;-0.10007112212233102;2.1481481481481484
ml_model;neo4j;-0.10007112212233102;2.1481481481481484
ml_model;neo4j;-0.10007112212233102;2.1481481481481484
ml_model;neo4j;-0.10007112212233102;2.1481481481481484
ml_model;neo4j;-0.10007112212233102;2.1481481481481484
ml_model;neo4j;-0.10007112212233102;2.1481481481481484
ml_model;neo4j;-0.10007112212233102;2.1481481481481484
ml_model;neo4j;-0.10007112212233102;2.1481481481481484
ml_model;neo4j;-0.10007112212233102;2.1481481481481484
ml_model;neo4j;-0.10007112212233102;2.1481481481481484
ml_model;neo4j;-0.10007112212233102;2.1481481481481484
ml_model;neo4j;-0.10007112212233102;2.1481481481481484
ml_model;neo4j;-0.10007112212233102;2.1481481481481484
ml_model;neo4j;-0.10007112212233102;2.1481481481481484
ml_model;neo4j;-0.10007112212233102;2.1481481481481484
ml_model;neo4j;-0.10007112212233102;2.1481481481481484
ml_model;neo4j;-0.10007112212233102;2.1481481481481484
ml_model;neo4j;0.011460545909941154;2.1481481481481484
ml_model;neo4j;0.011460545909941154;2.1481481481481484
ml_model;neo4j;0.011460545909941154;2.1481481481481484
ml_model;neo4j;0.011460545909941154;2.1481481481481484
ml_model;neo4j;0.011460545909941154;2.1481481481481484
ml_model;neo4j;0.011460545909941154;2.1481481481481484
ml_model;neo4j;0.011460545909941154;2.1481481481481484
ml_model;neo4j;0.011460545909941154;2.1481481481481484
ml_model;neo4j;0.011460545909941154;2.1481481481481484
ml_model;neo4j;0.011460545909941154;2.1481481481481484
ml_model;neo4j;0.011460545909941154;2.1481481481481484
ml_model;neo4j;0.011460545909941154;2.1481481481481484
ml_model;neo4j;0.011460545909941154;2.1481481481481484
ml_model;neo4j;0.011460545909941154;2.1481481481481484
ml_model;neo4j;0.011460545909941154;2.1481481481481484
ml_model;neo4j;0.011460545909941154;2.1481481481481484
ml_model;neo4j;0.011460545909941154;2.1481481481481484
ml_model;neo4j;0.011460545909941154;2.1481481481481484
ml_model;neo4j;0.011460545909941154;2.1481481481481484
ml_model;neo4j;0.011460545909941154;2.1481481481481484
ml_model;neo4j;0.011460545909941154;2.1481481481481484
ml_model;neo4j;0.011460545909941154;2.1481481481481484
ml_model;neo4j;0.011460545909941154;2.1481481481481484
ml_model;neo4j;0.011460545909941154;2.1481481481481484
ml_model;neo4j;0.011460545909941154;2.1481481481481484
ml_model;neo4j;0.011460545909941154;2.1481481481481484
ml_model;neo4j;0.011460545909941154;2.1481481481481484
ml_model;neo4j;0.011460545909941154;2.1481481481481484
ml_model;neo4j;0.011460545909941154;2.1481481481481484
ml_model;neo4j;0.009402786902477494;0.40576902378646
ml_model;neo4j;0.012549231859431693;0.40576902378646
ml_model;neo4j;0.012549231859431693;0.40576902378646
ml_model;neo4j;0.00999197449040268;0.40576902378646
ml_model;neo4j;0.00999197449040268;0.40576902378646
ml_model;neo4j;0.00949257172432424;0.40576902378646
ml_model;neo4j;0.00949257172432424;0.40576902378646
ml_model;neo4j;0.018049980052144223;0.40576902378646
ml_model;neo4j;0.018049980052144223;0.40576902378646
ml_model;neo4j;0.018049980052144223;0.40576902378646
ml_model;neo4j;0.009546197588022394;0.40576902378646
ml_model;neo4j;0.009546197588022394;0.40576902378646
ml_model;neo4j;0.009546197588022394;0.40576902378646
ml_model;neo4j;0.12588180636539686;2.1481481481481484
ml_model;neo4j;0.12588180636539686;2.1481481481481484
ml_model;neo4j;0.12588180636539686;2.1481481481481484
ml_model;neo4j;0.12588180636539686;2.1481481481481484
ml_model;neo4j;0.12588180636539686;2.1481481481481484
ml_model;neo4j;0.12588180636539686;2.1481481481481484
ml_model;neo4j;0.12588180636539686;2.1481481481481484
ml_model;neo4j;0.12588180636539686;2.1481481481481484
ml_model;neo4j;0.007789348744295509;2.1481481481481484
ml_model;neo4j;0.007789348744295509;2.1481481481481484
ml_model;neo4j;0.007789348744295509;2.1481481481481484
ml_model;neo4j;0.007789348744295509;2.1481481481481484
ml_model;neo4j;0.007789348744295509;2.1481481481481484
ml_model;neo4j;0.007789348744295509;2.1481481481481484
ml_model;neo4j;0.007789348744295509;2.1481481481481484
ml_model;neo4j;0.007789348744295509;2.1481481481481484
ml_model;neo4j;0.007284632698997415;2.1481481481481484
ml_model;neo4j;0.007284632698997415;2.1481481481481484
ml_model;neo4j;0.007284632698997415;2.1481481481481484
ml_model;neo4j;0.007284632698997415;2.1481481481481484
ml_model;neo4j;0.007284632698997415;2.1481481481481484
ml_model;neo4j;0.007284632698997415;2.1481481481481484
ml_model;neo4j;0.007284632698997415;2.1481481481481484
ml_model;neo4j;0.007284632698997415;2.1481481481481484
ml_model;neo4j;0.00529515231025702;2.1481481481481484
ml_model;neo4j;0.00529515231025702;2.1481481481481484
ml_model;neo4j;0.00529515231025702;2.1481481481481484
ml_model;neo4j;0.00529515231025702;2.1481481481481484
ml_model;neo4j;-0.2170794928180415;2.1481481481481484
ml_model;neo4j;0.00802374850896066;0.40576902378646
ml_model;neo4j;0.009420864428101644;0.40576902378646
ml_model;neo4j;0.01067907727583432;0.40576902378646
ml_model;neo4j;0.015381304293832603;0.40576902378646
ml_model;neo4j;0.011409919505559528;0.40576902378646
ml_model;neo4j;0.011533036085036124;0.40576902378646
ml_model;neo4j;0.011533036085036124;0.40576902378646
ml_model;neo4j;0.011533036085036124;0.40576902378646
ml_model;neo4j;0.011533036085036124;0.40576902378646
ml_model;neo4j;0.01734648628063773;0.40576902378646
ml_model;neo4j;0.01734648628063773;0.40576902378646
ml_model;neo4j;0.01734648628063773;0.40576902378646
ml_model;neo4j;0.01734648628063773;0.40576902378646
ml_model;neo4j;0.013897706190096554;0.40576902378646
ml_model;neo4j;0.013897706190096554;0.40576902378646
ml_model;neo4j;0.013897706190096554;0.40576902378646
ml_model;neo4j;0.013897706190096554;0.40576902378646
ml_model;neo4j;0.018857163374847413;0.40576902378646
ml_model;neo4j;0.018857163374847413;0.40576902378646
ml_model;neo4j;0.018857163374847413;0.40576902378646
ml_model;neo4j;0.018857163374847413;0.40576902378646
ml_model;neo4j;0.01915986134935762;0.40576902378646
ml_model;neo4j;0.01915986134935762;0.40576902378646
ml_model;neo4j;0.01915986134935762;0.40576902378646
ml_model;neo4j;0.01915986134935762;0.40576902378646
ml_model;neo4j;0.01915986134935762;0.40576902378646
ml_model;neo4j;0.01915986134935762;0.40576902378646
ml_model;neo4j;0.018684383503565983;0.40576902378646
ml_model;neo4j;0.018684383503565983;0.40576902378646
ml_model;neo4j;0.018684383503565983;0.40576902378646
ml_model;neo4j;0.018684383503565983;0.40576902378646
ml_model;neo4j;0.018684383503565983;0.40576902378646
ml_model;neo4j;0.018684383503565983;0.40576902378646
ml_model;neo4j;0.013024795438095857;0.40576902378646
ml_model;neo4j;0.013024795438095857;0.40576902378646
ml_model;neo4j;0.013024795438095857;0.40576902378646
ml_model;neo4j;0.013024795438095857;0.40576902378646
ml_model;neo4j;0.013024795438095857;0.40576902378646
ml_model;neo4j;0.013024795438095857;0.40576902378646
ml_model;neo4j;0.019973553172780895;0.40576902378646
ml_model;neo4j;0.019973553172780895;0.40576902378646
ml_model;neo4j;0.019973553172780895;0.40576902378646
ml_model;neo4j;0.019973553172780895;0.40576902378646
ml_model;neo4j;0.019973553172780895;0.40576902378646
ml_model;neo4j;0.019973553172780895;0.40576902378646
ml_model;neo4j;0.008678616482404361;0.40576902378646
ml_model;neo4j;0.008678616482404361;0.40576902378646
ml_model;neo4j;0.008678616482404361;0.40576902378646
ml_model;neo4j;0.005831242766063647;0.40576902378646
ml_model;neo4j;0.005831242766063647;0.40576902378646
ml_model;neo4j;0.005831242766063647;0.40576902378646
ml_model;neo4j;0.008543897275883065;0.40576902378646
ml_model;neo4j;0.010897916662063755;0.40576902378646
ml_model;neo4j;0.010222640204447098;0.40576902378646
ml_model;neo4j;0.010222640204447098;0.40576902378646
ml_model;neo4j;0.010222640204447098;0.40576902378646
ml_model;neo4j;0.004781717793017282;0.40576902378646
ml_model;neo4j;0.004781717793017282;0.40576902378646
ml_model;neo4j;0.004781717793017282;0.40576902378646
ml_model;neo4j;0.011286569613585467;0.40576902378646
ml_model;neo4j;0.011286569613585467;0.40576902378646
ml_model;neo4j;-0.2791145754025546;2.1481481481481484
ml_model;neo4j;-0.2791145754025546;2.1481481481481484
ml_model;neo4j;0.01055887337225282;0.40576902378646
ml_model;neo4j;0.01055887337225282;0.40576902378646
ml_model;neo4j;0.01055887337225282;0.40576902378646
ml_model;neo4j;0.01055887337225282;0.40576902378646
ml_model;neo4j;0.01055887337225282;0.40576902378646
ml_model;neo4j;0.01055887337225282;0.40576902378646
ml_model;neo4j;0.01055887337225282;0.40576902378646
ml_model;neo4j;0.01055887337225282;0.40576902378646
ml_model;neo4j;0.010105665726871483;0.40576902378646
ml_model;neo4j;0.010105665726871483;0.40576902378646
ml_model;neo4j;0.010105665726871483;0.40576902378646
ml_model;neo4j;0.010105665726871483;0.40576902378646
ml_model;neo4j;0.010105665726871483;0.40576902378646
ml_model;neo4j;0.010105665726871483;0.40576902378646
ml_model;neo4j;0.010105665726871483;0.40576902378646
ml_model;neo4j;0.010105665726871483;0.40576902378646
ml_model;neo4j;0.01154333103267114;0.40576902378646
ml_model;neo4j;0.01154333103267114;0.40576902378646
ml_model;neo4j;0.01154333103267114;0.40576902378646
ml_model;neo4j;0.01154333103267114;0.40576902378646
ml_model;neo4j;0.01154333103267114;0.40576902378646
ml_model;neo4j;0.01154333103267114;0.40576902378646
ml_model;neo4j;0.01154333103267114;0.40576902378646
ml_model;neo4j;0.01154333103267114;0.40576902378646
ml_model;neo4j;0.010477727015397311;0.40576902378646
ml_model;neo4j;0.0174619217535468;0.40576902378646
ml_model;neo4j;0.01863057318570772;0.40576902378646
ml_model;neo4j;0.01863057318570772;0.40576902378646
ml_model;neo4j;0.01863057318570772;0.40576902378646
ml_model;neo4j;0.01863057318570772;0.40576902378646
ml_model;neo4j;0.01863057318570772;0.40576902378646
ml_model;neo4j;0.015675699483867923;0.40576902378646
ml_model;neo4j;0.015675699483867923;0.40576902378646
ml_model;neo4j;0.015675699483867923;0.40576902378646
ml_model;neo4j;0.015675699483867923;0.40576902378646
ml_model;neo4j;0.015675699483867923;0.40576902378646
ml_model;neo4j;0.016138287152398796;0.40576902378646
ml_model;neo4j;0.016138287152398796;0.40576902378646
ml_model;neo4j;0.016138287152398796;0.40576902378646
ml_model;neo4j;0.016138287152398796;0.40576902378646
ml_model;neo4j;0.016138287152398796;0.40576902378646
ml_model;neo4j;0.004730634275019143;0.40576902378646
ml_model;neo4j;0.009282296812313106;0.40576902378646
ml_model;neo4j;0.010930180394620742;0.40576902378646
ml_model;neo4j;0.010766452507982213;0.40576902378646
ml_model;neo4j;0.010766452507982213;0.40576902378646
ml_model;neo4j;0.010766452507982213;0.40576902378646
ml_model;neo4j;0.010766452507982213;0.40576902378646
ml_model;neo4j;0.004847684261605544;0.40576902378646
ml_model;neo4j;0.004847684261605544;0.40576902378646
ml_model;neo4j;0.004847684261605544;0.40576902378646
ml_model;neo4j;0.004847684261605544;0.40576902378646
ml_model;neo4j;0.010904642308634664;0.40576902378646
ml_model;neo4j;0.009797443426516806;0.40576902378646
ml_model;neo4j;-0.2242374137146814;2.1481481481481484
ml_model;neo4j;-0.2242374137146814;2.1481481481481484
ml_model;neo4j;-0.2242374137146814;2.1481481481481484
ml_model;neo4j;-0.2242374137146814;2.1481481481481484
ml_model;neo4j;0.0010726733988324839;2.1481481481481484
ml_model;neo4j;0.0010726733988324839;2.1481481481481484
ml_model;neo4j;0.0010726733988324839;2.1481481481481484
ml_model;neo4j;0.0010726733988324839;2.1481481481481484
ml_model;neo4j;0.014140992660896037;2.1481481481481484
ml_model;neo4j;0.014140992660896037;2.1481481481481484
ml_model;neo4j;0.014140992660896037;2.1481481481481484
ml_model;neo4j;0.014140992660896037;2.1481481481481484
ml_model;neo4j;0.011659276338125127;0.40576902378646
ml_model;neo4j;0.5313162228895564;0.40576902378646
ml_model;neo4j;0.010305998461405152;0.40576902378646
ml_model;neo4j;0.01014085463253095;0.40576902378646
ml_model;neo4j;0.01014085463253095;0.40576902378646
ml_model;neo4j;0.01014085463253095;0.40576902378646
ml_model;neo4j;0.01014085463253095;0.40576902378646
ml_model;neo4j;0.01014085463253095;0.40576902378646
ml_model;neo4j;0.009309175839038487;2.1481481481481484
ml_model;neo4j;0.009309175839038487;2.1481481481481484
ml_model;neo4j;0.007978382080212837;2.1481481481481484
ml_model;neo4j;0.007978382080212837;2.1481481481481484
ml_model;neo4j;0.012768434886737802;0.40576902378646
ml_model;neo4j;0.012768434886737802;0.40576902378646
ml_model;neo4j;0.012768434886737802;0.40576902378646
ml_model;neo4j;0.010638165991528373;0.40576902378646
ml_model;neo4j;0.010638165991528373;0.40576902378646
ml_model;neo4j;0.010638165991528373;0.40576902378646
ml_model;neo4j;0.00861487314275737;2.1481481481481484
ml_model;neo4j;0.00861487314275737;2.1481481481481484
ml_model;neo4j;0.00861487314275737;2.1481481481481484
ml_model;neo4j;0.005258075517000441;2.1481481481481484
ml_model;neo4j;0.005258075517000441;2.1481481481481484
ml_model;neo4j;0.005258075517000441;2.1481481481481484
ml_model;neo4j;0.004697660455787454;2.1481481481481484
ml_model;neo4j;0.004697660455787454;2.1481481481481484
ml_model;neo4j;0.004697660455787454;2.1481481481481484
ml_model;neo4j;0.007206229933871455;0.40576902378646
ml_model;neo4j;-0.0986863768841426;2.1481481481481484
ml_model;neo4j;-0.0986863768841426;2.1481481481481484
ml_model;neo4j;-0.0986863768841426;2.1481481481481484
ml_model;neo4j;-0.0986863768841426;2.1481481481481484
ml_model;neo4j;-0.0986863768841426;2.1481481481481484
ml_model;neo4j;-0.0986863768841426;2.1481481481481484
ml_model;neo4j;-0.0986863768841426;2.1481481481481484
ml_model;neo4j;-0.0986863768841426;2.1481481481481484
ml_model;neo4j;-0.0986863768841426;2.1481481481481484
ml_model;neo4j;-0.0986863768841426;2.1481481481481484
ml_model;neo4j;-0.0986863768841426;2.1481481481481484
ml_model;neo4j;-0.0986863768841426;2.1481481481481484
ml_model;neo4j;-0.0986863768841426;2.1481481481481484
ml_model;neo4j;-0.0986863768841426;2.1481481481481484
ml_model;neo4j;-0.0986863768841426;2.1481481481481484
ml_model;neo4j;-0.0986863768841426;2.1481481481481484
ml_model;neo4j;-0.0986863768841426;2.1481481481481484
ml_model;neo4j;-0.0986863768841426;2.1481481481481484
ml_model;neo4j;-0.0986863768841426;2.1481481481481484
ml_model;neo4j;-0.0986863768841426;2.1481481481481484
ml_model;neo4j;-0.0986863768841426;2.1481481481481484
ml_model;neo4j;-0.22569070709964043;2.1481481481481484
ml_model;neo4j;-0.22569070709964043;2.1481481481481484
ml_model;neo4j;-0.22569070709964043;2.1481481481481484
ml_model;neo4j;-0.22569070709964043;2.1481481481481484
ml_model;neo4j;-0.22569070709964043;2.1481481481481484
ml_model;neo4j;-0.22569070709964043;2.1481481481481484
ml_model;neo4j;-0.22569070709964043;2.1481481481481484
ml_model;neo4j;-0.22569070709964043;2.1481481481481484
ml_model;neo4j;-0.22569070709964043;2.1481481481481484
ml_model;neo4j;-0.22569070709964043;2.1481481481481484
ml_model;neo4j;-0.22569070709964043;2.1481481481481484
ml_model;neo4j;-0.22569070709964043;2.1481481481481484
ml_model;neo4j;-0.22569070709964043;2.1481481481481484
ml_model;neo4j;-0.22569070709964043;2.1481481481481484
ml_model;neo4j;-0.22569070709964043;2.1481481481481484
ml_model;neo4j;-0.22569070709964043;2.1481481481481484
ml_model;neo4j;-0.22569070709964043;2.1481481481481484
ml_model;neo4j;-0.22569070709964043;2.1481481481481484
ml_model;neo4j;-0.22569070709964043;2.1481481481481484
ml_model;neo4j;-0.22569070709964043;2.1481481481481484
ml_model;neo4j;-0.22569070709964043;2.1481481481481484
ml_model;neo4j;0.17849558091783257;2.1481481481481484
ml_model;neo4j;0.17849558091783257;2.1481481481481484
ml_model;neo4j;0.17849558091783257;2.1481481481481484
ml_model;neo4j;0.17849558091783257;2.1481481481481484
ml_model;neo4j;0.17849558091783257;2.1481481481481484
ml_model;neo4j;0.17849558091783257;2.1481481481481484
ml_model;neo4j;0.17849558091783257;2.1481481481481484
ml_model;neo4j;0.17849558091783257;2.1481481481481484
ml_model;neo4j;0.17849558091783257;2.1481481481481484
ml_model;neo4j;0.17849558091783257;2.1481481481481484
ml_model;neo4j;0.17849558091783257;2.1481481481481484
ml_model;neo4j;0.17849558091783257;2.1481481481481484
ml_model;neo4j;0.17849558091783257;2.1481481481481484
ml_model;neo4j;0.17849558091783257;2.1481481481481484
ml_model;neo4j;0.17849558091783257;2.1481481481481484
ml_model;neo4j;0.17849558091783257;2.1481481481481484
ml_model;neo4j;0.17849558091783257;2.1481481481481484
ml_model;neo4j;0.17849558091783257;2.1481481481481484
ml_model;neo4j;0.17849558091783257;2.1481481481481484
ml_model;neo4j;0.17849558091783257;2.1481481481481484
ml_model;neo4j;0.17849558091783257;2.1481481481481484
ml_model;neo4j;0.012634238787113053;2.1481481481481484
ml_model;neo4j;0.012634238787113053;2.1481481481481484
ml_model;neo4j;0.012634238787113053;2.1481481481481484
ml_model;neo4j;0.012634238787113053;2.1481481481481484
ml_model;neo4j;0.012634238787113053;2.1481481481481484
ml_model;neo4j;0.012634238787113053;2.1481481481481484
ml_model;neo4j;0.012634238787113053;2.1481481481481484
ml_model;neo4j;0.012634238787113053;2.1481481481481484
ml_model;neo4j;0.012634238787113053;2.1481481481481484
ml_model;neo4j;0.012634238787113053;2.1481481481481484
ml_model;neo4j;0.012634238787113053;2.1481481481481484
ml_model;neo4j;0.012634238787113053;2.1481481481481484
ml_model;neo4j;0.012634238787113053;2.1481481481481484
ml_model;neo4j;0.012634238787113053;2.1481481481481484
ml_model;neo4j;0.012634238787113053;2.1481481481481484
ml_model;neo4j;0.012634238787113053;2.1481481481481484
ml_model;neo4j;0.012634238787113053;2.1481481481481484
ml_model;neo4j;0.012634238787113053;2.1481481481481484
ml_model;neo4j;0.012634238787113053;2.1481481481481484
ml_model;neo4j;0.012634238787113053;2.1481481481481484
ml_model;neo4j;0.012634238787113053;2.1481481481481484
ml_model;neo4j;0.012410329349517135;2.1481481481481484
ml_model;neo4j;0.012410329349517135;2.1481481481481484
ml_model;neo4j;0.012410329349517135;2.1481481481481484
ml_model;neo4j;0.012410329349517135;2.1481481481481484
ml_model;neo4j;0.012410329349517135;2.1481481481481484
ml_model;neo4j;0.012410329349517135;2.1481481481481484
ml_model;neo4j;0.012410329349517135;2.1481481481481484
ml_model;neo4j;0.012410329349517135;2.1481481481481484
ml_model;neo4j;0.012410329349517135;2.1481481481481484
ml_model;neo4j;0.012410329349517135;2.1481481481481484
ml_model;neo4j;0.012410329349517135;2.1481481481481484
ml_model;neo4j;0.012410329349517135;2.1481481481481484
ml_model;neo4j;0.012410329349517135;2.1481481481481484
ml_model;neo4j;0.012410329349517135;2.1481481481481484
ml_model;neo4j;0.012410329349517135;2.1481481481481484
ml_model;neo4j;0.012410329349517135;2.1481481481481484
ml_model;neo4j;0.012410329349517135;2.1481481481481484
ml_model;neo4j;0.012410329349517135;2.1481481481481484
ml_model;neo4j;0.012410329349517135;2.1481481481481484
ml_model;neo4j;0.012410329349517135;2.1481481481481484
ml_model;neo4j;0.012410329349517135;2.1481481481481484
ml_model;neo4j;0.013051911376901155;2.1481481481481484
ml_model;neo4j;0.013051911376901155;2.1481481481481484
ml_model;neo4j;0.013051911376901155;2.1481481481481484
ml_model;neo4j;0.013051911376901155;2.1481481481481484
ml_model;neo4j;0.013051911376901155;2.1481481481481484
ml_model;neo4j;0.013051911376901155;2.1481481481481484
ml_model;neo4j;0.013051911376901155;2.1481481481481484
ml_model;neo4j;0.013051911376901155;2.1481481481481484
ml_model;neo4j;0.013051911376901155;2.1481481481481484
ml_model;neo4j;0.013051911376901155;2.1481481481481484
ml_model;neo4j;0.013051911376901155;2.1481481481481484
ml_model;neo4j;0.013051911376901155;2.1481481481481484
ml_model;neo4j;0.013051911376901155;2.1481481481481484
ml_model;neo4j;0.013051911376901155;2.1481481481481484
ml_model;neo4j;0.013051911376901155;2.1481481481481484
ml_model;neo4j;0.013051911376901155;2.1481481481481484
ml_model;neo4j;0.013051911376901155;2.1481481481481484
ml_model;neo4j;0.013051911376901155;2.1481481481481484
ml_model;neo4j;0.013051911376901155;2.1481481481481484
ml_model;neo4j;0.013051911376901155;2.1481481481481484
ml_model;neo4j;0.013051911376901155;2.1481481481481484
ml_model;neo4j;0.01173619765978229;0.40576902378646
ml_model;neo4j;0.01173619765978229;0.40576902378646
ml_model;neo4j;0.01173619765978229;0.40576902378646
ml_model;neo4j;0.01173619765978229;0.40576902378646
ml_model;neo4j;0.01173619765978229;0.40576902378646
ml_model;neo4j;0.01173619765978229;0.40576902378646
ml_model;neo4j;0.01173619765978229;0.40576902378646
ml_model;neo4j;0.01173619765978229;0.40576902378646
ml_model;neo4j;0.01173619765978229;0.40576902378646
ml_model;neo4j;0.0105537799461974;0.40576902378646
ml_model;neo4j;0.0105537799461974;0.40576902378646
ml_model;neo4j;0.0105537799461974;0.40576902378646
ml_model;neo4j;0.0105537799461974;0.40576902378646
ml_model;neo4j;0.0105537799461974;0.40576902378646
ml_model;neo4j;0.0105537799461974;0.40576902378646
ml_model;neo4j;0.0105537799461974;0.40576902378646
ml_model;neo4j;0.0105537799461974;0.40576902378646
ml_model;neo4j;0.0105537799461974;0.40576902378646
ml_model;neo4j;0.008224079795699387;0.40576902378646
ml_model;neo4j;0.008224079795699387;0.40576902378646
ml_model;neo4j;0.008224079795699387;0.40576902378646
ml_model;neo4j;0.008224079795699387;0.40576902378646
ml_model;neo4j;0.008224079795699387;0.40576902378646
ml_model;neo4j;0.008224079795699387;0.40576902378646
ml_model;neo4j;0.008224079795699387;0.40576902378646
ml_model;neo4j;0.008224079795699387;0.40576902378646
ml_model;neo4j;0.008224079795699387;0.40576902378646
ml_model;neo4j;0.006032787802621923;0.40576902378646
ml_model;neo4j;0.006032787802621923;0.40576902378646
ml_model;neo4j;0.006032787802621923;0.40576902378646
ml_model;neo4j;0.006032787802621923;0.40576902378646
ml_model;neo4j;0.006032787802621923;0.40576902378646
ml_model;neo4j;0.006032787802621923;0.40576902378646
ml_model;neo4j;0.006032787802621923;0.40576902378646
ml_model;neo4j;0.006032787802621923;0.40576902378646
ml_model;neo4j;0.006032787802621923;0.40576902378646
ml_model;neo4j;-0.40997714055198836;14.280303030303031
ml_model;neo4j;0.011217111422233101;0.40576902378646
ml_model;neo4j;0.005946123583488948;0.40576902378646
ml_model;neo4j;0.010398444845127596;0.40576902378646
ml_model;neo4j;-0.10035178620095551;2.1481481481481484
ml_model;neo4j;-0.10035178620095551;2.1481481481481484
ml_model;neo4j;-0.10035178620095551;2.1481481481481484
ml_model;neo4j;-0.10035178620095551;2.1481481481481484
ml_model;neo4j;-0.09129499320859456;2.1481481481481484
ml_model;neo4j;-0.09129499320859456;2.1481481481481484
ml_model;neo4j;-0.09129499320859456;2.1481481481481484
ml_model;neo4j;-0.09129499320859456;2.1481481481481484
ml_model;neo4j;0.009274908313931053;2.1481481481481484
ml_model;neo4j;0.01018518843644347;0.40576902378646
ml_model;neo4j;-0.37293306077751115;2.1481481481481484
ml_model;neo4j;-0.37293306077751115;2.1481481481481484
ml_model;neo4j;-0.37293306077751115;2.1481481481481484
ml_model;neo4j;-0.37293306077751115;2.1481481481481484
ml_model;neo4j;-0.37293306077751115;2.1481481481481484
ml_model;neo4j;-0.37293306077751115;2.1481481481481484
ml_model;neo4j;-0.37293306077751115;2.1481481481481484
ml_model;neo4j;-0.37293306077751115;2.1481481481481484
ml_model;neo4j;-0.37293306077751115;2.1481481481481484
ml_model;neo4j;-0.37293306077751115;2.1481481481481484
ml_model;neo4j;-0.37293306077751115;2.1481481481481484
ml_model;neo4j;-0.37293306077751115;2.1481481481481484
ml_model;neo4j;-0.37293306077751115;2.1481481481481484
ml_model;neo4j;-0.37293306077751115;2.1481481481481484
ml_model;neo4j;-0.37293306077751115;2.1481481481481484
ml_model;neo4j;-0.37293306077751115;2.1481481481481484
ml_model;neo4j;-0.37293306077751115;2.1481481481481484
ml_model;neo4j;-0.37293306077751115;2.1481481481481484
ml_model;neo4j;-0.37293306077751115;2.1481481481481484
ml_model;neo4j;-0.37293306077751115;2.1481481481481484
ml_model;neo4j;-0.37293306077751115;2.1481481481481484
ml_model;neo4j;-0.37293306077751115;2.1481481481481484
ml_model;neo4j;-0.37293306077751115;2.1481481481481484
ml_model;neo4j;-0.2562996813038031;2.1481481481481484
ml_model;neo4j;-0.2562996813038031;2.1481481481481484
ml_model;neo4j;-0.2562996813038031;2.1481481481481484
ml_model;neo4j;-0.2562996813038031;2.1481481481481484
ml_model;neo4j;-0.2562996813038031;2.1481481481481484
ml_model;neo4j;-0.2562996813038031;2.1481481481481484
ml_model;neo4j;-0.2562996813038031;2.1481481481481484
ml_model;neo4j;-0.2562996813038031;2.1481481481481484
ml_model;neo4j;-0.2562996813038031;2.1481481481481484
ml_model;neo4j;-0.2562996813038031;2.1481481481481484
ml_model;neo4j;-0.2562996813038031;2.1481481481481484
ml_model;neo4j;-0.2562996813038031;2.1481481481481484
ml_model;neo4j;-0.2562996813038031;2.1481481481481484
ml_model;neo4j;-0.2562996813038031;2.1481481481481484
ml_model;neo4j;-0.2562996813038031;2.1481481481481484
ml_model;neo4j;-0.2562996813038031;2.1481481481481484
ml_model;neo4j;-0.2562996813038031;2.1481481481481484
ml_model;neo4j;-0.2562996813038031;2.1481481481481484
ml_model;neo4j;-0.2562996813038031;2.1481481481481484
ml_model;neo4j;-0.2562996813038031;2.1481481481481484
ml_model;neo4j;-0.2562996813038031;2.1481481481481484
ml_model;neo4j;-0.2562996813038031;2.1481481481481484
ml_model;neo4j;-0.2562996813038031;2.1481481481481484
ml_model;neo4j;-0.11481021147727105;2.1481481481481484
ml_model;neo4j;-0.11481021147727105;2.1481481481481484
ml_model;neo4j;-0.11481021147727105;2.1481481481481484
ml_model;neo4j;-0.11481021147727105;2.1481481481481484
ml_model;neo4j;-0.11481021147727105;2.1481481481481484
ml_model;neo4j;-0.11481021147727105;2.1481481481481484
ml_model;neo4j;-0.11481021147727105;2.1481481481481484
ml_model;neo4j;-0.11481021147727105;2.1481481481481484
ml_model;neo4j;-0.11481021147727105;2.1481481481481484
ml_model;neo4j;-0.11481021147727105;2.1481481481481484
ml_model;neo4j;-0.11481021147727105;2.1481481481481484
ml_model;neo4j;-0.11481021147727105;2.1481481481481484
ml_model;neo4j;-0.11481021147727105;2.1481481481481484
ml_model;neo4j;-0.11481021147727105;2.1481481481481484
ml_model;neo4j;-0.11481021147727105;2.1481481481481484
ml_model;neo4j;-0.11481021147727105;2.1481481481481484
ml_model;neo4j;-0.11481021147727105;2.1481481481481484
ml_model;neo4j;-0.11481021147727105;2.1481481481481484
ml_model;neo4j;-0.11481021147727105;2.1481481481481484
ml_model;neo4j;-0.11481021147727105;2.1481481481481484
ml_model;neo4j;-0.11481021147727105;2.1481481481481484
ml_model;neo4j;-0.11481021147727105;2.1481481481481484
ml_model;neo4j;-0.11481021147727105;2.1481481481481484
ml_model;neo4j;0.010977890522795951;2.1481481481481484
ml_model;neo4j;0.010977890522795951;2.1481481481481484
ml_model;neo4j;0.010977890522795951;2.1481481481481484
ml_model;neo4j;0.010977890522795951;2.1481481481481484
ml_model;neo4j;0.010977890522795951;2.1481481481481484
ml_model;neo4j;0.010977890522795951;2.1481481481481484
ml_model;neo4j;0.010977890522795951;2.1481481481481484
ml_model;neo4j;0.010977890522795951;2.1481481481481484
ml_model;neo4j;0.010977890522795951;2.1481481481481484
ml_model;neo4j;0.010977890522795951;2.1481481481481484
ml_model;neo4j;0.010977890522795951;2.1481481481481484
ml_model;neo4j;0.010977890522795951;2.1481481481481484
ml_model;neo4j;0.010977890522795951;2.1481481481481484
ml_model;neo4j;0.010977890522795951;2.1481481481481484
ml_model;neo4j;0.010977890522795951;2.1481481481481484
ml_model;neo4j;0.010977890522795951;2.1481481481481484
ml_model;neo4j;0.010977890522795951;2.1481481481481484
ml_model;neo4j;0.010977890522795951;2.1481481481481484
ml_model;neo4j;0.010977890522795951;2.1481481481481484
ml_model;neo4j;0.010977890522795951;2.1481481481481484
ml_model;neo4j;0.010977890522795951;2.1481481481481484
ml_model;neo4j;0.010977890522795951;2.1481481481481484
ml_model;neo4j;0.010977890522795951;2.1481481481481484
ml_model;neo4j;0.009909388598092502;2.1481481481481484
ml_model;neo4j;0.009909388598092502;2.1481481481481484
ml_model;neo4j;0.009909388598092502;2.1481481481481484
ml_model;neo4j;0.009909388598092502;2.1481481481481484
ml_model;neo4j;0.009909388598092502;2.1481481481481484
ml_model;neo4j;0.009909388598092502;2.1481481481481484
ml_model;neo4j;0.009909388598092502;2.1481481481481484
ml_model;neo4j;0.009909388598092502;2.1481481481481484
ml_model;neo4j;0.009909388598092502;2.1481481481481484
ml_model;neo4j;0.009909388598092502;2.1481481481481484
ml_model;neo4j;0.009909388598092502;2.1481481481481484
ml_model;neo4j;0.009909388598092502;2.1481481481481484
ml_model;neo4j;0.009909388598092502;2.1481481481481484
ml_model;neo4j;0.009909388598092502;2.1481481481481484
ml_model;neo4j;0.009909388598092502;2.1481481481481484
ml_model;neo4j;0.009909388598092502;2.1481481481481484
ml_model;neo4j;0.009909388598092502;2.1481481481481484
ml_model;neo4j;0.009909388598092502;2.1481481481481484
ml_model;neo4j;0.009909388598092502;2.1481481481481484
ml_model;neo4j;0.009909388598092502;2.1481481481481484
ml_model;neo4j;0.009909388598092502;2.1481481481481484
ml_model;neo4j;0.009909388598092502;2.1481481481481484
ml_model;neo4j;0.009909388598092502;2.1481481481481484
ml_model;neo4j;0.009821525006309253;2.1481481481481484
ml_model;neo4j;0.009821525006309253;2.1481481481481484
ml_model;neo4j;0.009821525006309253;2.1481481481481484
ml_model;neo4j;0.009821525006309253;2.1481481481481484
ml_model;neo4j;0.009821525006309253;2.1481481481481484
ml_model;neo4j;0.009821525006309253;2.1481481481481484
ml_model;neo4j;0.009821525006309253;2.1481481481481484
ml_model;neo4j;0.009821525006309253;2.1481481481481484
ml_model;neo4j;0.009821525006309253;2.1481481481481484
ml_model;neo4j;0.009821525006309253;2.1481481481481484
ml_model;neo4j;0.009821525006309253;2.1481481481481484
ml_model;neo4j;0.009821525006309253;2.1481481481481484
ml_model;neo4j;0.009821525006309253;2.1481481481481484
ml_model;neo4j;0.009821525006309253;2.1481481481481484
ml_model;neo4j;0.009821525006309253;2.1481481481481484
ml_model;neo4j;0.009821525006309253;2.1481481481481484
ml_model;neo4j;0.009821525006309253;2.1481481481481484
ml_model;neo4j;0.009821525006309253;2.1481481481481484
ml_model;neo4j;0.009821525006309253;2.1481481481481484
ml_model;neo4j;0.009821525006309253;2.1481481481481484
ml_model;neo4j;0.009821525006309253;2.1481481481481484
ml_model;neo4j;0.009821525006309253;2.1481481481481484
ml_model;neo4j;0.009821525006309253;2.1481481481481484
ml_model;neo4j;0.009322943877676263;0.40576902378646
ml_model;neo4j;0.009019269632213844;0.40576902378646
ml_model;neo4j;0.009019269632213844;0.40576902378646
ml_model;neo4j;0.005383695501552975;2.1481481481481484
ml_model;neo4j;0.013680761494419989;0.40576902378646
ml_model;neo4j;0.011149038860737053;0.40576902378646
ml_model;neo4j;-0.11720590175900245;2.1481481481481484
ml_model;neo4j;-0.11720590175900245;2.1481481481481484
ml_model;neo4j;0.013846374128638358;0.40576902378646
ml_model;neo4j;0.013846374128638358;0.40576902378646
ml_model;neo4j;0.013846374128638358;0.40576902378646
ml_model;neo4j;0.01311164068112928;0.40576902378646
ml_model;neo4j;0.01311164068112928;0.40576902378646
ml_model;neo4j;0.01311164068112928;0.40576902378646
ml_model;neo4j;0.0102537174144468;0.40576902378646
ml_model;neo4j;0.0102537174144468;0.40576902378646
ml_model;neo4j;0.0102537174144468;0.40576902378646
ml_model;neo4j;0.0102537174144468;0.40576902378646
ml_model;neo4j;0.0102537174144468;0.40576902378646
ml_model;neo4j;0.011162784417414223;0.40576902378646
ml_model;neo4j;0.011162784417414223;0.40576902378646
ml_model;neo4j;0.011162784417414223;0.40576902378646
ml_model;neo4j;0.011162784417414223;0.40576902378646
ml_model;neo4j;0.011162784417414223;0.40576902378646
ml_model;neo4j;0.014654901572600501;0.40576902378646
ml_model;neo4j;0.014654901572600501;0.40576902378646
ml_model;neo4j;0.014654901572600501;0.40576902378646
ml_model;neo4j;0.014654901572600501;0.40576902378646
ml_model;neo4j;0.014654901572600501;0.40576902378646
ml_model;neo4j;0.016974131982309123;0.40576902378646
ml_model;neo4j;0.016974131982309123;0.40576902378646
ml_model;neo4j;0.016974131982309123;0.40576902378646
ml_model;neo4j;0.016974131982309123;0.40576902378646
ml_model;neo4j;0.016974131982309123;0.40576902378646
ml_model;neo4j;0.01753475978515833;0.40576902378646
ml_model;neo4j;0.01753475978515833;0.40576902378646
ml_model;neo4j;0.01753475978515833;0.40576902378646
ml_model;neo4j;0.01753475978515833;0.40576902378646
ml_model;neo4j;0.01753475978515833;0.40576902378646
ml_model;neo4j;0.009690164880038979;2.1481481481481484
ml_model;neo4j;0.009690164880038979;2.1481481481481484
ml_model;neo4j;0.009690164880038979;2.1481481481481484
ml_model;neo4j;0.008116454012263498;2.1481481481481484
ml_model;neo4j;0.008116454012263498;2.1481481481481484
ml_model;neo4j;0.008116454012263498;2.1481481481481484
ml_model;neo4j;-0.37514824980515743;2.1481481481481484
ml_model;neo4j;0.014837483405493623;0.40576902378646
ml_model;neo4j;0.010429444563481393;2.1481481481481484
ml_model;neo4j;0.010429444563481393;2.1481481481481484
ml_model;neo4j;0.006923589895034721;2.1481481481481484
ml_model;neo4j;0.006923589895034721;2.1481481481481484
ml_model;neo4j;0.007163389214758048;0.40576902378646
ml_model;neo4j;0.011152103443835541;0.40576902378646
ml_model;neo4j;0.004670414697760893;0.40576902378646
ml_model;neo4j;0.006782304358013042;0.40576902378646
ml_model;neo4j;0.01022723839382112;0.40576902378646
ml_model;neo4j;0.01022723839382112;0.40576902378646
ml_model;neo4j;0.01022723839382112;0.40576902378646
ml_model;neo4j;0.01022723839382112;0.40576902378646
ml_model;neo4j;0.01022723839382112;0.40576902378646
ml_model;neo4j;0.01022723839382112;0.40576902378646
ml_model;neo4j;0.01022723839382112;0.40576902378646
ml_model;neo4j;0.01022723839382112;0.40576902378646
ml_model;neo4j;0.015040341943050407;0.40576902378646
ml_model;neo4j;0.015040341943050407;0.40576902378646
ml_model;neo4j;0.015040341943050407;0.40576902378646
ml_model;neo4j;0.015424399780203345;0.40576902378646
ml_model;neo4j;0.015424399780203345;0.40576902378646
ml_model;neo4j;0.015424399780203345;0.40576902378646
ml_model;neo4j;0.015764545916138864;0.40576902378646
ml_model;neo4j;0.015764545916138864;0.40576902378646
ml_model;neo4j;0.015227223212556776;0.40576902378646
ml_model;neo4j;0.015227223212556776;0.40576902378646
ml_model;neo4j;0.008845137348614687;2.1481481481481484
ml_model;neo4j;0.010060292238553327;0.40576902378646
ml_model;neo4j;0.00854223608597277;0.40576902378646
ml_model;neo4j;0.011204279761319352;0.40576902378646
ml_model;neo4j;0.009769694487204479;0.40576902378646
ml_model;neo4j;0.01861940466614087;0.40576902378646
ml_model;neo4j;0.01861940466614087;0.40576902378646
ml_model;neo4j;0.01861940466614087;0.40576902378646
ml_model;neo4j;0.01861940466614087;0.40576902378646
ml_model;neo4j;0.01861940466614087;0.40576902378646
ml_model;neo4j;0.01861940466614087;0.40576902378646
ml_model;neo4j;0.018109778846319948;0.40576902378646
ml_model;neo4j;0.018109778846319948;0.40576902378646
ml_model;neo4j;0.018109778846319948;0.40576902378646
ml_model;neo4j;0.018109778846319948;0.40576902378646
ml_model;neo4j;0.018109778846319948;0.40576902378646
ml_model;neo4j;0.018109778846319948;0.40576902378646
ml_model;neo4j;0.011407679352220128;0.40576902378646
ml_model;neo4j;0.011407679352220128;0.40576902378646
ml_model;neo4j;0.011407679352220128;0.40576902378646
ml_model;neo4j;0.011407679352220128;0.40576902378646
ml_model;neo4j;0.011407679352220128;0.40576902378646
ml_model;neo4j;0.011407679352220128;0.40576902378646
ml_model;neo4j;0.011339038903550985;0.40576902378646
ml_model;neo4j;0.011339038903550985;0.40576902378646
ml_model;neo4j;0.011339038903550985;0.40576902378646
ml_model;neo4j;0.011339038903550985;0.40576902378646
ml_model;neo4j;0.011339038903550985;0.40576902378646
ml_model;neo4j;0.011339038903550985;0.40576902378646
ml_model;neo4j;0.013732950951457261;0.40576902378646
ml_model;neo4j;0.013732950951457261;0.40576902378646
ml_model;neo4j;0.013732950951457261;0.40576902378646
ml_model;neo4j;0.013732950951457261;0.40576902378646
ml_model;neo4j;0.013732950951457261;0.40576902378646
ml_model;neo4j;0.013732950951457261;0.40576902378646
ml_model;neo4j;0.01616677538597181;0.40576902378646
ml_model;neo4j;0.01117670540789717;0.40576902378646
ml_model;neo4j;0.01117670540789717;0.40576902378646
ml_model;neo4j;0.01117670540789717;0.40576902378646
ml_model;neo4j;0.014297686929923179;0.40576902378646
ml_model;neo4j;0.014297686929923179;0.40576902378646
ml_model;neo4j;0.014297686929923179;0.40576902378646
ml_model;neo4j;0.010183486588487;0.40576902378646
ml_model;neo4j;0.010183486588487;0.40576902378646
ml_model;neo4j;0.010792983804389611;0.40576902378646
ml_model;neo4j;0.010792983804389611;0.40576902378646
ml_model;neo4j;0.010792983804389611;0.40576902378646
ml_model;neo4j;0.010792983804389611;0.40576902378646
ml_model;neo4j;0.010792983804389611;0.40576902378646
ml_model;neo4j;0.012643471912041737;0.40576902378646
ml_model;neo4j;0.012643471912041737;0.40576902378646
ml_model;neo4j;0.012643471912041737;0.40576902378646
ml_model;neo4j;0.012643471912041737;0.40576902378646
ml_model;neo4j;0.012643471912041737;0.40576902378646
ml_model;neo4j;0.009547451465327362;0.40576902378646
ml_model;neo4j;0.009547451465327362;0.40576902378646
ml_model;neo4j;0.009547451465327362;0.40576902378646
ml_model;neo4j;0.009547451465327362;0.40576902378646
ml_model;neo4j;0.009547451465327362;0.40576902378646
ml_model;neo4j;0.013191341241512994;0.40576902378646
ml_model;neo4j;0.013191341241512994;0.40576902378646
ml_model;neo4j;0.013191341241512994;0.40576902378646
ml_model;neo4j;0.015283055383671756;0.40576902378646
ml_model;neo4j;0.015283055383671756;0.40576902378646
ml_model;neo4j;0.015283055383671756;0.40576902378646
ml_model;neo4j;0.021229585822604865;0.40576902378646
ml_model;neo4j;0.01338083346769638;0.40576902378646
ml_model;neo4j;0.01338083346769638;0.40576902378646
ml_model;neo4j;0.01338083346769638;0.40576902378646
ml_model;neo4j;0.01338083346769638;0.40576902378646
ml_model;neo4j;0.005346428783588446;0.40576902378646
ml_model;neo4j;0.005346428783588446;0.40576902378646
ml_model;neo4j;0.005346428783588446;0.40576902378646
ml_model;neo4j;0.005346428783588446;0.40576902378646
ml_model;neo4j;0.0115738302924342;0.40576902378646
ml_model;neo4j;0.0115738302924342;0.40576902378646
ml_model;neo4j;0.010389856995127069;0.40576902378646
ml_model;neo4j;0.010389856995127069;0.40576902378646
ml_model;neo4j;0.008782465844583087;0.40576902378646
ml_model;neo4j;0.017335507569577656;0.40576902378646
ml_model;neo4j;0.017335507569577656;0.40576902378646
ml_model;neo4j;0.017335507569577656;0.40576902378646
ml_model;neo4j;0.005643419703479861;0.40576902378646
ml_model;neo4j;0.005643419703479861;0.40576902378646
ml_model;neo4j;0.005643419703479861;0.40576902378646
ml_model;neo4j;0.014259358220776333;0.40576902378646
ml_model;neo4j;0.014259358220776333;0.40576902378646
ml_model;neo4j;0.014259358220776333;0.40576902378646
ml_model;neo4j;0.014259358220776333;0.40576902378646
ml_model;neo4j;0.014218303839101953;0.40576902378646
ml_model;neo4j;0.024047049244563145;0.40576902378646
ml_model;neo4j;0.024047049244563145;0.40576902378646
ml_model;neo4j;0.024047049244563145;0.40576902378646
ml_model;neo4j;0.024047049244563145;0.40576902378646
ml_model;neo4j;0.010806258962952994;0.40576902378646
ml_model;neo4j;0.010806258962952994;0.40576902378646
ml_model;neo4j;0.010806258962952994;0.40576902378646
ml_model;neo4j;0.010806258962952994;0.40576902378646
ml_model;neo4j;0.016738798649222123;0.40576902378646
ml_model;neo4j;0.016738798649222123;0.40576902378646
ml_model;neo4j;0.016738798649222123;0.40576902378646
ml_model;neo4j;0.016738798649222123;0.40576902378646
ml_model;neo4j;0.012173225188192081;0.40576902378646
ml_model;neo4j;0.012173225188192081;0.40576902378646
ml_model;neo4j;0.012173225188192081;0.40576902378646
ml_model;neo4j;0.012173225188192081;0.40576902378646
ml_model;neo4j;0.014752824213883832;0.40576902378646
ml_model;neo4j;0.014752824213883832;0.40576902378646
ml_model;neo4j;0.014752824213883832;0.40576902378646
ml_model;neo4j;0.014752824213883832;0.40576902378646
ml_model;neo4j;0.014752824213883832;0.40576902378646
ml_model;neo4j;0.014752824213883832;0.40576902378646
ml_model;neo4j;0.014752824213883832;0.40576902378646
ml_model;neo4j;0.014752824213883832;0.40576902378646
ml_model;neo4j;0.014752824213883832;0.40576902378646
ml_model;neo4j;0.014752824213883832;0.40576902378646
ml_model;neo4j;0.014752824213883832;0.40576902378646
ml_model;neo4j;0.014752824213883832;0.40576902378646
ml_model;neo4j;0.014752824213883832;0.40576902378646
ml_model;neo4j;0.014752824213883832;0.40576902378646
ml_model;neo4j;0.014752824213883832;0.40576902378646
ml_model;neo4j;0.014752824213883832;0.40576902378646
ml_model;neo4j;0.014752824213883832;0.40576902378646
ml_model;neo4j;0.011721598147814706;0.40576902378646
ml_model;neo4j;0.011721598147814706;0.40576902378646
ml_model;neo4j;0.011721598147814706;0.40576902378646
ml_model;neo4j;0.011721598147814706;0.40576902378646
ml_model;neo4j;0.011721598147814706;0.40576902378646
ml_model;neo4j;0.011721598147814706;0.40576902378646
ml_model;neo4j;0.011721598147814706;0.40576902378646
ml_model;neo4j;0.011721598147814706;0.40576902378646
ml_model;neo4j;0.011721598147814706;0.40576902378646
ml_model;neo4j;0.011721598147814706;0.40576902378646
ml_model;neo4j;0.011721598147814706;0.40576902378646
ml_model;neo4j;0.011721598147814706;0.40576902378646
ml_model;neo4j;0.011721598147814706;0.40576902378646
ml_model;neo4j;0.011721598147814706;0.40576902378646
ml_model;neo4j;0.011721598147814706;0.40576902378646
ml_model;neo4j;0.011721598147814706;0.40576902378646
ml_model;neo4j;0.011721598147814706;0.40576902378646
ml_model;neo4j;0.01155139519999458;0.40576902378646
ml_model;neo4j;0.01155139519999458;0.40576902378646
ml_model;neo4j;0.01155139519999458;0.40576902378646
ml_model;neo4j;0.01155139519999458;0.40576902378646
ml_model;neo4j;0.01155139519999458;0.40576902378646
ml_model;neo4j;0.01155139519999458;0.40576902378646
ml_model;neo4j;0.01155139519999458;0.40576902378646
ml_model;neo4j;0.01155139519999458;0.40576902378646
ml_model;neo4j;0.01155139519999458;0.40576902378646
ml_model;neo4j;0.01155139519999458;0.40576902378646
ml_model;neo4j;0.01155139519999458;0.40576902378646
ml_model;neo4j;0.01155139519999458;0.40576902378646
ml_model;neo4j;0.01155139519999458;0.40576902378646
ml_model;neo4j;0.01155139519999458;0.40576902378646
ml_model;neo4j;0.01155139519999458;0.40576902378646
ml_model;neo4j;0.01155139519999458;0.40576902378646
ml_model;neo4j;0.01155139519999458;0.40576902378646
ml_model;neo4j;0.006760553026364805;0.40576902378646
ml_model;neo4j;0.006760553026364805;0.40576902378646
ml_model;neo4j;0.006760553026364805;0.40576902378646
ml_model;neo4j;0.006760553026364805;0.40576902378646
ml_model;neo4j;0.006760553026364805;0.40576902378646
ml_model;neo4j;0.006760553026364805;0.40576902378646
ml_model;neo4j;0.006760553026364805;0.40576902378646
ml_model;neo4j;0.006760553026364805;0.40576902378646
ml_model;neo4j;0.006760553026364805;0.40576902378646
ml_model;neo4j;0.006760553026364805;0.40576902378646
ml_model;neo4j;0.006760553026364805;0.40576902378646
ml_model;neo4j;0.006760553026364805;0.40576902378646
ml_model;neo4j;0.006760553026364805;0.40576902378646
ml_model;neo4j;0.006760553026364805;0.40576902378646
ml_model;neo4j;0.006760553026364805;0.40576902378646
ml_model;neo4j;0.006760553026364805;0.40576902378646
ml_model;neo4j;0.006760553026364805;0.40576902378646
ml_model;neo4j;0.0058233570531604035;0.40576902378646
ml_model;neo4j;0.0058233570531604035;0.40576902378646
ml_model;neo4j;0.0058233570531604035;0.40576902378646
ml_model;neo4j;0.0058233570531604035;0.40576902378646
ml_model;neo4j;0.0058233570531604035;0.40576902378646
ml_model;neo4j;0.0058233570531604035;0.40576902378646
ml_model;neo4j;0.0058233570531604035;0.40576902378646
ml_model;neo4j;0.0058233570531604035;0.40576902378646
ml_model;neo4j;0.0058233570531604035;0.40576902378646
ml_model;neo4j;0.0058233570531604035;0.40576902378646
ml_model;neo4j;0.0058233570531604035;0.40576902378646
ml_model;neo4j;0.0058233570531604035;0.40576902378646
ml_model;neo4j;0.0058233570531604035;0.40576902378646
ml_model;neo4j;0.0058233570531604035;0.40576902378646
ml_model;neo4j;0.0058233570531604035;0.40576902378646
ml_model;neo4j;0.0058233570531604035;0.40576902378646
ml_model;neo4j;0.0058233570531604035;0.40576902378646
ml_model;neo4j;0.01741232615011696;0.40576902378646
ml_model;neo4j;0.01003329097361559;0.40576902378646
ml_model;neo4j;0.009888217188077081;0.40576902378646
ml_model;neo4j;0.009888217188077081;0.40576902378646
ml_model;neo4j;0.00614802467387759;0.40576902378646
ml_model;neo4j;0.00614802467387759;0.40576902378646
majority_baseline;postgres;0.4951896037120817;2.1481481481481484
majority_baseline;postgres;0.4951896037120817;2.1481481481481484
majority_baseline;postgres;0.6852903310635395;2.1481481481481484
majority_baseline;postgres;0.6852903310635395;2.1481481481481484
majority_baseline;postgres;-0.04498405614121308;0.40576902378646
majority_baseline;postgres;-0.04498405614121308;0.40576902378646
majority_baseline;postgres;-0.04498405614121308;0.40576902378646
majority_baseline;postgres;-0.04498405614121308;0.40576902378646
majority_baseline;postgres;-0.13630765679031373;0.40576902378646
majority_baseline;postgres;0.00832696821647463;0.40576902378646
majority_baseline;postgres;0.00832696821647463;0.40576902378646
majority_baseline;postgres;-0.43725254227155125;0.40576902378646
majority_baseline;postgres;-0.43725254227155125;0.40576902378646
majority_baseline;postgres;0.09806020951278305;2.1481481481481484
majority_baseline;postgres;0.09806020951278305;2.1481481481481484
majority_baseline;postgres;0.09806020951278305;2.1481481481481484
majority_baseline;postgres;0.09806020951278305;2.1481481481481484
majority_baseline;postgres;0.09806020951278305;2.1481481481481484
majority_baseline;postgres;0.31454810715954723;2.1481481481481484
majority_baseline;postgres;0.31454810715954723;2.1481481481481484
majority_baseline;postgres;0.31454810715954723;2.1481481481481484
majority_baseline;postgres;0.31454810715954723;2.1481481481481484
majority_baseline;postgres;0.31454810715954723;2.1481481481481484
majority_baseline;postgres;-0.30765680396771355;0.40576902378646
majority_baseline;postgres;-0.3920097006369171;0.40576902378646
majority_baseline;postgres;-0.5581040870410574;0.40576902378646
majority_baseline;postgres;-0.23162526059549104;0.40576902378646
majority_baseline;postgres;-0.23162526059549104;0.40576902378646
majority_baseline;postgres;-0.23162526059549104;0.40576902378646
majority_baseline;postgres;-0.3239974355551339;0.40576902378646
majority_baseline;postgres;-0.3239974355551339;0.40576902378646
majority_baseline;postgres;-0.3239974355551339;0.40576902378646
majority_baseline;postgres;0.8605714075749926;2.1481481481481484
majority_baseline;postgres;0.8605714075749926;2.1481481481481484
majority_baseline;postgres;0.8605714075749926;2.1481481481481484
majority_baseline;postgres;0.8605714075749926;2.1481481481481484
majority_baseline;postgres;0.8605714075749926;2.1481481481481484
majority_baseline;postgres;0.8605714075749926;2.1481481481481484
majority_baseline;postgres;0.8605714075749926;2.1481481481481484
majority_baseline;postgres;0.8605714075749926;2.1481481481481484
majority_baseline;postgres;0.8605714075749926;2.1481481481481484
majority_baseline;postgres;0.8605714075749926;2.1481481481481484
majority_baseline;postgres;0.8605714075749926;2.1481481481481484
majority_baseline;postgres;0.8605714075749926;2.1481481481481484
majority_baseline;postgres;0.8605714075749926;2.1481481481481484
majority_baseline;postgres;0.8605714075749926;2.1481481481481484
majority_baseline;postgres;0.8605714075749926;2.1481481481481484
majority_baseline;postgres;0.8605714075749926;2.1481481481481484
majority_baseline;postgres;0.8605714075749926;2.1481481481481484
majority_baseline;postgres;0.8605714075749926;2.1481481481481484
majority_baseline;postgres;0.8605714075749926;2.1481481481481484
majority_baseline;postgres;0.8605714075749926;2.1481481481481484
majority_baseline;postgres;0.8605714075749926;2.1481481481481484
majority_baseline;postgres;0.8605714075749926;2.1481481481481484
majority_baseline;postgres;0.8605714075749926;2.1481481481481484
majority_baseline;postgres;0.8605714075749926;2.1481481481481484
majority_baseline;postgres;0.8605714075749926;2.1481481481481484
majority_baseline;postgres;0.8605714075749926;2.1481481481481484
majority_baseline;postgres;0.8605714075749926;2.1481481481481484
majority_baseline;postgres;0.8605714075749926;2.1481481481481484
majority_baseline;postgres;0.8605714075749926;2.1481481481481484
majority_baseline;postgres;0.48855395074459584;2.1481481481481484
majority_baseline;postgres;0.48855395074459584;2.1481481481481484
majority_baseline;postgres;0.48855395074459584;2.1481481481481484
majority_baseline;postgres;0.48855395074459584;2.1481481481481484
majority_baseline;postgres;0.48855395074459584;2.1481481481481484
majority_baseline;postgres;0.48855395074459584;2.1481481481481484
majority_baseline;postgres;0.48855395074459584;2.1481481481481484
majority_baseline;postgres;0.48855395074459584;2.1481481481481484
majority_baseline;postgres;0.48855395074459584;2.1481481481481484
majority_baseline;postgres;0.48855395074459584;2.1481481481481484
majority_baseline;postgres;0.48855395074459584;2.1481481481481484
majority_baseline;postgres;0.48855395074459584;2.1481481481481484
majority_baseline;postgres;0.48855395074459584;2.1481481481481484
majority_baseline;postgres;0.48855395074459584;2.1481481481481484
majority_baseline;postgres;0.48855395074459584;2.1481481481481484
majority_baseline;postgres;0.48855395074459584;2.1481481481481484
majority_baseline;postgres;0.48855395074459584;2.1481481481481484
majority_baseline;postgres;0.48855395074459584;2.1481481481481484
majority_baseline;postgres;0.48855395074459584;2.1481481481481484
majority_baseline;postgres;0.48855395074459584;2.1481481481481484
majority_baseline;postgres;0.48855395074459584;2.1481481481481484
majority_baseline;postgres;0.48855395074459584;2.1481481481481484
majority_baseline;postgres;0.48855395074459584;2.1481481481481484
majority_baseline;postgres;0.48855395074459584;2.1481481481481484
majority_baseline;postgres;0.48855395074459584;2.1481481481481484
majority_baseline;postgres;0.48855395074459584;2.1481481481481484
majority_baseline;postgres;0.48855395074459584;2.1481481481481484
majority_baseline;postgres;0.48855395074459584;2.1481481481481484
majority_baseline;postgres;0.48855395074459584;2.1481481481481484
majority_baseline;postgres;0.2626235689589165;2.1481481481481484
majority_baseline;postgres;0.2626235689589165;2.1481481481481484
majority_baseline;postgres;0.2626235689589165;2.1481481481481484
majority_baseline;postgres;0.2626235689589165;2.1481481481481484
majority_baseline;postgres;0.2626235689589165;2.1481481481481484
majority_baseline;postgres;0.2626235689589165;2.1481481481481484
majority_baseline;postgres;0.2626235689589165;2.1481481481481484
majority_baseline;postgres;0.2626235689589165;2.1481481481481484
majority_baseline;postgres;0.2626235689589165;2.1481481481481484
majority_baseline;postgres;0.2626235689589165;2.1481481481481484
majority_baseline;postgres;0.2626235689589165;2.1481481481481484
majority_baseline;postgres;0.2626235689589165;2.1481481481481484
majority_baseline;postgres;0.2626235689589165;2.1481481481481484
majority_baseline;postgres;0.2626235689589165;2.1481481481481484
majority_baseline;postgres;0.2626235689589165;2.1481481481481484
majority_baseline;postgres;0.2626235689589165;2.1481481481481484
majority_baseline;postgres;0.2626235689589165;2.1481481481481484
majority_baseline;postgres;0.2626235689589165;2.1481481481481484
majority_baseline;postgres;0.2626235689589165;2.1481481481481484
majority_baseline;postgres;0.2626235689589165;2.1481481481481484
majority_baseline;postgres;0.2626235689589165;2.1481481481481484
majority_baseline;postgres;0.2626235689589165;2.1481481481481484
majority_baseline;postgres;0.2626235689589165;2.1481481481481484
majority_baseline;postgres;0.2626235689589165;2.1481481481481484
majority_baseline;postgres;0.2626235689589165;2.1481481481481484
majority_baseline;postgres;0.2626235689589165;2.1481481481481484
majority_baseline;postgres;0.2626235689589165;2.1481481481481484
majority_baseline;postgres;0.2626235689589165;2.1481481481481484
majority_baseline;postgres;0.2626235689589165;2.1481481481481484
majority_baseline;postgres;0.19819079700000866;2.1481481481481484
majority_baseline;postgres;0.19819079700000866;2.1481481481481484
majority_baseline;postgres;0.19819079700000866;2.1481481481481484
majority_baseline;postgres;0.19819079700000866;2.1481481481481484
majority_baseline;postgres;0.19819079700000866;2.1481481481481484
majority_baseline;postgres;0.19819079700000866;2.1481481481481484
majority_baseline;postgres;0.19819079700000866;2.1481481481481484
majority_baseline;postgres;0.19819079700000866;2.1481481481481484
majority_baseline;postgres;0.19819079700000866;2.1481481481481484
majority_baseline;postgres;0.19819079700000866;2.1481481481481484
majority_baseline;postgres;0.19819079700000866;2.1481481481481484
majority_baseline;postgres;0.19819079700000866;2.1481481481481484
majority_baseline;postgres;0.19819079700000866;2.1481481481481484
majority_baseline;postgres;0.19819079700000866;2.1481481481481484
majority_baseline;postgres;0.19819079700000866;2.1481481481481484
majority_baseline;postgres;0.19819079700000866;2.1481481481481484
majority_baseline;postgres;0.19819079700000866;2.1481481481481484
majority_baseline;postgres;0.19819079700000866;2.1481481481481484
majority_baseline;postgres;0.19819079700000866;2.1481481481481484
majority_baseline;postgres;0.19819079700000866;2.1481481481481484
majority_baseline;postgres;0.19819079700000866;2.1481481481481484
majority_baseline;postgres;0.19819079700000866;2.1481481481481484
majority_baseline;postgres;0.19819079700000866;2.1481481481481484
majority_baseline;postgres;0.19819079700000866;2.1481481481481484
majority_baseline;postgres;0.19819079700000866;2.1481481481481484
majority_baseline;postgres;0.19819079700000866;2.1481481481481484
majority_baseline;postgres;0.19819079700000866;2.1481481481481484
majority_baseline;postgres;0.19819079700000866;2.1481481481481484
majority_baseline;postgres;0.19819079700000866;2.1481481481481484
majority_baseline;postgres;-0.3068294738009472;2.1481481481481484
majority_baseline;postgres;-0.3068294738009472;2.1481481481481484
majority_baseline;postgres;-0.3068294738009472;2.1481481481481484
majority_baseline;postgres;-0.3068294738009472;2.1481481481481484
majority_baseline;postgres;-0.3068294738009472;2.1481481481481484
majority_baseline;postgres;-0.3068294738009472;2.1481481481481484
majority_baseline;postgres;-0.3068294738009472;2.1481481481481484
majority_baseline;postgres;-0.3068294738009472;2.1481481481481484
majority_baseline;postgres;-0.3068294738009472;2.1481481481481484
majority_baseline;postgres;-0.3068294738009472;2.1481481481481484
majority_baseline;postgres;-0.3068294738009472;2.1481481481481484
majority_baseline;postgres;-0.3068294738009472;2.1481481481481484
majority_baseline;postgres;-0.3068294738009472;2.1481481481481484
majority_baseline;postgres;-0.3068294738009472;2.1481481481481484
majority_baseline;postgres;-0.3068294738009472;2.1481481481481484
majority_baseline;postgres;-0.3068294738009472;2.1481481481481484
majority_baseline;postgres;-0.3068294738009472;2.1481481481481484
majority_baseline;postgres;-0.3068294738009472;2.1481481481481484
majority_baseline;postgres;-0.3068294738009472;2.1481481481481484
majority_baseline;postgres;-0.3068294738009472;2.1481481481481484
majority_baseline;postgres;-0.3068294738009472;2.1481481481481484
majority_baseline;postgres;-0.3068294738009472;2.1481481481481484
majority_baseline;postgres;-0.3068294738009472;2.1481481481481484
majority_baseline;postgres;-0.3068294738009472;2.1481481481481484
majority_baseline;postgres;-0.3068294738009472;2.1481481481481484
majority_baseline;postgres;-0.3068294738009472;2.1481481481481484
majority_baseline;postgres;-0.3068294738009472;2.1481481481481484
majority_baseline;postgres;-0.3068294738009472;2.1481481481481484
majority_baseline;postgres;-0.3068294738009472;2.1481481481481484
majority_baseline;postgres;-0.12335592460377957;0.40576902378646
majority_baseline;postgres;-0.5276612536947736;0.40576902378646
majority_baseline;postgres;-0.5276612536947736;0.40576902378646
majority_baseline;postgres;-0.4998599718618609;0.40576902378646
majority_baseline;postgres;-0.4998599718618609;0.40576902378646
majority_baseline;postgres;-0.26648075600376836;0.40576902378646
majority_baseline;postgres;-0.26648075600376836;0.40576902378646
majority_baseline;postgres;-0.3610332905479346;0.40576902378646
majority_baseline;postgres;-0.3610332905479346;0.40576902378646
majority_baseline;postgres;-0.3610332905479346;0.40576902378646
majority_baseline;postgres;-0.2991373212569662;0.40576902378646
majority_baseline;postgres;-0.2991373212569662;0.40576902378646
majority_baseline;postgres;-0.2991373212569662;0.40576902378646
majority_baseline;postgres;-0.05425553791758447;2.1481481481481484
majority_baseline;postgres;-0.05425553791758447;2.1481481481481484
majority_baseline;postgres;-0.05425553791758447;2.1481481481481484
majority_baseline;postgres;-0.05425553791758447;2.1481481481481484
majority_baseline;postgres;-0.05425553791758447;2.1481481481481484
majority_baseline;postgres;-0.05425553791758447;2.1481481481481484
majority_baseline;postgres;-0.05425553791758447;2.1481481481481484
majority_baseline;postgres;-0.05425553791758447;2.1481481481481484
majority_baseline;postgres;-0.0015099852525588815;2.1481481481481484
majority_baseline;postgres;-0.0015099852525588815;2.1481481481481484
majority_baseline;postgres;-0.0015099852525588815;2.1481481481481484
majority_baseline;postgres;-0.0015099852525588815;2.1481481481481484
majority_baseline;postgres;-0.0015099852525588815;2.1481481481481484
majority_baseline;postgres;-0.0015099852525588815;2.1481481481481484
majority_baseline;postgres;-0.0015099852525588815;2.1481481481481484
majority_baseline;postgres;-0.0015099852525588815;2.1481481481481484
majority_baseline;postgres;-0.22903338304520737;2.1481481481481484
majority_baseline;postgres;-0.22903338304520737;2.1481481481481484
majority_baseline;postgres;-0.22903338304520737;2.1481481481481484
majority_baseline;postgres;-0.22903338304520737;2.1481481481481484
majority_baseline;postgres;-0.22903338304520737;2.1481481481481484
majority_baseline;postgres;-0.22903338304520737;2.1481481481481484
majority_baseline;postgres;-0.22903338304520737;2.1481481481481484
majority_baseline;postgres;-0.22903338304520737;2.1481481481481484
majority_baseline;postgres;0.40235912062222207;2.1481481481481484
majority_baseline;postgres;-0.20670168818109172;0.40576902378646
majority_baseline;postgres;-0.43147566241154506;0.40576902378646
majority_baseline;postgres;-0.1784130876765998;0.40576902378646
majority_baseline;postgres;-0.35154739560716564;0.40576902378646
majority_baseline;postgres;-0.3236772971557327;0.40576902378646
majority_baseline;postgres;0.0065626056210937615;0.40576902378646
majority_baseline;postgres;0.0065626056210937615;0.40576902378646
majority_baseline;postgres;0.0065626056210937615;0.40576902378646
majority_baseline;postgres;0.0065626056210937615;0.40576902378646
majority_baseline;postgres;-0.48358713902187056;0.40576902378646
majority_baseline;postgres;-0.48358713902187056;0.40576902378646
majority_baseline;postgres;-0.48358713902187056;0.40576902378646
majority_baseline;postgres;-0.48358713902187056;0.40576902378646
majority_baseline;postgres;-0.36059732350464546;0.40576902378646
majority_baseline;postgres;-0.36059732350464546;0.40576902378646
majority_baseline;postgres;-0.36059732350464546;0.40576902378646
majority_baseline;postgres;-0.36059732350464546;0.40576902378646
majority_baseline;postgres;-0.7694511540990415;0.40576902378646
majority_baseline;postgres;-0.7694511540990415;0.40576902378646
majority_baseline;postgres;-0.7694511540990415;0.40576902378646
majority_baseline;postgres;-0.7694511540990415;0.40576902378646
majority_baseline;postgres;-0.414385189926628;0.40576902378646
majority_baseline;postgres;-0.414385189926628;0.40576902378646
majority_baseline;postgres;-0.414385189926628;0.40576902378646
majority_baseline;postgres;-0.414385189926628;0.40576902378646
majority_baseline;postgres;-0.414385189926628;0.40576902378646
majority_baseline;postgres;-0.414385189926628;0.40576902378646
majority_baseline;postgres;-0.4469276417292167;0.40576902378646
majority_baseline;postgres;-0.4469276417292167;0.40576902378646
majority_baseline;postgres;-0.4469276417292167;0.40576902378646
majority_baseline;postgres;-0.4469276417292167;0.40576902378646
majority_baseline;postgres;-0.4469276417292167;0.40576902378646
majority_baseline;postgres;-0.4469276417292167;0.40576902378646
majority_baseline;postgres;-0.356146658163022;0.40576902378646
majority_baseline;postgres;-0.356146658163022;0.40576902378646
majority_baseline;postgres;-0.356146658163022;0.40576902378646
majority_baseline;postgres;-0.356146658163022;0.40576902378646
majority_baseline;postgres;-0.356146658163022;0.40576902378646
majority_baseline;postgres;-0.356146658163022;0.40576902378646
majority_baseline;postgres;-0.7860601291156635;0.40576902378646
majority_baseline;postgres;-0.7860601291156635;0.40576902378646
majority_baseline;postgres;-0.7860601291156635;0.40576902378646
majority_baseline;postgres;-0.7860601291156635;0.40576902378646
majority_baseline;postgres;-0.7860601291156635;0.40576902378646
majority_baseline;postgres;-0.7860601291156635;0.40576902378646
majority_baseline;postgres;-0.32347013531620195;0.40576902378646
majority_baseline;postgres;-0.32347013531620195;0.40576902378646
majority_baseline;postgres;-0.32347013531620195;0.40576902378646
majority_baseline;postgres;-0.38367900054737336;0.40576902378646
majority_baseline;postgres;-0.38367900054737336;0.40576902378646
majority_baseline;postgres;-0.38367900054737336;0.40576902378646
majority_baseline;postgres;-0.004804516755493796;0.40576902378646
majority_baseline;postgres;-0.2792110454607142;0.40576902378646
majority_baseline;postgres;-0.25606676313176246;0.40576902378646
majority_baseline;postgres;-0.25606676313176246;0.40576902378646
majority_baseline;postgres;-0.25606676313176246;0.40576902378646
majority_baseline;postgres;-0.09349855902048511;0.40576902378646
majority_baseline;postgres;-0.09349855902048511;0.40576902378646
majority_baseline;postgres;-0.09349855902048511;0.40576902378646
majority_baseline;postgres;-0.2627308656925887;0.40576902378646
majority_baseline;postgres;-0.2627308656925887;0.40576902378646
majority_baseline;postgres;0.4860375829246542;2.1481481481481484
majority_baseline;postgres;0.4860375829246542;2.1481481481481484
majority_baseline;postgres;0.025073229463512734;0.40576902378646
majority_baseline;postgres;0.025073229463512734;0.40576902378646
majority_baseline;postgres;0.025073229463512734;0.40576902378646
majority_baseline;postgres;0.025073229463512734;0.40576902378646
majority_baseline;postgres;0.025073229463512734;0.40576902378646
majority_baseline;postgres;0.025073229463512734;0.40576902378646
majority_baseline;postgres;0.025073229463512734;0.40576902378646
majority_baseline;postgres;0.025073229463512734;0.40576902378646
majority_baseline;postgres;0.21358189215785034;0.40576902378646
majority_baseline;postgres;0.21358189215785034;0.40576902378646
majority_baseline;postgres;0.21358189215785034;0.40576902378646
majority_baseline;postgres;0.21358189215785034;0.40576902378646
majority_baseline;postgres;0.21358189215785034;0.40576902378646
majority_baseline;postgres;0.21358189215785034;0.40576902378646
majority_baseline;postgres;0.21358189215785034;0.40576902378646
majority_baseline;postgres;0.21358189215785034;0.40576902378646
majority_baseline;postgres;-0.18991452805251519;0.40576902378646
majority_baseline;postgres;-0.18991452805251519;0.40576902378646
majority_baseline;postgres;-0.18991452805251519;0.40576902378646
majority_baseline;postgres;-0.18991452805251519;0.40576902378646
majority_baseline;postgres;-0.18991452805251519;0.40576902378646
majority_baseline;postgres;-0.18991452805251519;0.40576902378646
majority_baseline;postgres;-0.18991452805251519;0.40576902378646
majority_baseline;postgres;-0.18991452805251519;0.40576902378646
majority_baseline;postgres;-0.4713991491939288;0.40576902378646
majority_baseline;postgres;-0.24495428796846333;0.40576902378646
majority_baseline;postgres;-0.38406559991195804;0.40576902378646
majority_baseline;postgres;-0.38406559991195804;0.40576902378646
majority_baseline;postgres;-0.38406559991195804;0.40576902378646
majority_baseline;postgres;-0.38406559991195804;0.40576902378646
majority_baseline;postgres;-0.38406559991195804;0.40576902378646
majority_baseline;postgres;-0.41316899721810224;0.40576902378646
majority_baseline;postgres;-0.41316899721810224;0.40576902378646
majority_baseline;postgres;-0.41316899721810224;0.40576902378646
majority_baseline;postgres;-0.41316899721810224;0.40576902378646
majority_baseline;postgres;-0.41316899721810224;0.40576902378646
majority_baseline;postgres;-0.6046959568233388;0.40576902378646
majority_baseline;postgres;-0.6046959568233388;0.40576902378646
majority_baseline;postgres;-0.6046959568233388;0.40576902378646
majority_baseline;postgres;-0.6046959568233388;0.40576902378646
majority_baseline;postgres;-0.6046959568233388;0.40576902378646
majority_baseline;postgres;0.12163290371897928;0.40576902378646
majority_baseline;postgres;0.0028092692331579826;0.40576902378646
majority_baseline;postgres;-0.3217311140134998;0.40576902378646
majority_baseline;postgres;-0.1988075842406839;0.40576902378646
majority_baseline;postgres;-0.1988075842406839;0.40576902378646
majority_baseline;postgres;-0.1988075842406839;0.40576902378646
majority_baseline;postgres;-0.1988075842406839;0.40576902378646
majority_baseline;postgres;-0.1871057059599909;0.40576902378646
majority_baseline;postgres;-0.1871057059599909;0.40576902378646
majority_baseline;postgres;-0.1871057059599909;0.40576902378646
majority_baseline;postgres;-0.1871057059599909;0.40576902378646
majority_baseline;postgres;0.13396590867055938;0.40576902378646
majority_baseline;postgres;-0.2753771421860019;0.40576902378646
majority_baseline;postgres;0.4103521310180075;2.1481481481481484
majority_baseline;postgres;0.4103521310180075;2.1481481481481484
majority_baseline;postgres;0.4103521310180075;2.1481481481481484
majority_baseline;postgres;0.4103521310180075;2.1481481481481484
majority_baseline;postgres;0.07625322131890454;2.1481481481481484
majority_baseline;postgres;0.07625322131890454;2.1481481481481484
majority_baseline;postgres;0.07625322131890454;2.1481481481481484
majority_baseline;postgres;0.07625322131890454;2.1481481481481484
majority_baseline;postgres;-0.780032781070122;2.1481481481481484
majority_baseline;postgres;-0.780032781070122;2.1481481481481484
majority_baseline;postgres;-0.780032781070122;2.1481481481481484
majority_baseline;postgres;-0.780032781070122;2.1481481481481484
majority_baseline;postgres;-0.5385958658504639;0.40576902378646
majority_baseline;postgres;-0.284114920038363;0.40576902378646
majority_baseline;postgres;-0.31127796824401494;0.40576902378646
majority_baseline;postgres;-0.2182888380237309;0.40576902378646
majority_baseline;postgres;-0.2182888380237309;0.40576902378646
majority_baseline;postgres;-0.2182888380237309;0.40576902378646
majority_baseline;postgres;-0.2182888380237309;0.40576902378646
majority_baseline;postgres;-0.2182888380237309;0.40576902378646
majority_baseline;postgres;0.06409696028527323;2.1481481481481484
majority_baseline;postgres;0.06409696028527323;2.1481481481481484
majority_baseline;postgres;0.21653272015755026;2.1481481481481484
majority_baseline;postgres;0.21653272015755026;2.1481481481481484
majority_baseline;postgres;-0.4195359114883105;0.40576902378646
majority_baseline;postgres;-0.4195359114883105;0.40576902378646
majority_baseline;postgres;-0.4195359114883105;0.40576902378646
majority_baseline;postgres;-0.15661339939830976;0.40576902378646
majority_baseline;postgres;-0.15661339939830976;0.40576902378646
majority_baseline;postgres;-0.15661339939830976;0.40576902378646
majority_baseline;postgres;0.09608870661684882;2.1481481481481484
majority_baseline;postgres;0.09608870661684882;2.1481481481481484
majority_baseline;postgres;0.09608870661684882;2.1481481481481484
majority_baseline;postgres;0.12801618460657802;2.1481481481481484
majority_baseline;postgres;0.12801618460657802;2.1481481481481484
majority_baseline;postgres;0.12801618460657802;2.1481481481481484
majority_baseline;postgres;0.27368612378954055;2.1481481481481484
majority_baseline;postgres;0.27368612378954055;2.1481481481481484
majority_baseline;postgres;0.27368612378954055;2.1481481481481484
majority_baseline;postgres;-0.35591104713304833;0.40576902378646
majority_baseline;postgres;0.22356229382003456;2.1481481481481484
majority_baseline;postgres;0.22356229382003456;2.1481481481481484
majority_baseline;postgres;0.22356229382003456;2.1481481481481484
majority_baseline;postgres;0.22356229382003456;2.1481481481481484
majority_baseline;postgres;0.22356229382003456;2.1481481481481484
majority_baseline;postgres;0.22356229382003456;2.1481481481481484
majority_baseline;postgres;0.22356229382003456;2.1481481481481484
majority_baseline;postgres;0.22356229382003456;2.1481481481481484
majority_baseline;postgres;0.22356229382003456;2.1481481481481484
majority_baseline;postgres;0.22356229382003456;2.1481481481481484
majority_baseline;postgres;0.22356229382003456;2.1481481481481484
majority_baseline;postgres;0.22356229382003456;2.1481481481481484
majority_baseline;postgres;0.22356229382003456;2.1481481481481484
majority_baseline;postgres;0.22356229382003456;2.1481481481481484
majority_baseline;postgres;0.22356229382003456;2.1481481481481484
majority_baseline;postgres;0.22356229382003456;2.1481481481481484
majority_baseline;postgres;0.22356229382003456;2.1481481481481484
majority_baseline;postgres;0.22356229382003456;2.1481481481481484
majority_baseline;postgres;0.22356229382003456;2.1481481481481484
majority_baseline;postgres;0.22356229382003456;2.1481481481481484
majority_baseline;postgres;0.22356229382003456;2.1481481481481484
majority_baseline;postgres;0.45479204511032706;2.1481481481481484
majority_baseline;postgres;0.45479204511032706;2.1481481481481484
majority_baseline;postgres;0.45479204511032706;2.1481481481481484
majority_baseline;postgres;0.45479204511032706;2.1481481481481484
majority_baseline;postgres;0.45479204511032706;2.1481481481481484
majority_baseline;postgres;0.45479204511032706;2.1481481481481484
majority_baseline;postgres;0.45479204511032706;2.1481481481481484
majority_baseline;postgres;0.45479204511032706;2.1481481481481484
majority_baseline;postgres;0.45479204511032706;2.1481481481481484
majority_baseline;postgres;0.45479204511032706;2.1481481481481484
majority_baseline;postgres;0.45479204511032706;2.1481481481481484
majority_baseline;postgres;0.45479204511032706;2.1481481481481484
majority_baseline;postgres;0.45479204511032706;2.1481481481481484
majority_baseline;postgres;0.45479204511032706;2.1481481481481484
majority_baseline;postgres;0.45479204511032706;2.1481481481481484
majority_baseline;postgres;0.45479204511032706;2.1481481481481484
majority_baseline;postgres;0.45479204511032706;2.1481481481481484
majority_baseline;postgres;0.45479204511032706;2.1481481481481484
majority_baseline;postgres;0.45479204511032706;2.1481481481481484
majority_baseline;postgres;0.45479204511032706;2.1481481481481484
majority_baseline;postgres;0.45479204511032706;2.1481481481481484
majority_baseline;postgres;-0.07587852218213066;2.1481481481481484
majority_baseline;postgres;-0.07587852218213066;2.1481481481481484
majority_baseline;postgres;-0.07587852218213066;2.1481481481481484
majority_baseline;postgres;-0.07587852218213066;2.1481481481481484
majority_baseline;postgres;-0.07587852218213066;2.1481481481481484
majority_baseline;postgres;-0.07587852218213066;2.1481481481481484
majority_baseline;postgres;-0.07587852218213066;2.1481481481481484
majority_baseline;postgres;-0.07587852218213066;2.1481481481481484
majority_baseline;postgres;-0.07587852218213066;2.1481481481481484
majority_baseline;postgres;-0.07587852218213066;2.1481481481481484
majority_baseline;postgres;-0.07587852218213066;2.1481481481481484
majority_baseline;postgres;-0.07587852218213066;2.1481481481481484
majority_baseline;postgres;-0.07587852218213066;2.1481481481481484
majority_baseline;postgres;-0.07587852218213066;2.1481481481481484
majority_baseline;postgres;-0.07587852218213066;2.1481481481481484
majority_baseline;postgres;-0.07587852218213066;2.1481481481481484
majority_baseline;postgres;-0.07587852218213066;2.1481481481481484
majority_baseline;postgres;-0.07587852218213066;2.1481481481481484
majority_baseline;postgres;-0.07587852218213066;2.1481481481481484
majority_baseline;postgres;-0.07587852218213066;2.1481481481481484
majority_baseline;postgres;-0.07587852218213066;2.1481481481481484
majority_baseline;postgres;-0.03464544045010709;2.1481481481481484
majority_baseline;postgres;-0.03464544045010709;2.1481481481481484
majority_baseline;postgres;-0.03464544045010709;2.1481481481481484
majority_baseline;postgres;-0.03464544045010709;2.1481481481481484
majority_baseline;postgres;-0.03464544045010709;2.1481481481481484
majority_baseline;postgres;-0.03464544045010709;2.1481481481481484
majority_baseline;postgres;-0.03464544045010709;2.1481481481481484
majority_baseline;postgres;-0.03464544045010709;2.1481481481481484
majority_baseline;postgres;-0.03464544045010709;2.1481481481481484
majority_baseline;postgres;-0.03464544045010709;2.1481481481481484
majority_baseline;postgres;-0.03464544045010709;2.1481481481481484
majority_baseline;postgres;-0.03464544045010709;2.1481481481481484
majority_baseline;postgres;-0.03464544045010709;2.1481481481481484
majority_baseline;postgres;-0.03464544045010709;2.1481481481481484
majority_baseline;postgres;-0.03464544045010709;2.1481481481481484
majority_baseline;postgres;-0.03464544045010709;2.1481481481481484
majority_baseline;postgres;-0.03464544045010709;2.1481481481481484
majority_baseline;postgres;-0.03464544045010709;2.1481481481481484
majority_baseline;postgres;-0.03464544045010709;2.1481481481481484
majority_baseline;postgres;-0.03464544045010709;2.1481481481481484
majority_baseline;postgres;-0.03464544045010709;2.1481481481481484
majority_baseline;postgres;-0.4272412580619938;2.1481481481481484
majority_baseline;postgres;-0.4272412580619938;2.1481481481481484
majority_baseline;postgres;-0.4272412580619938;2.1481481481481484
majority_baseline;postgres;-0.4272412580619938;2.1481481481481484
majority_baseline;postgres;-0.4272412580619938;2.1481481481481484
majority_baseline;postgres;-0.4272412580619938;2.1481481481481484
majority_baseline;postgres;-0.4272412580619938;2.1481481481481484
majority_baseline;postgres;-0.4272412580619938;2.1481481481481484
majority_baseline;postgres;-0.4272412580619938;2.1481481481481484
majority_baseline;postgres;-0.4272412580619938;2.1481481481481484
majority_baseline;postgres;-0.4272412580619938;2.1481481481481484
majority_baseline;postgres;-0.4272412580619938;2.1481481481481484
majority_baseline;postgres;-0.4272412580619938;2.1481481481481484
majority_baseline;postgres;-0.4272412580619938;2.1481481481481484
majority_baseline;postgres;-0.4272412580619938;2.1481481481481484
majority_baseline;postgres;-0.4272412580619938;2.1481481481481484
majority_baseline;postgres;-0.4272412580619938;2.1481481481481484
majority_baseline;postgres;-0.4272412580619938;2.1481481481481484
majority_baseline;postgres;-0.4272412580619938;2.1481481481481484
majority_baseline;postgres;-0.4272412580619938;2.1481481481481484
majority_baseline;postgres;-0.4272412580619938;2.1481481481481484
majority_baseline;postgres;-0.5579446206453134;2.1481481481481484
majority_baseline;postgres;-0.5579446206453134;2.1481481481481484
majority_baseline;postgres;-0.5579446206453134;2.1481481481481484
majority_baseline;postgres;-0.5579446206453134;2.1481481481481484
majority_baseline;postgres;-0.5579446206453134;2.1481481481481484
majority_baseline;postgres;-0.5579446206453134;2.1481481481481484
majority_baseline;postgres;-0.5579446206453134;2.1481481481481484
majority_baseline;postgres;-0.5579446206453134;2.1481481481481484
majority_baseline;postgres;-0.5579446206453134;2.1481481481481484
majority_baseline;postgres;-0.5579446206453134;2.1481481481481484
majority_baseline;postgres;-0.5579446206453134;2.1481481481481484
majority_baseline;postgres;-0.5579446206453134;2.1481481481481484
majority_baseline;postgres;-0.5579446206453134;2.1481481481481484
majority_baseline;postgres;-0.5579446206453134;2.1481481481481484
majority_baseline;postgres;-0.5579446206453134;2.1481481481481484
majority_baseline;postgres;-0.5579446206453134;2.1481481481481484
majority_baseline;postgres;-0.5579446206453134;2.1481481481481484
majority_baseline;postgres;-0.5579446206453134;2.1481481481481484
majority_baseline;postgres;-0.5579446206453134;2.1481481481481484
majority_baseline;postgres;-0.5579446206453134;2.1481481481481484
majority_baseline;postgres;-0.5579446206453134;2.1481481481481484
majority_baseline;postgres;-0.06563508372217719;0.40576902378646
majority_baseline;postgres;-0.06563508372217719;0.40576902378646
majority_baseline;postgres;-0.06563508372217719;0.40576902378646
majority_baseline;postgres;-0.06563508372217719;0.40576902378646
majority_baseline;postgres;-0.06563508372217719;0.40576902378646
majority_baseline;postgres;-0.06563508372217719;0.40576902378646
majority_baseline;postgres;-0.06563508372217719;0.40576902378646
majority_baseline;postgres;-0.06563508372217719;0.40576902378646
majority_baseline;postgres;-0.06563508372217719;0.40576902378646
majority_baseline;postgres;-0.07443905063447835;0.40576902378646
majority_baseline;postgres;-0.07443905063447835;0.40576902378646
majority_baseline;postgres;-0.07443905063447835;0.40576902378646
majority_baseline;postgres;-0.07443905063447835;0.40576902378646
majority_baseline;postgres;-0.07443905063447835;0.40576902378646
majority_baseline;postgres;-0.07443905063447835;0.40576902378646
majority_baseline;postgres;-0.07443905063447835;0.40576902378646
majority_baseline;postgres;-0.07443905063447835;0.40576902378646
majority_baseline;postgres;-0.07443905063447835;0.40576902378646
majority_baseline;postgres;-0.04431066990413493;0.40576902378646
majority_baseline;postgres;-0.04431066990413493;0.40576902378646
majority_baseline;postgres;-0.04431066990413493;0.40576902378646
majority_baseline;postgres;-0.04431066990413493;0.40576902378646
majority_baseline;postgres;-0.04431066990413493;0.40576902378646
majority_baseline;postgres;-0.04431066990413493;0.40576902378646
majority_baseline;postgres;-0.04431066990413493;0.40576902378646
majority_baseline;postgres;-0.04431066990413493;0.40576902378646
majority_baseline;postgres;-0.04431066990413493;0.40576902378646
majority_baseline;postgres;-0.06450738870845653;0.40576902378646
majority_baseline;postgres;-0.06450738870845653;0.40576902378646
majority_baseline;postgres;-0.06450738870845653;0.40576902378646
majority_baseline;postgres;-0.06450738870845653;0.40576902378646
majority_baseline;postgres;-0.06450738870845653;0.40576902378646
majority_baseline;postgres;-0.06450738870845653;0.40576902378646
majority_baseline;postgres;-0.06450738870845653;0.40576902378646
majority_baseline;postgres;-0.06450738870845653;0.40576902378646
majority_baseline;postgres;-0.06450738870845653;0.40576902378646
majority_baseline;postgres;0.8795210287778021;14.280303030303031
majority_baseline;postgres;-0.49401131838233936;0.40576902378646
majority_baseline;postgres;-0.27834623972421785;0.40576902378646
majority_baseline;postgres;-0.13641427943390644;0.40576902378646
majority_baseline;postgres;0.22635307644956276;2.1481481481481484
majority_baseline;postgres;0.22635307644956276;2.1481481481481484
majority_baseline;postgres;0.22635307644956276;2.1481481481481484
majority_baseline;postgres;0.22635307644956276;2.1481481481481484
majority_baseline;postgres;0.19851542313844883;2.1481481481481484
majority_baseline;postgres;0.19851542313844883;2.1481481481481484
majority_baseline;postgres;0.19851542313844883;2.1481481481481484
majority_baseline;postgres;0.19851542313844883;2.1481481481481484
majority_baseline;postgres;0.22549483607073162;2.1481481481481484
majority_baseline;postgres;-0.28636655721596344;0.40576902378646
majority_baseline;postgres;0.7676873720312563;2.1481481481481484
majority_baseline;postgres;0.7676873720312563;2.1481481481481484
majority_baseline;postgres;0.7676873720312563;2.1481481481481484
majority_baseline;postgres;0.7676873720312563;2.1481481481481484
majority_baseline;postgres;0.7676873720312563;2.1481481481481484
majority_baseline;postgres;0.7676873720312563;2.1481481481481484
majority_baseline;postgres;0.7676873720312563;2.1481481481481484
majority_baseline;postgres;0.7676873720312563;2.1481481481481484
majority_baseline;postgres;0.7676873720312563;2.1481481481481484
majority_baseline;postgres;0.7676873720312563;2.1481481481481484
majority_baseline;postgres;0.7676873720312563;2.1481481481481484
majority_baseline;postgres;0.7676873720312563;2.1481481481481484
majority_baseline;postgres;0.7676873720312563;2.1481481481481484
majority_baseline;postgres;0.7676873720312563;2.1481481481481484
majority_baseline;postgres;0.7676873720312563;2.1481481481481484
majority_baseline;postgres;0.7676873720312563;2.1481481481481484
majority_baseline;postgres;0.7676873720312563;2.1481481481481484
majority_baseline;postgres;0.7676873720312563;2.1481481481481484
majority_baseline;postgres;0.7676873720312563;2.1481481481481484
majority_baseline;postgres;0.7676873720312563;2.1481481481481484
majority_baseline;postgres;0.7676873720312563;2.1481481481481484
majority_baseline;postgres;0.7676873720312563;2.1481481481481484
majority_baseline;postgres;0.7676873720312563;2.1481481481481484
majority_baseline;postgres;0.4723063355656583;2.1481481481481484
majority_baseline;postgres;0.4723063355656583;2.1481481481481484
majority_baseline;postgres;0.4723063355656583;2.1481481481481484
majority_baseline;postgres;0.4723063355656583;2.1481481481481484
majority_baseline;postgres;0.4723063355656583;2.1481481481481484
majority_baseline;postgres;0.4723063355656583;2.1481481481481484
majority_baseline;postgres;0.4723063355656583;2.1481481481481484
majority_baseline;postgres;0.4723063355656583;2.1481481481481484
majority_baseline;postgres;0.4723063355656583;2.1481481481481484
majority_baseline;postgres;0.4723063355656583;2.1481481481481484
majority_baseline;postgres;0.4723063355656583;2.1481481481481484
majority_baseline;postgres;0.4723063355656583;2.1481481481481484
majority_baseline;postgres;0.4723063355656583;2.1481481481481484
majority_baseline;postgres;0.4723063355656583;2.1481481481481484
majority_baseline;postgres;0.4723063355656583;2.1481481481481484
majority_baseline;postgres;0.4723063355656583;2.1481481481481484
majority_baseline;postgres;0.4723063355656583;2.1481481481481484
majority_baseline;postgres;0.4723063355656583;2.1481481481481484
majority_baseline;postgres;0.4723063355656583;2.1481481481481484
majority_baseline;postgres;0.4723063355656583;2.1481481481481484
majority_baseline;postgres;0.4723063355656583;2.1481481481481484
majority_baseline;postgres;0.4723063355656583;2.1481481481481484
majority_baseline;postgres;0.4723063355656583;2.1481481481481484
majority_baseline;postgres;0.21829005542891786;2.1481481481481484
majority_baseline;postgres;0.21829005542891786;2.1481481481481484
majority_baseline;postgres;0.21829005542891786;2.1481481481481484
majority_baseline;postgres;0.21829005542891786;2.1481481481481484
majority_baseline;postgres;0.21829005542891786;2.1481481481481484
majority_baseline;postgres;0.21829005542891786;2.1481481481481484
majority_baseline;postgres;0.21829005542891786;2.1481481481481484
majority_baseline;postgres;0.21829005542891786;2.1481481481481484
majority_baseline;postgres;0.21829005542891786;2.1481481481481484
majority_baseline;postgres;0.21829005542891786;2.1481481481481484
majority_baseline;postgres;0.21829005542891786;2.1481481481481484
majority_baseline;postgres;0.21829005542891786;2.1481481481481484
majority_baseline;postgres;0.21829005542891786;2.1481481481481484
majority_baseline;postgres;0.21829005542891786;2.1481481481481484
majority_baseline;postgres;0.21829005542891786;2.1481481481481484
majority_baseline;postgres;0.21829005542891786;2.1481481481481484
majority_baseline;postgres;0.21829005542891786;2.1481481481481484
majority_baseline;postgres;0.21829005542891786;2.1481481481481484
majority_baseline;postgres;0.21829005542891786;2.1481481481481484
majority_baseline;postgres;0.21829005542891786;2.1481481481481484
majority_baseline;postgres;0.21829005542891786;2.1481481481481484
majority_baseline;postgres;0.21829005542891786;2.1481481481481484
majority_baseline;postgres;0.21829005542891786;2.1481481481481484
majority_baseline;postgres;0.08090287826249931;2.1481481481481484
majority_baseline;postgres;0.08090287826249931;2.1481481481481484
majority_baseline;postgres;0.08090287826249931;2.1481481481481484
majority_baseline;postgres;0.08090287826249931;2.1481481481481484
majority_baseline;postgres;0.08090287826249931;2.1481481481481484
majority_baseline;postgres;0.08090287826249931;2.1481481481481484
majority_baseline;postgres;0.08090287826249931;2.1481481481481484
majority_baseline;postgres;0.08090287826249931;2.1481481481481484
majority_baseline;postgres;0.08090287826249931;2.1481481481481484
majority_baseline;postgres;0.08090287826249931;2.1481481481481484
majority_baseline;postgres;0.08090287826249931;2.1481481481481484
majority_baseline;postgres;0.08090287826249931;2.1481481481481484
majority_baseline;postgres;0.08090287826249931;2.1481481481481484
majority_baseline;postgres;0.08090287826249931;2.1481481481481484
majority_baseline;postgres;0.08090287826249931;2.1481481481481484
majority_baseline;postgres;0.08090287826249931;2.1481481481481484
majority_baseline;postgres;0.08090287826249931;2.1481481481481484
majority_baseline;postgres;0.08090287826249931;2.1481481481481484
majority_baseline;postgres;0.08090287826249931;2.1481481481481484
majority_baseline;postgres;0.08090287826249931;2.1481481481481484
majority_baseline;postgres;0.08090287826249931;2.1481481481481484
majority_baseline;postgres;0.08090287826249931;2.1481481481481484
majority_baseline;postgres;0.08090287826249931;2.1481481481481484
majority_baseline;postgres;-0.3102977735026908;2.1481481481481484
majority_baseline;postgres;-0.3102977735026908;2.1481481481481484
majority_baseline;postgres;-0.3102977735026908;2.1481481481481484
majority_baseline;postgres;-0.3102977735026908;2.1481481481481484
majority_baseline;postgres;-0.3102977735026908;2.1481481481481484
majority_baseline;postgres;-0.3102977735026908;2.1481481481481484
majority_baseline;postgres;-0.3102977735026908;2.1481481481481484
majority_baseline;postgres;-0.3102977735026908;2.1481481481481484
majority_baseline;postgres;-0.3102977735026908;2.1481481481481484
majority_baseline;postgres;-0.3102977735026908;2.1481481481481484
majority_baseline;postgres;-0.3102977735026908;2.1481481481481484
majority_baseline;postgres;-0.3102977735026908;2.1481481481481484
majority_baseline;postgres;-0.3102977735026908;2.1481481481481484
majority_baseline;postgres;-0.3102977735026908;2.1481481481481484
majority_baseline;postgres;-0.3102977735026908;2.1481481481481484
majority_baseline;postgres;-0.3102977735026908;2.1481481481481484
majority_baseline;postgres;-0.3102977735026908;2.1481481481481484
majority_baseline;postgres;-0.3102977735026908;2.1481481481481484
majority_baseline;postgres;-0.3102977735026908;2.1481481481481484
majority_baseline;postgres;-0.3102977735026908;2.1481481481481484
majority_baseline;postgres;-0.3102977735026908;2.1481481481481484
majority_baseline;postgres;-0.3102977735026908;2.1481481481481484
majority_baseline;postgres;-0.3102977735026908;2.1481481481481484
majority_baseline;postgres;-0.5077979926235286;2.1481481481481484
majority_baseline;postgres;-0.5077979926235286;2.1481481481481484
majority_baseline;postgres;-0.5077979926235286;2.1481481481481484
majority_baseline;postgres;-0.5077979926235286;2.1481481481481484
majority_baseline;postgres;-0.5077979926235286;2.1481481481481484
majority_baseline;postgres;-0.5077979926235286;2.1481481481481484
majority_baseline;postgres;-0.5077979926235286;2.1481481481481484
majority_baseline;postgres;-0.5077979926235286;2.1481481481481484
majority_baseline;postgres;-0.5077979926235286;2.1481481481481484
majority_baseline;postgres;-0.5077979926235286;2.1481481481481484
majority_baseline;postgres;-0.5077979926235286;2.1481481481481484
majority_baseline;postgres;-0.5077979926235286;2.1481481481481484
majority_baseline;postgres;-0.5077979926235286;2.1481481481481484
majority_baseline;postgres;-0.5077979926235286;2.1481481481481484
majority_baseline;postgres;-0.5077979926235286;2.1481481481481484
majority_baseline;postgres;-0.5077979926235286;2.1481481481481484
majority_baseline;postgres;-0.5077979926235286;2.1481481481481484
majority_baseline;postgres;-0.5077979926235286;2.1481481481481484
majority_baseline;postgres;-0.5077979926235286;2.1481481481481484
majority_baseline;postgres;-0.5077979926235286;2.1481481481481484
majority_baseline;postgres;-0.5077979926235286;2.1481481481481484
majority_baseline;postgres;-0.5077979926235286;2.1481481481481484
majority_baseline;postgres;-0.5077979926235286;2.1481481481481484
majority_baseline;postgres;-0.26604150752768463;0.40576902378646
majority_baseline;postgres;-0.07479264838568887;0.40576902378646
majority_baseline;postgres;-0.07479264838568887;0.40576902378646
majority_baseline;postgres;0.9703790001007222;2.1481481481481484
majority_baseline;postgres;-0.5661865810318729;0.40576902378646
majority_baseline;postgres;-0.23115426960371344;0.40576902378646
majority_baseline;postgres;0.2154811584762263;2.1481481481481484
majority_baseline;postgres;0.2154811584762263;2.1481481481481484
majority_baseline;postgres;-0.08937539366856886;0.40576902378646
majority_baseline;postgres;-0.08937539366856886;0.40576902378646
majority_baseline;postgres;-0.08937539366856886;0.40576902378646
majority_baseline;postgres;0.09179426192172567;0.40576902378646
majority_baseline;postgres;0.09179426192172567;0.40576902378646
majority_baseline;postgres;0.09179426192172567;0.40576902378646
majority_baseline;postgres;0.1093110595812585;0.40576902378646
majority_baseline;postgres;0.1093110595812585;0.40576902378646
majority_baseline;postgres;0.1093110595812585;0.40576902378646
majority_baseline;postgres;0.1093110595812585;0.40576902378646
majority_baseline;postgres;0.1093110595812585;0.40576902378646
majority_baseline;postgres;0.1329701627327963;0.40576902378646
majority_baseline;postgres;0.1329701627327963;0.40576902378646
majority_baseline;postgres;0.1329701627327963;0.40576902378646
majority_baseline;postgres;0.1329701627327963;0.40576902378646
majority_baseline;postgres;0.1329701627327963;0.40576902378646
majority_baseline;postgres;-0.5210711172380238;0.40576902378646
majority_baseline;postgres;-0.5210711172380238;0.40576902378646
majority_baseline;postgres;-0.5210711172380238;0.40576902378646
majority_baseline;postgres;-0.5210711172380238;0.40576902378646
majority_baseline;postgres;-0.5210711172380238;0.40576902378646
majority_baseline;postgres;-0.701628514267097;0.40576902378646
majority_baseline;postgres;-0.701628514267097;0.40576902378646
majority_baseline;postgres;-0.701628514267097;0.40576902378646
majority_baseline;postgres;-0.701628514267097;0.40576902378646
majority_baseline;postgres;-0.701628514267097;0.40576902378646
majority_baseline;postgres;0.3100549608180125;2.1481481481481484
majority_baseline;postgres;0.3100549608180125;2.1481481481481484
majority_baseline;postgres;0.3100549608180125;2.1481481481481484
majority_baseline;postgres;-0.01147800890332055;2.1481481481481484
majority_baseline;postgres;-0.01147800890332055;2.1481481481481484
majority_baseline;postgres;-0.01147800890332055;2.1481481481481484
majority_baseline;postgres;0.7417097617068419;2.1481481481481484
majority_baseline;postgres;-0.4134981426701926;0.40576902378646
majority_baseline;postgres;-0.054172841350516546;2.1481481481481484
majority_baseline;postgres;-0.054172841350516546;2.1481481481481484
majority_baseline;postgres;0.08904732902691774;2.1481481481481484
majority_baseline;postgres;0.08904732902691774;2.1481481481481484
majority_baseline;postgres;-0.49334115531717126;0.40576902378646
majority_baseline;postgres;-0.2503769496078295;0.40576902378646
majority_baseline;postgres;-0.04333210005627912;0.40576902378646
majority_baseline;postgres;-0.38246847858762084;0.40576902378646
majority_baseline;postgres;-0.016145670960852794;0.40576902378646
majority_baseline;postgres;-0.016145670960852794;0.40576902378646
majority_baseline;postgres;-0.016145670960852794;0.40576902378646
majority_baseline;postgres;-0.016145670960852794;0.40576902378646
majority_baseline;postgres;-0.016145670960852794;0.40576902378646
majority_baseline;postgres;-0.016145670960852794;0.40576902378646
majority_baseline;postgres;-0.016145670960852794;0.40576902378646
majority_baseline;postgres;-0.016145670960852794;0.40576902378646
majority_baseline;postgres;-0.34220036409631793;0.40576902378646
majority_baseline;postgres;-0.34220036409631793;0.40576902378646
majority_baseline;postgres;-0.34220036409631793;0.40576902378646
majority_baseline;postgres;-0.42420966226045137;0.40576902378646
majority_baseline;postgres;-0.42420966226045137;0.40576902378646
majority_baseline;postgres;-0.42420966226045137;0.40576902378646
majority_baseline;postgres;-0.342004703398465;0.40576902378646
majority_baseline;postgres;-0.342004703398465;0.40576902378646
majority_baseline;postgres;-0.5540982509878851;0.40576902378646
majority_baseline;postgres;-0.5540982509878851;0.40576902378646
majority_baseline;postgres;0.13482636051589683;2.1481481481481484
majority_baseline;postgres;-0.4546747795192766;0.40576902378646
majority_baseline;postgres;0.057470516858584;0.40576902378646
majority_baseline;postgres;-0.1880128829876523;0.40576902378646
majority_baseline;postgres;-0.3359426564679318;0.40576902378646
majority_baseline;postgres;-0.04544800610889602;0.40576902378646
majority_baseline;postgres;-0.04544800610889602;0.40576902378646
majority_baseline;postgres;-0.04544800610889602;0.40576902378646
majority_baseline;postgres;-0.04544800610889602;0.40576902378646
majority_baseline;postgres;-0.04544800610889602;0.40576902378646
majority_baseline;postgres;-0.04544800610889602;0.40576902378646
majority_baseline;postgres;-0.2516411510263414;0.40576902378646
majority_baseline;postgres;-0.2516411510263414;0.40576902378646
majority_baseline;postgres;-0.2516411510263414;0.40576902378646
majority_baseline;postgres;-0.2516411510263414;0.40576902378646
majority_baseline;postgres;-0.2516411510263414;0.40576902378646
majority_baseline;postgres;-0.2516411510263414;0.40576902378646
majority_baseline;postgres;-0.18440431226838103;0.40576902378646
majority_baseline;postgres;-0.18440431226838103;0.40576902378646
majority_baseline;postgres;-0.18440431226838103;0.40576902378646
majority_baseline;postgres;-0.18440431226838103;0.40576902378646
majority_baseline;postgres;-0.18440431226838103;0.40576902378646
majority_baseline;postgres;-0.18440431226838103;0.40576902378646
majority_baseline;postgres;-0.5252956850090436;0.40576902378646
majority_baseline;postgres;-0.5252956850090436;0.40576902378646
majority_baseline;postgres;-0.5252956850090436;0.40576902378646
majority_baseline;postgres;-0.5252956850090436;0.40576902378646
majority_baseline;postgres;-0.5252956850090436;0.40576902378646
majority_baseline;postgres;-0.5252956850090436;0.40576902378646
majority_baseline;postgres;-0.7239825700121654;0.40576902378646
majority_baseline;postgres;-0.7239825700121654;0.40576902378646
majority_baseline;postgres;-0.7239825700121654;0.40576902378646
majority_baseline;postgres;-0.7239825700121654;0.40576902378646
majority_baseline;postgres;-0.7239825700121654;0.40576902378646
majority_baseline;postgres;-0.7239825700121654;0.40576902378646
majority_baseline;postgres;-0.6837023523842959;0.40576902378646
majority_baseline;postgres;-0.3535896300366722;0.40576902378646
majority_baseline;postgres;-0.3535896300366722;0.40576902378646
majority_baseline;postgres;-0.3535896300366722;0.40576902378646
majority_baseline;postgres;-0.7743052022938928;0.40576902378646
majority_baseline;postgres;-0.7743052022938928;0.40576902378646
majority_baseline;postgres;-0.7743052022938928;0.40576902378646
majority_baseline;postgres;-0.11230152170893958;0.40576902378646
majority_baseline;postgres;-0.11230152170893958;0.40576902378646
majority_baseline;postgres;-0.2105551344943828;0.40576902378646
majority_baseline;postgres;-0.2105551344943828;0.40576902378646
majority_baseline;postgres;-0.2105551344943828;0.40576902378646
majority_baseline;postgres;-0.2105551344943828;0.40576902378646
majority_baseline;postgres;-0.2105551344943828;0.40576902378646
majority_baseline;postgres;-0.4495540028090874;0.40576902378646
majority_baseline;postgres;-0.4495540028090874;0.40576902378646
majority_baseline;postgres;-0.4495540028090874;0.40576902378646
majority_baseline;postgres;-0.4495540028090874;0.40576902378646
majority_baseline;postgres;-0.4495540028090874;0.40576902378646
majority_baseline;postgres;-0.38634970200576646;0.40576902378646
majority_baseline;postgres;-0.38634970200576646;0.40576902378646
majority_baseline;postgres;-0.38634970200576646;0.40576902378646
majority_baseline;postgres;-0.38634970200576646;0.40576902378646
majority_baseline;postgres;-0.38634970200576646;0.40576902378646
majority_baseline;postgres;-0.1632642572365011;0.40576902378646
majority_baseline;postgres;-0.1632642572365011;0.40576902378646
majority_baseline;postgres;-0.1632642572365011;0.40576902378646
majority_baseline;postgres;-0.7216812265211842;0.40576902378646
majority_baseline;postgres;-0.7216812265211842;0.40576902378646
majority_baseline;postgres;-0.7216812265211842;0.40576902378646
majority_baseline;postgres;-0.3819759302374529;0.40576902378646
majority_baseline;postgres;-0.23929580966271294;0.40576902378646
majority_baseline;postgres;-0.23929580966271294;0.40576902378646
majority_baseline;postgres;-0.23929580966271294;0.40576902378646
majority_baseline;postgres;-0.23929580966271294;0.40576902378646
majority_baseline;postgres;-0.24958953883420407;0.40576902378646
majority_baseline;postgres;-0.24958953883420407;0.40576902378646
majority_baseline;postgres;-0.24958953883420407;0.40576902378646
majority_baseline;postgres;-0.24958953883420407;0.40576902378646
majority_baseline;postgres;-0.19316557768074163;0.40576902378646
majority_baseline;postgres;-0.19316557768074163;0.40576902378646
majority_baseline;postgres;-0.2343744178903721;0.40576902378646
majority_baseline;postgres;-0.2343744178903721;0.40576902378646
majority_baseline;postgres;-0.2843244890188329;0.40576902378646
majority_baseline;postgres;-0.4464484334654491;0.40576902378646
majority_baseline;postgres;-0.4464484334654491;0.40576902378646
majority_baseline;postgres;-0.4464484334654491;0.40576902378646
majority_baseline;postgres;-0.453263646346245;0.40576902378646
majority_baseline;postgres;-0.453263646346245;0.40576902378646
majority_baseline;postgres;-0.453263646346245;0.40576902378646
majority_baseline;postgres;-0.38430630231281215;0.40576902378646
majority_baseline;postgres;-0.38430630231281215;0.40576902378646
majority_baseline;postgres;-0.38430630231281215;0.40576902378646
majority_baseline;postgres;-0.38430630231281215;0.40576902378646
majority_baseline;postgres;-0.4111990791914691;0.40576902378646
majority_baseline;postgres;-0.36770311468478273;0.40576902378646
majority_baseline;postgres;-0.36770311468478273;0.40576902378646
majority_baseline;postgres;-0.36770311468478273;0.40576902378646
majority_baseline;postgres;-0.36770311468478273;0.40576902378646
majority_baseline;postgres;-0.030287868259906627;0.40576902378646
majority_baseline;postgres;-0.030287868259906627;0.40576902378646
majority_baseline;postgres;-0.030287868259906627;0.40576902378646
majority_baseline;postgres;-0.030287868259906627;0.40576902378646
majority_baseline;postgres;-0.7734847472896464;0.40576902378646
majority_baseline;postgres;-0.7734847472896464;0.40576902378646
majority_baseline;postgres;-0.7734847472896464;0.40576902378646
majority_baseline;postgres;-0.7734847472896464;0.40576902378646
majority_baseline;postgres;-0.8131462507392384;0.40576902378646
majority_baseline;postgres;-0.8131462507392384;0.40576902378646
majority_baseline;postgres;-0.8131462507392384;0.40576902378646
majority_baseline;postgres;-0.8131462507392384;0.40576902378646
majority_baseline;postgres;-0.23721080751748144;0.40576902378646
majority_baseline;postgres;-0.23721080751748144;0.40576902378646
majority_baseline;postgres;-0.23721080751748144;0.40576902378646
majority_baseline;postgres;-0.23721080751748144;0.40576902378646
majority_baseline;postgres;-0.23721080751748144;0.40576902378646
majority_baseline;postgres;-0.23721080751748144;0.40576902378646
majority_baseline;postgres;-0.23721080751748144;0.40576902378646
majority_baseline;postgres;-0.23721080751748144;0.40576902378646
majority_baseline;postgres;-0.23721080751748144;0.40576902378646
majority_baseline;postgres;-0.23721080751748144;0.40576902378646
majority_baseline;postgres;-0.23721080751748144;0.40576902378646
majority_baseline;postgres;-0.23721080751748144;0.40576902378646
majority_baseline;postgres;-0.23721080751748144;0.40576902378646
majority_baseline;postgres;-0.23721080751748144;0.40576902378646
majority_baseline;postgres;-0.23721080751748144;0.40576902378646
majority_baseline;postgres;-0.23721080751748144;0.40576902378646
majority_baseline;postgres;-0.23721080751748144;0.40576902378646
majority_baseline;postgres;-0.18263727536321203;0.40576902378646
majority_baseline;postgres;-0.18263727536321203;0.40576902378646
majority_baseline;postgres;-0.18263727536321203;0.40576902378646
majority_baseline;postgres;-0.18263727536321203;0.40576902378646
majority_baseline;postgres;-0.18263727536321203;0.40576902378646
majority_baseline;postgres;-0.18263727536321203;0.40576902378646
majority_baseline;postgres;-0.18263727536321203;0.40576902378646
majority_baseline;postgres;-0.18263727536321203;0.40576902378646
majority_baseline;postgres;-0.18263727536321203;0.40576902378646
majority_baseline;postgres;-0.18263727536321203;0.40576902378646
majority_baseline;postgres;-0.18263727536321203;0.40576902378646
majority_baseline;postgres;-0.18263727536321203;0.40576902378646
majority_baseline;postgres;-0.18263727536321203;0.40576902378646
majority_baseline;postgres;-0.18263727536321203;0.40576902378646
majority_baseline;postgres;-0.18263727536321203;0.40576902378646
majority_baseline;postgres;-0.18263727536321203;0.40576902378646
majority_baseline;postgres;-0.18263727536321203;0.40576902378646
majority_baseline;postgres;-0.1998436487477981;0.40576902378646
majority_baseline;postgres;-0.1998436487477981;0.40576902378646
majority_baseline;postgres;-0.1998436487477981;0.40576902378646
majority_baseline;postgres;-0.1998436487477981;0.40576902378646
majority_baseline;postgres;-0.1998436487477981;0.40576902378646
majority_baseline;postgres;-0.1998436487477981;0.40576902378646
majority_baseline;postgres;-0.1998436487477981;0.40576902378646
majority_baseline;postgres;-0.1998436487477981;0.40576902378646
majority_baseline;postgres;-0.1998436487477981;0.40576902378646
majority_baseline;postgres;-0.1998436487477981;0.40576902378646
majority_baseline;postgres;-0.1998436487477981;0.40576902378646
majority_baseline;postgres;-0.1998436487477981;0.40576902378646
majority_baseline;postgres;-0.1998436487477981;0.40576902378646
majority_baseline;postgres;-0.1998436487477981;0.40576902378646
majority_baseline;postgres;-0.1998436487477981;0.40576902378646
majority_baseline;postgres;-0.1998436487477981;0.40576902378646
majority_baseline;postgres;-0.1998436487477981;0.40576902378646
majority_baseline;postgres;-0.2572606651890362;0.40576902378646
majority_baseline;postgres;-0.2572606651890362;0.40576902378646
majority_baseline;postgres;-0.2572606651890362;0.40576902378646
majority_baseline;postgres;-0.2572606651890362;0.40576902378646
majority_baseline;postgres;-0.2572606651890362;0.40576902378646
majority_baseline;postgres;-0.2572606651890362;0.40576902378646
majority_baseline;postgres;-0.2572606651890362;0.40576902378646
majority_baseline;postgres;-0.2572606651890362;0.40576902378646
majority_baseline;postgres;-0.2572606651890362;0.40576902378646
majority_baseline;postgres;-0.2572606651890362;0.40576902378646
majority_baseline;postgres;-0.2572606651890362;0.40576902378646
majority_baseline;postgres;-0.2572606651890362;0.40576902378646
majority_baseline;postgres;-0.2572606651890362;0.40576902378646
majority_baseline;postgres;-0.2572606651890362;0.40576902378646
majority_baseline;postgres;-0.2572606651890362;0.40576902378646
majority_baseline;postgres;-0.2572606651890362;0.40576902378646
majority_baseline;postgres;-0.2572606651890362;0.40576902378646
majority_baseline;postgres;-0.32925412544529675;0.40576902378646
majority_baseline;postgres;-0.32925412544529675;0.40576902378646
majority_baseline;postgres;-0.32925412544529675;0.40576902378646
majority_baseline;postgres;-0.32925412544529675;0.40576902378646
majority_baseline;postgres;-0.32925412544529675;0.40576902378646
majority_baseline;postgres;-0.32925412544529675;0.40576902378646
majority_baseline;postgres;-0.32925412544529675;0.40576902378646
majority_baseline;postgres;-0.32925412544529675;0.40576902378646
majority_baseline;postgres;-0.32925412544529675;0.40576902378646
majority_baseline;postgres;-0.32925412544529675;0.40576902378646
majority_baseline;postgres;-0.32925412544529675;0.40576902378646
majority_baseline;postgres;-0.32925412544529675;0.40576902378646
majority_baseline;postgres;-0.32925412544529675;0.40576902378646
majority_baseline;postgres;-0.32925412544529675;0.40576902378646
majority_baseline;postgres;-0.32925412544529675;0.40576902378646
majority_baseline;postgres;-0.32925412544529675;0.40576902378646
majority_baseline;postgres;-0.32925412544529675;0.40576902378646
majority_baseline;postgres;-0.41563006300653066;0.40576902378646
majority_baseline;postgres;-0.1204971597708325;0.40576902378646
majority_baseline;postgres;-0.26959166621956465;0.40576902378646
majority_baseline;postgres;-0.26959166621956465;0.40576902378646
majority_baseline;postgres;-0.31221788321589117;0.40576902378646
majority_baseline;postgres;-0.31221788321589117;0.40576902378646
majority_baseline;mongo;-0.3341039995485633;2.1481481481481484
majority_baseline;mongo;-0.3341039995485633;2.1481481481481484
majority_baseline;mongo;-0.575611861495054;2.1481481481481484
majority_baseline;mongo;-0.575611861495054;2.1481481481481484
majority_baseline;mongo;-0.35760018589618203;0.40576902378646
majority_baseline;mongo;-0.35760018589618203;0.40576902378646
majority_baseline;mongo;-0.35760018589618203;0.40576902378646
majority_baseline;mongo;-0.35760018589618203;0.40576902378646
majority_baseline;mongo;-0.6438684370829505;0.40576902378646
majority_baseline;mongo;-0.44570284518215714;0.40576902378646
majority_baseline;mongo;-0.44570284518215714;0.40576902378646
majority_baseline;mongo;-0.48903377394186714;0.40576902378646
majority_baseline;mongo;-0.48903377394186714;0.40576902378646
majority_baseline;mongo;-0.5955051163521818;2.1481481481481484
majority_baseline;mongo;-0.5955051163521818;2.1481481481481484
majority_baseline;mongo;-0.5955051163521818;2.1481481481481484
majority_baseline;mongo;-0.5955051163521818;2.1481481481481484
majority_baseline;mongo;-0.5955051163521818;2.1481481481481484
majority_baseline;mongo;-0.7309908372794078;2.1481481481481484
majority_baseline;mongo;-0.7309908372794078;2.1481481481481484
majority_baseline;mongo;-0.7309908372794078;2.1481481481481484
majority_baseline;mongo;-0.7309908372794078;2.1481481481481484
majority_baseline;mongo;-0.7309908372794078;2.1481481481481484
majority_baseline;mongo;-0.6283963939318614;0.40576902378646
majority_baseline;mongo;-0.7779576348845914;0.40576902378646
majority_baseline;mongo;-0.7931457611346847;0.40576902378646
majority_baseline;mongo;-0.5563276027925663;0.40576902378646
majority_baseline;mongo;-0.5563276027925663;0.40576902378646
majority_baseline;mongo;-0.5563276027925663;0.40576902378646
majority_baseline;mongo;-0.5356564822153115;0.40576902378646
majority_baseline;mongo;-0.5356564822153115;0.40576902378646
majority_baseline;mongo;-0.5356564822153115;0.40576902378646
majority_baseline;mongo;-0.011766358057776196;2.1481481481481484
majority_baseline;mongo;-0.011766358057776196;2.1481481481481484
majority_baseline;mongo;-0.011766358057776196;2.1481481481481484
majority_baseline;mongo;-0.011766358057776196;2.1481481481481484
majority_baseline;mongo;-0.011766358057776196;2.1481481481481484
majority_baseline;mongo;-0.011766358057776196;2.1481481481481484
majority_baseline;mongo;-0.011766358057776196;2.1481481481481484
majority_baseline;mongo;-0.011766358057776196;2.1481481481481484
majority_baseline;mongo;-0.011766358057776196;2.1481481481481484
majority_baseline;mongo;-0.011766358057776196;2.1481481481481484
majority_baseline;mongo;-0.011766358057776196;2.1481481481481484
majority_baseline;mongo;-0.011766358057776196;2.1481481481481484
majority_baseline;mongo;-0.011766358057776196;2.1481481481481484
majority_baseline;mongo;-0.011766358057776196;2.1481481481481484
majority_baseline;mongo;-0.011766358057776196;2.1481481481481484
majority_baseline;mongo;-0.011766358057776196;2.1481481481481484
majority_baseline;mongo;-0.011766358057776196;2.1481481481481484
majority_baseline;mongo;-0.011766358057776196;2.1481481481481484
majority_baseline;mongo;-0.011766358057776196;2.1481481481481484
majority_baseline;mongo;-0.011766358057776196;2.1481481481481484
majority_baseline;mongo;-0.011766358057776196;2.1481481481481484
majority_baseline;mongo;-0.011766358057776196;2.1481481481481484
majority_baseline;mongo;-0.011766358057776196;2.1481481481481484
majority_baseline;mongo;-0.011766358057776196;2.1481481481481484
majority_baseline;mongo;-0.011766358057776196;2.1481481481481484
majority_baseline;mongo;-0.011766358057776196;2.1481481481481484
majority_baseline;mongo;-0.011766358057776196;2.1481481481481484
majority_baseline;mongo;-0.011766358057776196;2.1481481481481484
majority_baseline;mongo;-0.011766358057776196;2.1481481481481484
majority_baseline;mongo;-0.02788904626398043;2.1481481481481484
majority_baseline;mongo;-0.02788904626398043;2.1481481481481484
majority_baseline;mongo;-0.02788904626398043;2.1481481481481484
majority_baseline;mongo;-0.02788904626398043;2.1481481481481484
majority_baseline;mongo;-0.02788904626398043;2.1481481481481484
majority_baseline;mongo;-0.02788904626398043;2.1481481481481484
majority_baseline;mongo;-0.02788904626398043;2.1481481481481484
majority_baseline;mongo;-0.02788904626398043;2.1481481481481484
majority_baseline;mongo;-0.02788904626398043;2.1481481481481484
majority_baseline;mongo;-0.02788904626398043;2.1481481481481484
majority_baseline;mongo;-0.02788904626398043;2.1481481481481484
majority_baseline;mongo;-0.02788904626398043;2.1481481481481484
majority_baseline;mongo;-0.02788904626398043;2.1481481481481484
majority_baseline;mongo;-0.02788904626398043;2.1481481481481484
majority_baseline;mongo;-0.02788904626398043;2.1481481481481484
majority_baseline;mongo;-0.02788904626398043;2.1481481481481484
majority_baseline;mongo;-0.02788904626398043;2.1481481481481484
majority_baseline;mongo;-0.02788904626398043;2.1481481481481484
majority_baseline;mongo;-0.02788904626398043;2.1481481481481484
majority_baseline;mongo;-0.02788904626398043;2.1481481481481484
majority_baseline;mongo;-0.02788904626398043;2.1481481481481484
majority_baseline;mongo;-0.02788904626398043;2.1481481481481484
majority_baseline;mongo;-0.02788904626398043;2.1481481481481484
majority_baseline;mongo;-0.02788904626398043;2.1481481481481484
majority_baseline;mongo;-0.02788904626398043;2.1481481481481484
majority_baseline;mongo;-0.02788904626398043;2.1481481481481484
majority_baseline;mongo;-0.02788904626398043;2.1481481481481484
majority_baseline;mongo;-0.02788904626398043;2.1481481481481484
majority_baseline;mongo;-0.02788904626398043;2.1481481481481484
majority_baseline;mongo;-0.08705544491249038;2.1481481481481484
majority_baseline;mongo;-0.08705544491249038;2.1481481481481484
majority_baseline;mongo;-0.08705544491249038;2.1481481481481484
majority_baseline;mongo;-0.08705544491249038;2.1481481481481484
majority_baseline;mongo;-0.08705544491249038;2.1481481481481484
majority_baseline;mongo;-0.08705544491249038;2.1481481481481484
majority_baseline;mongo;-0.08705544491249038;2.1481481481481484
majority_baseline;mongo;-0.08705544491249038;2.1481481481481484
majority_baseline;mongo;-0.08705544491249038;2.1481481481481484
majority_baseline;mongo;-0.08705544491249038;2.1481481481481484
majority_baseline;mongo;-0.08705544491249038;2.1481481481481484
majority_baseline;mongo;-0.08705544491249038;2.1481481481481484
majority_baseline;mongo;-0.08705544491249038;2.1481481481481484
majority_baseline;mongo;-0.08705544491249038;2.1481481481481484
majority_baseline;mongo;-0.08705544491249038;2.1481481481481484
majority_baseline;mongo;-0.08705544491249038;2.1481481481481484
majority_baseline;mongo;-0.08705544491249038;2.1481481481481484
majority_baseline;mongo;-0.08705544491249038;2.1481481481481484
majority_baseline;mongo;-0.08705544491249038;2.1481481481481484
majority_baseline;mongo;-0.08705544491249038;2.1481481481481484
majority_baseline;mongo;-0.08705544491249038;2.1481481481481484
majority_baseline;mongo;-0.08705544491249038;2.1481481481481484
majority_baseline;mongo;-0.08705544491249038;2.1481481481481484
majority_baseline;mongo;-0.08705544491249038;2.1481481481481484
majority_baseline;mongo;-0.08705544491249038;2.1481481481481484
majority_baseline;mongo;-0.08705544491249038;2.1481481481481484
majority_baseline;mongo;-0.08705544491249038;2.1481481481481484
majority_baseline;mongo;-0.08705544491249038;2.1481481481481484
majority_baseline;mongo;-0.08705544491249038;2.1481481481481484
majority_baseline;mongo;-0.05644474383020556;2.1481481481481484
majority_baseline;mongo;-0.05644474383020556;2.1481481481481484
majority_baseline;mongo;-0.05644474383020556;2.1481481481481484
majority_baseline;mongo;-0.05644474383020556;2.1481481481481484
majority_baseline;mongo;-0.05644474383020556;2.1481481481481484
majority_baseline;mongo;-0.05644474383020556;2.1481481481481484
majority_baseline;mongo;-0.05644474383020556;2.1481481481481484
majority_baseline;mongo;-0.05644474383020556;2.1481481481481484
majority_baseline;mongo;-0.05644474383020556;2.1481481481481484
majority_baseline;mongo;-0.05644474383020556;2.1481481481481484
majority_baseline;mongo;-0.05644474383020556;2.1481481481481484
majority_baseline;mongo;-0.05644474383020556;2.1481481481481484
majority_baseline;mongo;-0.05644474383020556;2.1481481481481484
majority_baseline;mongo;-0.05644474383020556;2.1481481481481484
majority_baseline;mongo;-0.05644474383020556;2.1481481481481484
majority_baseline;mongo;-0.05644474383020556;2.1481481481481484
majority_baseline;mongo;-0.05644474383020556;2.1481481481481484
majority_baseline;mongo;-0.05644474383020556;2.1481481481481484
majority_baseline;mongo;-0.05644474383020556;2.1481481481481484
majority_baseline;mongo;-0.05644474383020556;2.1481481481481484
majority_baseline;mongo;-0.05644474383020556;2.1481481481481484
majority_baseline;mongo;-0.05644474383020556;2.1481481481481484
majority_baseline;mongo;-0.05644474383020556;2.1481481481481484
majority_baseline;mongo;-0.05644474383020556;2.1481481481481484
majority_baseline;mongo;-0.05644474383020556;2.1481481481481484
majority_baseline;mongo;-0.05644474383020556;2.1481481481481484
majority_baseline;mongo;-0.05644474383020556;2.1481481481481484
majority_baseline;mongo;-0.05644474383020556;2.1481481481481484
majority_baseline;mongo;-0.05644474383020556;2.1481481481481484
majority_baseline;mongo;-0.23197838257724798;2.1481481481481484
majority_baseline;mongo;-0.23197838257724798;2.1481481481481484
majority_baseline;mongo;-0.23197838257724798;2.1481481481481484
majority_baseline;mongo;-0.23197838257724798;2.1481481481481484
majority_baseline;mongo;-0.23197838257724798;2.1481481481481484
majority_baseline;mongo;-0.23197838257724798;2.1481481481481484
majority_baseline;mongo;-0.23197838257724798;2.1481481481481484
majority_baseline;mongo;-0.23197838257724798;2.1481481481481484
majority_baseline;mongo;-0.23197838257724798;2.1481481481481484
majority_baseline;mongo;-0.23197838257724798;2.1481481481481484
majority_baseline;mongo;-0.23197838257724798;2.1481481481481484
majority_baseline;mongo;-0.23197838257724798;2.1481481481481484
majority_baseline;mongo;-0.23197838257724798;2.1481481481481484
majority_baseline;mongo;-0.23197838257724798;2.1481481481481484
majority_baseline;mongo;-0.23197838257724798;2.1481481481481484
majority_baseline;mongo;-0.23197838257724798;2.1481481481481484
majority_baseline;mongo;-0.23197838257724798;2.1481481481481484
majority_baseline;mongo;-0.23197838257724798;2.1481481481481484
majority_baseline;mongo;-0.23197838257724798;2.1481481481481484
majority_baseline;mongo;-0.23197838257724798;2.1481481481481484
majority_baseline;mongo;-0.23197838257724798;2.1481481481481484
majority_baseline;mongo;-0.23197838257724798;2.1481481481481484
majority_baseline;mongo;-0.23197838257724798;2.1481481481481484
majority_baseline;mongo;-0.23197838257724798;2.1481481481481484
majority_baseline;mongo;-0.23197838257724798;2.1481481481481484
majority_baseline;mongo;-0.23197838257724798;2.1481481481481484
majority_baseline;mongo;-0.23197838257724798;2.1481481481481484
majority_baseline;mongo;-0.23197838257724798;2.1481481481481484
majority_baseline;mongo;-0.23197838257724798;2.1481481481481484
majority_baseline;mongo;-0.46781639098774686;0.40576902378646
majority_baseline;mongo;-0.8017672464916527;0.40576902378646
majority_baseline;mongo;-0.8017672464916527;0.40576902378646
majority_baseline;mongo;-0.8771499297736365;0.40576902378646
majority_baseline;mongo;-0.8771499297736365;0.40576902378646
majority_baseline;mongo;-0.5612902634590066;0.40576902378646
majority_baseline;mongo;-0.5612902634590066;0.40576902378646
majority_baseline;mongo;-0.5958930527060229;0.40576902378646
majority_baseline;mongo;-0.5958930527060229;0.40576902378646
majority_baseline;mongo;-0.5958930527060229;0.40576902378646
majority_baseline;mongo;-0.8089687024287093;0.40576902378646
majority_baseline;mongo;-0.8089687024287093;0.40576902378646
majority_baseline;mongo;-0.8089687024287093;0.40576902378646
majority_baseline;mongo;-0.6144939906974825;2.1481481481481484
majority_baseline;mongo;-0.6144939906974825;2.1481481481481484
majority_baseline;mongo;-0.6144939906974825;2.1481481481481484
majority_baseline;mongo;-0.6144939906974825;2.1481481481481484
majority_baseline;mongo;-0.6144939906974825;2.1481481481481484
majority_baseline;mongo;-0.6144939906974825;2.1481481481481484
majority_baseline;mongo;-0.6144939906974825;2.1481481481481484
majority_baseline;mongo;-0.6144939906974825;2.1481481481481484
majority_baseline;mongo;-0.7340257718483495;2.1481481481481484
majority_baseline;mongo;-0.7340257718483495;2.1481481481481484
majority_baseline;mongo;-0.7340257718483495;2.1481481481481484
majority_baseline;mongo;-0.7340257718483495;2.1481481481481484
majority_baseline;mongo;-0.7340257718483495;2.1481481481481484
majority_baseline;mongo;-0.7340257718483495;2.1481481481481484
majority_baseline;mongo;-0.7340257718483495;2.1481481481481484
majority_baseline;mongo;-0.7340257718483495;2.1481481481481484
majority_baseline;mongo;-0.7981271124734778;2.1481481481481484
majority_baseline;mongo;-0.7981271124734778;2.1481481481481484
majority_baseline;mongo;-0.7981271124734778;2.1481481481481484
majority_baseline;mongo;-0.7981271124734778;2.1481481481481484
majority_baseline;mongo;-0.7981271124734778;2.1481481481481484
majority_baseline;mongo;-0.7981271124734778;2.1481481481481484
majority_baseline;mongo;-0.7981271124734778;2.1481481481481484
majority_baseline;mongo;-0.7981271124734778;2.1481481481481484
majority_baseline;mongo;-0.8027405574500103;2.1481481481481484
majority_baseline;mongo;-0.8027405574500103;2.1481481481481484
majority_baseline;mongo;-0.8027405574500103;2.1481481481481484
majority_baseline;mongo;-0.8027405574500103;2.1481481481481484
majority_baseline;mongo;-0.045757184475145415;2.1481481481481484
majority_baseline;mongo;-0.7042353766131554;0.40576902378646
majority_baseline;mongo;-0.8728389423879395;0.40576902378646
majority_baseline;mongo;-0.6387794819630545;0.40576902378646
majority_baseline;mongo;-0.5757315410776483;0.40576902378646
majority_baseline;mongo;-0.5547450628082344;0.40576902378646
majority_baseline;mongo;-0.5406557371480877;0.40576902378646
majority_baseline;mongo;-0.5406557371480877;0.40576902378646
majority_baseline;mongo;-0.5406557371480877;0.40576902378646
majority_baseline;mongo;-0.5406557371480877;0.40576902378646
majority_baseline;mongo;-0.5965618301639295;0.40576902378646
majority_baseline;mongo;-0.5965618301639295;0.40576902378646
majority_baseline;mongo;-0.5965618301639295;0.40576902378646
majority_baseline;mongo;-0.5965618301639295;0.40576902378646
majority_baseline;mongo;-0.626228940320841;0.40576902378646
majority_baseline;mongo;-0.626228940320841;0.40576902378646
majority_baseline;mongo;-0.626228940320841;0.40576902378646
majority_baseline;mongo;-0.626228940320841;0.40576902378646
majority_baseline;mongo;-0.6565432802091914;0.40576902378646
majority_baseline;mongo;-0.6565432802091914;0.40576902378646
majority_baseline;mongo;-0.6565432802091914;0.40576902378646
majority_baseline;mongo;-0.6565432802091914;0.40576902378646
majority_baseline;mongo;-0.545080223670067;0.40576902378646
majority_baseline;mongo;-0.545080223670067;0.40576902378646
majority_baseline;mongo;-0.545080223670067;0.40576902378646
majority_baseline;mongo;-0.545080223670067;0.40576902378646
majority_baseline;mongo;-0.545080223670067;0.40576902378646
majority_baseline;mongo;-0.545080223670067;0.40576902378646
majority_baseline;mongo;-0.5726223463307162;0.40576902378646
majority_baseline;mongo;-0.5726223463307162;0.40576902378646
majority_baseline;mongo;-0.5726223463307162;0.40576902378646
majority_baseline;mongo;-0.5726223463307162;0.40576902378646
majority_baseline;mongo;-0.5726223463307162;0.40576902378646
majority_baseline;mongo;-0.5726223463307162;0.40576902378646
majority_baseline;mongo;-0.5665399288024503;0.40576902378646
majority_baseline;mongo;-0.5665399288024503;0.40576902378646
majority_baseline;mongo;-0.5665399288024503;0.40576902378646
majority_baseline;mongo;-0.5665399288024503;0.40576902378646
majority_baseline;mongo;-0.5665399288024503;0.40576902378646
majority_baseline;mongo;-0.5665399288024503;0.40576902378646
majority_baseline;mongo;-0.5862777945573909;0.40576902378646
majority_baseline;mongo;-0.5862777945573909;0.40576902378646
majority_baseline;mongo;-0.5862777945573909;0.40576902378646
majority_baseline;mongo;-0.5862777945573909;0.40576902378646
majority_baseline;mongo;-0.5862777945573909;0.40576902378646
majority_baseline;mongo;-0.5862777945573909;0.40576902378646
majority_baseline;mongo;-0.8137620074644827;0.40576902378646
majority_baseline;mongo;-0.8137620074644827;0.40576902378646
majority_baseline;mongo;-0.8137620074644827;0.40576902378646
majority_baseline;mongo;-0.6652037263378641;0.40576902378646
majority_baseline;mongo;-0.5523080204791487;0.40576902378646
majority_baseline;mongo;-0.6268699608952225;0.40576902378646
majority_baseline;mongo;-0.6268699608952225;0.40576902378646
majority_baseline;mongo;-0.6268699608952225;0.40576902378646
majority_baseline;mongo;-0.7771028068754671;0.40576902378646
majority_baseline;mongo;-0.7771028068754671;0.40576902378646
majority_baseline;mongo;-0.7771028068754671;0.40576902378646
majority_baseline;mongo;-0.7439765053643994;0.40576902378646
majority_baseline;mongo;-0.7439765053643994;0.40576902378646
majority_baseline;mongo;-0.5111639330715676;2.1481481481481484
majority_baseline;mongo;-0.5111639330715676;2.1481481481481484
majority_baseline;mongo;-0.4491089343629228;0.40576902378646
majority_baseline;mongo;-0.4491089343629228;0.40576902378646
majority_baseline;mongo;-0.4491089343629228;0.40576902378646
majority_baseline;mongo;-0.4491089343629228;0.40576902378646
majority_baseline;mongo;-0.4491089343629228;0.40576902378646
majority_baseline;mongo;-0.4491089343629228;0.40576902378646
majority_baseline;mongo;-0.4491089343629228;0.40576902378646
majority_baseline;mongo;-0.4491089343629228;0.40576902378646
majority_baseline;mongo;-0.5360583851505145;0.40576902378646
majority_baseline;mongo;-0.5360583851505145;0.40576902378646
majority_baseline;mongo;-0.5360583851505145;0.40576902378646
majority_baseline;mongo;-0.5360583851505145;0.40576902378646
majority_baseline;mongo;-0.5360583851505145;0.40576902378646
majority_baseline;mongo;-0.5360583851505145;0.40576902378646
majority_baseline;mongo;-0.5360583851505145;0.40576902378646
majority_baseline;mongo;-0.5360583851505145;0.40576902378646
majority_baseline;mongo;-0.6794835500066371;0.40576902378646
majority_baseline;mongo;-0.6794835500066371;0.40576902378646
majority_baseline;mongo;-0.6794835500066371;0.40576902378646
majority_baseline;mongo;-0.6794835500066371;0.40576902378646
majority_baseline;mongo;-0.6794835500066371;0.40576902378646
majority_baseline;mongo;-0.6794835500066371;0.40576902378646
majority_baseline;mongo;-0.6794835500066371;0.40576902378646
majority_baseline;mongo;-0.6794835500066371;0.40576902378646
majority_baseline;mongo;-0.5307258694061767;0.40576902378646
majority_baseline;mongo;-0.4812246933974063;0.40576902378646
majority_baseline;mongo;-0.5817258725067844;0.40576902378646
majority_baseline;mongo;-0.5817258725067844;0.40576902378646
majority_baseline;mongo;-0.5817258725067844;0.40576902378646
majority_baseline;mongo;-0.5817258725067844;0.40576902378646
majority_baseline;mongo;-0.5817258725067844;0.40576902378646
majority_baseline;mongo;-0.5481379931948205;0.40576902378646
majority_baseline;mongo;-0.5481379931948205;0.40576902378646
majority_baseline;mongo;-0.5481379931948205;0.40576902378646
majority_baseline;mongo;-0.5481379931948205;0.40576902378646
majority_baseline;mongo;-0.5481379931948205;0.40576902378646
majority_baseline;mongo;-0.5386269200368698;0.40576902378646
majority_baseline;mongo;-0.5386269200368698;0.40576902378646
majority_baseline;mongo;-0.5386269200368698;0.40576902378646
majority_baseline;mongo;-0.5386269200368698;0.40576902378646
majority_baseline;mongo;-0.5386269200368698;0.40576902378646
majority_baseline;mongo;-0.7720922563928472;0.40576902378646
majority_baseline;mongo;-0.5274870122350656;0.40576902378646
majority_baseline;mongo;-0.7720984353931891;0.40576902378646
majority_baseline;mongo;-0.5655139862728763;0.40576902378646
majority_baseline;mongo;-0.5655139862728763;0.40576902378646
majority_baseline;mongo;-0.5655139862728763;0.40576902378646
majority_baseline;mongo;-0.5655139862728763;0.40576902378646
majority_baseline;mongo;-0.4481263065761936;0.40576902378646
majority_baseline;mongo;-0.5352205789834131;0.40576902378646
majority_baseline;mongo;-0.42259063410106484;2.1481481481481484
majority_baseline;mongo;-0.42259063410106484;2.1481481481481484
majority_baseline;mongo;-0.42259063410106484;2.1481481481481484
majority_baseline;mongo;-0.42259063410106484;2.1481481481481484
majority_baseline;mongo;-0.41166812991033697;2.1481481481481484
majority_baseline;mongo;-0.41166812991033697;2.1481481481481484
majority_baseline;mongo;-0.41166812991033697;2.1481481481481484
majority_baseline;mongo;-0.41166812991033697;2.1481481481481484
majority_baseline;mongo;-0.5186802790046944;2.1481481481481484
majority_baseline;mongo;-0.5186802790046944;2.1481481481481484
majority_baseline;mongo;-0.5186802790046944;2.1481481481481484
majority_baseline;mongo;-0.5186802790046944;2.1481481481481484
majority_baseline;mongo;-0.864320925321269;0.40576902378646
majority_baseline;mongo;-0.5402196438920396;0.40576902378646
majority_baseline;mongo;-0.6624799942211552;0.40576902378646
majority_baseline;mongo;-0.6074319595629454;0.40576902378646
majority_baseline;mongo;-0.6074319595629454;0.40576902378646
majority_baseline;mongo;-0.6074319595629454;0.40576902378646
majority_baseline;mongo;-0.6074319595629454;0.40576902378646
majority_baseline;mongo;-0.6074319595629454;0.40576902378646
majority_baseline;mongo;-0.399531846342036;2.1481481481481484
majority_baseline;mongo;-0.399531846342036;2.1481481481481484
majority_baseline;mongo;-0.5446933436217598;2.1481481481481484
majority_baseline;mongo;-0.5446933436217598;2.1481481481481484
majority_baseline;mongo;-0.6879671329704383;0.40576902378646
majority_baseline;mongo;-0.6879671329704383;0.40576902378646
majority_baseline;mongo;-0.6879671329704383;0.40576902378646
majority_baseline;mongo;-0.7130864861585781;0.40576902378646
majority_baseline;mongo;-0.7130864861585781;0.40576902378646
majority_baseline;mongo;-0.7130864861585781;0.40576902378646
majority_baseline;mongo;-0.6585339810134326;2.1481481481481484
majority_baseline;mongo;-0.6585339810134326;2.1481481481481484
majority_baseline;mongo;-0.6585339810134326;2.1481481481481484
majority_baseline;mongo;-0.7339500003406338;2.1481481481481484
majority_baseline;mongo;-0.7339500003406338;2.1481481481481484
majority_baseline;mongo;-0.7339500003406338;2.1481481481481484
majority_baseline;mongo;-0.8297563591780551;0.40576902378646
majority_baseline;mongo;-0.31356972766603236;2.1481481481481484
majority_baseline;mongo;-0.31356972766603236;2.1481481481481484
majority_baseline;mongo;-0.31356972766603236;2.1481481481481484
majority_baseline;mongo;-0.31356972766603236;2.1481481481481484
majority_baseline;mongo;-0.31356972766603236;2.1481481481481484
majority_baseline;mongo;-0.31356972766603236;2.1481481481481484
majority_baseline;mongo;-0.31356972766603236;2.1481481481481484
majority_baseline;mongo;-0.31356972766603236;2.1481481481481484
majority_baseline;mongo;-0.31356972766603236;2.1481481481481484
majority_baseline;mongo;-0.31356972766603236;2.1481481481481484
majority_baseline;mongo;-0.31356972766603236;2.1481481481481484
majority_baseline;mongo;-0.31356972766603236;2.1481481481481484
majority_baseline;mongo;-0.31356972766603236;2.1481481481481484
majority_baseline;mongo;-0.31356972766603236;2.1481481481481484
majority_baseline;mongo;-0.31356972766603236;2.1481481481481484
majority_baseline;mongo;-0.31356972766603236;2.1481481481481484
majority_baseline;mongo;-0.31356972766603236;2.1481481481481484
majority_baseline;mongo;-0.31356972766603236;2.1481481481481484
majority_baseline;mongo;-0.31356972766603236;2.1481481481481484
majority_baseline;mongo;-0.31356972766603236;2.1481481481481484
majority_baseline;mongo;-0.31356972766603236;2.1481481481481484
majority_baseline;mongo;-0.19866802986897053;2.1481481481481484
majority_baseline;mongo;-0.19866802986897053;2.1481481481481484
majority_baseline;mongo;-0.19866802986897053;2.1481481481481484
majority_baseline;mongo;-0.19866802986897053;2.1481481481481484
majority_baseline;mongo;-0.19866802986897053;2.1481481481481484
majority_baseline;mongo;-0.19866802986897053;2.1481481481481484
majority_baseline;mongo;-0.19866802986897053;2.1481481481481484
majority_baseline;mongo;-0.19866802986897053;2.1481481481481484
majority_baseline;mongo;-0.19866802986897053;2.1481481481481484
majority_baseline;mongo;-0.19866802986897053;2.1481481481481484
majority_baseline;mongo;-0.19866802986897053;2.1481481481481484
majority_baseline;mongo;-0.19866802986897053;2.1481481481481484
majority_baseline;mongo;-0.19866802986897053;2.1481481481481484
majority_baseline;mongo;-0.19866802986897053;2.1481481481481484
majority_baseline;mongo;-0.19866802986897053;2.1481481481481484
majority_baseline;mongo;-0.19866802986897053;2.1481481481481484
majority_baseline;mongo;-0.19866802986897053;2.1481481481481484
majority_baseline;mongo;-0.19866802986897053;2.1481481481481484
majority_baseline;mongo;-0.19866802986897053;2.1481481481481484
majority_baseline;mongo;-0.19866802986897053;2.1481481481481484
majority_baseline;mongo;-0.19866802986897053;2.1481481481481484
majority_baseline;mongo;-0.3614927480662509;2.1481481481481484
majority_baseline;mongo;-0.3614927480662509;2.1481481481481484
majority_baseline;mongo;-0.3614927480662509;2.1481481481481484
majority_baseline;mongo;-0.3614927480662509;2.1481481481481484
majority_baseline;mongo;-0.3614927480662509;2.1481481481481484
majority_baseline;mongo;-0.3614927480662509;2.1481481481481484
majority_baseline;mongo;-0.3614927480662509;2.1481481481481484
majority_baseline;mongo;-0.3614927480662509;2.1481481481481484
majority_baseline;mongo;-0.3614927480662509;2.1481481481481484
majority_baseline;mongo;-0.3614927480662509;2.1481481481481484
majority_baseline;mongo;-0.3614927480662509;2.1481481481481484
majority_baseline;mongo;-0.3614927480662509;2.1481481481481484
majority_baseline;mongo;-0.3614927480662509;2.1481481481481484
majority_baseline;mongo;-0.3614927480662509;2.1481481481481484
majority_baseline;mongo;-0.3614927480662509;2.1481481481481484
majority_baseline;mongo;-0.3614927480662509;2.1481481481481484
majority_baseline;mongo;-0.3614927480662509;2.1481481481481484
majority_baseline;mongo;-0.3614927480662509;2.1481481481481484
majority_baseline;mongo;-0.3614927480662509;2.1481481481481484
majority_baseline;mongo;-0.3614927480662509;2.1481481481481484
majority_baseline;mongo;-0.3614927480662509;2.1481481481481484
majority_baseline;mongo;-0.3109901573666693;2.1481481481481484
majority_baseline;mongo;-0.3109901573666693;2.1481481481481484
majority_baseline;mongo;-0.3109901573666693;2.1481481481481484
majority_baseline;mongo;-0.3109901573666693;2.1481481481481484
majority_baseline;mongo;-0.3109901573666693;2.1481481481481484
majority_baseline;mongo;-0.3109901573666693;2.1481481481481484
majority_baseline;mongo;-0.3109901573666693;2.1481481481481484
majority_baseline;mongo;-0.3109901573666693;2.1481481481481484
majority_baseline;mongo;-0.3109901573666693;2.1481481481481484
majority_baseline;mongo;-0.3109901573666693;2.1481481481481484
majority_baseline;mongo;-0.3109901573666693;2.1481481481481484
majority_baseline;mongo;-0.3109901573666693;2.1481481481481484
majority_baseline;mongo;-0.3109901573666693;2.1481481481481484
majority_baseline;mongo;-0.3109901573666693;2.1481481481481484
majority_baseline;mongo;-0.3109901573666693;2.1481481481481484
majority_baseline;mongo;-0.3109901573666693;2.1481481481481484
majority_baseline;mongo;-0.3109901573666693;2.1481481481481484
majority_baseline;mongo;-0.3109901573666693;2.1481481481481484
majority_baseline;mongo;-0.3109901573666693;2.1481481481481484
majority_baseline;mongo;-0.3109901573666693;2.1481481481481484
majority_baseline;mongo;-0.3109901573666693;2.1481481481481484
majority_baseline;mongo;-0.40432327195611306;2.1481481481481484
majority_baseline;mongo;-0.40432327195611306;2.1481481481481484
majority_baseline;mongo;-0.40432327195611306;2.1481481481481484
majority_baseline;mongo;-0.40432327195611306;2.1481481481481484
majority_baseline;mongo;-0.40432327195611306;2.1481481481481484
majority_baseline;mongo;-0.40432327195611306;2.1481481481481484
majority_baseline;mongo;-0.40432327195611306;2.1481481481481484
majority_baseline;mongo;-0.40432327195611306;2.1481481481481484
majority_baseline;mongo;-0.40432327195611306;2.1481481481481484
majority_baseline;mongo;-0.40432327195611306;2.1481481481481484
majority_baseline;mongo;-0.40432327195611306;2.1481481481481484
majority_baseline;mongo;-0.40432327195611306;2.1481481481481484
majority_baseline;mongo;-0.40432327195611306;2.1481481481481484
majority_baseline;mongo;-0.40432327195611306;2.1481481481481484
majority_baseline;mongo;-0.40432327195611306;2.1481481481481484
majority_baseline;mongo;-0.40432327195611306;2.1481481481481484
majority_baseline;mongo;-0.40432327195611306;2.1481481481481484
majority_baseline;mongo;-0.40432327195611306;2.1481481481481484
majority_baseline;mongo;-0.40432327195611306;2.1481481481481484
majority_baseline;mongo;-0.40432327195611306;2.1481481481481484
majority_baseline;mongo;-0.40432327195611306;2.1481481481481484
majority_baseline;mongo;-0.3589536089103579;2.1481481481481484
majority_baseline;mongo;-0.3589536089103579;2.1481481481481484
majority_baseline;mongo;-0.3589536089103579;2.1481481481481484
majority_baseline;mongo;-0.3589536089103579;2.1481481481481484
majority_baseline;mongo;-0.3589536089103579;2.1481481481481484
majority_baseline;mongo;-0.3589536089103579;2.1481481481481484
majority_baseline;mongo;-0.3589536089103579;2.1481481481481484
majority_baseline;mongo;-0.3589536089103579;2.1481481481481484
majority_baseline;mongo;-0.3589536089103579;2.1481481481481484
majority_baseline;mongo;-0.3589536089103579;2.1481481481481484
majority_baseline;mongo;-0.3589536089103579;2.1481481481481484
majority_baseline;mongo;-0.3589536089103579;2.1481481481481484
majority_baseline;mongo;-0.3589536089103579;2.1481481481481484
majority_baseline;mongo;-0.3589536089103579;2.1481481481481484
majority_baseline;mongo;-0.3589536089103579;2.1481481481481484
majority_baseline;mongo;-0.3589536089103579;2.1481481481481484
majority_baseline;mongo;-0.3589536089103579;2.1481481481481484
majority_baseline;mongo;-0.3589536089103579;2.1481481481481484
majority_baseline;mongo;-0.3589536089103579;2.1481481481481484
majority_baseline;mongo;-0.3589536089103579;2.1481481481481484
majority_baseline;mongo;-0.3589536089103579;2.1481481481481484
majority_baseline;mongo;-0.38392638546882263;0.40576902378646
majority_baseline;mongo;-0.38392638546882263;0.40576902378646
majority_baseline;mongo;-0.38392638546882263;0.40576902378646
majority_baseline;mongo;-0.38392638546882263;0.40576902378646
majority_baseline;mongo;-0.38392638546882263;0.40576902378646
majority_baseline;mongo;-0.38392638546882263;0.40576902378646
majority_baseline;mongo;-0.38392638546882263;0.40576902378646
majority_baseline;mongo;-0.38392638546882263;0.40576902378646
majority_baseline;mongo;-0.38392638546882263;0.40576902378646
majority_baseline;mongo;-0.6942347872627723;0.40576902378646
majority_baseline;mongo;-0.6942347872627723;0.40576902378646
majority_baseline;mongo;-0.6942347872627723;0.40576902378646
majority_baseline;mongo;-0.6942347872627723;0.40576902378646
majority_baseline;mongo;-0.6942347872627723;0.40576902378646
majority_baseline;mongo;-0.6942347872627723;0.40576902378646
majority_baseline;mongo;-0.6942347872627723;0.40576902378646
majority_baseline;mongo;-0.6942347872627723;0.40576902378646
majority_baseline;mongo;-0.6942347872627723;0.40576902378646
majority_baseline;mongo;-0.7940067149005781;0.40576902378646
majority_baseline;mongo;-0.7940067149005781;0.40576902378646
majority_baseline;mongo;-0.7940067149005781;0.40576902378646
majority_baseline;mongo;-0.7940067149005781;0.40576902378646
majority_baseline;mongo;-0.7940067149005781;0.40576902378646
majority_baseline;mongo;-0.7940067149005781;0.40576902378646
majority_baseline;mongo;-0.7940067149005781;0.40576902378646
majority_baseline;mongo;-0.7940067149005781;0.40576902378646
majority_baseline;mongo;-0.7940067149005781;0.40576902378646
majority_baseline;mongo;0.6551415631505455;14.280303030303031
majority_baseline;mongo;-0.8728339725158851;0.40576902378646
majority_baseline;mongo;-0.8247222829880215;0.40576902378646
majority_baseline;mongo;-0.5637410588657417;0.40576902378646
majority_baseline;mongo;-0.3301913026834355;2.1481481481481484
majority_baseline;mongo;-0.3301913026834355;2.1481481481481484
majority_baseline;mongo;-0.3301913026834355;2.1481481481481484
majority_baseline;mongo;-0.3301913026834355;2.1481481481481484
majority_baseline;mongo;-0.47495665848112756;2.1481481481481484
majority_baseline;mongo;-0.47495665848112756;2.1481481481481484
majority_baseline;mongo;-0.47495665848112756;2.1481481481481484
majority_baseline;mongo;-0.47495665848112756;2.1481481481481484
majority_baseline;mongo;-0.36442639046882114;2.1481481481481484
majority_baseline;mongo;-0.7676899857912489;0.40576902378646
majority_baseline;mongo;-0.08368850808344343;2.1481481481481484
majority_baseline;mongo;-0.08368850808344343;2.1481481481481484
majority_baseline;mongo;-0.08368850808344343;2.1481481481481484
majority_baseline;mongo;-0.08368850808344343;2.1481481481481484
majority_baseline;mongo;-0.08368850808344343;2.1481481481481484
majority_baseline;mongo;-0.08368850808344343;2.1481481481481484
majority_baseline;mongo;-0.08368850808344343;2.1481481481481484
majority_baseline;mongo;-0.08368850808344343;2.1481481481481484
majority_baseline;mongo;-0.08368850808344343;2.1481481481481484
majority_baseline;mongo;-0.08368850808344343;2.1481481481481484
majority_baseline;mongo;-0.08368850808344343;2.1481481481481484
majority_baseline;mongo;-0.08368850808344343;2.1481481481481484
majority_baseline;mongo;-0.08368850808344343;2.1481481481481484
majority_baseline;mongo;-0.08368850808344343;2.1481481481481484
majority_baseline;mongo;-0.08368850808344343;2.1481481481481484
majority_baseline;mongo;-0.08368850808344343;2.1481481481481484
majority_baseline;mongo;-0.08368850808344343;2.1481481481481484
majority_baseline;mongo;-0.08368850808344343;2.1481481481481484
majority_baseline;mongo;-0.08368850808344343;2.1481481481481484
majority_baseline;mongo;-0.08368850808344343;2.1481481481481484
majority_baseline;mongo;-0.08368850808344343;2.1481481481481484
majority_baseline;mongo;-0.08368850808344343;2.1481481481481484
majority_baseline;mongo;-0.08368850808344343;2.1481481481481484
majority_baseline;mongo;0.0017654786509874033;2.1481481481481484
majority_baseline;mongo;0.0017654786509874033;2.1481481481481484
majority_baseline;mongo;0.0017654786509874033;2.1481481481481484
majority_baseline;mongo;0.0017654786509874033;2.1481481481481484
majority_baseline;mongo;0.0017654786509874033;2.1481481481481484
majority_baseline;mongo;0.0017654786509874033;2.1481481481481484
majority_baseline;mongo;0.0017654786509874033;2.1481481481481484
majority_baseline;mongo;0.0017654786509874033;2.1481481481481484
majority_baseline;mongo;0.0017654786509874033;2.1481481481481484
majority_baseline;mongo;0.0017654786509874033;2.1481481481481484
majority_baseline;mongo;0.0017654786509874033;2.1481481481481484
majority_baseline;mongo;0.0017654786509874033;2.1481481481481484
majority_baseline;mongo;0.0017654786509874033;2.1481481481481484
majority_baseline;mongo;0.0017654786509874033;2.1481481481481484
majority_baseline;mongo;0.0017654786509874033;2.1481481481481484
majority_baseline;mongo;0.0017654786509874033;2.1481481481481484
majority_baseline;mongo;0.0017654786509874033;2.1481481481481484
majority_baseline;mongo;0.0017654786509874033;2.1481481481481484
majority_baseline;mongo;0.0017654786509874033;2.1481481481481484
majority_baseline;mongo;0.0017654786509874033;2.1481481481481484
majority_baseline;mongo;0.0017654786509874033;2.1481481481481484
majority_baseline;mongo;0.0017654786509874033;2.1481481481481484
majority_baseline;mongo;0.0017654786509874033;2.1481481481481484
majority_baseline;mongo;-0.22281579204847887;2.1481481481481484
majority_baseline;mongo;-0.22281579204847887;2.1481481481481484
majority_baseline;mongo;-0.22281579204847887;2.1481481481481484
majority_baseline;mongo;-0.22281579204847887;2.1481481481481484
majority_baseline;mongo;-0.22281579204847887;2.1481481481481484
majority_baseline;mongo;-0.22281579204847887;2.1481481481481484
majority_baseline;mongo;-0.22281579204847887;2.1481481481481484
majority_baseline;mongo;-0.22281579204847887;2.1481481481481484
majority_baseline;mongo;-0.22281579204847887;2.1481481481481484
majority_baseline;mongo;-0.22281579204847887;2.1481481481481484
majority_baseline;mongo;-0.22281579204847887;2.1481481481481484
majority_baseline;mongo;-0.22281579204847887;2.1481481481481484
majority_baseline;mongo;-0.22281579204847887;2.1481481481481484
majority_baseline;mongo;-0.22281579204847887;2.1481481481481484
majority_baseline;mongo;-0.22281579204847887;2.1481481481481484
majority_baseline;mongo;-0.22281579204847887;2.1481481481481484
majority_baseline;mongo;-0.22281579204847887;2.1481481481481484
majority_baseline;mongo;-0.22281579204847887;2.1481481481481484
majority_baseline;mongo;-0.22281579204847887;2.1481481481481484
majority_baseline;mongo;-0.22281579204847887;2.1481481481481484
majority_baseline;mongo;-0.22281579204847887;2.1481481481481484
majority_baseline;mongo;-0.22281579204847887;2.1481481481481484
majority_baseline;mongo;-0.22281579204847887;2.1481481481481484
majority_baseline;mongo;-0.13516824036476954;2.1481481481481484
majority_baseline;mongo;-0.13516824036476954;2.1481481481481484
majority_baseline;mongo;-0.13516824036476954;2.1481481481481484
majority_baseline;mongo;-0.13516824036476954;2.1481481481481484
majority_baseline;mongo;-0.13516824036476954;2.1481481481481484
majority_baseline;mongo;-0.13516824036476954;2.1481481481481484
majority_baseline;mongo;-0.13516824036476954;2.1481481481481484
majority_baseline;mongo;-0.13516824036476954;2.1481481481481484
majority_baseline;mongo;-0.13516824036476954;2.1481481481481484
majority_baseline;mongo;-0.13516824036476954;2.1481481481481484
majority_baseline;mongo;-0.13516824036476954;2.1481481481481484
majority_baseline;mongo;-0.13516824036476954;2.1481481481481484
majority_baseline;mongo;-0.13516824036476954;2.1481481481481484
majority_baseline;mongo;-0.13516824036476954;2.1481481481481484
majority_baseline;mongo;-0.13516824036476954;2.1481481481481484
majority_baseline;mongo;-0.13516824036476954;2.1481481481481484
majority_baseline;mongo;-0.13516824036476954;2.1481481481481484
majority_baseline;mongo;-0.13516824036476954;2.1481481481481484
majority_baseline;mongo;-0.13516824036476954;2.1481481481481484
majority_baseline;mongo;-0.13516824036476954;2.1481481481481484
majority_baseline;mongo;-0.13516824036476954;2.1481481481481484
majority_baseline;mongo;-0.13516824036476954;2.1481481481481484
majority_baseline;mongo;-0.13516824036476954;2.1481481481481484
majority_baseline;mongo;-0.041489304327671374;2.1481481481481484
majority_baseline;mongo;-0.041489304327671374;2.1481481481481484
majority_baseline;mongo;-0.041489304327671374;2.1481481481481484
majority_baseline;mongo;-0.041489304327671374;2.1481481481481484
majority_baseline;mongo;-0.041489304327671374;2.1481481481481484
majority_baseline;mongo;-0.041489304327671374;2.1481481481481484
majority_baseline;mongo;-0.041489304327671374;2.1481481481481484
majority_baseline;mongo;-0.041489304327671374;2.1481481481481484
majority_baseline;mongo;-0.041489304327671374;2.1481481481481484
majority_baseline;mongo;-0.041489304327671374;2.1481481481481484
majority_baseline;mongo;-0.041489304327671374;2.1481481481481484
majority_baseline;mongo;-0.041489304327671374;2.1481481481481484
majority_baseline;mongo;-0.041489304327671374;2.1481481481481484
majority_baseline;mongo;-0.041489304327671374;2.1481481481481484
majority_baseline;mongo;-0.041489304327671374;2.1481481481481484
majority_baseline;mongo;-0.041489304327671374;2.1481481481481484
majority_baseline;mongo;-0.041489304327671374;2.1481481481481484
majority_baseline;mongo;-0.041489304327671374;2.1481481481481484
majority_baseline;mongo;-0.041489304327671374;2.1481481481481484
majority_baseline;mongo;-0.041489304327671374;2.1481481481481484
majority_baseline;mongo;-0.041489304327671374;2.1481481481481484
majority_baseline;mongo;-0.041489304327671374;2.1481481481481484
majority_baseline;mongo;-0.041489304327671374;2.1481481481481484
majority_baseline;mongo;-0.0698835411436596;2.1481481481481484
majority_baseline;mongo;-0.0698835411436596;2.1481481481481484
majority_baseline;mongo;-0.0698835411436596;2.1481481481481484
majority_baseline;mongo;-0.0698835411436596;2.1481481481481484
majority_baseline;mongo;-0.0698835411436596;2.1481481481481484
majority_baseline;mongo;-0.0698835411436596;2.1481481481481484
majority_baseline;mongo;-0.0698835411436596;2.1481481481481484
majority_baseline;mongo;-0.0698835411436596;2.1481481481481484
majority_baseline;mongo;-0.0698835411436596;2.1481481481481484
majority_baseline;mongo;-0.0698835411436596;2.1481481481481484
majority_baseline;mongo;-0.0698835411436596;2.1481481481481484
majority_baseline;mongo;-0.0698835411436596;2.1481481481481484
majority_baseline;mongo;-0.0698835411436596;2.1481481481481484
majority_baseline;mongo;-0.0698835411436596;2.1481481481481484
majority_baseline;mongo;-0.0698835411436596;2.1481481481481484
majority_baseline;mongo;-0.0698835411436596;2.1481481481481484
majority_baseline;mongo;-0.0698835411436596;2.1481481481481484
majority_baseline;mongo;-0.0698835411436596;2.1481481481481484
majority_baseline;mongo;-0.0698835411436596;2.1481481481481484
majority_baseline;mongo;-0.0698835411436596;2.1481481481481484
majority_baseline;mongo;-0.0698835411436596;2.1481481481481484
majority_baseline;mongo;-0.0698835411436596;2.1481481481481484
majority_baseline;mongo;-0.0698835411436596;2.1481481481481484
majority_baseline;mongo;-0.7341799347409561;0.40576902378646
majority_baseline;mongo;-0.6966163145193376;0.40576902378646
majority_baseline;mongo;-0.6966163145193376;0.40576902378646
majority_baseline;mongo;-0.6116249970161858;2.1481481481481484
majority_baseline;mongo;-0.5552082300945413;0.40576902378646
majority_baseline;mongo;-0.6001321675943292;0.40576902378646
majority_baseline;mongo;-0.5959307044077886;2.1481481481481484
majority_baseline;mongo;-0.5959307044077886;2.1481481481481484
majority_baseline;mongo;-0.5181918416201979;0.40576902378646
majority_baseline;mongo;-0.5181918416201979;0.40576902378646
majority_baseline;mongo;-0.5181918416201979;0.40576902378646
majority_baseline;mongo;-0.584275318850898;0.40576902378646
majority_baseline;mongo;-0.584275318850898;0.40576902378646
majority_baseline;mongo;-0.584275318850898;0.40576902378646
majority_baseline;mongo;-0.4343371347113329;0.40576902378646
majority_baseline;mongo;-0.4343371347113329;0.40576902378646
majority_baseline;mongo;-0.4343371347113329;0.40576902378646
majority_baseline;mongo;-0.4343371347113329;0.40576902378646
majority_baseline;mongo;-0.4343371347113329;0.40576902378646
majority_baseline;mongo;-0.4391315678364702;0.40576902378646
majority_baseline;mongo;-0.4391315678364702;0.40576902378646
majority_baseline;mongo;-0.4391315678364702;0.40576902378646
majority_baseline;mongo;-0.4391315678364702;0.40576902378646
majority_baseline;mongo;-0.4391315678364702;0.40576902378646
majority_baseline;mongo;-0.4742803215186981;0.40576902378646
majority_baseline;mongo;-0.4742803215186981;0.40576902378646
majority_baseline;mongo;-0.4742803215186981;0.40576902378646
majority_baseline;mongo;-0.4742803215186981;0.40576902378646
majority_baseline;mongo;-0.4742803215186981;0.40576902378646
majority_baseline;mongo;-0.5029014265048718;0.40576902378646
majority_baseline;mongo;-0.5029014265048718;0.40576902378646
majority_baseline;mongo;-0.5029014265048718;0.40576902378646
majority_baseline;mongo;-0.5029014265048718;0.40576902378646
majority_baseline;mongo;-0.5029014265048718;0.40576902378646
majority_baseline;mongo;-0.5511854608726378;0.40576902378646
majority_baseline;mongo;-0.5511854608726378;0.40576902378646
majority_baseline;mongo;-0.5511854608726378;0.40576902378646
majority_baseline;mongo;-0.5511854608726378;0.40576902378646
majority_baseline;mongo;-0.5511854608726378;0.40576902378646
majority_baseline;mongo;-0.32865722454086366;2.1481481481481484
majority_baseline;mongo;-0.32865722454086366;2.1481481481481484
majority_baseline;mongo;-0.32865722454086366;2.1481481481481484
majority_baseline;mongo;-0.7742253552062707;2.1481481481481484
majority_baseline;mongo;-0.7742253552062707;2.1481481481481484
majority_baseline;mongo;-0.7742253552062707;2.1481481481481484
majority_baseline;mongo;-0.567041499394894;2.1481481481481484
majority_baseline;mongo;-0.6412424935796351;0.40576902378646
majority_baseline;mongo;-0.4898576499734045;2.1481481481481484
majority_baseline;mongo;-0.4898576499734045;2.1481481481481484
majority_baseline;mongo;-0.7902477004503244;2.1481481481481484
majority_baseline;mongo;-0.7902477004503244;2.1481481481481484
majority_baseline;mongo;-0.6854862779538857;0.40576902378646
majority_baseline;mongo;-0.7650572495773262;0.40576902378646
majority_baseline;mongo;-0.6074381577188055;0.40576902378646
majority_baseline;mongo;-0.6074381577188055;0.40576902378646
majority_baseline;mongo;-0.6074381577188055;0.40576902378646
majority_baseline;mongo;-0.6074381577188055;0.40576902378646
majority_baseline;mongo;-0.6074381577188055;0.40576902378646
majority_baseline;mongo;-0.6074381577188055;0.40576902378646
majority_baseline;mongo;-0.6074381577188055;0.40576902378646
majority_baseline;mongo;-0.6074381577188055;0.40576902378646
majority_baseline;mongo;-0.5566321829618254;0.40576902378646
majority_baseline;mongo;-0.5566321829618254;0.40576902378646
majority_baseline;mongo;-0.5566321829618254;0.40576902378646
majority_baseline;mongo;-0.6247158548015046;0.40576902378646
majority_baseline;mongo;-0.6247158548015046;0.40576902378646
majority_baseline;mongo;-0.6247158548015046;0.40576902378646
majority_baseline;mongo;-0.4478522125962069;0.40576902378646
majority_baseline;mongo;-0.4478522125962069;0.40576902378646
majority_baseline;mongo;-0.3711731241714978;0.40576902378646
majority_baseline;mongo;-0.3711731241714978;0.40576902378646
majority_baseline;mongo;-0.6918737850376532;2.1481481481481484
majority_baseline;mongo;-0.8789253789897011;0.40576902378646
majority_baseline;mongo;-0.38765812698285707;0.40576902378646
majority_baseline;mongo;-0.61534270143186;0.40576902378646
majority_baseline;mongo;-0.8640641762698842;0.40576902378646
majority_baseline;mongo;-0.4197387422208639;0.40576902378646
majority_baseline;mongo;-0.4197387422208639;0.40576902378646
majority_baseline;mongo;-0.4197387422208639;0.40576902378646
majority_baseline;mongo;-0.4197387422208639;0.40576902378646
majority_baseline;mongo;-0.4197387422208639;0.40576902378646
majority_baseline;mongo;-0.4197387422208639;0.40576902378646
majority_baseline;mongo;-0.5127538504806975;0.40576902378646
majority_baseline;mongo;-0.5127538504806975;0.40576902378646
majority_baseline;mongo;-0.5127538504806975;0.40576902378646
majority_baseline;mongo;-0.5127538504806975;0.40576902378646
majority_baseline;mongo;-0.5127538504806975;0.40576902378646
majority_baseline;mongo;-0.5127538504806975;0.40576902378646
majority_baseline;mongo;-0.3248402599045331;0.40576902378646
majority_baseline;mongo;-0.3248402599045331;0.40576902378646
majority_baseline;mongo;-0.3248402599045331;0.40576902378646
majority_baseline;mongo;-0.3248402599045331;0.40576902378646
majority_baseline;mongo;-0.3248402599045331;0.40576902378646
majority_baseline;mongo;-0.3248402599045331;0.40576902378646
majority_baseline;mongo;-0.48468132119962665;0.40576902378646
majority_baseline;mongo;-0.48468132119962665;0.40576902378646
majority_baseline;mongo;-0.48468132119962665;0.40576902378646
majority_baseline;mongo;-0.48468132119962665;0.40576902378646
majority_baseline;mongo;-0.48468132119962665;0.40576902378646
majority_baseline;mongo;-0.48468132119962665;0.40576902378646
majority_baseline;mongo;-0.38044855163646263;0.40576902378646
majority_baseline;mongo;-0.38044855163646263;0.40576902378646
majority_baseline;mongo;-0.38044855163646263;0.40576902378646
majority_baseline;mongo;-0.38044855163646263;0.40576902378646
majority_baseline;mongo;-0.38044855163646263;0.40576902378646
majority_baseline;mongo;-0.38044855163646263;0.40576902378646
majority_baseline;mongo;-0.5044348707817154;0.40576902378646
majority_baseline;mongo;-0.5294900329991031;0.40576902378646
majority_baseline;mongo;-0.5294900329991031;0.40576902378646
majority_baseline;mongo;-0.5294900329991031;0.40576902378646
majority_baseline;mongo;-0.5811857170513842;0.40576902378646
majority_baseline;mongo;-0.5811857170513842;0.40576902378646
majority_baseline;mongo;-0.5811857170513842;0.40576902378646
majority_baseline;mongo;-0.7645383806274134;0.40576902378646
majority_baseline;mongo;-0.7645383806274134;0.40576902378646
majority_baseline;mongo;-0.6847127571686535;0.40576902378646
majority_baseline;mongo;-0.6847127571686535;0.40576902378646
majority_baseline;mongo;-0.6847127571686535;0.40576902378646
majority_baseline;mongo;-0.6847127571686535;0.40576902378646
majority_baseline;mongo;-0.6847127571686535;0.40576902378646
majority_baseline;mongo;-0.7739603826531879;0.40576902378646
majority_baseline;mongo;-0.7739603826531879;0.40576902378646
majority_baseline;mongo;-0.7739603826531879;0.40576902378646
majority_baseline;mongo;-0.7739603826531879;0.40576902378646
majority_baseline;mongo;-0.7739603826531879;0.40576902378646
majority_baseline;mongo;-0.8474326715705084;0.40576902378646
majority_baseline;mongo;-0.8474326715705084;0.40576902378646
majority_baseline;mongo;-0.8474326715705084;0.40576902378646
majority_baseline;mongo;-0.8474326715705084;0.40576902378646
majority_baseline;mongo;-0.8474326715705084;0.40576902378646
majority_baseline;mongo;-0.5583599914442327;0.40576902378646
majority_baseline;mongo;-0.5583599914442327;0.40576902378646
majority_baseline;mongo;-0.5583599914442327;0.40576902378646
majority_baseline;mongo;-0.557457552040475;0.40576902378646
majority_baseline;mongo;-0.557457552040475;0.40576902378646
majority_baseline;mongo;-0.557457552040475;0.40576902378646
majority_baseline;mongo;-0.5130303366880928;0.40576902378646
majority_baseline;mongo;-0.566201022172953;0.40576902378646
majority_baseline;mongo;-0.566201022172953;0.40576902378646
majority_baseline;mongo;-0.566201022172953;0.40576902378646
majority_baseline;mongo;-0.566201022172953;0.40576902378646
majority_baseline;mongo;-0.5486617911707161;0.40576902378646
majority_baseline;mongo;-0.5486617911707161;0.40576902378646
majority_baseline;mongo;-0.6679450570769082;0.40576902378646
majority_baseline;mongo;-0.6679450570769082;0.40576902378646
majority_baseline;mongo;-0.8686914813283109;0.40576902378646
majority_baseline;mongo;-0.6161746029577465;0.40576902378646
majority_baseline;mongo;-0.6161746029577465;0.40576902378646
majority_baseline;mongo;-0.6161746029577465;0.40576902378646
majority_baseline;mongo;-0.7878846514929322;0.40576902378646
majority_baseline;mongo;-0.7878846514929322;0.40576902378646
majority_baseline;mongo;-0.7878846514929322;0.40576902378646
majority_baseline;mongo;-0.7878846514929322;0.40576902378646
majority_baseline;mongo;-0.7266575483728737;0.40576902378646
majority_baseline;mongo;-0.4923261007365373;0.40576902378646
majority_baseline;mongo;-0.4923261007365373;0.40576902378646
majority_baseline;mongo;-0.4923261007365373;0.40576902378646
majority_baseline;mongo;-0.4923261007365373;0.40576902378646
majority_baseline;mongo;-0.4789447592412108;0.40576902378646
majority_baseline;mongo;-0.4789447592412108;0.40576902378646
majority_baseline;mongo;-0.4789447592412108;0.40576902378646
majority_baseline;mongo;-0.4789447592412108;0.40576902378646
majority_baseline;mongo;-0.6014105818863327;0.40576902378646
majority_baseline;mongo;-0.6014105818863327;0.40576902378646
majority_baseline;mongo;-0.6014105818863327;0.40576902378646
majority_baseline;mongo;-0.6014105818863327;0.40576902378646
majority_baseline;mongo;-0.6060830402542918;0.40576902378646
majority_baseline;mongo;-0.6060830402542918;0.40576902378646
majority_baseline;mongo;-0.6060830402542918;0.40576902378646
majority_baseline;mongo;-0.6060830402542918;0.40576902378646
majority_baseline;mongo;-0.5158717140155101;0.40576902378646
majority_baseline;mongo;-0.5158717140155101;0.40576902378646
majority_baseline;mongo;-0.5158717140155101;0.40576902378646
majority_baseline;mongo;-0.5158717140155101;0.40576902378646
majority_baseline;mongo;-0.5158717140155101;0.40576902378646
majority_baseline;mongo;-0.5158717140155101;0.40576902378646
majority_baseline;mongo;-0.5158717140155101;0.40576902378646
majority_baseline;mongo;-0.5158717140155101;0.40576902378646
majority_baseline;mongo;-0.5158717140155101;0.40576902378646
majority_baseline;mongo;-0.5158717140155101;0.40576902378646
majority_baseline;mongo;-0.5158717140155101;0.40576902378646
majority_baseline;mongo;-0.5158717140155101;0.40576902378646
majority_baseline;mongo;-0.5158717140155101;0.40576902378646
majority_baseline;mongo;-0.5158717140155101;0.40576902378646
majority_baseline;mongo;-0.5158717140155101;0.40576902378646
majority_baseline;mongo;-0.5158717140155101;0.40576902378646
majority_baseline;mongo;-0.5158717140155101;0.40576902378646
majority_baseline;mongo;-0.6372226134635701;0.40576902378646
majority_baseline;mongo;-0.6372226134635701;0.40576902378646
majority_baseline;mongo;-0.6372226134635701;0.40576902378646
majority_baseline;mongo;-0.6372226134635701;0.40576902378646
majority_baseline;mongo;-0.6372226134635701;0.40576902378646
majority_baseline;mongo;-0.6372226134635701;0.40576902378646
majority_baseline;mongo;-0.6372226134635701;0.40576902378646
majority_baseline;mongo;-0.6372226134635701;0.40576902378646
majority_baseline;mongo;-0.6372226134635701;0.40576902378646
majority_baseline;mongo;-0.6372226134635701;0.40576902378646
majority_baseline;mongo;-0.6372226134635701;0.40576902378646
majority_baseline;mongo;-0.6372226134635701;0.40576902378646
majority_baseline;mongo;-0.6372226134635701;0.40576902378646
majority_baseline;mongo;-0.6372226134635701;0.40576902378646
majority_baseline;mongo;-0.6372226134635701;0.40576902378646
majority_baseline;mongo;-0.6372226134635701;0.40576902378646
majority_baseline;mongo;-0.6372226134635701;0.40576902378646
majority_baseline;mongo;-0.722726705555266;0.40576902378646
majority_baseline;mongo;-0.722726705555266;0.40576902378646
majority_baseline;mongo;-0.722726705555266;0.40576902378646
majority_baseline;mongo;-0.722726705555266;0.40576902378646
majority_baseline;mongo;-0.722726705555266;0.40576902378646
majority_baseline;mongo;-0.722726705555266;0.40576902378646
majority_baseline;mongo;-0.722726705555266;0.40576902378646
majority_baseline;mongo;-0.722726705555266;0.40576902378646
majority_baseline;mongo;-0.722726705555266;0.40576902378646
majority_baseline;mongo;-0.722726705555266;0.40576902378646
majority_baseline;mongo;-0.722726705555266;0.40576902378646
majority_baseline;mongo;-0.722726705555266;0.40576902378646
majority_baseline;mongo;-0.722726705555266;0.40576902378646
majority_baseline;mongo;-0.722726705555266;0.40576902378646
majority_baseline;mongo;-0.722726705555266;0.40576902378646
majority_baseline;mongo;-0.722726705555266;0.40576902378646
majority_baseline;mongo;-0.722726705555266;0.40576902378646
majority_baseline;mongo;-0.7924717331857426;0.40576902378646
majority_baseline;mongo;-0.7924717331857426;0.40576902378646
majority_baseline;mongo;-0.7924717331857426;0.40576902378646
majority_baseline;mongo;-0.7924717331857426;0.40576902378646
majority_baseline;mongo;-0.7924717331857426;0.40576902378646
majority_baseline;mongo;-0.7924717331857426;0.40576902378646
majority_baseline;mongo;-0.7924717331857426;0.40576902378646
majority_baseline;mongo;-0.7924717331857426;0.40576902378646
majority_baseline;mongo;-0.7924717331857426;0.40576902378646
majority_baseline;mongo;-0.7924717331857426;0.40576902378646
majority_baseline;mongo;-0.7924717331857426;0.40576902378646
majority_baseline;mongo;-0.7924717331857426;0.40576902378646
majority_baseline;mongo;-0.7924717331857426;0.40576902378646
majority_baseline;mongo;-0.7924717331857426;0.40576902378646
majority_baseline;mongo;-0.7924717331857426;0.40576902378646
majority_baseline;mongo;-0.7924717331857426;0.40576902378646
majority_baseline;mongo;-0.7924717331857426;0.40576902378646
majority_baseline;mongo;-0.6219151567668892;0.40576902378646
majority_baseline;mongo;-0.5793108743080126;0.40576902378646
majority_baseline;mongo;-0.7063768462116259;0.40576902378646
majority_baseline;mongo;-0.7063768462116259;0.40576902378646
majority_baseline;neo4j;0.009211294620390935;2.1481481481481484
majority_baseline;neo4j;0.009211294620390935;2.1481481481481484
majority_baseline;neo4j;0.007217397490904016;2.1481481481481484
majority_baseline;neo4j;0.007217397490904016;2.1481481481481484
majority_baseline;neo4j;0.011013333209275184;0.40576902378646
majority_baseline;neo4j;0.011013333209275184;0.40576902378646
majority_baseline;neo4j;0.011013333209275184;0.40576902378646
majority_baseline;neo4j;0.011013333209275184;0.40576902378646
majority_baseline;neo4j;0.01104330476352675;0.40576902378646
majority_baseline;neo4j;0.010763564168247993;0.40576902378646
majority_baseline;neo4j;0.010763564168247993;0.40576902378646
majority_baseline;neo4j;0.013465277138048445;0.40576902378646
majority_baseline;neo4j;0.013465277138048445;0.40576902378646
majority_baseline;neo4j;0.010125376512769107;2.1481481481481484
majority_baseline;neo4j;0.010125376512769107;2.1481481481481484
majority_baseline;neo4j;0.010125376512769107;2.1481481481481484
majority_baseline;neo4j;0.010125376512769107;2.1481481481481484
majority_baseline;neo4j;0.010125376512769107;2.1481481481481484
majority_baseline;neo4j;0.006736136753845025;2.1481481481481484
majority_baseline;neo4j;0.006736136753845025;2.1481481481481484
majority_baseline;neo4j;0.006736136753845025;2.1481481481481484
majority_baseline;neo4j;0.006736136753845025;2.1481481481481484
majority_baseline;neo4j;0.006736136753845025;2.1481481481481484
majority_baseline;neo4j;0.012939186458875115;0.40576902378646
majority_baseline;neo4j;0.012746312400058779;0.40576902378646
majority_baseline;neo4j;0.013108552764277331;0.40576902378646
majority_baseline;neo4j;0.014093598469210777;0.40576902378646
majority_baseline;neo4j;0.014093598469210777;0.40576902378646
majority_baseline;neo4j;0.014093598469210777;0.40576902378646
majority_baseline;neo4j;0.014535619585584896;0.40576902378646
majority_baseline;neo4j;0.014535619585584896;0.40576902378646
majority_baseline;neo4j;0.014535619585584896;0.40576902378646
majority_baseline;neo4j;0.010465880657230555;2.1481481481481484
majority_baseline;neo4j;0.010465880657230555;2.1481481481481484
majority_baseline;neo4j;0.010465880657230555;2.1481481481481484
majority_baseline;neo4j;0.010465880657230555;2.1481481481481484
majority_baseline;neo4j;0.010465880657230555;2.1481481481481484
majority_baseline;neo4j;0.010465880657230555;2.1481481481481484
majority_baseline;neo4j;0.010465880657230555;2.1481481481481484
majority_baseline;neo4j;0.010465880657230555;2.1481481481481484
majority_baseline;neo4j;0.010465880657230555;2.1481481481481484
majority_baseline;neo4j;0.010465880657230555;2.1481481481481484
majority_baseline;neo4j;0.010465880657230555;2.1481481481481484
majority_baseline;neo4j;0.010465880657230555;2.1481481481481484
majority_baseline;neo4j;0.010465880657230555;2.1481481481481484
majority_baseline;neo4j;0.010465880657230555;2.1481481481481484
majority_baseline;neo4j;0.010465880657230555;2.1481481481481484
majority_baseline;neo4j;0.010465880657230555;2.1481481481481484
majority_baseline;neo4j;0.010465880657230555;2.1481481481481484
majority_baseline;neo4j;0.010465880657230555;2.1481481481481484
majority_baseline;neo4j;0.010465880657230555;2.1481481481481484
majority_baseline;neo4j;0.010465880657230555;2.1481481481481484
majority_baseline;neo4j;0.010465880657230555;2.1481481481481484
majority_baseline;neo4j;0.010465880657230555;2.1481481481481484
majority_baseline;neo4j;0.010465880657230555;2.1481481481481484
majority_baseline;neo4j;0.010465880657230555;2.1481481481481484
majority_baseline;neo4j;0.010465880657230555;2.1481481481481484
majority_baseline;neo4j;0.010465880657230555;2.1481481481481484
majority_baseline;neo4j;0.010465880657230555;2.1481481481481484
majority_baseline;neo4j;0.010465880657230555;2.1481481481481484
majority_baseline;neo4j;0.010465880657230555;2.1481481481481484
majority_baseline;neo4j;0.01144339741818978;2.1481481481481484
majority_baseline;neo4j;0.01144339741818978;2.1481481481481484
majority_baseline;neo4j;0.01144339741818978;2.1481481481481484
majority_baseline;neo4j;0.01144339741818978;2.1481481481481484
majority_baseline;neo4j;0.01144339741818978;2.1481481481481484
majority_baseline;neo4j;0.01144339741818978;2.1481481481481484
majority_baseline;neo4j;0.01144339741818978;2.1481481481481484
majority_baseline;neo4j;0.01144339741818978;2.1481481481481484
majority_baseline;neo4j;0.01144339741818978;2.1481481481481484
majority_baseline;neo4j;0.01144339741818978;2.1481481481481484
majority_baseline;neo4j;0.01144339741818978;2.1481481481481484
majority_baseline;neo4j;0.01144339741818978;2.1481481481481484
majority_baseline;neo4j;0.01144339741818978;2.1481481481481484
majority_baseline;neo4j;0.01144339741818978;2.1481481481481484
majority_baseline;neo4j;0.01144339741818978;2.1481481481481484
majority_baseline;neo4j;0.01144339741818978;2.1481481481481484
majority_baseline;neo4j;0.01144339741818978;2.1481481481481484
majority_baseline;neo4j;0.01144339741818978;2.1481481481481484
majority_baseline;neo4j;0.01144339741818978;2.1481481481481484
majority_baseline;neo4j;0.01144339741818978;2.1481481481481484
majority_baseline;neo4j;0.01144339741818978;2.1481481481481484
majority_baseline;neo4j;0.01144339741818978;2.1481481481481484
majority_baseline;neo4j;0.01144339741818978;2.1481481481481484
majority_baseline;neo4j;0.01144339741818978;2.1481481481481484
majority_baseline;neo4j;0.01144339741818978;2.1481481481481484
majority_baseline;neo4j;0.01144339741818978;2.1481481481481484
majority_baseline;neo4j;0.01144339741818978;2.1481481481481484
majority_baseline;neo4j;0.01144339741818978;2.1481481481481484
majority_baseline;neo4j;0.01144339741818978;2.1481481481481484
majority_baseline;neo4j;0.011050971037535754;2.1481481481481484
majority_baseline;neo4j;0.011050971037535754;2.1481481481481484
majority_baseline;neo4j;0.011050971037535754;2.1481481481481484
majority_baseline;neo4j;0.011050971037535754;2.1481481481481484
majority_baseline;neo4j;0.011050971037535754;2.1481481481481484
majority_baseline;neo4j;0.011050971037535754;2.1481481481481484
majority_baseline;neo4j;0.011050971037535754;2.1481481481481484
majority_baseline;neo4j;0.011050971037535754;2.1481481481481484
majority_baseline;neo4j;0.011050971037535754;2.1481481481481484
majority_baseline;neo4j;0.011050971037535754;2.1481481481481484
majority_baseline;neo4j;0.011050971037535754;2.1481481481481484
majority_baseline;neo4j;0.011050971037535754;2.1481481481481484
majority_baseline;neo4j;0.011050971037535754;2.1481481481481484
majority_baseline;neo4j;0.011050971037535754;2.1481481481481484
majority_baseline;neo4j;0.011050971037535754;2.1481481481481484
majority_baseline;neo4j;0.011050971037535754;2.1481481481481484
majority_baseline;neo4j;0.011050971037535754;2.1481481481481484
majority_baseline;neo4j;0.011050971037535754;2.1481481481481484
majority_baseline;neo4j;0.011050971037535754;2.1481481481481484
majority_baseline;neo4j;0.011050971037535754;2.1481481481481484
majority_baseline;neo4j;0.011050971037535754;2.1481481481481484
majority_baseline;neo4j;0.011050971037535754;2.1481481481481484
majority_baseline;neo4j;0.011050971037535754;2.1481481481481484
majority_baseline;neo4j;0.011050971037535754;2.1481481481481484
majority_baseline;neo4j;0.011050971037535754;2.1481481481481484
majority_baseline;neo4j;0.011050971037535754;2.1481481481481484
majority_baseline;neo4j;0.011050971037535754;2.1481481481481484
majority_baseline;neo4j;0.011050971037535754;2.1481481481481484
majority_baseline;neo4j;0.011050971037535754;2.1481481481481484
majority_baseline;neo4j;0.010562350915936842;2.1481481481481484
majority_baseline;neo4j;0.010562350915936842;2.1481481481481484
majority_baseline;neo4j;0.010562350915936842;2.1481481481481484
majority_baseline;neo4j;0.010562350915936842;2.1481481481481484
majority_baseline;neo4j;0.010562350915936842;2.1481481481481484
majority_baseline;neo4j;0.010562350915936842;2.1481481481481484
majority_baseline;neo4j;0.010562350915936842;2.1481481481481484
majority_baseline;neo4j;0.010562350915936842;2.1481481481481484
majority_baseline;neo4j;0.010562350915936842;2.1481481481481484
majority_baseline;neo4j;0.010562350915936842;2.1481481481481484
majority_baseline;neo4j;0.010562350915936842;2.1481481481481484
majority_baseline;neo4j;0.010562350915936842;2.1481481481481484
majority_baseline;neo4j;0.010562350915936842;2.1481481481481484
majority_baseline;neo4j;0.010562350915936842;2.1481481481481484
majority_baseline;neo4j;0.010562350915936842;2.1481481481481484
majority_baseline;neo4j;0.010562350915936842;2.1481481481481484
majority_baseline;neo4j;0.010562350915936842;2.1481481481481484
majority_baseline;neo4j;0.010562350915936842;2.1481481481481484
majority_baseline;neo4j;0.010562350915936842;2.1481481481481484
majority_baseline;neo4j;0.010562350915936842;2.1481481481481484
majority_baseline;neo4j;0.010562350915936842;2.1481481481481484
majority_baseline;neo4j;0.010562350915936842;2.1481481481481484
majority_baseline;neo4j;0.010562350915936842;2.1481481481481484
majority_baseline;neo4j;0.010562350915936842;2.1481481481481484
majority_baseline;neo4j;0.010562350915936842;2.1481481481481484
majority_baseline;neo4j;0.010562350915936842;2.1481481481481484
majority_baseline;neo4j;0.010562350915936842;2.1481481481481484
majority_baseline;neo4j;0.010562350915936842;2.1481481481481484
majority_baseline;neo4j;0.010562350915936842;2.1481481481481484
majority_baseline;neo4j;0.011460545909941154;2.1481481481481484
majority_baseline;neo4j;0.011460545909941154;2.1481481481481484
majority_baseline;neo4j;0.011460545909941154;2.1481481481481484
majority_baseline;neo4j;0.011460545909941154;2.1481481481481484
majority_baseline;neo4j;0.011460545909941154;2.1481481481481484
majority_baseline;neo4j;0.011460545909941154;2.1481481481481484
majority_baseline;neo4j;0.011460545909941154;2.1481481481481484
majority_baseline;neo4j;0.011460545909941154;2.1481481481481484
majority_baseline;neo4j;0.011460545909941154;2.1481481481481484
majority_baseline;neo4j;0.011460545909941154;2.1481481481481484
majority_baseline;neo4j;0.011460545909941154;2.1481481481481484
majority_baseline;neo4j;0.011460545909941154;2.1481481481481484
majority_baseline;neo4j;0.011460545909941154;2.1481481481481484
majority_baseline;neo4j;0.011460545909941154;2.1481481481481484
majority_baseline;neo4j;0.011460545909941154;2.1481481481481484
majority_baseline;neo4j;0.011460545909941154;2.1481481481481484
majority_baseline;neo4j;0.011460545909941154;2.1481481481481484
majority_baseline;neo4j;0.011460545909941154;2.1481481481481484
majority_baseline;neo4j;0.011460545909941154;2.1481481481481484
majority_baseline;neo4j;0.011460545909941154;2.1481481481481484
majority_baseline;neo4j;0.011460545909941154;2.1481481481481484
majority_baseline;neo4j;0.011460545909941154;2.1481481481481484
majority_baseline;neo4j;0.011460545909941154;2.1481481481481484
majority_baseline;neo4j;0.011460545909941154;2.1481481481481484
majority_baseline;neo4j;0.011460545909941154;2.1481481481481484
majority_baseline;neo4j;0.011460545909941154;2.1481481481481484
majority_baseline;neo4j;0.011460545909941154;2.1481481481481484
majority_baseline;neo4j;0.011460545909941154;2.1481481481481484
majority_baseline;neo4j;0.011460545909941154;2.1481481481481484
majority_baseline;neo4j;0.009402786902477494;0.40576902378646
majority_baseline;neo4j;0.012549231859431693;0.40576902378646
majority_baseline;neo4j;0.012549231859431693;0.40576902378646
majority_baseline;neo4j;0.00999197449040268;0.40576902378646
majority_baseline;neo4j;0.00999197449040268;0.40576902378646
majority_baseline;neo4j;0.00949257172432424;0.40576902378646
majority_baseline;neo4j;0.00949257172432424;0.40576902378646
majority_baseline;neo4j;0.018049980052144223;0.40576902378646
majority_baseline;neo4j;0.018049980052144223;0.40576902378646
majority_baseline;neo4j;0.018049980052144223;0.40576902378646
majority_baseline;neo4j;0.009546197588022394;0.40576902378646
majority_baseline;neo4j;0.009546197588022394;0.40576902378646
majority_baseline;neo4j;0.009546197588022394;0.40576902378646
majority_baseline;neo4j;0.008981036308736734;2.1481481481481484
majority_baseline;neo4j;0.008981036308736734;2.1481481481481484
majority_baseline;neo4j;0.008981036308736734;2.1481481481481484
majority_baseline;neo4j;0.008981036308736734;2.1481481481481484
majority_baseline;neo4j;0.008981036308736734;2.1481481481481484
majority_baseline;neo4j;0.008981036308736734;2.1481481481481484
majority_baseline;neo4j;0.008981036308736734;2.1481481481481484
majority_baseline;neo4j;0.008981036308736734;2.1481481481481484
majority_baseline;neo4j;0.007789348744295509;2.1481481481481484
majority_baseline;neo4j;0.007789348744295509;2.1481481481481484
majority_baseline;neo4j;0.007789348744295509;2.1481481481481484
majority_baseline;neo4j;0.007789348744295509;2.1481481481481484
majority_baseline;neo4j;0.007789348744295509;2.1481481481481484
majority_baseline;neo4j;0.007789348744295509;2.1481481481481484
majority_baseline;neo4j;0.007789348744295509;2.1481481481481484
majority_baseline;neo4j;0.007789348744295509;2.1481481481481484
majority_baseline;neo4j;0.007284632698997415;2.1481481481481484
majority_baseline;neo4j;0.007284632698997415;2.1481481481481484
majority_baseline;neo4j;0.007284632698997415;2.1481481481481484
majority_baseline;neo4j;0.007284632698997415;2.1481481481481484
majority_baseline;neo4j;0.007284632698997415;2.1481481481481484
majority_baseline;neo4j;0.007284632698997415;2.1481481481481484
majority_baseline;neo4j;0.007284632698997415;2.1481481481481484
majority_baseline;neo4j;0.007284632698997415;2.1481481481481484
majority_baseline;neo4j;0.00529515231025702;2.1481481481481484
majority_baseline;neo4j;0.00529515231025702;2.1481481481481484
majority_baseline;neo4j;0.00529515231025702;2.1481481481481484
majority_baseline;neo4j;0.00529515231025702;2.1481481481481484
majority_baseline;neo4j;0.009289138086820732;2.1481481481481484
majority_baseline;neo4j;0.00802374850896066;0.40576902378646
majority_baseline;neo4j;0.009420864428101644;0.40576902378646
majority_baseline;neo4j;0.01067907727583432;0.40576902378646
majority_baseline;neo4j;0.015381304293832603;0.40576902378646
majority_baseline;neo4j;0.011409919505559528;0.40576902378646
majority_baseline;neo4j;0.011533036085036124;0.40576902378646
majority_baseline;neo4j;0.011533036085036124;0.40576902378646
majority_baseline;neo4j;0.011533036085036124;0.40576902378646
majority_baseline;neo4j;0.011533036085036124;0.40576902378646
majority_baseline;neo4j;0.01734648628063773;0.40576902378646
majority_baseline;neo4j;0.01734648628063773;0.40576902378646
majority_baseline;neo4j;0.01734648628063773;0.40576902378646
majority_baseline;neo4j;0.01734648628063773;0.40576902378646
majority_baseline;neo4j;0.013897706190096554;0.40576902378646
majority_baseline;neo4j;0.013897706190096554;0.40576902378646
majority_baseline;neo4j;0.013897706190096554;0.40576902378646
majority_baseline;neo4j;0.013897706190096554;0.40576902378646
majority_baseline;neo4j;0.018857163374847413;0.40576902378646
majority_baseline;neo4j;0.018857163374847413;0.40576902378646
majority_baseline;neo4j;0.018857163374847413;0.40576902378646
majority_baseline;neo4j;0.018857163374847413;0.40576902378646
majority_baseline;neo4j;0.01915986134935762;0.40576902378646
majority_baseline;neo4j;0.01915986134935762;0.40576902378646
majority_baseline;neo4j;0.01915986134935762;0.40576902378646
majority_baseline;neo4j;0.01915986134935762;0.40576902378646
majority_baseline;neo4j;0.01915986134935762;0.40576902378646
majority_baseline;neo4j;0.01915986134935762;0.40576902378646
majority_baseline;neo4j;0.018684383503565983;0.40576902378646
majority_baseline;neo4j;0.018684383503565983;0.40576902378646
majority_baseline;neo4j;0.018684383503565983;0.40576902378646
majority_baseline;neo4j;0.018684383503565983;0.40576902378646
majority_baseline;neo4j;0.018684383503565983;0.40576902378646
majority_baseline;neo4j;0.018684383503565983;0.40576902378646
majority_baseline;neo4j;0.013024795438095857;0.40576902378646
majority_baseline;neo4j;0.013024795438095857;0.40576902378646
majority_baseline;neo4j;0.013024795438095857;0.40576902378646
majority_baseline;neo4j;0.013024795438095857;0.40576902378646
majority_baseline;neo4j;0.013024795438095857;0.40576902378646
majority_baseline;neo4j;0.013024795438095857;0.40576902378646
majority_baseline;neo4j;0.019973553172780895;0.40576902378646
majority_baseline;neo4j;0.019973553172780895;0.40576902378646
majority_baseline;neo4j;0.019973553172780895;0.40576902378646
majority_baseline;neo4j;0.019973553172780895;0.40576902378646
majority_baseline;neo4j;0.019973553172780895;0.40576902378646
majority_baseline;neo4j;0.019973553172780895;0.40576902378646
majority_baseline;neo4j;0.008678616482404361;0.40576902378646
majority_baseline;neo4j;0.008678616482404361;0.40576902378646
majority_baseline;neo4j;0.008678616482404361;0.40576902378646
majority_baseline;neo4j;0.005831242766063647;0.40576902378646
majority_baseline;neo4j;0.005831242766063647;0.40576902378646
majority_baseline;neo4j;0.005831242766063647;0.40576902378646
majority_baseline;neo4j;0.008543897275883065;0.40576902378646
majority_baseline;neo4j;0.010897916662063755;0.40576902378646
majority_baseline;neo4j;0.010222640204447098;0.40576902378646
majority_baseline;neo4j;0.010222640204447098;0.40576902378646
majority_baseline;neo4j;0.010222640204447098;0.40576902378646
majority_baseline;neo4j;0.004781717793017282;0.40576902378646
majority_baseline;neo4j;0.004781717793017282;0.40576902378646
majority_baseline;neo4j;0.004781717793017282;0.40576902378646
majority_baseline;neo4j;0.011286569613585467;0.40576902378646
majority_baseline;neo4j;0.011286569613585467;0.40576902378646
majority_baseline;neo4j;0.007413661567785256;2.1481481481481484
majority_baseline;neo4j;0.007413661567785256;2.1481481481481484
majority_baseline;neo4j;0.01055887337225282;0.40576902378646
majority_baseline;neo4j;0.01055887337225282;0.40576902378646
majority_baseline;neo4j;0.01055887337225282;0.40576902378646
majority_baseline;neo4j;0.01055887337225282;0.40576902378646
majority_baseline;neo4j;0.01055887337225282;0.40576902378646
majority_baseline;neo4j;0.01055887337225282;0.40576902378646
majority_baseline;neo4j;0.01055887337225282;0.40576902378646
majority_baseline;neo4j;0.01055887337225282;0.40576902378646
majority_baseline;neo4j;0.010105665726871483;0.40576902378646
majority_baseline;neo4j;0.010105665726871483;0.40576902378646
majority_baseline;neo4j;0.010105665726871483;0.40576902378646
majority_baseline;neo4j;0.010105665726871483;0.40576902378646
majority_baseline;neo4j;0.010105665726871483;0.40576902378646
majority_baseline;neo4j;0.010105665726871483;0.40576902378646
majority_baseline;neo4j;0.010105665726871483;0.40576902378646
majority_baseline;neo4j;0.010105665726871483;0.40576902378646
majority_baseline;neo4j;0.01154333103267114;0.40576902378646
majority_baseline;neo4j;0.01154333103267114;0.40576902378646
majority_baseline;neo4j;0.01154333103267114;0.40576902378646
majority_baseline;neo4j;0.01154333103267114;0.40576902378646
majority_baseline;neo4j;0.01154333103267114;0.40576902378646
majority_baseline;neo4j;0.01154333103267114;0.40576902378646
majority_baseline;neo4j;0.01154333103267114;0.40576902378646
majority_baseline;neo4j;0.01154333103267114;0.40576902378646
majority_baseline;neo4j;0.010477727015397311;0.40576902378646
majority_baseline;neo4j;0.0174619217535468;0.40576902378646
majority_baseline;neo4j;0.01863057318570772;0.40576902378646
majority_baseline;neo4j;0.01863057318570772;0.40576902378646
majority_baseline;neo4j;0.01863057318570772;0.40576902378646
majority_baseline;neo4j;0.01863057318570772;0.40576902378646
majority_baseline;neo4j;0.01863057318570772;0.40576902378646
majority_baseline;neo4j;0.015675699483867923;0.40576902378646
majority_baseline;neo4j;0.015675699483867923;0.40576902378646
majority_baseline;neo4j;0.015675699483867923;0.40576902378646
majority_baseline;neo4j;0.015675699483867923;0.40576902378646
majority_baseline;neo4j;0.015675699483867923;0.40576902378646
majority_baseline;neo4j;0.016138287152398796;0.40576902378646
majority_baseline;neo4j;0.016138287152398796;0.40576902378646
majority_baseline;neo4j;0.016138287152398796;0.40576902378646
majority_baseline;neo4j;0.016138287152398796;0.40576902378646
majority_baseline;neo4j;0.016138287152398796;0.40576902378646
majority_baseline;neo4j;0.004730634275019143;0.40576902378646
majority_baseline;neo4j;0.009282296812313106;0.40576902378646
majority_baseline;neo4j;0.010930180394620742;0.40576902378646
majority_baseline;neo4j;0.010766452507982213;0.40576902378646
majority_baseline;neo4j;0.010766452507982213;0.40576902378646
majority_baseline;neo4j;0.010766452507982213;0.40576902378646
majority_baseline;neo4j;0.010766452507982213;0.40576902378646
majority_baseline;neo4j;0.004847684261605544;0.40576902378646
majority_baseline;neo4j;0.004847684261605544;0.40576902378646
majority_baseline;neo4j;0.004847684261605544;0.40576902378646
majority_baseline;neo4j;0.004847684261605544;0.40576902378646
majority_baseline;neo4j;0.010904642308634664;0.40576902378646
majority_baseline;neo4j;0.009797443426516806;0.40576902378646
majority_baseline;neo4j;0.013602716216314736;2.1481481481481484
majority_baseline;neo4j;0.013602716216314736;2.1481481481481484
majority_baseline;neo4j;0.013602716216314736;2.1481481481481484
majority_baseline;neo4j;0.013602716216314736;2.1481481481481484
majority_baseline;neo4j;0.01347258555579747;2.1481481481481484
majority_baseline;neo4j;0.01347258555579747;2.1481481481481484
majority_baseline;neo4j;0.01347258555579747;2.1481481481481484
majority_baseline;neo4j;0.01347258555579747;2.1481481481481484
majority_baseline;neo4j;0.014140992660896037;2.1481481481481484
majority_baseline;neo4j;0.014140992660896037;2.1481481481481484
majority_baseline;neo4j;0.014140992660896037;2.1481481481481484
majority_baseline;neo4j;0.014140992660896037;2.1481481481481484
majority_baseline;neo4j;0.011659276338125127;0.40576902378646
majority_baseline;neo4j;0.01424688974688985;0.40576902378646
majority_baseline;neo4j;0.010305998461405152;0.40576902378646
majority_baseline;neo4j;0.01014085463253095;0.40576902378646
majority_baseline;neo4j;0.01014085463253095;0.40576902378646
majority_baseline;neo4j;0.01014085463253095;0.40576902378646
majority_baseline;neo4j;0.01014085463253095;0.40576902378646
majority_baseline;neo4j;0.01014085463253095;0.40576902378646
majority_baseline;neo4j;0.009309175839038487;2.1481481481481484
majority_baseline;neo4j;0.009309175839038487;2.1481481481481484
majority_baseline;neo4j;0.007978382080212837;2.1481481481481484
majority_baseline;neo4j;0.007978382080212837;2.1481481481481484
majority_baseline;neo4j;0.012768434886737802;0.40576902378646
majority_baseline;neo4j;0.012768434886737802;0.40576902378646
majority_baseline;neo4j;0.012768434886737802;0.40576902378646
majority_baseline;neo4j;0.010638165991528373;0.40576902378646
majority_baseline;neo4j;0.010638165991528373;0.40576902378646
majority_baseline;neo4j;0.010638165991528373;0.40576902378646
majority_baseline;neo4j;0.00861487314275737;2.1481481481481484
majority_baseline;neo4j;0.00861487314275737;2.1481481481481484
majority_baseline;neo4j;0.00861487314275737;2.1481481481481484
majority_baseline;neo4j;0.005258075517000441;2.1481481481481484
majority_baseline;neo4j;0.005258075517000441;2.1481481481481484
majority_baseline;neo4j;0.005258075517000441;2.1481481481481484
majority_baseline;neo4j;0.004697660455787454;2.1481481481481484
majority_baseline;neo4j;0.004697660455787454;2.1481481481481484
majority_baseline;neo4j;0.004697660455787454;2.1481481481481484
majority_baseline;neo4j;0.007206229933871455;0.40576902378646
majority_baseline;neo4j;0.014532274424144063;2.1481481481481484
majority_baseline;neo4j;0.014532274424144063;2.1481481481481484
majority_baseline;neo4j;0.014532274424144063;2.1481481481481484
majority_baseline;neo4j;0.014532274424144063;2.1481481481481484
majority_baseline;neo4j;0.014532274424144063;2.1481481481481484
majority_baseline;neo4j;0.014532274424144063;2.1481481481481484
majority_baseline;neo4j;0.014532274424144063;2.1481481481481484
majority_baseline;neo4j;0.014532274424144063;2.1481481481481484
majority_baseline;neo4j;0.014532274424144063;2.1481481481481484
majority_baseline;neo4j;0.014532274424144063;2.1481481481481484
majority_baseline;neo4j;0.014532274424144063;2.1481481481481484
majority_baseline;neo4j;0.014532274424144063;2.1481481481481484
majority_baseline;neo4j;0.014532274424144063;2.1481481481481484
majority_baseline;neo4j;0.014532274424144063;2.1481481481481484
majority_baseline;neo4j;0.014532274424144063;2.1481481481481484
majority_baseline;neo4j;0.014532274424144063;2.1481481481481484
majority_baseline;neo4j;0.014532274424144063;2.1481481481481484
majority_baseline;neo4j;0.014532274424144063;2.1481481481481484
majority_baseline;neo4j;0.014532274424144063;2.1481481481481484
majority_baseline;neo4j;0.014532274424144063;2.1481481481481484
majority_baseline;neo4j;0.014532274424144063;2.1481481481481484
majority_baseline;neo4j;0.009574314100468537;2.1481481481481484
majority_baseline;neo4j;0.009574314100468537;2.1481481481481484
majority_baseline;neo4j;0.009574314100468537;2.1481481481481484
majority_baseline;neo4j;0.009574314100468537;2.1481481481481484
majority_baseline;neo4j;0.009574314100468537;2.1481481481481484
majority_baseline;neo4j;0.009574314100468537;2.1481481481481484
majority_baseline;neo4j;0.009574314100468537;2.1481481481481484
majority_baseline;neo4j;0.009574314100468537;2.1481481481481484
majority_baseline;neo4j;0.009574314100468537;2.1481481481481484
majority_baseline;neo4j;0.009574314100468537;2.1481481481481484
majority_baseline;neo4j;0.009574314100468537;2.1481481481481484
majority_baseline;neo4j;0.009574314100468537;2.1481481481481484
majority_baseline;neo4j;0.009574314100468537;2.1481481481481484
majority_baseline;neo4j;0.009574314100468537;2.1481481481481484
majority_baseline;neo4j;0.009574314100468537;2.1481481481481484
majority_baseline;neo4j;0.009574314100468537;2.1481481481481484
majority_baseline;neo4j;0.009574314100468537;2.1481481481481484
majority_baseline;neo4j;0.009574314100468537;2.1481481481481484
majority_baseline;neo4j;0.009574314100468537;2.1481481481481484
majority_baseline;neo4j;0.009574314100468537;2.1481481481481484
majority_baseline;neo4j;0.009574314100468537;2.1481481481481484
majority_baseline;neo4j;0.013523723451297506;2.1481481481481484
majority_baseline;neo4j;0.013523723451297506;2.1481481481481484
majority_baseline;neo4j;0.013523723451297506;2.1481481481481484
majority_baseline;neo4j;0.013523723451297506;2.1481481481481484
majority_baseline;neo4j;0.013523723451297506;2.1481481481481484
majority_baseline;neo4j;0.013523723451297506;2.1481481481481484
majority_baseline;neo4j;0.013523723451297506;2.1481481481481484
majority_baseline;neo4j;0.013523723451297506;2.1481481481481484
majority_baseline;neo4j;0.013523723451297506;2.1481481481481484
majority_baseline;neo4j;0.013523723451297506;2.1481481481481484
majority_baseline;neo4j;0.013523723451297506;2.1481481481481484
majority_baseline;neo4j;0.013523723451297506;2.1481481481481484
majority_baseline;neo4j;0.013523723451297506;2.1481481481481484
majority_baseline;neo4j;0.013523723451297506;2.1481481481481484
majority_baseline;neo4j;0.013523723451297506;2.1481481481481484
majority_baseline;neo4j;0.013523723451297506;2.1481481481481484
majority_baseline;neo4j;0.013523723451297506;2.1481481481481484
majority_baseline;neo4j;0.013523723451297506;2.1481481481481484
majority_baseline;neo4j;0.013523723451297506;2.1481481481481484
majority_baseline;neo4j;0.013523723451297506;2.1481481481481484
majority_baseline;neo4j;0.013523723451297506;2.1481481481481484
majority_baseline;neo4j;0.012634238787113053;2.1481481481481484
majority_baseline;neo4j;0.012634238787113053;2.1481481481481484
majority_baseline;neo4j;0.012634238787113053;2.1481481481481484
majority_baseline;neo4j;0.012634238787113053;2.1481481481481484
majority_baseline;neo4j;0.012634238787113053;2.1481481481481484
majority_baseline;neo4j;0.012634238787113053;2.1481481481481484
majority_baseline;neo4j;0.012634238787113053;2.1481481481481484
majority_baseline;neo4j;0.012634238787113053;2.1481481481481484
majority_baseline;neo4j;0.012634238787113053;2.1481481481481484
majority_baseline;neo4j;0.012634238787113053;2.1481481481481484
majority_baseline;neo4j;0.012634238787113053;2.1481481481481484
majority_baseline;neo4j;0.012634238787113053;2.1481481481481484
majority_baseline;neo4j;0.012634238787113053;2.1481481481481484
majority_baseline;neo4j;0.012634238787113053;2.1481481481481484
majority_baseline;neo4j;0.012634238787113053;2.1481481481481484
majority_baseline;neo4j;0.012634238787113053;2.1481481481481484
majority_baseline;neo4j;0.012634238787113053;2.1481481481481484
majority_baseline;neo4j;0.012634238787113053;2.1481481481481484
majority_baseline;neo4j;0.012634238787113053;2.1481481481481484
majority_baseline;neo4j;0.012634238787113053;2.1481481481481484
majority_baseline;neo4j;0.012634238787113053;2.1481481481481484
majority_baseline;neo4j;0.012410329349517135;2.1481481481481484
majority_baseline;neo4j;0.012410329349517135;2.1481481481481484
majority_baseline;neo4j;0.012410329349517135;2.1481481481481484
majority_baseline;neo4j;0.012410329349517135;2.1481481481481484
majority_baseline;neo4j;0.012410329349517135;2.1481481481481484
majority_baseline;neo4j;0.012410329349517135;2.1481481481481484
majority_baseline;neo4j;0.012410329349517135;2.1481481481481484
majority_baseline;neo4j;0.012410329349517135;2.1481481481481484
majority_baseline;neo4j;0.012410329349517135;2.1481481481481484
majority_baseline;neo4j;0.012410329349517135;2.1481481481481484
majority_baseline;neo4j;0.012410329349517135;2.1481481481481484
majority_baseline;neo4j;0.012410329349517135;2.1481481481481484
majority_baseline;neo4j;0.012410329349517135;2.1481481481481484
majority_baseline;neo4j;0.012410329349517135;2.1481481481481484
majority_baseline;neo4j;0.012410329349517135;2.1481481481481484
majority_baseline;neo4j;0.012410329349517135;2.1481481481481484
majority_baseline;neo4j;0.012410329349517135;2.1481481481481484
majority_baseline;neo4j;0.012410329349517135;2.1481481481481484
majority_baseline;neo4j;0.012410329349517135;2.1481481481481484
majority_baseline;neo4j;0.012410329349517135;2.1481481481481484
majority_baseline;neo4j;0.012410329349517135;2.1481481481481484
majority_baseline;neo4j;0.013051911376901155;2.1481481481481484
majority_baseline;neo4j;0.013051911376901155;2.1481481481481484
majority_baseline;neo4j;0.013051911376901155;2.1481481481481484
majority_baseline;neo4j;0.013051911376901155;2.1481481481481484
majority_baseline;neo4j;0.013051911376901155;2.1481481481481484
majority_baseline;neo4j;0.013051911376901155;2.1481481481481484
majority_baseline;neo4j;0.013051911376901155;2.1481481481481484
majority_baseline;neo4j;0.013051911376901155;2.1481481481481484
majority_baseline;neo4j;0.013051911376901155;2.1481481481481484
majority_baseline;neo4j;0.013051911376901155;2.1481481481481484
majority_baseline;neo4j;0.013051911376901155;2.1481481481481484
majority_baseline;neo4j;0.013051911376901155;2.1481481481481484
majority_baseline;neo4j;0.013051911376901155;2.1481481481481484
majority_baseline;neo4j;0.013051911376901155;2.1481481481481484
majority_baseline;neo4j;0.013051911376901155;2.1481481481481484
majority_baseline;neo4j;0.013051911376901155;2.1481481481481484
majority_baseline;neo4j;0.013051911376901155;2.1481481481481484
majority_baseline;neo4j;0.013051911376901155;2.1481481481481484
majority_baseline;neo4j;0.013051911376901155;2.1481481481481484
majority_baseline;neo4j;0.013051911376901155;2.1481481481481484
majority_baseline;neo4j;0.013051911376901155;2.1481481481481484
majority_baseline;neo4j;0.01173619765978229;0.40576902378646
majority_baseline;neo4j;0.01173619765978229;0.40576902378646
majority_baseline;neo4j;0.01173619765978229;0.40576902378646
majority_baseline;neo4j;0.01173619765978229;0.40576902378646
majority_baseline;neo4j;0.01173619765978229;0.40576902378646
majority_baseline;neo4j;0.01173619765978229;0.40576902378646
majority_baseline;neo4j;0.01173619765978229;0.40576902378646
majority_baseline;neo4j;0.01173619765978229;0.40576902378646
majority_baseline;neo4j;0.01173619765978229;0.40576902378646
majority_baseline;neo4j;0.0105537799461974;0.40576902378646
majority_baseline;neo4j;0.0105537799461974;0.40576902378646
majority_baseline;neo4j;0.0105537799461974;0.40576902378646
majority_baseline;neo4j;0.0105537799461974;0.40576902378646
majority_baseline;neo4j;0.0105537799461974;0.40576902378646
majority_baseline;neo4j;0.0105537799461974;0.40576902378646
majority_baseline;neo4j;0.0105537799461974;0.40576902378646
majority_baseline;neo4j;0.0105537799461974;0.40576902378646
majority_baseline;neo4j;0.0105537799461974;0.40576902378646
majority_baseline;neo4j;0.008224079795699387;0.40576902378646
majority_baseline;neo4j;0.008224079795699387;0.40576902378646
majority_baseline;neo4j;0.008224079795699387;0.40576902378646
majority_baseline;neo4j;0.008224079795699387;0.40576902378646
majority_baseline;neo4j;0.008224079795699387;0.40576902378646
majority_baseline;neo4j;0.008224079795699387;0.40576902378646
majority_baseline;neo4j;0.008224079795699387;0.40576902378646
majority_baseline;neo4j;0.008224079795699387;0.40576902378646
majority_baseline;neo4j;0.008224079795699387;0.40576902378646
majority_baseline;neo4j;0.006032787802621923;0.40576902378646
majority_baseline;neo4j;0.006032787802621923;0.40576902378646
majority_baseline;neo4j;0.006032787802621923;0.40576902378646
majority_baseline;neo4j;0.006032787802621923;0.40576902378646
majority_baseline;neo4j;0.006032787802621923;0.40576902378646
majority_baseline;neo4j;0.006032787802621923;0.40576902378646
majority_baseline;neo4j;0.006032787802621923;0.40576902378646
majority_baseline;neo4j;0.006032787802621923;0.40576902378646
majority_baseline;neo4j;0.006032787802621923;0.40576902378646
majority_baseline;neo4j;0.012449203311018111;14.280303030303031
majority_baseline;neo4j;0.011217111422233101;0.40576902378646
majority_baseline;neo4j;0.005946123583488948;0.40576902378646
majority_baseline;neo4j;0.010398444845127596;0.40576902378646
majority_baseline;neo4j;0.008713929123720404;2.1481481481481484
majority_baseline;neo4j;0.008713929123720404;2.1481481481481484
majority_baseline;neo4j;0.008713929123720404;2.1481481481481484
majority_baseline;neo4j;0.008713929123720404;2.1481481481481484
majority_baseline;neo4j;0.007954941634127225;2.1481481481481484
majority_baseline;neo4j;0.007954941634127225;2.1481481481481484
majority_baseline;neo4j;0.007954941634127225;2.1481481481481484
majority_baseline;neo4j;0.007954941634127225;2.1481481481481484
majority_baseline;neo4j;0.009274908313931053;2.1481481481481484
majority_baseline;neo4j;0.01018518843644347;0.40576902378646
majority_baseline;neo4j;0.011347336037637306;2.1481481481481484
majority_baseline;neo4j;0.011347336037637306;2.1481481481481484
majority_baseline;neo4j;0.011347336037637306;2.1481481481481484
majority_baseline;neo4j;0.011347336037637306;2.1481481481481484
majority_baseline;neo4j;0.011347336037637306;2.1481481481481484
majority_baseline;neo4j;0.011347336037637306;2.1481481481481484
majority_baseline;neo4j;0.011347336037637306;2.1481481481481484
majority_baseline;neo4j;0.011347336037637306;2.1481481481481484
majority_baseline;neo4j;0.011347336037637306;2.1481481481481484
majority_baseline;neo4j;0.011347336037637306;2.1481481481481484
majority_baseline;neo4j;0.011347336037637306;2.1481481481481484
majority_baseline;neo4j;0.011347336037637306;2.1481481481481484
majority_baseline;neo4j;0.011347336037637306;2.1481481481481484
majority_baseline;neo4j;0.011347336037637306;2.1481481481481484
majority_baseline;neo4j;0.011347336037637306;2.1481481481481484
majority_baseline;neo4j;0.011347336037637306;2.1481481481481484
majority_baseline;neo4j;0.011347336037637306;2.1481481481481484
majority_baseline;neo4j;0.011347336037637306;2.1481481481481484
majority_baseline;neo4j;0.011347336037637306;2.1481481481481484
majority_baseline;neo4j;0.011347336037637306;2.1481481481481484
majority_baseline;neo4j;0.011347336037637306;2.1481481481481484
majority_baseline;neo4j;0.011347336037637306;2.1481481481481484
majority_baseline;neo4j;0.011347336037637306;2.1481481481481484
majority_baseline;neo4j;0.009965295588999161;2.1481481481481484
majority_baseline;neo4j;0.009965295588999161;2.1481481481481484
majority_baseline;neo4j;0.009965295588999161;2.1481481481481484
majority_baseline;neo4j;0.009965295588999161;2.1481481481481484
majority_baseline;neo4j;0.009965295588999161;2.1481481481481484
majority_baseline;neo4j;0.009965295588999161;2.1481481481481484
majority_baseline;neo4j;0.009965295588999161;2.1481481481481484
majority_baseline;neo4j;0.009965295588999161;2.1481481481481484
majority_baseline;neo4j;0.009965295588999161;2.1481481481481484
majority_baseline;neo4j;0.009965295588999161;2.1481481481481484
majority_baseline;neo4j;0.009965295588999161;2.1481481481481484
majority_baseline;neo4j;0.009965295588999161;2.1481481481481484
majority_baseline;neo4j;0.009965295588999161;2.1481481481481484
majority_baseline;neo4j;0.009965295588999161;2.1481481481481484
majority_baseline;neo4j;0.009965295588999161;2.1481481481481484
majority_baseline;neo4j;0.009965295588999161;2.1481481481481484
majority_baseline;neo4j;0.009965295588999161;2.1481481481481484
majority_baseline;neo4j;0.009965295588999161;2.1481481481481484
majority_baseline;neo4j;0.009965295588999161;2.1481481481481484
majority_baseline;neo4j;0.009965295588999161;2.1481481481481484
majority_baseline;neo4j;0.009965295588999161;2.1481481481481484
majority_baseline;neo4j;0.009965295588999161;2.1481481481481484
majority_baseline;neo4j;0.009965295588999161;2.1481481481481484
majority_baseline;neo4j;0.011221647823984252;2.1481481481481484
majority_baseline;neo4j;0.011221647823984252;2.1481481481481484
majority_baseline;neo4j;0.011221647823984252;2.1481481481481484
majority_baseline;neo4j;0.011221647823984252;2.1481481481481484
majority_baseline;neo4j;0.011221647823984252;2.1481481481481484
majority_baseline;neo4j;0.011221647823984252;2.1481481481481484
majority_baseline;neo4j;0.011221647823984252;2.1481481481481484
majority_baseline;neo4j;0.011221647823984252;2.1481481481481484
majority_baseline;neo4j;0.011221647823984252;2.1481481481481484
majority_baseline;neo4j;0.011221647823984252;2.1481481481481484
majority_baseline;neo4j;0.011221647823984252;2.1481481481481484
majority_baseline;neo4j;0.011221647823984252;2.1481481481481484
majority_baseline;neo4j;0.011221647823984252;2.1481481481481484
majority_baseline;neo4j;0.011221647823984252;2.1481481481481484
majority_baseline;neo4j;0.011221647823984252;2.1481481481481484
majority_baseline;neo4j;0.011221647823984252;2.1481481481481484
majority_baseline;neo4j;0.011221647823984252;2.1481481481481484
majority_baseline;neo4j;0.011221647823984252;2.1481481481481484
majority_baseline;neo4j;0.011221647823984252;2.1481481481481484
majority_baseline;neo4j;0.011221647823984252;2.1481481481481484
majority_baseline;neo4j;0.011221647823984252;2.1481481481481484
majority_baseline;neo4j;0.011221647823984252;2.1481481481481484
majority_baseline;neo4j;0.011221647823984252;2.1481481481481484
majority_baseline;neo4j;0.010977890522795951;2.1481481481481484
majority_baseline;neo4j;0.010977890522795951;2.1481481481481484
majority_baseline;neo4j;0.010977890522795951;2.1481481481481484
majority_baseline;neo4j;0.010977890522795951;2.1481481481481484
majority_baseline;neo4j;0.010977890522795951;2.1481481481481484
majority_baseline;neo4j;0.010977890522795951;2.1481481481481484
majority_baseline;neo4j;0.010977890522795951;2.1481481481481484
majority_baseline;neo4j;0.010977890522795951;2.1481481481481484
majority_baseline;neo4j;0.010977890522795951;2.1481481481481484
majority_baseline;neo4j;0.010977890522795951;2.1481481481481484
majority_baseline;neo4j;0.010977890522795951;2.1481481481481484
majority_baseline;neo4j;0.010977890522795951;2.1481481481481484
majority_baseline;neo4j;0.010977890522795951;2.1481481481481484
majority_baseline;neo4j;0.010977890522795951;2.1481481481481484
majority_baseline;neo4j;0.010977890522795951;2.1481481481481484
majority_baseline;neo4j;0.010977890522795951;2.1481481481481484
majority_baseline;neo4j;0.010977890522795951;2.1481481481481484
majority_baseline;neo4j;0.010977890522795951;2.1481481481481484
majority_baseline;neo4j;0.010977890522795951;2.1481481481481484
majority_baseline;neo4j;0.010977890522795951;2.1481481481481484
majority_baseline;neo4j;0.010977890522795951;2.1481481481481484
majority_baseline;neo4j;0.010977890522795951;2.1481481481481484
majority_baseline;neo4j;0.010977890522795951;2.1481481481481484
majority_baseline;neo4j;0.009909388598092502;2.1481481481481484
majority_baseline;neo4j;0.009909388598092502;2.1481481481481484
majority_baseline;neo4j;0.009909388598092502;2.1481481481481484
majority_baseline;neo4j;0.009909388598092502;2.1481481481481484
majority_baseline;neo4j;0.009909388598092502;2.1481481481481484
majority_baseline;neo4j;0.009909388598092502;2.1481481481481484
majority_baseline;neo4j;0.009909388598092502;2.1481481481481484
majority_baseline;neo4j;0.009909388598092502;2.1481481481481484
majority_baseline;neo4j;0.009909388598092502;2.1481481481481484
majority_baseline;neo4j;0.009909388598092502;2.1481481481481484
majority_baseline;neo4j;0.009909388598092502;2.1481481481481484
majority_baseline;neo4j;0.009909388598092502;2.1481481481481484
majority_baseline;neo4j;0.009909388598092502;2.1481481481481484
majority_baseline;neo4j;0.009909388598092502;2.1481481481481484
majority_baseline;neo4j;0.009909388598092502;2.1481481481481484
majority_baseline;neo4j;0.009909388598092502;2.1481481481481484
majority_baseline;neo4j;0.009909388598092502;2.1481481481481484
majority_baseline;neo4j;0.009909388598092502;2.1481481481481484
majority_baseline;neo4j;0.009909388598092502;2.1481481481481484
majority_baseline;neo4j;0.009909388598092502;2.1481481481481484
majority_baseline;neo4j;0.009909388598092502;2.1481481481481484
majority_baseline;neo4j;0.009909388598092502;2.1481481481481484
majority_baseline;neo4j;0.009909388598092502;2.1481481481481484
majority_baseline;neo4j;0.009821525006309253;2.1481481481481484
majority_baseline;neo4j;0.009821525006309253;2.1481481481481484
majority_baseline;neo4j;0.009821525006309253;2.1481481481481484
majority_baseline;neo4j;0.009821525006309253;2.1481481481481484
majority_baseline;neo4j;0.009821525006309253;2.1481481481481484
majority_baseline;neo4j;0.009821525006309253;2.1481481481481484
majority_baseline;neo4j;0.009821525006309253;2.1481481481481484
majority_baseline;neo4j;0.009821525006309253;2.1481481481481484
majority_baseline;neo4j;0.009821525006309253;2.1481481481481484
majority_baseline;neo4j;0.009821525006309253;2.1481481481481484
majority_baseline;neo4j;0.009821525006309253;2.1481481481481484
majority_baseline;neo4j;0.009821525006309253;2.1481481481481484
majority_baseline;neo4j;0.009821525006309253;2.1481481481481484
majority_baseline;neo4j;0.009821525006309253;2.1481481481481484
majority_baseline;neo4j;0.009821525006309253;2.1481481481481484
majority_baseline;neo4j;0.009821525006309253;2.1481481481481484
majority_baseline;neo4j;0.009821525006309253;2.1481481481481484
majority_baseline;neo4j;0.009821525006309253;2.1481481481481484
majority_baseline;neo4j;0.009821525006309253;2.1481481481481484
majority_baseline;neo4j;0.009821525006309253;2.1481481481481484
majority_baseline;neo4j;0.009821525006309253;2.1481481481481484
majority_baseline;neo4j;0.009821525006309253;2.1481481481481484
majority_baseline;neo4j;0.009821525006309253;2.1481481481481484
majority_baseline;neo4j;0.009322943877676263;0.40576902378646
majority_baseline;neo4j;0.009019269632213844;0.40576902378646
majority_baseline;neo4j;0.009019269632213844;0.40576902378646
majority_baseline;neo4j;0.005383695501552975;2.1481481481481484
majority_baseline;neo4j;0.013680761494419989;0.40576902378646
majority_baseline;neo4j;0.011149038860737053;0.40576902378646
majority_baseline;neo4j;0.006878886867695492;2.1481481481481484
majority_baseline;neo4j;0.006878886867695492;2.1481481481481484
majority_baseline;neo4j;0.013846374128638358;0.40576902378646
majority_baseline;neo4j;0.013846374128638358;0.40576902378646
majority_baseline;neo4j;0.013846374128638358;0.40576902378646
majority_baseline;neo4j;0.01311164068112928;0.40576902378646
majority_baseline;neo4j;0.01311164068112928;0.40576902378646
majority_baseline;neo4j;0.01311164068112928;0.40576902378646
majority_baseline;neo4j;0.0102537174144468;0.40576902378646
majority_baseline;neo4j;0.0102537174144468;0.40576902378646
majority_baseline;neo4j;0.0102537174144468;0.40576902378646
majority_baseline;neo4j;0.0102537174144468;0.40576902378646
majority_baseline;neo4j;0.0102537174144468;0.40576902378646
majority_baseline;neo4j;0.011162784417414223;0.40576902378646
majority_baseline;neo4j;0.011162784417414223;0.40576902378646
majority_baseline;neo4j;0.011162784417414223;0.40576902378646
majority_baseline;neo4j;0.011162784417414223;0.40576902378646
majority_baseline;neo4j;0.011162784417414223;0.40576902378646
majority_baseline;neo4j;0.014654901572600501;0.40576902378646
majority_baseline;neo4j;0.014654901572600501;0.40576902378646
majority_baseline;neo4j;0.014654901572600501;0.40576902378646
majority_baseline;neo4j;0.014654901572600501;0.40576902378646
majority_baseline;neo4j;0.014654901572600501;0.40576902378646
majority_baseline;neo4j;0.016974131982309123;0.40576902378646
majority_baseline;neo4j;0.016974131982309123;0.40576902378646
majority_baseline;neo4j;0.016974131982309123;0.40576902378646
majority_baseline;neo4j;0.016974131982309123;0.40576902378646
majority_baseline;neo4j;0.016974131982309123;0.40576902378646
majority_baseline;neo4j;0.01753475978515833;0.40576902378646
majority_baseline;neo4j;0.01753475978515833;0.40576902378646
majority_baseline;neo4j;0.01753475978515833;0.40576902378646
majority_baseline;neo4j;0.01753475978515833;0.40576902378646
majority_baseline;neo4j;0.01753475978515833;0.40576902378646
majority_baseline;neo4j;0.009690164880038979;2.1481481481481484
majority_baseline;neo4j;0.009690164880038979;2.1481481481481484
majority_baseline;neo4j;0.009690164880038979;2.1481481481481484
majority_baseline;neo4j;0.008116454012263498;2.1481481481481484
majority_baseline;neo4j;0.008116454012263498;2.1481481481481484
majority_baseline;neo4j;0.008116454012263498;2.1481481481481484
majority_baseline;neo4j;0.008263763940198567;2.1481481481481484
majority_baseline;neo4j;0.014837483405493623;0.40576902378646
majority_baseline;neo4j;0.010429444563481393;2.1481481481481484
majority_baseline;neo4j;0.010429444563481393;2.1481481481481484
majority_baseline;neo4j;0.006923589895034721;2.1481481481481484
majority_baseline;neo4j;0.006923589895034721;2.1481481481481484
majority_baseline;neo4j;0.007163389214758048;0.40576902378646
majority_baseline;neo4j;0.011152103443835541;0.40576902378646
majority_baseline;neo4j;0.004670414697760893;0.40576902378646
majority_baseline;neo4j;0.006782304358013042;0.40576902378646
majority_baseline;neo4j;0.01022723839382112;0.40576902378646
majority_baseline;neo4j;0.01022723839382112;0.40576902378646
majority_baseline;neo4j;0.01022723839382112;0.40576902378646
majority_baseline;neo4j;0.01022723839382112;0.40576902378646
majority_baseline;neo4j;0.01022723839382112;0.40576902378646
majority_baseline;neo4j;0.01022723839382112;0.40576902378646
majority_baseline;neo4j;0.01022723839382112;0.40576902378646
majority_baseline;neo4j;0.01022723839382112;0.40576902378646
majority_baseline;neo4j;0.015040341943050407;0.40576902378646
majority_baseline;neo4j;0.015040341943050407;0.40576902378646
majority_baseline;neo4j;0.015040341943050407;0.40576902378646
majority_baseline;neo4j;0.015424399780203345;0.40576902378646
majority_baseline;neo4j;0.015424399780203345;0.40576902378646
majority_baseline;neo4j;0.015424399780203345;0.40576902378646
majority_baseline;neo4j;0.015764545916138864;0.40576902378646
majority_baseline;neo4j;0.015764545916138864;0.40576902378646
majority_baseline;neo4j;0.015227223212556776;0.40576902378646
majority_baseline;neo4j;0.015227223212556776;0.40576902378646
majority_baseline;neo4j;0.008845137348614687;2.1481481481481484
majority_baseline;neo4j;0.010060292238553327;0.40576902378646
majority_baseline;neo4j;0.00854223608597277;0.40576902378646
majority_baseline;neo4j;0.011204279761319352;0.40576902378646
majority_baseline;neo4j;0.009769694487204479;0.40576902378646
majority_baseline;neo4j;0.01861940466614087;0.40576902378646
majority_baseline;neo4j;0.01861940466614087;0.40576902378646
majority_baseline;neo4j;0.01861940466614087;0.40576902378646
majority_baseline;neo4j;0.01861940466614087;0.40576902378646
majority_baseline;neo4j;0.01861940466614087;0.40576902378646
majority_baseline;neo4j;0.01861940466614087;0.40576902378646
majority_baseline;neo4j;0.018109778846319948;0.40576902378646
majority_baseline;neo4j;0.018109778846319948;0.40576902378646
majority_baseline;neo4j;0.018109778846319948;0.40576902378646
majority_baseline;neo4j;0.018109778846319948;0.40576902378646
majority_baseline;neo4j;0.018109778846319948;0.40576902378646
majority_baseline;neo4j;0.018109778846319948;0.40576902378646
majority_baseline;neo4j;0.011407679352220128;0.40576902378646
majority_baseline;neo4j;0.011407679352220128;0.40576902378646
majority_baseline;neo4j;0.011407679352220128;0.40576902378646
majority_baseline;neo4j;0.011407679352220128;0.40576902378646
majority_baseline;neo4j;0.011407679352220128;0.40576902378646
majority_baseline;neo4j;0.011407679352220128;0.40576902378646
majority_baseline;neo4j;0.011339038903550985;0.40576902378646
majority_baseline;neo4j;0.011339038903550985;0.40576902378646
majority_baseline;neo4j;0.011339038903550985;0.40576902378646
majority_baseline;neo4j;0.011339038903550985;0.40576902378646
majority_baseline;neo4j;0.011339038903550985;0.40576902378646
majority_baseline;neo4j;0.011339038903550985;0.40576902378646
majority_baseline;neo4j;0.013732950951457261;0.40576902378646
majority_baseline;neo4j;0.013732950951457261;0.40576902378646
majority_baseline;neo4j;0.013732950951457261;0.40576902378646
majority_baseline;neo4j;0.013732950951457261;0.40576902378646
majority_baseline;neo4j;0.013732950951457261;0.40576902378646
majority_baseline;neo4j;0.013732950951457261;0.40576902378646
majority_baseline;neo4j;0.01616677538597181;0.40576902378646
majority_baseline;neo4j;0.01117670540789717;0.40576902378646
majority_baseline;neo4j;0.01117670540789717;0.40576902378646
majority_baseline;neo4j;0.01117670540789717;0.40576902378646
majority_baseline;neo4j;0.014297686929923179;0.40576902378646
majority_baseline;neo4j;0.014297686929923179;0.40576902378646
majority_baseline;neo4j;0.014297686929923179;0.40576902378646
majority_baseline;neo4j;0.010183486588487;0.40576902378646
majority_baseline;neo4j;0.010183486588487;0.40576902378646
majority_baseline;neo4j;0.010792983804389611;0.40576902378646
majority_baseline;neo4j;0.010792983804389611;0.40576902378646
majority_baseline;neo4j;0.010792983804389611;0.40576902378646
majority_baseline;neo4j;0.010792983804389611;0.40576902378646
majority_baseline;neo4j;0.010792983804389611;0.40576902378646
majority_baseline;neo4j;0.012643471912041737;0.40576902378646
majority_baseline;neo4j;0.012643471912041737;0.40576902378646
majority_baseline;neo4j;0.012643471912041737;0.40576902378646
majority_baseline;neo4j;0.012643471912041737;0.40576902378646
majority_baseline;neo4j;0.012643471912041737;0.40576902378646
majority_baseline;neo4j;0.009547451465327362;0.40576902378646
majority_baseline;neo4j;0.009547451465327362;0.40576902378646
majority_baseline;neo4j;0.009547451465327362;0.40576902378646
majority_baseline;neo4j;0.009547451465327362;0.40576902378646
majority_baseline;neo4j;0.009547451465327362;0.40576902378646
majority_baseline;neo4j;0.013191341241512994;0.40576902378646
majority_baseline;neo4j;0.013191341241512994;0.40576902378646
majority_baseline;neo4j;0.013191341241512994;0.40576902378646
majority_baseline;neo4j;0.015283055383671756;0.40576902378646
majority_baseline;neo4j;0.015283055383671756;0.40576902378646
majority_baseline;neo4j;0.015283055383671756;0.40576902378646
majority_baseline;neo4j;0.021229585822604865;0.40576902378646
majority_baseline;neo4j;0.01338083346769638;0.40576902378646
majority_baseline;neo4j;0.01338083346769638;0.40576902378646
majority_baseline;neo4j;0.01338083346769638;0.40576902378646
majority_baseline;neo4j;0.01338083346769638;0.40576902378646
majority_baseline;neo4j;0.005346428783588446;0.40576902378646
majority_baseline;neo4j;0.005346428783588446;0.40576902378646
majority_baseline;neo4j;0.005346428783588446;0.40576902378646
majority_baseline;neo4j;0.005346428783588446;0.40576902378646
majority_baseline;neo4j;0.0115738302924342;0.40576902378646
majority_baseline;neo4j;0.0115738302924342;0.40576902378646
majority_baseline;neo4j;0.010389856995127069;0.40576902378646
majority_baseline;neo4j;0.010389856995127069;0.40576902378646
majority_baseline;neo4j;0.008782465844583087;0.40576902378646
majority_baseline;neo4j;0.017335507569577656;0.40576902378646
majority_baseline;neo4j;0.017335507569577656;0.40576902378646
majority_baseline;neo4j;0.017335507569577656;0.40576902378646
majority_baseline;neo4j;0.005643419703479861;0.40576902378646
majority_baseline;neo4j;0.005643419703479861;0.40576902378646
majority_baseline;neo4j;0.005643419703479861;0.40576902378646
majority_baseline;neo4j;0.014259358220776333;0.40576902378646
majority_baseline;neo4j;0.014259358220776333;0.40576902378646
majority_baseline;neo4j;0.014259358220776333;0.40576902378646
majority_baseline;neo4j;0.014259358220776333;0.40576902378646
majority_baseline;neo4j;0.014218303839101953;0.40576902378646
majority_baseline;neo4j;0.024047049244563145;0.40576902378646
majority_baseline;neo4j;0.024047049244563145;0.40576902378646
majority_baseline;neo4j;0.024047049244563145;0.40576902378646
majority_baseline;neo4j;0.024047049244563145;0.40576902378646
majority_baseline;neo4j;0.010806258962952994;0.40576902378646
majority_baseline;neo4j;0.010806258962952994;0.40576902378646
majority_baseline;neo4j;0.010806258962952994;0.40576902378646
majority_baseline;neo4j;0.010806258962952994;0.40576902378646
majority_baseline;neo4j;0.016738798649222123;0.40576902378646
majority_baseline;neo4j;0.016738798649222123;0.40576902378646
majority_baseline;neo4j;0.016738798649222123;0.40576902378646
majority_baseline;neo4j;0.016738798649222123;0.40576902378646
majority_baseline;neo4j;0.012173225188192081;0.40576902378646
majority_baseline;neo4j;0.012173225188192081;0.40576902378646
majority_baseline;neo4j;0.012173225188192081;0.40576902378646
majority_baseline;neo4j;0.012173225188192081;0.40576902378646
majority_baseline;neo4j;0.014752824213883832;0.40576902378646
majority_baseline;neo4j;0.014752824213883832;0.40576902378646
majority_baseline;neo4j;0.014752824213883832;0.40576902378646
majority_baseline;neo4j;0.014752824213883832;0.40576902378646
majority_baseline;neo4j;0.014752824213883832;0.40576902378646
majority_baseline;neo4j;0.014752824213883832;0.40576902378646
majority_baseline;neo4j;0.014752824213883832;0.40576902378646
majority_baseline;neo4j;0.014752824213883832;0.40576902378646
majority_baseline;neo4j;0.014752824213883832;0.40576902378646
majority_baseline;neo4j;0.014752824213883832;0.40576902378646
majority_baseline;neo4j;0.014752824213883832;0.40576902378646
majority_baseline;neo4j;0.014752824213883832;0.40576902378646
majority_baseline;neo4j;0.014752824213883832;0.40576902378646
majority_baseline;neo4j;0.014752824213883832;0.40576902378646
majority_baseline;neo4j;0.014752824213883832;0.40576902378646
majority_baseline;neo4j;0.014752824213883832;0.40576902378646
majority_baseline;neo4j;0.014752824213883832;0.40576902378646
majority_baseline;neo4j;0.011721598147814706;0.40576902378646
majority_baseline;neo4j;0.011721598147814706;0.40576902378646
majority_baseline;neo4j;0.011721598147814706;0.40576902378646
majority_baseline;neo4j;0.011721598147814706;0.40576902378646
majority_baseline;neo4j;0.011721598147814706;0.40576902378646
majority_baseline;neo4j;0.011721598147814706;0.40576902378646
majority_baseline;neo4j;0.011721598147814706;0.40576902378646
majority_baseline;neo4j;0.011721598147814706;0.40576902378646
majority_baseline;neo4j;0.011721598147814706;0.40576902378646
majority_baseline;neo4j;0.011721598147814706;0.40576902378646
majority_baseline;neo4j;0.011721598147814706;0.40576902378646
majority_baseline;neo4j;0.011721598147814706;0.40576902378646
majority_baseline;neo4j;0.011721598147814706;0.40576902378646
majority_baseline;neo4j;0.011721598147814706;0.40576902378646
majority_baseline;neo4j;0.011721598147814706;0.40576902378646
majority_baseline;neo4j;0.011721598147814706;0.40576902378646
majority_baseline;neo4j;0.011721598147814706;0.40576902378646
majority_baseline;neo4j;0.01155139519999458;0.40576902378646
majority_baseline;neo4j;0.01155139519999458;0.40576902378646
majority_baseline;neo4j;0.01155139519999458;0.40576902378646
majority_baseline;neo4j;0.01155139519999458;0.40576902378646
majority_baseline;neo4j;0.01155139519999458;0.40576902378646
majority_baseline;neo4j;0.01155139519999458;0.40576902378646
majority_baseline;neo4j;0.01155139519999458;0.40576902378646
majority_baseline;neo4j;0.01155139519999458;0.40576902378646
majority_baseline;neo4j;0.01155139519999458;0.40576902378646
majority_baseline;neo4j;0.01155139519999458;0.40576902378646
majority_baseline;neo4j;0.01155139519999458;0.40576902378646
majority_baseline;neo4j;0.01155139519999458;0.40576902378646
majority_baseline;neo4j;0.01155139519999458;0.40576902378646
majority_baseline;neo4j;0.01155139519999458;0.40576902378646
majority_baseline;neo4j;0.01155139519999458;0.40576902378646
majority_baseline;neo4j;0.01155139519999458;0.40576902378646
majority_baseline;neo4j;0.01155139519999458;0.40576902378646
majority_baseline;neo4j;0.006760553026364805;0.40576902378646
majority_baseline;neo4j;0.006760553026364805;0.40576902378646
majority_baseline;neo4j;0.006760553026364805;0.40576902378646
majority_baseline;neo4j;0.006760553026364805;0.40576902378646
majority_baseline;neo4j;0.006760553026364805;0.40576902378646
majority_baseline;neo4j;0.006760553026364805;0.40576902378646
majority_baseline;neo4j;0.006760553026364805;0.40576902378646
majority_baseline;neo4j;0.006760553026364805;0.40576902378646
majority_baseline;neo4j;0.006760553026364805;0.40576902378646
majority_baseline;neo4j;0.006760553026364805;0.40576902378646
majority_baseline;neo4j;0.006760553026364805;0.40576902378646
majority_baseline;neo4j;0.006760553026364805;0.40576902378646
majority_baseline;neo4j;0.006760553026364805;0.40576902378646
majority_baseline;neo4j;0.006760553026364805;0.40576902378646
majority_baseline;neo4j;0.006760553026364805;0.40576902378646
majority_baseline;neo4j;0.006760553026364805;0.40576902378646
majority_baseline;neo4j;0.006760553026364805;0.40576902378646
majority_baseline;neo4j;0.0058233570531604035;0.40576902378646
majority_baseline;neo4j;0.0058233570531604035;0.40576902378646
majority_baseline;neo4j;0.0058233570531604035;0.40576902378646
majority_baseline;neo4j;0.0058233570531604035;0.40576902378646
majority_baseline;neo4j;0.0058233570531604035;0.40576902378646
majority_baseline;neo4j;0.0058233570531604035;0.40576902378646
majority_baseline;neo4j;0.0058233570531604035;0.40576902378646
majority_baseline;neo4j;0.0058233570531604035;0.40576902378646
majority_baseline;neo4j;0.0058233570531604035;0.40576902378646
majority_baseline;neo4j;0.0058233570531604035;0.40576902378646
majority_baseline;neo4j;0.0058233570531604035;0.40576902378646
majority_baseline;neo4j;0.0058233570531604035;0.40576902378646
majority_baseline;neo4j;0.0058233570531604035;0.40576902378646
majority_baseline;neo4j;0.0058233570531604035;0.40576902378646
majority_baseline;neo4j;0.0058233570531604035;0.40576902378646
majority_baseline;neo4j;0.0058233570531604035;0.40576902378646
majority_baseline;neo4j;0.0058233570531604035;0.40576902378646
majority_baseline;neo4j;0.01741232615011696;0.40576902378646
majority_baseline;neo4j;0.01003329097361559;0.40576902378646
majority_baseline;neo4j;0.009888217188077081;0.40576902378646
majority_baseline;neo4j;0.009888217188077081;0.40576902378646
majority_baseline;neo4j;0.00614802467387759;0.40576902378646
majority_baseline;neo4j;0.00614802467387759;0.40576902378646
simple_heuristic;postgres;0.09704404312019503;2.1481481481481484
simple_heuristic;postgres;0.09704404312019503;2.1481481481481484
simple_heuristic;postgres;0.08435800696523497;2.1481481481481484
simple_heuristic;postgres;0.08435800696523497;2.1481481481481484
simple_heuristic;postgres;-0.04498405614121308;0.40576902378646
simple_heuristic;postgres;-0.04498405614121308;0.40576902378646
simple_heuristic;postgres;-0.04498405614121308;0.40576902378646
simple_heuristic;postgres;-0.04498405614121308;0.40576902378646
simple_heuristic;postgres;0.06606819943167143;0.40576902378646
simple_heuristic;postgres;0.9992960467550103;0.40576902378646
simple_heuristic;postgres;0.9992960467550103;0.40576902378646
simple_heuristic;postgres;0.20469892139494694;0.40576902378646
simple_heuristic;postgres;0.20469892139494694;0.40576902378646
simple_heuristic;postgres;0.05668029067423749;2.1481481481481484
simple_heuristic;postgres;0.05668029067423749;2.1481481481481484
simple_heuristic;postgres;0.05668029067423749;2.1481481481481484
simple_heuristic;postgres;0.05668029067423749;2.1481481481481484
simple_heuristic;postgres;0.05668029067423749;2.1481481481481484
simple_heuristic;postgres;0.05453729854734146;2.1481481481481484
simple_heuristic;postgres;0.05453729854734146;2.1481481481481484
simple_heuristic;postgres;0.05453729854734146;2.1481481481481484
simple_heuristic;postgres;0.05453729854734146;2.1481481481481484
simple_heuristic;postgres;0.05453729854734146;2.1481481481481484
simple_heuristic;postgres;0.05622869807086373;0.40576902378646
simple_heuristic;postgres;0.06091715530664048;0.40576902378646
simple_heuristic;postgres;-0.5581040870410574;0.40576902378646
simple_heuristic;postgres;0.9023176468395206;0.40576902378646
simple_heuristic;postgres;0.9023176468395206;0.40576902378646
simple_heuristic;postgres;0.9023176468395206;0.40576902378646
simple_heuristic;postgres;0.604381514593563;0.40576902378646
simple_heuristic;postgres;0.604381514593563;0.40576902378646
simple_heuristic;postgres;0.604381514593563;0.40576902378646
simple_heuristic;postgres;1.1078035218575903;2.1481481481481484
simple_heuristic;postgres;1.1078035218575903;2.1481481481481484
simple_heuristic;postgres;1.1078035218575903;2.1481481481481484
simple_heuristic;postgres;1.1078035218575903;2.1481481481481484
simple_heuristic;postgres;1.1078035218575903;2.1481481481481484
simple_heuristic;postgres;1.1078035218575903;2.1481481481481484
simple_heuristic;postgres;1.1078035218575903;2.1481481481481484
simple_heuristic;postgres;1.1078035218575903;2.1481481481481484
simple_heuristic;postgres;1.1078035218575903;2.1481481481481484
simple_heuristic;postgres;1.1078035218575903;2.1481481481481484
simple_heuristic;postgres;1.1078035218575903;2.1481481481481484
simple_heuristic;postgres;1.1078035218575903;2.1481481481481484
simple_heuristic;postgres;1.1078035218575903;2.1481481481481484
simple_heuristic;postgres;1.1078035218575903;2.1481481481481484
simple_heuristic;postgres;1.1078035218575903;2.1481481481481484
simple_heuristic;postgres;1.1078035218575903;2.1481481481481484
simple_heuristic;postgres;1.1078035218575903;2.1481481481481484
simple_heuristic;postgres;1.1078035218575903;2.1481481481481484
simple_heuristic;postgres;1.1078035218575903;2.1481481481481484
simple_heuristic;postgres;1.1078035218575903;2.1481481481481484
simple_heuristic;postgres;1.1078035218575903;2.1481481481481484
simple_heuristic;postgres;1.1078035218575903;2.1481481481481484
simple_heuristic;postgres;1.1078035218575903;2.1481481481481484
simple_heuristic;postgres;1.1078035218575903;2.1481481481481484
simple_heuristic;postgres;1.1078035218575903;2.1481481481481484
simple_heuristic;postgres;1.1078035218575903;2.1481481481481484
simple_heuristic;postgres;1.1078035218575903;2.1481481481481484
simple_heuristic;postgres;1.1078035218575903;2.1481481481481484
simple_heuristic;postgres;1.1078035218575903;2.1481481481481484
simple_heuristic;postgres;0.7256007054968295;2.1481481481481484
simple_heuristic;postgres;0.7256007054968295;2.1481481481481484
simple_heuristic;postgres;0.7256007054968295;2.1481481481481484
simple_heuristic;postgres;0.7256007054968295;2.1481481481481484
simple_heuristic;postgres;0.7256007054968295;2.1481481481481484
simple_heuristic;postgres;0.7256007054968295;2.1481481481481484
simple_heuristic;postgres;0.7256007054968295;2.1481481481481484
simple_heuristic;postgres;0.7256007054968295;2.1481481481481484
simple_heuristic;postgres;0.7256007054968295;2.1481481481481484
simple_heuristic;postgres;0.7256007054968295;2.1481481481481484
simple_heuristic;postgres;0.7256007054968295;2.1481481481481484
simple_heuristic;postgres;0.7256007054968295;2.1481481481481484
simple_heuristic;postgres;0.7256007054968295;2.1481481481481484
simple_heuristic;postgres;0.7256007054968295;2.1481481481481484
simple_heuristic;postgres;0.7256007054968295;2.1481481481481484
simple_heuristic;postgres;0.7256007054968295;2.1481481481481484
simple_heuristic;postgres;0.7256007054968295;2.1481481481481484
simple_heuristic;postgres;0.7256007054968295;2.1481481481481484
simple_heuristic;postgres;0.7256007054968295;2.1481481481481484
simple_heuristic;postgres;0.7256007054968295;2.1481481481481484
simple_heuristic;postgres;0.7256007054968295;2.1481481481481484
simple_heuristic;postgres;0.7256007054968295;2.1481481481481484
simple_heuristic;postgres;0.7256007054968295;2.1481481481481484
simple_heuristic;postgres;0.7256007054968295;2.1481481481481484
simple_heuristic;postgres;0.7256007054968295;2.1481481481481484
simple_heuristic;postgres;0.7256007054968295;2.1481481481481484
simple_heuristic;postgres;0.7256007054968295;2.1481481481481484
simple_heuristic;postgres;0.7256007054968295;2.1481481481481484
simple_heuristic;postgres;0.7256007054968295;2.1481481481481484
simple_heuristic;postgres;0.5388231147460992;2.1481481481481484
simple_heuristic;postgres;0.5388231147460992;2.1481481481481484
simple_heuristic;postgres;0.5388231147460992;2.1481481481481484
simple_heuristic;postgres;0.5388231147460992;2.1481481481481484
simple_heuristic;postgres;0.5388231147460992;2.1481481481481484
simple_heuristic;postgres;0.5388231147460992;2.1481481481481484
simple_heuristic;postgres;0.5388231147460992;2.1481481481481484
simple_heuristic;postgres;0.5388231147460992;2.1481481481481484
simple_heuristic;postgres;0.5388231147460992;2.1481481481481484
simple_heuristic;postgres;0.5388231147460992;2.1481481481481484
simple_heuristic;postgres;0.5388231147460992;2.1481481481481484
simple_heuristic;postgres;0.5388231147460992;2.1481481481481484
simple_heuristic;postgres;0.5388231147460992;2.1481481481481484
simple_heuristic;postgres;0.5388231147460992;2.1481481481481484
simple_heuristic;postgres;0.5388231147460992;2.1481481481481484
simple_heuristic;postgres;0.5388231147460992;2.1481481481481484
simple_heuristic;postgres;0.5388231147460992;2.1481481481481484
simple_heuristic;postgres;0.5388231147460992;2.1481481481481484
simple_heuristic;postgres;0.5388231147460992;2.1481481481481484
simple_heuristic;postgres;0.5388231147460992;2.1481481481481484
simple_heuristic;postgres;0.5388231147460992;2.1481481481481484
simple_heuristic;postgres;0.5388231147460992;2.1481481481481484
simple_heuristic;postgres;0.5388231147460992;2.1481481481481484
simple_heuristic;postgres;0.5388231147460992;2.1481481481481484
simple_heuristic;postgres;0.5388231147460992;2.1481481481481484
simple_heuristic;postgres;0.5388231147460992;2.1481481481481484
simple_heuristic;postgres;0.5388231147460992;2.1481481481481484
simple_heuristic;postgres;0.5388231147460992;2.1481481481481484
simple_heuristic;postgres;0.5388231147460992;2.1481481481481484
simple_heuristic;postgres;0.41553483122244456;2.1481481481481484
simple_heuristic;postgres;0.41553483122244456;2.1481481481481484
simple_heuristic;postgres;0.41553483122244456;2.1481481481481484
simple_heuristic;postgres;0.41553483122244456;2.1481481481481484
simple_heuristic;postgres;0.41553483122244456;2.1481481481481484
simple_heuristic;postgres;0.41553483122244456;2.1481481481481484
simple_heuristic;postgres;0.41553483122244456;2.1481481481481484
simple_heuristic;postgres;0.41553483122244456;2.1481481481481484
simple_heuristic;postgres;0.41553483122244456;2.1481481481481484
simple_heuristic;postgres;0.41553483122244456;2.1481481481481484
simple_heuristic;postgres;0.41553483122244456;2.1481481481481484
simple_heuristic;postgres;0.41553483122244456;2.1481481481481484
simple_heuristic;postgres;0.41553483122244456;2.1481481481481484
simple_heuristic;postgres;0.41553483122244456;2.1481481481481484
simple_heuristic;postgres;0.41553483122244456;2.1481481481481484
simple_heuristic;postgres;0.41553483122244456;2.1481481481481484
simple_heuristic;postgres;0.41553483122244456;2.1481481481481484
simple_heuristic;postgres;0.41553483122244456;2.1481481481481484
simple_heuristic;postgres;0.41553483122244456;2.1481481481481484
simple_heuristic;postgres;0.41553483122244456;2.1481481481481484
simple_heuristic;postgres;0.41553483122244456;2.1481481481481484
simple_heuristic;postgres;0.41553483122244456;2.1481481481481484
simple_heuristic;postgres;0.41553483122244456;2.1481481481481484
simple_heuristic;postgres;0.41553483122244456;2.1481481481481484
simple_heuristic;postgres;0.41553483122244456;2.1481481481481484
simple_heuristic;postgres;0.41553483122244456;2.1481481481481484
simple_heuristic;postgres;0.41553483122244456;2.1481481481481484
simple_heuristic;postgres;0.41553483122244456;2.1481481481481484
simple_heuristic;postgres;0.41553483122244456;2.1481481481481484
simple_heuristic;postgres;-0.006557051973963958;2.1481481481481484
simple_heuristic;postgres;-0.006557051973963958;2.1481481481481484
simple_heuristic;postgres;-0.006557051973963958;2.1481481481481484
simple_heuristic;postgres;-0.006557051973963958;2.1481481481481484
simple_heuristic;postgres;-0.006557051973963958;2.1481481481481484
simple_heuristic;postgres;-0.006557051973963958;2.1481481481481484
simple_heuristic;postgres;-0.006557051973963958;2.1481481481481484
simple_heuristic;postgres;-0.006557051973963958;2.1481481481481484
simple_heuristic;postgres;-0.006557051973963958;2.1481481481481484
simple_heuristic;postgres;-0.006557051973963958;2.1481481481481484
simple_heuristic;postgres;-0.006557051973963958;2.1481481481481484
simple_heuristic;postgres;-0.006557051973963958;2.1481481481481484
simple_heuristic;postgres;-0.006557051973963958;2.1481481481481484
simple_heuristic;postgres;-0.006557051973963958;2.1481481481481484
simple_heuristic;postgres;-0.006557051973963958;2.1481481481481484
simple_heuristic;postgres;-0.006557051973963958;2.1481481481481484
simple_heuristic;postgres;-0.006557051973963958;2.1481481481481484
simple_heuristic;postgres;-0.006557051973963958;2.1481481481481484
simple_heuristic;postgres;-0.006557051973963958;2.1481481481481484
simple_heuristic;postgres;-0.006557051973963958;2.1481481481481484
simple_heuristic;postgres;-0.006557051973963958;2.1481481481481484
simple_heuristic;postgres;-0.006557051973963958;2.1481481481481484
simple_heuristic;postgres;-0.006557051973963958;2.1481481481481484
simple_heuristic;postgres;-0.006557051973963958;2.1481481481481484
simple_heuristic;postgres;-0.006557051973963958;2.1481481481481484
simple_heuristic;postgres;-0.006557051973963958;2.1481481481481484
simple_heuristic;postgres;-0.006557051973963958;2.1481481481481484
simple_heuristic;postgres;-0.006557051973963958;2.1481481481481484
simple_heuristic;postgres;-0.006557051973963958;2.1481481481481484
simple_heuristic;postgres;0.07524106331405778;0.40576902378646
simple_heuristic;postgres;-0.5276612536947736;0.40576902378646
simple_heuristic;postgres;-0.5276612536947736;0.40576902378646
simple_heuristic;postgres;-0.4998599718618609;0.40576902378646
simple_heuristic;postgres;-0.4998599718618609;0.40576902378646
simple_heuristic;postgres;0.05917242834970741;0.40576902378646
simple_heuristic;postgres;0.05917242834970741;0.40576902378646
simple_heuristic;postgres;0.08093654104817224;0.40576902378646
simple_heuristic;postgres;0.08093654104817224;0.40576902378646
simple_heuristic;postgres;0.08093654104817224;0.40576902378646
simple_heuristic;postgres;0.05616473378117492;0.40576902378646
simple_heuristic;postgres;0.05616473378117492;0.40576902378646
simple_heuristic;postgres;0.05616473378117492;0.40576902378646
simple_heuristic;postgres;0.05531862841038069;2.1481481481481484
simple_heuristic;postgres;0.05531862841038069;2.1481481481481484
simple_heuristic;postgres;0.05531862841038069;2.1481481481481484
simple_heuristic;postgres;0.05531862841038069;2.1481481481481484
simple_heuristic;postgres;0.05531862841038069;2.1481481481481484
simple_heuristic;postgres;0.05531862841038069;2.1481481481481484
simple_heuristic;postgres;0.05531862841038069;2.1481481481481484
simple_heuristic;postgres;0.05531862841038069;2.1481481481481484
simple_heuristic;postgres;0.04582209913954021;2.1481481481481484
simple_heuristic;postgres;0.04582209913954021;2.1481481481481484
simple_heuristic;postgres;0.04582209913954021;2.1481481481481484
simple_heuristic;postgres;0.04582209913954021;2.1481481481481484
simple_heuristic;postgres;0.04582209913954021;2.1481481481481484
simple_heuristic;postgres;0.04582209913954021;2.1481481481481484
simple_heuristic;postgres;0.04582209913954021;2.1481481481481484
simple_heuristic;postgres;0.04582209913954021;2.1481481481481484
simple_heuristic;postgres;0.023327170075480873;2.1481481481481484
simple_heuristic;postgres;0.023327170075480873;2.1481481481481484
simple_heuristic;postgres;0.023327170075480873;2.1481481481481484
simple_heuristic;postgres;0.023327170075480873;2.1481481481481484
simple_heuristic;postgres;0.023327170075480873;2.1481481481481484
simple_heuristic;postgres;0.023327170075480873;2.1481481481481484
simple_heuristic;postgres;0.023327170075480873;2.1481481481481484
simple_heuristic;postgres;0.023327170075480873;2.1481481481481484
simple_heuristic;postgres;0.08783070434108758;2.1481481481481484
simple_heuristic;postgres;0.06949173245889455;0.40576902378646
simple_heuristic;postgres;-0.43147566241154506;0.40576902378646
simple_heuristic;postgres;0.08306304167161341;0.40576902378646
simple_heuristic;postgres;0.6700769703212474;0.40576902378646
simple_heuristic;postgres;0.09480064507664149;0.40576902378646
simple_heuristic;postgres;1.4047766062954048;0.40576902378646
simple_heuristic;postgres;1.4047766062954048;0.40576902378646
simple_heuristic;postgres;1.4047766062954048;0.40576902378646
simple_heuristic;postgres;1.4047766062954048;0.40576902378646
simple_heuristic;postgres;0.4032891465024952;0.40576902378646
simple_heuristic;postgres;0.4032891465024952;0.40576902378646
simple_heuristic;postgres;0.4032891465024952;0.40576902378646
simple_heuristic;postgres;0.4032891465024952;0.40576902378646
simple_heuristic;postgres;0.8785339298538138;0.40576902378646
simple_heuristic;postgres;0.8785339298538138;0.40576902378646
simple_heuristic;postgres;0.8785339298538138;0.40576902378646
simple_heuristic;postgres;0.8785339298538138;0.40576902378646
simple_heuristic;postgres;-0.26571857036096275;0.40576902378646
simple_heuristic;postgres;-0.26571857036096275;0.40576902378646
simple_heuristic;postgres;-0.26571857036096275;0.40576902378646
simple_heuristic;postgres;-0.26571857036096275;0.40576902378646
simple_heuristic;postgres;0.4179376164886248;0.40576902378646
simple_heuristic;postgres;0.4179376164886248;0.40576902378646
simple_heuristic;postgres;0.4179376164886248;0.40576902378646
simple_heuristic;postgres;0.4179376164886248;0.40576902378646
simple_heuristic;postgres;0.4179376164886248;0.40576902378646
simple_heuristic;postgres;0.4179376164886248;0.40576902378646
simple_heuristic;postgres;0.4184110665650102;0.40576902378646
simple_heuristic;postgres;0.4184110665650102;0.40576902378646
simple_heuristic;postgres;0.4184110665650102;0.40576902378646
simple_heuristic;postgres;0.4184110665650102;0.40576902378646
simple_heuristic;postgres;0.4184110665650102;0.40576902378646
simple_heuristic;postgres;0.4184110665650102;0.40576902378646
simple_heuristic;postgres;0.6321909949880343;0.40576902378646
simple_heuristic;postgres;0.6321909949880343;0.40576902378646
simple_heuristic;postgres;0.6321909949880343;0.40576902378646
simple_heuristic;postgres;0.6321909949880343;0.40576902378646
simple_heuristic;postgres;0.6321909949880343;0.40576902378646
simple_heuristic;postgres;0.6321909949880343;0.40576902378646
simple_heuristic;postgres;-0.43286634410394564;0.40576902378646
simple_heuristic;postgres;-0.43286634410394564;0.40576902378646
simple_heuristic;postgres;-0.43286634410394564;0.40576902378646
simple_heuristic;postgres;-0.43286634410394564;0.40576902378646
simple_heuristic;postgres;-0.43286634410394564;0.40576902378646
simple_heuristic;postgres;-0.43286634410394564;0.40576902378646
simple_heuristic;postgres;0.05683259699350257;0.40576902378646
simple_heuristic;postgres;0.05683259699350257;0.40576902378646
simple_heuristic;postgres;0.05683259699350257;0.40576902378646
simple_heuristic;postgres;0.026465349530004165;0.40576902378646
simple_heuristic;postgres;0.026465349530004165;0.40576902378646
simple_heuristic;postgres;0.026465349530004165;0.40576902378646
simple_heuristic;postgres;0.061156159272486105;0.40576902378646
simple_heuristic;postgres;0.0849009785209127;0.40576902378646
simple_heuristic;postgres;0.076690301244105;0.40576902378646
simple_heuristic;postgres;0.076690301244105;0.40576902378646
simple_heuristic;postgres;0.076690301244105;0.40576902378646
simple_heuristic;postgres;0.05204154706596039;0.40576902378646
simple_heuristic;postgres;0.05204154706596039;0.40576902378646
simple_heuristic;postgres;0.05204154706596039;0.40576902378646
simple_heuristic;postgres;0.06923213317772459;0.40576902378646
simple_heuristic;postgres;0.06923213317772459;0.40576902378646
simple_heuristic;postgres;0.06337929968832318;2.1481481481481484
simple_heuristic;postgres;0.06337929968832318;2.1481481481481484
simple_heuristic;postgres;0.09175186613110665;0.40576902378646
simple_heuristic;postgres;0.09175186613110665;0.40576902378646
simple_heuristic;postgres;0.09175186613110665;0.40576902378646
simple_heuristic;postgres;0.09175186613110665;0.40576902378646
simple_heuristic;postgres;0.09175186613110665;0.40576902378646
simple_heuristic;postgres;0.09175186613110665;0.40576902378646
simple_heuristic;postgres;0.09175186613110665;0.40576902378646
simple_heuristic;postgres;0.09175186613110665;0.40576902378646
simple_heuristic;postgres;0.10029605228441527;0.40576902378646
simple_heuristic;postgres;0.10029605228441527;0.40576902378646
simple_heuristic;postgres;0.10029605228441527;0.40576902378646
simple_heuristic;postgres;0.10029605228441527;0.40576902378646
simple_heuristic;postgres;0.10029605228441527;0.40576902378646
simple_heuristic;postgres;0.10029605228441527;0.40576902378646
simple_heuristic;postgres;0.10029605228441527;0.40576902378646
simple_heuristic;postgres;0.10029605228441527;0.40576902378646
simple_heuristic;postgres;0.05593576226250851;0.40576902378646
simple_heuristic;postgres;0.05593576226250851;0.40576902378646
simple_heuristic;postgres;0.05593576226250851;0.40576902378646
simple_heuristic;postgres;0.05593576226250851;0.40576902378646
simple_heuristic;postgres;0.05593576226250851;0.40576902378646
simple_heuristic;postgres;0.05593576226250851;0.40576902378646
simple_heuristic;postgres;0.05593576226250851;0.40576902378646
simple_heuristic;postgres;0.05593576226250851;0.40576902378646
simple_heuristic;postgres;0.025113351608770446;0.40576902378646
simple_heuristic;postgres;0.025113351608770446;0.40576902378646
simple_heuristic;postgres;0.025113351608770446;0.40576902378646
simple_heuristic;postgres;0.025113351608770446;0.40576902378646
simple_heuristic;postgres;0.025113351608770446;0.40576902378646
simple_heuristic;postgres;0.025113351608770446;0.40576902378646
simple_heuristic;postgres;0.025113351608770446;0.40576902378646
simple_heuristic;postgres;0.025113351608770446;0.40576902378646
simple_heuristic;postgres;0.06257872879608176;0.40576902378646
simple_heuristic;postgres;0.6079709250691369;0.40576902378646
simple_heuristic;postgres;0.6187729735656128;0.40576902378646
simple_heuristic;postgres;0.6187729735656128;0.40576902378646
simple_heuristic;postgres;0.6187729735656128;0.40576902378646
simple_heuristic;postgres;0.6187729735656128;0.40576902378646
simple_heuristic;postgres;0.6187729735656128;0.40576902378646
simple_heuristic;postgres;0.43090011776866083;0.40576902378646
simple_heuristic;postgres;0.43090011776866083;0.40576902378646
simple_heuristic;postgres;0.43090011776866083;0.40576902378646
simple_heuristic;postgres;0.43090011776866083;0.40576902378646
simple_heuristic;postgres;0.43090011776866083;0.40576902378646
simple_heuristic;postgres;-0.05453292422180585;0.40576902378646
simple_heuristic;postgres;-0.05453292422180585;0.40576902378646
simple_heuristic;postgres;-0.05453292422180585;0.40576902378646
simple_heuristic;postgres;-0.05453292422180585;0.40576902378646
simple_heuristic;postgres;-0.05453292422180585;0.40576902378646
simple_heuristic;postgres;0.046073647248367315;0.40576902378646
simple_heuristic;postgres;0.10770451394238191;0.40576902378646
simple_heuristic;postgres;0.06962127009024793;0.40576902378646
simple_heuristic;postgres;0.06667062625902671;0.40576902378646
simple_heuristic;postgres;0.06667062625902671;0.40576902378646
simple_heuristic;postgres;0.06667062625902671;0.40576902378646
simple_heuristic;postgres;0.06667062625902671;0.40576902378646
simple_heuristic;postgres;0.02825344272360261;0.40576902378646
simple_heuristic;postgres;0.02825344272360261;0.40576902378646
simple_heuristic;postgres;0.02825344272360261;0.40576902378646
simple_heuristic;postgres;0.02825344272360261;0.40576902378646
simple_heuristic;postgres;0.13396590867055938;0.40576902378646
simple_heuristic;postgres;0.08846355888599683;0.40576902378646
simple_heuristic;postgres;0.4103521310180075;2.1481481481481484
simple_heuristic;postgres;0.4103521310180075;2.1481481481481484
simple_heuristic;postgres;0.4103521310180075;2.1481481481481484
simple_heuristic;postgres;0.4103521310180075;2.1481481481481484
simple_heuristic;postgres;0.07625322131890454;2.1481481481481484
simple_heuristic;postgres;0.07625322131890454;2.1481481481481484
simple_heuristic;postgres;0.07625322131890454;2.1481481481481484
simple_heuristic;postgres;0.07625322131890454;2.1481481481481484
simple_heuristic;postgres;-0.780032781070122;2.1481481481481484
simple_heuristic;postgres;-0.780032781070122;2.1481481481481484
simple_heuristic;postgres;-0.780032781070122;2.1481481481481484
simple_heuristic;postgres;-0.780032781070122;2.1481481481481484
simple_heuristic;postgres;0.045023848437090966;0.40576902378646
simple_heuristic;postgres;0.7072903601303002;0.40576902378646
simple_heuristic;postgres;0.06917302310740496;0.40576902378646
simple_heuristic;postgres;0.07608636999395832;0.40576902378646
simple_heuristic;postgres;0.07608636999395832;0.40576902378646
simple_heuristic;postgres;0.07608636999395832;0.40576902378646
simple_heuristic;postgres;0.07608636999395832;0.40576902378646
simple_heuristic;postgres;0.07608636999395832;0.40576902378646
simple_heuristic;postgres;0.07555905523058584;2.1481481481481484
simple_heuristic;postgres;0.07555905523058584;2.1481481481481484
simple_heuristic;postgres;0.07841287890717578;2.1481481481481484
simple_heuristic;postgres;0.07841287890717578;2.1481481481481484
simple_heuristic;postgres;0.06398213224913017;0.40576902378646
simple_heuristic;postgres;0.06398213224913017;0.40576902378646
simple_heuristic;postgres;0.06398213224913017;0.40576902378646
simple_heuristic;postgres;0.07957971997996557;0.40576902378646
simple_heuristic;postgres;0.07957971997996557;0.40576902378646
simple_heuristic;postgres;0.07957971997996557;0.40576902378646
simple_heuristic;postgres;0.07543423494177484;2.1481481481481484
simple_heuristic;postgres;0.07543423494177484;2.1481481481481484
simple_heuristic;postgres;0.07543423494177484;2.1481481481481484
simple_heuristic;postgres;0.06466894624718265;2.1481481481481484
simple_heuristic;postgres;0.06466894624718265;2.1481481481481484
simple_heuristic;postgres;0.06466894624718265;2.1481481481481484
simple_heuristic;postgres;0.034019144093519325;2.1481481481481484
simple_heuristic;postgres;0.034019144093519325;2.1481481481481484
simple_heuristic;postgres;0.034019144093519325;2.1481481481481484
simple_heuristic;postgres;-0.35591104713304833;0.40576902378646
simple_heuristic;postgres;0.9970639055634586;2.1481481481481484
simple_heuristic;postgres;0.9970639055634586;2.1481481481481484
simple_heuristic;postgres;0.9970639055634586;2.1481481481481484
simple_heuristic;postgres;0.9970639055634586;2.1481481481481484
simple_heuristic;postgres;0.9970639055634586;2.1481481481481484
simple_heuristic;postgres;0.9970639055634586;2.1481481481481484
simple_heuristic;postgres;0.9970639055634586;2.1481481481481484
simple_heuristic;postgres;0.9970639055634586;2.1481481481481484
simple_heuristic;postgres;0.9970639055634586;2.1481481481481484
simple_heuristic;postgres;0.9970639055634586;2.1481481481481484
simple_heuristic;postgres;0.9970639055634586;2.1481481481481484
simple_heuristic;postgres;0.9970639055634586;2.1481481481481484
simple_heuristic;postgres;0.9970639055634586;2.1481481481481484
simple_heuristic;postgres;0.9970639055634586;2.1481481481481484
simple_heuristic;postgres;0.9970639055634586;2.1481481481481484
simple_heuristic;postgres;0.9970639055634586;2.1481481481481484
simple_heuristic;postgres;0.9970639055634586;2.1481481481481484
simple_heuristic;postgres;0.9970639055634586;2.1481481481481484
simple_heuristic;postgres;0.9970639055634586;2.1481481481481484
simple_heuristic;postgres;0.9970639055634586;2.1481481481481484
simple_heuristic;postgres;0.9970639055634586;2.1481481481481484
simple_heuristic;postgres;1.019488783755969;2.1481481481481484
simple_heuristic;postgres;1.019488783755969;2.1481481481481484
simple_heuristic;postgres;1.019488783755969;2.1481481481481484
simple_heuristic;postgres;1.019488783755969;2.1481481481481484
simple_heuristic;postgres;1.019488783755969;2.1481481481481484
simple_heuristic;postgres;1.019488783755969;2.1481481481481484
simple_heuristic;postgres;1.019488783755969;2.1481481481481484
simple_heuristic;postgres;1.019488783755969;2.1481481481481484
simple_heuristic;postgres;1.019488783755969;2.1481481481481484
simple_heuristic;postgres;1.019488783755969;2.1481481481481484
simple_heuristic;postgres;1.019488783755969;2.1481481481481484
simple_heuristic;postgres;1.019488783755969;2.1481481481481484
simple_heuristic;postgres;1.019488783755969;2.1481481481481484
simple_heuristic;postgres;1.019488783755969;2.1481481481481484
simple_heuristic;postgres;1.019488783755969;2.1481481481481484
simple_heuristic;postgres;1.019488783755969;2.1481481481481484
simple_heuristic;postgres;1.019488783755969;2.1481481481481484
simple_heuristic;postgres;1.019488783755969;2.1481481481481484
simple_heuristic;postgres;1.019488783755969;2.1481481481481484
simple_heuristic;postgres;1.019488783755969;2.1481481481481484
simple_heuristic;postgres;1.019488783755969;2.1481481481481484
simple_heuristic;postgres;0.6025535749965764;2.1481481481481484
simple_heuristic;postgres;0.6025535749965764;2.1481481481481484
simple_heuristic;postgres;0.6025535749965764;2.1481481481481484
simple_heuristic;postgres;0.6025535749965764;2.1481481481481484
simple_heuristic;postgres;0.6025535749965764;2.1481481481481484
simple_heuristic;postgres;0.6025535749965764;2.1481481481481484
simple_heuristic;postgres;0.6025535749965764;2.1481481481481484
simple_heuristic;postgres;0.6025535749965764;2.1481481481481484
simple_heuristic;postgres;0.6025535749965764;2.1481481481481484
simple_heuristic;postgres;0.6025535749965764;2.1481481481481484
simple_heuristic;postgres;0.6025535749965764;2.1481481481481484
simple_heuristic;postgres;0.6025535749965764;2.1481481481481484
simple_heuristic;postgres;0.6025535749965764;2.1481481481481484
simple_heuristic;postgres;0.6025535749965764;2.1481481481481484
simple_heuristic;postgres;0.6025535749965764;2.1481481481481484
simple_heuristic;postgres;0.6025535749965764;2.1481481481481484
simple_heuristic;postgres;0.6025535749965764;2.1481481481481484
simple_heuristic;postgres;0.6025535749965764;2.1481481481481484
simple_heuristic;postgres;0.6025535749965764;2.1481481481481484
simple_heuristic;postgres;0.6025535749965764;2.1481481481481484
simple_heuristic;postgres;0.6025535749965764;2.1481481481481484
simple_heuristic;postgres;0.5513516335148115;2.1481481481481484
simple_heuristic;postgres;0.5513516335148115;2.1481481481481484
simple_heuristic;postgres;0.5513516335148115;2.1481481481481484
simple_heuristic;postgres;0.5513516335148115;2.1481481481481484
simple_heuristic;postgres;0.5513516335148115;2.1481481481481484
simple_heuristic;postgres;0.5513516335148115;2.1481481481481484
simple_heuristic;postgres;0.5513516335148115;2.1481481481481484
simple_heuristic;postgres;0.5513516335148115;2.1481481481481484
simple_heuristic;postgres;0.5513516335148115;2.1481481481481484
simple_heuristic;postgres;0.5513516335148115;2.1481481481481484
simple_heuristic;postgres;0.5513516335148115;2.1481481481481484
simple_heuristic;postgres;0.5513516335148115;2.1481481481481484
simple_heuristic;postgres;0.5513516335148115;2.1481481481481484
simple_heuristic;postgres;0.5513516335148115;2.1481481481481484
simple_heuristic;postgres;0.5513516335148115;2.1481481481481484
simple_heuristic;postgres;0.5513516335148115;2.1481481481481484
simple_heuristic;postgres;0.5513516335148115;2.1481481481481484
simple_heuristic;postgres;0.5513516335148115;2.1481481481481484
simple_heuristic;postgres;0.5513516335148115;2.1481481481481484
simple_heuristic;postgres;0.5513516335148115;2.1481481481481484
simple_heuristic;postgres;0.5513516335148115;2.1481481481481484
simple_heuristic;postgres;0.0494325197258361;2.1481481481481484
simple_heuristic;postgres;0.0494325197258361;2.1481481481481484
simple_heuristic;postgres;0.0494325197258361;2.1481481481481484
simple_heuristic;postgres;0.0494325197258361;2.1481481481481484
simple_heuristic;postgres;0.0494325197258361;2.1481481481481484
simple_heuristic;postgres;0.0494325197258361;2.1481481481481484
simple_heuristic;postgres;0.0494325197258361;2.1481481481481484
simple_heuristic;postgres;0.0494325197258361;2.1481481481481484
simple_heuristic;postgres;0.0494325197258361;2.1481481481481484
simple_heuristic;postgres;0.0494325197258361;2.1481481481481484
simple_heuristic;postgres;0.0494325197258361;2.1481481481481484
simple_heuristic;postgres;0.0494325197258361;2.1481481481481484
simple_heuristic;postgres;0.0494325197258361;2.1481481481481484
simple_heuristic;postgres;0.0494325197258361;2.1481481481481484
simple_heuristic;postgres;0.0494325197258361;2.1481481481481484
simple_heuristic;postgres;0.0494325197258361;2.1481481481481484
simple_heuristic;postgres;0.0494325197258361;2.1481481481481484
simple_heuristic;postgres;0.0494325197258361;2.1481481481481484
simple_heuristic;postgres;0.0494325197258361;2.1481481481481484
simple_heuristic;postgres;0.0494325197258361;2.1481481481481484
simple_heuristic;postgres;0.0494325197258361;2.1481481481481484
simple_heuristic;postgres;-0.2412909128464024;2.1481481481481484
simple_heuristic;postgres;-0.2412909128464024;2.1481481481481484
simple_heuristic;postgres;-0.2412909128464024;2.1481481481481484
simple_heuristic;postgres;-0.2412909128464024;2.1481481481481484
simple_heuristic;postgres;-0.2412909128464024;2.1481481481481484
simple_heuristic;postgres;-0.2412909128464024;2.1481481481481484
simple_heuristic;postgres;-0.2412909128464024;2.1481481481481484
simple_heuristic;postgres;-0.2412909128464024;2.1481481481481484
simple_heuristic;postgres;-0.2412909128464024;2.1481481481481484
simple_heuristic;postgres;-0.2412909128464024;2.1481481481481484
simple_heuristic;postgres;-0.2412909128464024;2.1481481481481484
simple_heuristic;postgres;-0.2412909128464024;2.1481481481481484
simple_heuristic;postgres;-0.2412909128464024;2.1481481481481484
simple_heuristic;postgres;-0.2412909128464024;2.1481481481481484
simple_heuristic;postgres;-0.2412909128464024;2.1481481481481484
simple_heuristic;postgres;-0.2412909128464024;2.1481481481481484
simple_heuristic;postgres;-0.2412909128464024;2.1481481481481484
simple_heuristic;postgres;-0.2412909128464024;2.1481481481481484
simple_heuristic;postgres;-0.2412909128464024;2.1481481481481484
simple_heuristic;postgres;-0.2412909128464024;2.1481481481481484
simple_heuristic;postgres;-0.2412909128464024;2.1481481481481484
simple_heuristic;postgres;0.07872386700377891;0.40576902378646
simple_heuristic;postgres;0.07872386700377891;0.40576902378646
simple_heuristic;postgres;0.07872386700377891;0.40576902378646
simple_heuristic;postgres;0.07872386700377891;0.40576902378646
simple_heuristic;postgres;0.07872386700377891;0.40576902378646
simple_heuristic;postgres;0.07872386700377891;0.40576902378646
simple_heuristic;postgres;0.07872386700377891;0.40576902378646
simple_heuristic;postgres;0.07872386700377891;0.40576902378646
simple_heuristic;postgres;0.07872386700377891;0.40576902378646
simple_heuristic;postgres;0.05560590907684968;0.40576902378646
simple_heuristic;postgres;0.05560590907684968;0.40576902378646
simple_heuristic;postgres;0.05560590907684968;0.40576902378646
simple_heuristic;postgres;0.05560590907684968;0.40576902378646
simple_heuristic;postgres;0.05560590907684968;0.40576902378646
simple_heuristic;postgres;0.05560590907684968;0.40576902378646
simple_heuristic;postgres;0.05560590907684968;0.40576902378646
simple_heuristic;postgres;0.05560590907684968;0.40576902378646
simple_heuristic;postgres;0.05560590907684968;0.40576902378646
simple_heuristic;postgres;0.04604320113575413;0.40576902378646
simple_heuristic;postgres;0.04604320113575413;0.40576902378646
simple_heuristic;postgres;0.04604320113575413;0.40576902378646
simple_heuristic;postgres;0.04604320113575413;0.40576902378646
simple_heuristic;postgres;0.04604320113575413;0.40576902378646
simple_heuristic;postgres;0.04604320113575413;0.40576902378646
simple_heuristic;postgres;0.04604320113575413;0.40576902378646
simple_heuristic;postgres;0.04604320113575413;0.40576902378646
simple_heuristic;postgres;0.04604320113575413;0.40576902378646
simple_heuristic;postgres;0.03207126614909621;0.40576902378646
simple_heuristic;postgres;0.03207126614909621;0.40576902378646
simple_heuristic;postgres;0.03207126614909621;0.40576902378646
simple_heuristic;postgres;0.03207126614909621;0.40576902378646
simple_heuristic;postgres;0.03207126614909621;0.40576902378646
simple_heuristic;postgres;0.03207126614909621;0.40576902378646
simple_heuristic;postgres;0.03207126614909621;0.40576902378646
simple_heuristic;postgres;0.03207126614909621;0.40576902378646
simple_heuristic;postgres;0.03207126614909621;0.40576902378646
simple_heuristic;postgres;0.8795210287778021;14.280303030303031
simple_heuristic;postgres;-0.49401131838233936;0.40576902378646
simple_heuristic;postgres;-0.27834623972421785;0.40576902378646
simple_heuristic;postgres;0.08904317595474166;0.40576902378646
simple_heuristic;postgres;0.09375544726863022;2.1481481481481484
simple_heuristic;postgres;0.09375544726863022;2.1481481481481484
simple_heuristic;postgres;0.09375544726863022;2.1481481481481484
simple_heuristic;postgres;0.09375544726863022;2.1481481481481484
simple_heuristic;postgres;0.08050163825473305;2.1481481481481484
simple_heuristic;postgres;0.08050163825473305;2.1481481481481484
simple_heuristic;postgres;0.08050163825473305;2.1481481481481484
simple_heuristic;postgres;0.08050163825473305;2.1481481481481484
simple_heuristic;postgres;0.08665987252344856;2.1481481481481484
simple_heuristic;postgres;0.05157685470693491;0.40576902378646
simple_heuristic;postgres;0.7676873720312563;2.1481481481481484
simple_heuristic;postgres;0.7676873720312563;2.1481481481481484
simple_heuristic;postgres;0.7676873720312563;2.1481481481481484
simple_heuristic;postgres;0.7676873720312563;2.1481481481481484
simple_heuristic;postgres;0.7676873720312563;2.1481481481481484
simple_heuristic;postgres;0.7676873720312563;2.1481481481481484
simple_heuristic;postgres;0.7676873720312563;2.1481481481481484
simple_heuristic;postgres;0.7676873720312563;2.1481481481481484
simple_heuristic;postgres;0.7676873720312563;2.1481481481481484
simple_heuristic;postgres;0.7676873720312563;2.1481481481481484
simple_heuristic;postgres;0.7676873720312563;2.1481481481481484
simple_heuristic;postgres;0.7676873720312563;2.1481481481481484
simple_heuristic;postgres;0.7676873720312563;2.1481481481481484
simple_heuristic;postgres;0.7676873720312563;2.1481481481481484
simple_heuristic;postgres;0.7676873720312563;2.1481481481481484
simple_heuristic;postgres;0.7676873720312563;2.1481481481481484
simple_heuristic;postgres;0.7676873720312563;2.1481481481481484
simple_heuristic;postgres;0.7676873720312563;2.1481481481481484
simple_heuristic;postgres;0.7676873720312563;2.1481481481481484
simple_heuristic;postgres;0.7676873720312563;2.1481481481481484
simple_heuristic;postgres;0.7676873720312563;2.1481481481481484
simple_heuristic;postgres;0.7676873720312563;2.1481481481481484
simple_heuristic;postgres;0.7676873720312563;2.1481481481481484
simple_heuristic;postgres;0.4723063355656583;2.1481481481481484
simple_heuristic;postgres;0.4723063355656583;2.1481481481481484
simple_heuristic;postgres;0.4723063355656583;2.1481481481481484
simple_heuristic;postgres;0.4723063355656583;2.1481481481481484
simple_heuristic;postgres;0.4723063355656583;2.1481481481481484
simple_heuristic;postgres;0.4723063355656583;2.1481481481481484
simple_heuristic;postgres;0.4723063355656583;2.1481481481481484
simple_heuristic;postgres;0.4723063355656583;2.1481481481481484
simple_heuristic;postgres;0.4723063355656583;2.1481481481481484
simple_heuristic;postgres;0.4723063355656583;2.1481481481481484
simple_heuristic;postgres;0.4723063355656583;2.1481481481481484
simple_heuristic;postgres;0.4723063355656583;2.1481481481481484
simple_heuristic;postgres;0.4723063355656583;2.1481481481481484
simple_heuristic;postgres;0.4723063355656583;2.1481481481481484
simple_heuristic;postgres;0.4723063355656583;2.1481481481481484
simple_heuristic;postgres;0.4723063355656583;2.1481481481481484
simple_heuristic;postgres;0.4723063355656583;2.1481481481481484
simple_heuristic;postgres;0.4723063355656583;2.1481481481481484
simple_heuristic;postgres;0.4723063355656583;2.1481481481481484
simple_heuristic;postgres;0.4723063355656583;2.1481481481481484
simple_heuristic;postgres;0.4723063355656583;2.1481481481481484
simple_heuristic;postgres;0.4723063355656583;2.1481481481481484
simple_heuristic;postgres;0.4723063355656583;2.1481481481481484
simple_heuristic;postgres;0.21829005542891786;2.1481481481481484
simple_heuristic;postgres;0.21829005542891786;2.1481481481481484
simple_heuristic;postgres;0.21829005542891786;2.1481481481481484
simple_heuristic;postgres;0.21829005542891786;2.1481481481481484
simple_heuristic;postgres;0.21829005542891786;2.1481481481481484
simple_heuristic;postgres;0.21829005542891786;2.1481481481481484
simple_heuristic;postgres;0.21829005542891786;2.1481481481481484
simple_heuristic;postgres;0.21829005542891786;2.1481481481481484
simple_heuristic;postgres;0.21829005542891786;2.1481481481481484
simple_heuristic;postgres;0.21829005542891786;2.1481481481481484
simple_heuristic;postgres;0.21829005542891786;2.1481481481481484
simple_heuristic;postgres;0.21829005542891786;2.1481481481481484
simple_heuristic;postgres;0.21829005542891786;2.1481481481481484
simple_heuristic;postgres;0.21829005542891786;2.1481481481481484
simple_heuristic;postgres;0.21829005542891786;2.1481481481481484
simple_heuristic;postgres;0.21829005542891786;2.1481481481481484
simple_heuristic;postgres;0.21829005542891786;2.1481481481481484
simple_heuristic;postgres;0.21829005542891786;2.1481481481481484
simple_heuristic;postgres;0.21829005542891786;2.1481481481481484
simple_heuristic;postgres;0.21829005542891786;2.1481481481481484
simple_heuristic;postgres;0.21829005542891786;2.1481481481481484
simple_heuristic;postgres;0.21829005542891786;2.1481481481481484
simple_heuristic;postgres;0.21829005542891786;2.1481481481481484
simple_heuristic;postgres;0.08090287826249931;2.1481481481481484
simple_heuristic;postgres;0.08090287826249931;2.1481481481481484
simple_heuristic;postgres;0.08090287826249931;2.1481481481481484
simple_heuristic;postgres;0.08090287826249931;2.1481481481481484
simple_heuristic;postgres;0.08090287826249931;2.1481481481481484
simple_heuristic;postgres;0.08090287826249931;2.1481481481481484
simple_heuristic;postgres;0.08090287826249931;2.1481481481481484
simple_heuristic;postgres;0.08090287826249931;2.1481481481481484
simple_heuristic;postgres;0.08090287826249931;2.1481481481481484
simple_heuristic;postgres;0.08090287826249931;2.1481481481481484
simple_heuristic;postgres;0.08090287826249931;2.1481481481481484
simple_heuristic;postgres;0.08090287826249931;2.1481481481481484
simple_heuristic;postgres;0.08090287826249931;2.1481481481481484
simple_heuristic;postgres;0.08090287826249931;2.1481481481481484
simple_heuristic;postgres;0.08090287826249931;2.1481481481481484
simple_heuristic;postgres;0.08090287826249931;2.1481481481481484
simple_heuristic;postgres;0.08090287826249931;2.1481481481481484
simple_heuristic;postgres;0.08090287826249931;2.1481481481481484
simple_heuristic;postgres;0.08090287826249931;2.1481481481481484
simple_heuristic;postgres;0.08090287826249931;2.1481481481481484
simple_heuristic;postgres;0.08090287826249931;2.1481481481481484
simple_heuristic;postgres;0.08090287826249931;2.1481481481481484
simple_heuristic;postgres;0.08090287826249931;2.1481481481481484
simple_heuristic;postgres;-0.3102977735026908;2.1481481481481484
simple_heuristic;postgres;-0.3102977735026908;2.1481481481481484
simple_heuristic;postgres;-0.3102977735026908;2.1481481481481484
simple_heuristic;postgres;-0.3102977735026908;2.1481481481481484
simple_heuristic;postgres;-0.3102977735026908;2.1481481481481484
simple_heuristic;postgres;-0.3102977735026908;2.1481481481481484
simple_heuristic;postgres;-0.3102977735026908;2.1481481481481484
simple_heuristic;postgres;-0.3102977735026908;2.1481481481481484
simple_heuristic;postgres;-0.3102977735026908;2.1481481481481484
simple_heuristic;postgres;-0.3102977735026908;2.1481481481481484
simple_heuristic;postgres;-0.3102977735026908;2.1481481481481484
simple_heuristic;postgres;-0.3102977735026908;2.1481481481481484
simple_heuristic;postgres;-0.3102977735026908;2.1481481481481484
simple_heuristic;postgres;-0.3102977735026908;2.1481481481481484
simple_heuristic;postgres;-0.3102977735026908;2.1481481481481484
simple_heuristic;postgres;-0.3102977735026908;2.1481481481481484
simple_heuristic;postgres;-0.3102977735026908;2.1481481481481484
simple_heuristic;postgres;-0.3102977735026908;2.1481481481481484
simple_heuristic;postgres;-0.3102977735026908;2.1481481481481484
simple_heuristic;postgres;-0.3102977735026908;2.1481481481481484
simple_heuristic;postgres;-0.3102977735026908;2.1481481481481484
simple_heuristic;postgres;-0.3102977735026908;2.1481481481481484
simple_heuristic;postgres;-0.3102977735026908;2.1481481481481484
simple_heuristic;postgres;-0.5077979926235286;2.1481481481481484
simple_heuristic;postgres;-0.5077979926235286;2.1481481481481484
simple_heuristic;postgres;-0.5077979926235286;2.1481481481481484
simple_heuristic;postgres;-0.5077979926235286;2.1481481481481484
simple_heuristic;postgres;-0.5077979926235286;2.1481481481481484
simple_heuristic;postgres;-0.5077979926235286;2.1481481481481484
simple_heuristic;postgres;-0.5077979926235286;2.1481481481481484
simple_heuristic;postgres;-0.5077979926235286;2.1481481481481484
simple_heuristic;postgres;-0.5077979926235286;2.1481481481481484
simple_heuristic;postgres;-0.5077979926235286;2.1481481481481484
simple_heuristic;postgres;-0.5077979926235286;2.1481481481481484
simple_heuristic;postgres;-0.5077979926235286;2.1481481481481484
simple_heuristic;postgres;-0.5077979926235286;2.1481481481481484
simple_heuristic;postgres;-0.5077979926235286;2.1481481481481484
simple_heuristic;postgres;-0.5077979926235286;2.1481481481481484
simple_heuristic;postgres;-0.5077979926235286;2.1481481481481484
simple_heuristic;postgres;-0.5077979926235286;2.1481481481481484
simple_heuristic;postgres;-0.5077979926235286;2.1481481481481484
simple_heuristic;postgres;-0.5077979926235286;2.1481481481481484
simple_heuristic;postgres;-0.5077979926235286;2.1481481481481484
simple_heuristic;postgres;-0.5077979926235286;2.1481481481481484
simple_heuristic;postgres;-0.5077979926235286;2.1481481481481484
simple_heuristic;postgres;-0.5077979926235286;2.1481481481481484
simple_heuristic;postgres;-0.26604150752768463;0.40576902378646
simple_heuristic;postgres;0.06023859079141061;0.40576902378646
simple_heuristic;postgres;0.06023859079141061;0.40576902378646
simple_heuristic;postgres;0.06000809900617994;2.1481481481481484
simple_heuristic;postgres;-0.5661865810318729;0.40576902378646
simple_heuristic;postgres;0.08970639836853234;0.40576902378646
simple_heuristic;postgres;0.06568884025764528;2.1481481481481484
simple_heuristic;postgres;0.06568884025764528;2.1481481481481484
simple_heuristic;postgres;1.0706796044821665;0.40576902378646
simple_heuristic;postgres;1.0706796044821665;0.40576902378646
simple_heuristic;postgres;1.0706796044821665;0.40576902378646
simple_heuristic;postgres;1.878197131368141;0.40576902378646
simple_heuristic;postgres;1.878197131368141;0.40576902378646
simple_heuristic;postgres;1.878197131368141;0.40576902378646
simple_heuristic;postgres;1.1591884219370685;0.40576902378646
simple_heuristic;postgres;1.1591884219370685;0.40576902378646
simple_heuristic;postgres;1.1591884219370685;0.40576902378646
simple_heuristic;postgres;1.1591884219370685;0.40576902378646
simple_heuristic;postgres;1.1591884219370685;0.40576902378646
simple_heuristic;postgres;1.2204451074755966;0.40576902378646
simple_heuristic;postgres;1.2204451074755966;0.40576902378646
simple_heuristic;postgres;1.2204451074755966;0.40576902378646
simple_heuristic;postgres;1.2204451074755966;0.40576902378646
simple_heuristic;postgres;1.2204451074755966;0.40576902378646
simple_heuristic;postgres;0.006009555280745407;0.40576902378646
simple_heuristic;postgres;0.006009555280745407;0.40576902378646
simple_heuristic;postgres;0.006009555280745407;0.40576902378646
simple_heuristic;postgres;0.006009555280745407;0.40576902378646
simple_heuristic;postgres;0.006009555280745407;0.40576902378646
simple_heuristic;postgres;-0.34172250324425957;0.40576902378646
simple_heuristic;postgres;-0.34172250324425957;0.40576902378646
simple_heuristic;postgres;-0.34172250324425957;0.40576902378646
simple_heuristic;postgres;-0.34172250324425957;0.40576902378646
simple_heuristic;postgres;-0.34172250324425957;0.40576902378646
simple_heuristic;postgres;0.1014680751464974;2.1481481481481484
simple_heuristic;postgres;0.1014680751464974;2.1481481481481484
simple_heuristic;postgres;0.1014680751464974;2.1481481481481484
simple_heuristic;postgres;0.04446259026210035;2.1481481481481484
simple_heuristic;postgres;0.04446259026210035;2.1481481481481484
simple_heuristic;postgres;0.04446259026210035;2.1481481481481484
simple_heuristic;postgres;0.07939056411285597;2.1481481481481484
simple_heuristic;postgres;0.0859533661358963;0.40576902378646
simple_heuristic;postgres;-0.054172841350516546;2.1481481481481484
simple_heuristic;postgres;-0.054172841350516546;2.1481481481481484
simple_heuristic;postgres;0.08904732902691774;2.1481481481481484
simple_heuristic;postgres;0.08904732902691774;2.1481481481481484
simple_heuristic;postgres;0.021652673442333185;0.40576902378646
simple_heuristic;postgres;0.08417084192463511;0.40576902378646
simple_heuristic;postgres;0.028353639481258304;0.40576902378646
simple_heuristic;postgres;0.04092496314050605;0.40576902378646
simple_heuristic;postgres;0.06524389594624809;0.40576902378646
simple_heuristic;postgres;0.06524389594624809;0.40576902378646
simple_heuristic;postgres;0.06524389594624809;0.40576902378646
simple_heuristic;postgres;0.06524389594624809;0.40576902378646
simple_heuristic;postgres;0.06524389594624809;0.40576902378646
simple_heuristic;postgres;0.06524389594624809;0.40576902378646
simple_heuristic;postgres;0.06524389594624809;0.40576902378646
simple_heuristic;postgres;0.06524389594624809;0.40576902378646
simple_heuristic;postgres;0.6240924315384494;0.40576902378646
simple_heuristic;postgres;0.6240924315384494;0.40576902378646
simple_heuristic;postgres;0.6240924315384494;0.40576902378646
simple_heuristic;postgres;0.6797160440534011;0.40576902378646
simple_heuristic;postgres;0.6797160440534011;0.40576902378646
simple_heuristic;postgres;0.6797160440534011;0.40576902378646
simple_heuristic;postgres;0.3237258069983164;0.40576902378646
simple_heuristic;postgres;0.3237258069983164;0.40576902378646
simple_heuristic;postgres;-0.210555520515686;0.40576902378646
simple_heuristic;postgres;-0.210555520515686;0.40576902378646
simple_heuristic;postgres;0.13482636051589683;2.1481481481481484
simple_heuristic;postgres;0.04369222086814395;0.40576902378646
simple_heuristic;postgres;0.0764925204976519;0.40576902378646
simple_heuristic;postgres;0.053995890713465826;0.40576902378646
simple_heuristic;postgres;-0.3359426564679318;0.40576902378646
simple_heuristic;postgres;0.8507717753581548;0.40576902378646
simple_heuristic;postgres;0.8507717753581548;0.40576902378646
simple_heuristic;postgres;0.8507717753581548;0.40576902378646
simple_heuristic;postgres;0.8507717753581548;0.40576902378646
simple_heuristic;postgres;0.8507717753581548;0.40576902378646
simple_heuristic;postgres;0.8507717753581548;0.40576902378646
simple_heuristic;postgres;0.6904259975430131;0.40576902378646
simple_heuristic;postgres;0.6904259975430131;0.40576902378646
simple_heuristic;postgres;0.6904259975430131;0.40576902378646
simple_heuristic;postgres;0.6904259975430131;0.40576902378646
simple_heuristic;postgres;0.6904259975430131;0.40576902378646
simple_heuristic;postgres;0.6904259975430131;0.40576902378646
simple_heuristic;postgres;0.33445100312442394;0.40576902378646
simple_heuristic;postgres;0.33445100312442394;0.40576902378646
simple_heuristic;postgres;0.33445100312442394;0.40576902378646
simple_heuristic;postgres;0.33445100312442394;0.40576902378646
simple_heuristic;postgres;0.33445100312442394;0.40576902378646
simple_heuristic;postgres;0.33445100312442394;0.40576902378646
simple_heuristic;postgres;-1.7372572183106118e-05;0.40576902378646
simple_heuristic;postgres;-1.7372572183106118e-05;0.40576902378646
simple_heuristic;postgres;-1.7372572183106118e-05;0.40576902378646
simple_heuristic;postgres;-1.7372572183106118e-05;0.40576902378646
simple_heuristic;postgres;-1.7372572183106118e-05;0.40576902378646
simple_heuristic;postgres;-1.7372572183106118e-05;0.40576902378646
simple_heuristic;postgres;-0.5084526626064563;0.40576902378646
simple_heuristic;postgres;-0.5084526626064563;0.40576902378646
simple_heuristic;postgres;-0.5084526626064563;0.40576902378646
simple_heuristic;postgres;-0.5084526626064563;0.40576902378646
simple_heuristic;postgres;-0.5084526626064563;0.40576902378646
simple_heuristic;postgres;-0.5084526626064563;0.40576902378646
simple_heuristic;postgres;-0.3018545087070172;0.40576902378646
simple_heuristic;postgres;-0.3535896300366722;0.40576902378646
simple_heuristic;postgres;-0.3535896300366722;0.40576902378646
simple_heuristic;postgres;-0.3535896300366722;0.40576902378646
simple_heuristic;postgres;-0.7743052022938928;0.40576902378646
simple_heuristic;postgres;-0.7743052022938928;0.40576902378646
simple_heuristic;postgres;-0.7743052022938928;0.40576902378646
simple_heuristic;postgres;-0.11230152170893958;0.40576902378646
simple_heuristic;postgres;-0.11230152170893958;0.40576902378646
simple_heuristic;postgres;0.08361451555342635;0.40576902378646
simple_heuristic;postgres;0.08361451555342635;0.40576902378646
simple_heuristic;postgres;0.08361451555342635;0.40576902378646
simple_heuristic;postgres;0.08361451555342635;0.40576902378646
simple_heuristic;postgres;0.08361451555342635;0.40576902378646
simple_heuristic;postgres;0.05280907831943499;0.40576902378646
simple_heuristic;postgres;0.05280907831943499;0.40576902378646
simple_heuristic;postgres;0.05280907831943499;0.40576902378646
simple_heuristic;postgres;0.05280907831943499;0.40576902378646
simple_heuristic;postgres;0.05280907831943499;0.40576902378646
simple_heuristic;postgres;0.04435984732607275;0.40576902378646
simple_heuristic;postgres;0.04435984732607275;0.40576902378646
simple_heuristic;postgres;0.04435984732607275;0.40576902378646
simple_heuristic;postgres;0.04435984732607275;0.40576902378646
simple_heuristic;postgres;0.04435984732607275;0.40576902378646
simple_heuristic;postgres;1.0707614236459915;0.40576902378646
simple_heuristic;postgres;1.0707614236459915;0.40576902378646
simple_heuristic;postgres;1.0707614236459915;0.40576902378646
simple_heuristic;postgres;-0.3079237335035844;0.40576902378646
simple_heuristic;postgres;-0.3079237335035844;0.40576902378646
simple_heuristic;postgres;-0.3079237335035844;0.40576902378646
simple_heuristic;postgres;0.4030435290568617;0.40576902378646
simple_heuristic;postgres;-0.23929580966271294;0.40576902378646
simple_heuristic;postgres;-0.23929580966271294;0.40576902378646
simple_heuristic;postgres;-0.23929580966271294;0.40576902378646
simple_heuristic;postgres;-0.23929580966271294;0.40576902378646
simple_heuristic;postgres;-0.24958953883420407;0.40576902378646
simple_heuristic;postgres;-0.24958953883420407;0.40576902378646
simple_heuristic;postgres;-0.24958953883420407;0.40576902378646
simple_heuristic;postgres;-0.24958953883420407;0.40576902378646
simple_heuristic;postgres;0.08976527437875914;0.40576902378646
simple_heuristic;postgres;0.08976527437875914;0.40576902378646
simple_heuristic;postgres;0.07132104057797181;0.40576902378646
simple_heuristic;postgres;0.07132104057797181;0.40576902378646
simple_heuristic;postgres;0.05195893746399855;0.40576902378646
simple_heuristic;postgres;0.06365193911408935;0.40576902378646
simple_heuristic;postgres;0.06365193911408935;0.40576902378646
simple_heuristic;postgres;0.06365193911408935;0.40576902378646
simple_heuristic;postgres;0.022395352148211763;0.40576902378646
simple_heuristic;postgres;0.022395352148211763;0.40576902378646
simple_heuristic;postgres;0.022395352148211763;0.40576902378646
simple_heuristic;postgres;0.06859764719190085;0.40576902378646
simple_heuristic;postgres;0.06859764719190085;0.40576902378646
simple_heuristic;postgres;0.06859764719190085;0.40576902378646
simple_heuristic;postgres;0.06859764719190085;0.40576902378646
simple_heuristic;postgres;0.0647219492185776;0.40576902378646
simple_heuristic;postgres;0.3773644406061484;0.40576902378646
simple_heuristic;postgres;0.3773644406061484;0.40576902378646
simple_heuristic;postgres;0.3773644406061484;0.40576902378646
simple_heuristic;postgres;0.3773644406061484;0.40576902378646
simple_heuristic;postgres;1.038282141726253;0.40576902378646
simple_heuristic;postgres;1.038282141726253;0.40576902378646
simple_heuristic;postgres;1.038282141726253;0.40576902378646
simple_heuristic;postgres;1.038282141726253;0.40576902378646
simple_heuristic;postgres;-0.3798843381196029;0.40576902378646
simple_heuristic;postgres;-0.3798843381196029;0.40576902378646
simple_heuristic;postgres;-0.3798843381196029;0.40576902378646
simple_heuristic;postgres;-0.3798843381196029;0.40576902378646
simple_heuristic;postgres;-0.4816039583251992;0.40576902378646
simple_heuristic;postgres;-0.4816039583251992;0.40576902378646
simple_heuristic;postgres;-0.4816039583251992;0.40576902378646
simple_heuristic;postgres;-0.4816039583251992;0.40576902378646
simple_heuristic;postgres;0.08047256577186444;0.40576902378646
simple_heuristic;postgres;0.08047256577186444;0.40576902378646
simple_heuristic;postgres;0.08047256577186444;0.40576902378646
simple_heuristic;postgres;0.08047256577186444;0.40576902378646
simple_heuristic;postgres;0.08047256577186444;0.40576902378646
simple_heuristic;postgres;0.08047256577186444;0.40576902378646
simple_heuristic;postgres;0.08047256577186444;0.40576902378646
simple_heuristic;postgres;0.08047256577186444;0.40576902378646
simple_heuristic;postgres;0.08047256577186444;0.40576902378646
simple_heuristic;postgres;0.08047256577186444;0.40576902378646
simple_heuristic;postgres;0.08047256577186444;0.40576902378646
simple_heuristic;postgres;0.08047256577186444;0.40576902378646
simple_heuristic;postgres;0.08047256577186444;0.40576902378646
simple_heuristic;postgres;0.08047256577186444;0.40576902378646
simple_heuristic;postgres;0.08047256577186444;0.40576902378646
simple_heuristic;postgres;0.08047256577186444;0.40576902378646
simple_heuristic;postgres;0.08047256577186444;0.40576902378646
simple_heuristic;postgres;0.07468666119910775;0.40576902378646
simple_heuristic;postgres;0.07468666119910775;0.40576902378646
simple_heuristic;postgres;0.07468666119910775;0.40576902378646
simple_heuristic;postgres;0.07468666119910775;0.40576902378646
simple_heuristic;postgres;0.07468666119910775;0.40576902378646
simple_heuristic;postgres;0.07468666119910775;0.40576902378646
simple_heuristic;postgres;0.07468666119910775;0.40576902378646
simple_heuristic;postgres;0.07468666119910775;0.40576902378646
simple_heuristic;postgres;0.07468666119910775;0.40576902378646
simple_heuristic;postgres;0.07468666119910775;0.40576902378646
simple_heuristic;postgres;0.07468666119910775;0.40576902378646
simple_heuristic;postgres;0.07468666119910775;0.40576902378646
simple_heuristic;postgres;0.07468666119910775;0.40576902378646
simple_heuristic;postgres;0.07468666119910775;0.40576902378646
simple_heuristic;postgres;0.07468666119910775;0.40576902378646
simple_heuristic;postgres;0.07468666119910775;0.40576902378646
simple_heuristic;postgres;0.07468666119910775;0.40576902378646
simple_heuristic;postgres;0.06411529746185576;0.40576902378646
simple_heuristic;postgres;0.06411529746185576;0.40576902378646
simple_heuristic;postgres;0.06411529746185576;0.40576902378646
simple_heuristic;postgres;0.06411529746185576;0.40576902378646
simple_heuristic;postgres;0.06411529746185576;0.40576902378646
simple_heuristic;postgres;0.06411529746185576;0.40576902378646
simple_heuristic;postgres;0.06411529746185576;0.40576902378646
simple_heuristic;postgres;0.06411529746185576;0.40576902378646
simple_heuristic;postgres;0.06411529746185576;0.40576902378646
simple_heuristic;postgres;0.06411529746185576;0.40576902378646
simple_heuristic;postgres;0.06411529746185576;0.40576902378646
simple_heuristic;postgres;0.06411529746185576;0.40576902378646
simple_heuristic;postgres;0.06411529746185576;0.40576902378646
simple_heuristic;postgres;0.06411529746185576;0.40576902378646
simple_heuristic;postgres;0.06411529746185576;0.40576902378646
simple_heuristic;postgres;0.06411529746185576;0.40576902378646
simple_heuristic;postgres;0.06411529746185576;0.40576902378646
simple_heuristic;postgres;0.048115495996987064;0.40576902378646
simple_heuristic;postgres;0.048115495996987064;0.40576902378646
simple_heuristic;postgres;0.048115495996987064;0.40576902378646
simple_heuristic;postgres;0.048115495996987064;0.40576902378646
simple_heuristic;postgres;0.048115495996987064;0.40576902378646
simple_heuristic;postgres;0.048115495996987064;0.40576902378646
simple_heuristic;postgres;0.048115495996987064;0.40576902378646
simple_heuristic;postgres;0.048115495996987064;0.40576902378646
simple_heuristic;postgres;0.048115495996987064;0.40576902378646
simple_heuristic;postgres;0.048115495996987064;0.40576902378646
simple_heuristic;postgres;0.048115495996987064;0.40576902378646
simple_heuristic;postgres;0.048115495996987064;0.40576902378646
simple_heuristic;postgres;0.048115495996987064;0.40576902378646
simple_heuristic;postgres;0.048115495996987064;0.40576902378646
simple_heuristic;postgres;0.048115495996987064;0.40576902378646
simple_heuristic;postgres;0.048115495996987064;0.40576902378646
simple_heuristic;postgres;0.048115495996987064;0.40576902378646
simple_heuristic;postgres;0.031093707389045457;0.40576902378646
simple_heuristic;postgres;0.031093707389045457;0.40576902378646
simple_heuristic;postgres;0.031093707389045457;0.40576902378646
simple_heuristic;postgres;0.031093707389045457;0.40576902378646
simple_heuristic;postgres;0.031093707389045457;0.40576902378646
simple_heuristic;postgres;0.031093707389045457;0.40576902378646
simple_heuristic;postgres;0.031093707389045457;0.40576902378646
simple_heuristic;postgres;0.031093707389045457;0.40576902378646
simple_heuristic;postgres;0.031093707389045457;0.40576902378646
simple_heuristic;postgres;0.031093707389045457;0.40576902378646
simple_heuristic;postgres;0.031093707389045457;0.40576902378646
simple_heuristic;postgres;0.031093707389045457;0.40576902378646
simple_heuristic;postgres;0.031093707389045457;0.40576902378646
simple_heuristic;postgres;0.031093707389045457;0.40576902378646
simple_heuristic;postgres;0.031093707389045457;0.40576902378646
simple_heuristic;postgres;0.031093707389045457;0.40576902378646
simple_heuristic;postgres;0.031093707389045457;0.40576902378646
simple_heuristic;postgres;-0.41563006300653066;0.40576902378646
simple_heuristic;postgres;0.06189923694113452;0.40576902378646
simple_heuristic;postgres;0.07360879865457833;0.40576902378646
simple_heuristic;postgres;0.07360879865457833;0.40576902378646
simple_heuristic;postgres;0.03507167538870614;0.40576902378646
simple_heuristic;postgres;0.03507167538870614;0.40576902378646
simple_heuristic;mongo;-0.5114216693192833;2.1481481481481484
simple_heuristic;mongo;-0.5114216693192833;2.1481481481481484
simple_heuristic;mongo;-0.7269380429195857;2.1481481481481484
simple_heuristic;mongo;-0.7269380429195857;2.1481481481481484
simple_heuristic;mongo;-0.35760018589618203;0.40576902378646
simple_heuristic;mongo;-0.35760018589618203;0.40576902378646
simple_heuristic;mongo;-0.35760018589618203;0.40576902378646
simple_heuristic;mongo;-0.35760018589618203;0.40576902378646
simple_heuristic;mongo;-0.560421558643374;0.40576902378646
simple_heuristic;mongo;0.09905233648074582;0.40576902378646
simple_heuristic;mongo;0.09905233648074582;0.40576902378646
simple_heuristic;mongo;0.09384849802114113;0.40576902378646
simple_heuristic;mongo;0.09384849802114113;0.40576902378646
simple_heuristic;mongo;-0.6107483291659677;2.1481481481481484
simple_heuristic;mongo;-0.6107483291659677;2.1481481481481484
simple_heuristic;mongo;-0.6107483291659677;2.1481481481481484
simple_heuristic;mongo;-0.6107483291659677;2.1481481481481484
simple_heuristic;mongo;-0.6107483291659677;2.1481481481481484
simple_heuristic;mongo;-0.7841994566841477;2.1481481481481484
simple_heuristic;mongo;-0.7841994566841477;2.1481481481481484
simple_heuristic;mongo;-0.7841994566841477;2.1481481481481484
simple_heuristic;mongo;-0.7841994566841477;2.1481481481481484
simple_heuristic;mongo;-0.7841994566841477;2.1481481481481484
simple_heuristic;mongo;-0.4330869498174652;0.40576902378646
simple_heuristic;mongo;-0.6125455379755661;0.40576902378646
simple_heuristic;mongo;-0.7931457611346847;0.40576902378646
simple_heuristic;mongo;0.09842995525516572;0.40576902378646
simple_heuristic;mongo;0.09842995525516572;0.40576902378646
simple_heuristic;mongo;0.09842995525516572;0.40576902378646
simple_heuristic;mongo;0.10204338790768248;0.40576902378646
simple_heuristic;mongo;0.10204338790768248;0.40576902378646
simple_heuristic;mongo;0.10204338790768248;0.40576902378646
simple_heuristic;mongo;0.11954980197126044;2.1481481481481484
simple_heuristic;mongo;0.11954980197126044;2.1481481481481484
simple_heuristic;mongo;0.11954980197126044;2.1481481481481484
simple_heuristic;mongo;0.11954980197126044;2.1481481481481484
simple_heuristic;mongo;0.11954980197126044;2.1481481481481484
simple_heuristic;mongo;0.11954980197126044;2.1481481481481484
simple_heuristic;mongo;0.11954980197126044;2.1481481481481484
simple_heuristic;mongo;0.11954980197126044;2.1481481481481484
simple_heuristic;mongo;0.11954980197126044;2.1481481481481484
simple_heuristic;mongo;0.11954980197126044;2.1481481481481484
simple_heuristic;mongo;0.11954980197126044;2.1481481481481484
simple_heuristic;mongo;0.11954980197126044;2.1481481481481484
simple_heuristic;mongo;0.11954980197126044;2.1481481481481484
simple_heuristic;mongo;0.11954980197126044;2.1481481481481484
simple_heuristic;mongo;0.11954980197126044;2.1481481481481484
simple_heuristic;mongo;0.11954980197126044;2.1481481481481484
simple_heuristic;mongo;0.11954980197126044;2.1481481481481484
simple_heuristic;mongo;0.11954980197126044;2.1481481481481484
simple_heuristic;mongo;0.11954980197126044;2.1481481481481484
simple_heuristic;mongo;0.11954980197126044;2.1481481481481484
simple_heuristic;mongo;0.11954980197126044;2.1481481481481484
simple_heuristic;mongo;0.11954980197126044;2.1481481481481484
simple_heuristic;mongo;0.11954980197126044;2.1481481481481484
simple_heuristic;mongo;0.11954980197126044;2.1481481481481484
simple_heuristic;mongo;0.11954980197126044;2.1481481481481484
simple_heuristic;mongo;0.11954980197126044;2.1481481481481484
simple_heuristic;mongo;0.11954980197126044;2.1481481481481484
simple_heuristic;mongo;0.11954980197126044;2.1481481481481484
simple_heuristic;mongo;0.11954980197126044;2.1481481481481484
simple_heuristic;mongo;0.12691605618256172;2.1481481481481484
simple_heuristic;mongo;0.12691605618256172;2.1481481481481484
simple_heuristic;mongo;0.12691605618256172;2.1481481481481484
simple_heuristic;mongo;0.12691605618256172;2.1481481481481484
simple_heuristic;mongo;0.12691605618256172;2.1481481481481484
simple_heuristic;mongo;0.12691605618256172;2.1481481481481484
simple_heuristic;mongo;0.12691605618256172;2.1481481481481484
simple_heuristic;mongo;0.12691605618256172;2.1481481481481484
simple_heuristic;mongo;0.12691605618256172;2.1481481481481484
simple_heuristic;mongo;0.12691605618256172;2.1481481481481484
simple_heuristic;mongo;0.12691605618256172;2.1481481481481484
simple_heuristic;mongo;0.12691605618256172;2.1481481481481484
simple_heuristic;mongo;0.12691605618256172;2.1481481481481484
simple_heuristic;mongo;0.12691605618256172;2.1481481481481484
simple_heuristic;mongo;0.12691605618256172;2.1481481481481484
simple_heuristic;mongo;0.12691605618256172;2.1481481481481484
simple_heuristic;mongo;0.12691605618256172;2.1481481481481484
simple_heuristic;mongo;0.12691605618256172;2.1481481481481484
simple_heuristic;mongo;0.12691605618256172;2.1481481481481484
simple_heuristic;mongo;0.12691605618256172;2.1481481481481484
simple_heuristic;mongo;0.12691605618256172;2.1481481481481484
simple_heuristic;mongo;0.12691605618256172;2.1481481481481484
simple_heuristic;mongo;0.12691605618256172;2.1481481481481484
simple_heuristic;mongo;0.12691605618256172;2.1481481481481484
simple_heuristic;mongo;0.12691605618256172;2.1481481481481484
simple_heuristic;mongo;0.12691605618256172;2.1481481481481484
simple_heuristic;mongo;0.12691605618256172;2.1481481481481484
simple_heuristic;mongo;0.12691605618256172;2.1481481481481484
simple_heuristic;mongo;0.12691605618256172;2.1481481481481484
simple_heuristic;mongo;0.1126516393232043;2.1481481481481484
simple_heuristic;mongo;0.1126516393232043;2.1481481481481484
simple_heuristic;mongo;0.1126516393232043;2.1481481481481484
simple_heuristic;mongo;0.1126516393232043;2.1481481481481484
simple_heuristic;mongo;0.1126516393232043;2.1481481481481484
simple_heuristic;mongo;0.1126516393232043;2.1481481481481484
simple_heuristic;mongo;0.1126516393232043;2.1481481481481484
simple_heuristic;mongo;0.1126516393232043;2.1481481481481484
simple_heuristic;mongo;0.1126516393232043;2.1481481481481484
simple_heuristic;mongo;0.1126516393232043;2.1481481481481484
simple_heuristic;mongo;0.1126516393232043;2.1481481481481484
simple_heuristic;mongo;0.1126516393232043;2.1481481481481484
simple_heuristic;mongo;0.1126516393232043;2.1481481481481484
simple_heuristic;mongo;0.1126516393232043;2.1481481481481484
simple_heuristic;mongo;0.1126516393232043;2.1481481481481484
simple_heuristic;mongo;0.1126516393232043;2.1481481481481484
simple_heuristic;mongo;0.1126516393232043;2.1481481481481484
simple_heuristic;mongo;0.1126516393232043;2.1481481481481484
simple_heuristic;mongo;0.1126516393232043;2.1481481481481484
simple_heuristic;mongo;0.1126516393232043;2.1481481481481484
simple_heuristic;mongo;0.1126516393232043;2.1481481481481484
simple_heuristic;mongo;0.1126516393232043;2.1481481481481484
simple_heuristic;mongo;0.1126516393232043;2.1481481481481484
simple_heuristic;mongo;0.1126516393232043;2.1481481481481484
simple_heuristic;mongo;0.1126516393232043;2.1481481481481484
simple_heuristic;mongo;0.1126516393232043;2.1481481481481484
simple_heuristic;mongo;0.1126516393232043;2.1481481481481484
simple_heuristic;mongo;0.1126516393232043;2.1481481481481484
simple_heuristic;mongo;0.1126516393232043;2.1481481481481484
simple_heuristic;mongo;0.11471005589049835;2.1481481481481484
simple_heuristic;mongo;0.11471005589049835;2.1481481481481484
simple_heuristic;mongo;0.11471005589049835;2.1481481481481484
simple_heuristic;mongo;0.11471005589049835;2.1481481481481484
simple_heuristic;mongo;0.11471005589049835;2.1481481481481484
simple_heuristic;mongo;0.11471005589049835;2.1481481481481484
simple_heuristic;mongo;0.11471005589049835;2.1481481481481484
simple_heuristic;mongo;0.11471005589049835;2.1481481481481484
simple_heuristic;mongo;0.11471005589049835;2.1481481481481484
simple_heuristic;mongo;0.11471005589049835;2.1481481481481484
simple_heuristic;mongo;0.11471005589049835;2.1481481481481484
simple_heuristic;mongo;0.11471005589049835;2.1481481481481484
simple_heuristic;mongo;0.11471005589049835;2.1481481481481484
simple_heuristic;mongo;0.11471005589049835;2.1481481481481484
simple_heuristic;mongo;0.11471005589049835;2.1481481481481484
simple_heuristic;mongo;0.11471005589049835;2.1481481481481484
simple_heuristic;mongo;0.11471005589049835;2.1481481481481484
simple_heuristic;mongo;0.11471005589049835;2.1481481481481484
simple_heuristic;mongo;0.11471005589049835;2.1481481481481484
simple_heuristic;mongo;0.11471005589049835;2.1481481481481484
simple_heuristic;mongo;0.11471005589049835;2.1481481481481484
simple_heuristic;mongo;0.11471005589049835;2.1481481481481484
simple_heuristic;mongo;0.11471005589049835;2.1481481481481484
simple_heuristic;mongo;0.11471005589049835;2.1481481481481484
simple_heuristic;mongo;0.11471005589049835;2.1481481481481484
simple_heuristic;mongo;0.11471005589049835;2.1481481481481484
simple_heuristic;mongo;0.11471005589049835;2.1481481481481484
simple_heuristic;mongo;0.11471005589049835;2.1481481481481484
simple_heuristic;mongo;0.11471005589049835;2.1481481481481484
simple_heuristic;mongo;0.10071855470248606;2.1481481481481484
simple_heuristic;mongo;0.10071855470248606;2.1481481481481484
simple_heuristic;mongo;0.10071855470248606;2.1481481481481484
simple_heuristic;mongo;0.10071855470248606;2.1481481481481484
simple_heuristic;mongo;0.10071855470248606;2.1481481481481484
simple_heuristic;mongo;0.10071855470248606;2.1481481481481484
simple_heuristic;mongo;0.10071855470248606;2.1481481481481484
simple_heuristic;mongo;0.10071855470248606;2.1481481481481484
simple_heuristic;mongo;0.10071855470248606;2.1481481481481484
simple_heuristic;mongo;0.10071855470248606;2.1481481481481484
simple_heuristic;mongo;0.10071855470248606;2.1481481481481484
simple_heuristic;mongo;0.10071855470248606;2.1481481481481484
simple_heuristic;mongo;0.10071855470248606;2.1481481481481484
simple_heuristic;mongo;0.10071855470248606;2.1481481481481484
simple_heuristic;mongo;0.10071855470248606;2.1481481481481484
simple_heuristic;mongo;0.10071855470248606;2.1481481481481484
simple_heuristic;mongo;0.10071855470248606;2.1481481481481484
simple_heuristic;mongo;0.10071855470248606;2.1481481481481484
simple_heuristic;mongo;0.10071855470248606;2.1481481481481484
simple_heuristic;mongo;0.10071855470248606;2.1481481481481484
simple_heuristic;mongo;0.10071855470248606;2.1481481481481484
simple_heuristic;mongo;0.10071855470248606;2.1481481481481484
simple_heuristic;mongo;0.10071855470248606;2.1481481481481484
simple_heuristic;mongo;0.10071855470248606;2.1481481481481484
simple_heuristic;mongo;0.10071855470248606;2.1481481481481484
simple_heuristic;mongo;0.10071855470248606;2.1481481481481484
simple_heuristic;mongo;0.10071855470248606;2.1481481481481484
simple_heuristic;mongo;0.10071855470248606;2.1481481481481484
simple_heuristic;mongo;0.10071855470248606;2.1481481481481484
simple_heuristic;mongo;-0.3472542783409371;0.40576902378646
simple_heuristic;mongo;-0.8017672464916527;0.40576902378646
simple_heuristic;mongo;-0.8017672464916527;0.40576902378646
simple_heuristic;mongo;-0.8771499297736365;0.40576902378646
simple_heuristic;mongo;-0.8771499297736365;0.40576902378646
simple_heuristic;mongo;-0.36652070031420797;0.40576902378646
simple_heuristic;mongo;-0.36652070031420797;0.40576902378646
simple_heuristic;mongo;-0.31637445369247846;0.40576902378646
simple_heuristic;mongo;-0.31637445369247846;0.40576902378646
simple_heuristic;mongo;-0.31637445369247846;0.40576902378646
simple_heuristic;mongo;-0.712125462429954;0.40576902378646
simple_heuristic;mongo;-0.712125462429954;0.40576902378646
simple_heuristic;mongo;-0.712125462429954;0.40576902378646
simple_heuristic;mongo;-0.5698291776561949;2.1481481481481484
simple_heuristic;mongo;-0.5698291776561949;2.1481481481481484
simple_heuristic;mongo;-0.5698291776561949;2.1481481481481484
simple_heuristic;mongo;-0.5698291776561949;2.1481481481481484
simple_heuristic;mongo;-0.5698291776561949;2.1481481481481484
simple_heuristic;mongo;-0.5698291776561949;2.1481481481481484
simple_heuristic;mongo;-0.5698291776561949;2.1481481481481484
simple_heuristic;mongo;-0.5698291776561949;2.1481481481481484
simple_heuristic;mongo;-0.7214176191106562;2.1481481481481484
simple_heuristic;mongo;-0.7214176191106562;2.1481481481481484
simple_heuristic;mongo;-0.7214176191106562;2.1481481481481484
simple_heuristic;mongo;-0.7214176191106562;2.1481481481481484
simple_heuristic;mongo;-0.7214176191106562;2.1481481481481484
simple_heuristic;mongo;-0.7214176191106562;2.1481481481481484
simple_heuristic;mongo;-0.7214176191106562;2.1481481481481484
simple_heuristic;mongo;-0.7214176191106562;2.1481481481481484
simple_heuristic;mongo;-0.7320480470043553;2.1481481481481484
simple_heuristic;mongo;-0.7320480470043553;2.1481481481481484
simple_heuristic;mongo;-0.7320480470043553;2.1481481481481484
simple_heuristic;mongo;-0.7320480470043553;2.1481481481481484
simple_heuristic;mongo;-0.7320480470043553;2.1481481481481484
simple_heuristic;mongo;-0.7320480470043553;2.1481481481481484
simple_heuristic;mongo;-0.7320480470043553;2.1481481481481484
simple_heuristic;mongo;-0.7320480470043553;2.1481481481481484
simple_heuristic;mongo;-0.25977973911258645;2.1481481481481484
simple_heuristic;mongo;-0.6012624573210273;0.40576902378646
simple_heuristic;mongo;-0.8728389423879395;0.40576902378646
simple_heuristic;mongo;-0.5238183725773702;0.40576902378646
simple_heuristic;mongo;0.09269509857756299;0.40576902378646
simple_heuristic;mongo;-0.27924141772696026;0.40576902378646
simple_heuristic;mongo;0.0974184132945077;0.40576902378646
simple_heuristic;mongo;0.0974184132945077;0.40576902378646
simple_heuristic;mongo;0.0974184132945077;0.40576902378646
simple_heuristic;mongo;0.0974184132945077;0.40576902378646
simple_heuristic;mongo;0.09629416266564401;0.40576902378646
simple_heuristic;mongo;0.09629416266564401;0.40576902378646
simple_heuristic;mongo;0.09629416266564401;0.40576902378646
simple_heuristic;mongo;0.09629416266564401;0.40576902378646
simple_heuristic;mongo;0.0981211737386531;0.40576902378646
simple_heuristic;mongo;0.0981211737386531;0.40576902378646
simple_heuristic;mongo;0.0981211737386531;0.40576902378646
simple_heuristic;mongo;0.0981211737386531;0.40576902378646
simple_heuristic;mongo;0.09388485655429858;0.40576902378646
simple_heuristic;mongo;0.09388485655429858;0.40576902378646
simple_heuristic;mongo;0.09388485655429858;0.40576902378646
simple_heuristic;mongo;0.09388485655429858;0.40576902378646
simple_heuristic;mongo;0.10148830297168392;0.40576902378646
simple_heuristic;mongo;0.10148830297168392;0.40576902378646
simple_heuristic;mongo;0.10148830297168392;0.40576902378646
simple_heuristic;mongo;0.10148830297168392;0.40576902378646
simple_heuristic;mongo;0.10148830297168392;0.40576902378646
simple_heuristic;mongo;0.10148830297168392;0.40576902378646
simple_heuristic;mongo;0.09605404157679354;0.40576902378646
simple_heuristic;mongo;0.09605404157679354;0.40576902378646
simple_heuristic;mongo;0.09605404157679354;0.40576902378646
simple_heuristic;mongo;0.09605404157679354;0.40576902378646
simple_heuristic;mongo;0.09605404157679354;0.40576902378646
simple_heuristic;mongo;0.09605404157679354;0.40576902378646
simple_heuristic;mongo;0.09883661219645785;0.40576902378646
simple_heuristic;mongo;0.09883661219645785;0.40576902378646
simple_heuristic;mongo;0.09883661219645785;0.40576902378646
simple_heuristic;mongo;0.09883661219645785;0.40576902378646
simple_heuristic;mongo;0.09883661219645785;0.40576902378646
simple_heuristic;mongo;0.09883661219645785;0.40576902378646
simple_heuristic;mongo;0.09673706882293936;0.40576902378646
simple_heuristic;mongo;0.09673706882293936;0.40576902378646
simple_heuristic;mongo;0.09673706882293936;0.40576902378646
simple_heuristic;mongo;0.09673706882293936;0.40576902378646
simple_heuristic;mongo;0.09673706882293936;0.40576902378646
simple_heuristic;mongo;0.09673706882293936;0.40576902378646
simple_heuristic;mongo;-0.7090706684439426;0.40576902378646
simple_heuristic;mongo;-0.7090706684439426;0.40576902378646
simple_heuristic;mongo;-0.7090706684439426;0.40576902378646
simple_heuristic;mongo;-0.6430137255649431;0.40576902378646
simple_heuristic;mongo;-0.32615301108687667;0.40576902378646
simple_heuristic;mongo;-0.4599710373229324;0.40576902378646
simple_heuristic;mongo;-0.4599710373229324;0.40576902378646
simple_heuristic;mongo;-0.4599710373229324;0.40576902378646
simple_heuristic;mongo;-0.7413163429304545;0.40576902378646
simple_heuristic;mongo;-0.7413163429304545;0.40576902378646
simple_heuristic;mongo;-0.7413163429304545;0.40576902378646
simple_heuristic;mongo;-0.6286992977537333;0.40576902378646
simple_heuristic;mongo;-0.6286992977537333;0.40576902378646
simple_heuristic;mongo;-0.6501985141656361;2.1481481481481484
simple_heuristic;mongo;-0.6501985141656361;2.1481481481481484
simple_heuristic;mongo;-0.4132747479328832;0.40576902378646
simple_heuristic;mongo;-0.4132747479328832;0.40576902378646
simple_heuristic;mongo;-0.4132747479328832;0.40576902378646
simple_heuristic;mongo;-0.4132747479328832;0.40576902378646
simple_heuristic;mongo;-0.4132747479328832;0.40576902378646
simple_heuristic;mongo;-0.4132747479328832;0.40576902378646
simple_heuristic;mongo;-0.4132747479328832;0.40576902378646
simple_heuristic;mongo;-0.4132747479328832;0.40576902378646
simple_heuristic;mongo;-0.5793665589376243;0.40576902378646
simple_heuristic;mongo;-0.5793665589376243;0.40576902378646
simple_heuristic;mongo;-0.5793665589376243;0.40576902378646
simple_heuristic;mongo;-0.5793665589376243;0.40576902378646
simple_heuristic;mongo;-0.5793665589376243;0.40576902378646
simple_heuristic;mongo;-0.5793665589376243;0.40576902378646
simple_heuristic;mongo;-0.5793665589376243;0.40576902378646
simple_heuristic;mongo;-0.5793665589376243;0.40576902378646
simple_heuristic;mongo;-0.5822110213533676;0.40576902378646
simple_heuristic;mongo;-0.5822110213533676;0.40576902378646
simple_heuristic;mongo;-0.5822110213533676;0.40576902378646
simple_heuristic;mongo;-0.5822110213533676;0.40576902378646
simple_heuristic;mongo;-0.5822110213533676;0.40576902378646
simple_heuristic;mongo;-0.5822110213533676;0.40576902378646
simple_heuristic;mongo;-0.5822110213533676;0.40576902378646
simple_heuristic;mongo;-0.5822110213533676;0.40576902378646
simple_heuristic;mongo;-0.7334330791248787;0.40576902378646
simple_heuristic;mongo;-0.7334330791248787;0.40576902378646
simple_heuristic;mongo;-0.7334330791248787;0.40576902378646
simple_heuristic;mongo;-0.7334330791248787;0.40576902378646
simple_heuristic;mongo;-0.7334330791248787;0.40576902378646
simple_heuristic;mongo;-0.7334330791248787;0.40576902378646
simple_heuristic;mongo;-0.7334330791248787;0.40576902378646
simple_heuristic;mongo;-0.7334330791248787;0.40576902378646
simple_heuristic;mongo;-0.056678194174514335;0.40576902378646
simple_heuristic;mongo;0.10480146614746404;0.40576902378646
simple_heuristic;mongo;0.09929053001581181;0.40576902378646
simple_heuristic;mongo;0.09929053001581181;0.40576902378646
simple_heuristic;mongo;0.09929053001581181;0.40576902378646
simple_heuristic;mongo;0.09929053001581181;0.40576902378646
simple_heuristic;mongo;0.09929053001581181;0.40576902378646
simple_heuristic;mongo;0.10179829574038286;0.40576902378646
simple_heuristic;mongo;0.10179829574038286;0.40576902378646
simple_heuristic;mongo;0.10179829574038286;0.40576902378646
simple_heuristic;mongo;0.10179829574038286;0.40576902378646
simple_heuristic;mongo;0.10179829574038286;0.40576902378646
simple_heuristic;mongo;0.10348746562295125;0.40576902378646
simple_heuristic;mongo;0.10348746562295125;0.40576902378646
simple_heuristic;mongo;0.10348746562295125;0.40576902378646
simple_heuristic;mongo;0.10348746562295125;0.40576902378646
simple_heuristic;mongo;0.10348746562295125;0.40576902378646
simple_heuristic;mongo;-0.7874453541788995;0.40576902378646
simple_heuristic;mongo;-0.47806149633632355;0.40576902378646
simple_heuristic;mongo;-0.6406021770617625;0.40576902378646
simple_heuristic;mongo;-0.42154536257826514;0.40576902378646
simple_heuristic;mongo;-0.42154536257826514;0.40576902378646
simple_heuristic;mongo;-0.42154536257826514;0.40576902378646
simple_heuristic;mongo;-0.42154536257826514;0.40576902378646
simple_heuristic;mongo;-0.4481263065761936;0.40576902378646
simple_heuristic;mongo;-0.301849979970485;0.40576902378646
simple_heuristic;mongo;-0.42259063410106484;2.1481481481481484
simple_heuristic;mongo;-0.42259063410106484;2.1481481481481484
simple_heuristic;mongo;-0.42259063410106484;2.1481481481481484
simple_heuristic;mongo;-0.42259063410106484;2.1481481481481484
simple_heuristic;mongo;-0.41166812991033697;2.1481481481481484
simple_heuristic;mongo;-0.41166812991033697;2.1481481481481484
simple_heuristic;mongo;-0.41166812991033697;2.1481481481481484
simple_heuristic;mongo;-0.41166812991033697;2.1481481481481484
simple_heuristic;mongo;-0.5186802790046944;2.1481481481481484
simple_heuristic;mongo;-0.5186802790046944;2.1481481481481484
simple_heuristic;mongo;-0.5186802790046944;2.1481481481481484
simple_heuristic;mongo;-0.5186802790046944;2.1481481481481484
simple_heuristic;mongo;-0.6927035146000688;0.40576902378646
simple_heuristic;mongo;0.09651477832512308;0.40576902378646
simple_heuristic;mongo;-0.47603348187117106;0.40576902378646
simple_heuristic;mongo;-0.45959948103903914;0.40576902378646
simple_heuristic;mongo;-0.45959948103903914;0.40576902378646
simple_heuristic;mongo;-0.45959948103903914;0.40576902378646
simple_heuristic;mongo;-0.45959948103903914;0.40576902378646
simple_heuristic;mongo;-0.45959948103903914;0.40576902378646
simple_heuristic;mongo;-0.3930638051336305;2.1481481481481484
simple_heuristic;mongo;-0.3930638051336305;2.1481481481481484
simple_heuristic;mongo;-0.59638688384241;2.1481481481481484
simple_heuristic;mongo;-0.59638688384241;2.1481481481481484
simple_heuristic;mongo;-0.42804834654773566;0.40576902378646
simple_heuristic;mongo;-0.42804834654773566;0.40576902378646
simple_heuristic;mongo;-0.42804834654773566;0.40576902378646
simple_heuristic;mongo;-0.6327354374489579;0.40576902378646
simple_heuristic;mongo;-0.6327354374489579;0.40576902378646
simple_heuristic;mongo;-0.6327354374489579;0.40576902378646
simple_heuristic;mongo;-0.6649684969194738;2.1481481481481484
simple_heuristic;mongo;-0.6649684969194738;2.1481481481481484
simple_heuristic;mongo;-0.6649684969194738;2.1481481481481484
simple_heuristic;mongo;-0.7488908610959404;2.1481481481481484
simple_heuristic;mongo;-0.7488908610959404;2.1481481481481484
simple_heuristic;mongo;-0.7488908610959404;2.1481481481481484
simple_heuristic;mongo;-0.8297563591780551;0.40576902378646
simple_heuristic;mongo;0.12037215227056529;2.1481481481481484
simple_heuristic;mongo;0.12037215227056529;2.1481481481481484
simple_heuristic;mongo;0.12037215227056529;2.1481481481481484
simple_heuristic;mongo;0.12037215227056529;2.1481481481481484
simple_heuristic;mongo;0.12037215227056529;2.1481481481481484
simple_heuristic;mongo;0.12037215227056529;2.1481481481481484
simple_heuristic;mongo;0.12037215227056529;2.1481481481481484
simple_heuristic;mongo;0.12037215227056529;2.1481481481481484
simple_heuristic;mongo;0.12037215227056529;2.1481481481481484
simple_heuristic;mongo;0.12037215227056529;2.1481481481481484
simple_heuristic;mongo;0.12037215227056529;2.1481481481481484
simple_heuristic;mongo;0.12037215227056529;2.1481481481481484
simple_heuristic;mongo;0.12037215227056529;2.1481481481481484
simple_heuristic;mongo;0.12037215227056529;2.1481481481481484
simple_heuristic;mongo;0.12037215227056529;2.1481481481481484
simple_heuristic;mongo;0.12037215227056529;2.1481481481481484
simple_heuristic;mongo;0.12037215227056529;2.1481481481481484
simple_heuristic;mongo;0.12037215227056529;2.1481481481481484
simple_heuristic;mongo;0.12037215227056529;2.1481481481481484
simple_heuristic;mongo;0.12037215227056529;2.1481481481481484
simple_heuristic;mongo;0.12037215227056529;2.1481481481481484
simple_heuristic;mongo;0.11237955361651814;2.1481481481481484
simple_heuristic;mongo;0.11237955361651814;2.1481481481481484
simple_heuristic;mongo;0.11237955361651814;2.1481481481481484
simple_heuristic;mongo;0.11237955361651814;2.1481481481481484
simple_heuristic;mongo;0.11237955361651814;2.1481481481481484
simple_heuristic;mongo;0.11237955361651814;2.1481481481481484
simple_heuristic;mongo;0.11237955361651814;2.1481481481481484
simple_heuristic;mongo;0.11237955361651814;2.1481481481481484
simple_heuristic;mongo;0.11237955361651814;2.1481481481481484
simple_heuristic;mongo;0.11237955361651814;2.1481481481481484
simple_heuristic;mongo;0.11237955361651814;2.1481481481481484
simple_heuristic;mongo;0.11237955361651814;2.1481481481481484
simple_heuristic;mongo;0.11237955361651814;2.1481481481481484
simple_heuristic;mongo;0.11237955361651814;2.1481481481481484
simple_heuristic;mongo;0.11237955361651814;2.1481481481481484
simple_heuristic;mongo;0.11237955361651814;2.1481481481481484
simple_heuristic;mongo;0.11237955361651814;2.1481481481481484
simple_heuristic;mongo;0.11237955361651814;2.1481481481481484
simple_heuristic;mongo;0.11237955361651814;2.1481481481481484
simple_heuristic;mongo;0.11237955361651814;2.1481481481481484
simple_heuristic;mongo;0.11237955361651814;2.1481481481481484
simple_heuristic;mongo;0.10725927684729675;2.1481481481481484
simple_heuristic;mongo;0.10725927684729675;2.1481481481481484
simple_heuristic;mongo;0.10725927684729675;2.1481481481481484
simple_heuristic;mongo;0.10725927684729675;2.1481481481481484
simple_heuristic;mongo;0.10725927684729675;2.1481481481481484
simple_heuristic;mongo;0.10725927684729675;2.1481481481481484
simple_heuristic;mongo;0.10725927684729675;2.1481481481481484
simple_heuristic;mongo;0.10725927684729675;2.1481481481481484
simple_heuristic;mongo;0.10725927684729675;2.1481481481481484
simple_heuristic;mongo;0.10725927684729675;2.1481481481481484
simple_heuristic;mongo;0.10725927684729675;2.1481481481481484
simple_heuristic;mongo;0.10725927684729675;2.1481481481481484
simple_heuristic;mongo;0.10725927684729675;2.1481481481481484
simple_heuristic;mongo;0.10725927684729675;2.1481481481481484
simple_heuristic;mongo;0.10725927684729675;2.1481481481481484
simple_heuristic;mongo;0.10725927684729675;2.1481481481481484
simple_heuristic;mongo;0.10725927684729675;2.1481481481481484
simple_heuristic;mongo;0.10725927684729675;2.1481481481481484
simple_heuristic;mongo;0.10725927684729675;2.1481481481481484
simple_heuristic;mongo;0.10725927684729675;2.1481481481481484
simple_heuristic;mongo;0.10725927684729675;2.1481481481481484
simple_heuristic;mongo;0.10725798547570496;2.1481481481481484
simple_heuristic;mongo;0.10725798547570496;2.1481481481481484
simple_heuristic;mongo;0.10725798547570496;2.1481481481481484
simple_heuristic;mongo;0.10725798547570496;2.1481481481481484
simple_heuristic;mongo;0.10725798547570496;2.1481481481481484
simple_heuristic;mongo;0.10725798547570496;2.1481481481481484
simple_heuristic;mongo;0.10725798547570496;2.1481481481481484
simple_heuristic;mongo;0.10725798547570496;2.1481481481481484
simple_heuristic;mongo;0.10725798547570496;2.1481481481481484
simple_heuristic;mongo;0.10725798547570496;2.1481481481481484
simple_heuristic;mongo;0.10725798547570496;2.1481481481481484
simple_heuristic;mongo;0.10725798547570496;2.1481481481481484
simple_heuristic;mongo;0.10725798547570496;2.1481481481481484
simple_heuristic;mongo;0.10725798547570496;2.1481481481481484
simple_heuristic;mongo;0.10725798547570496;2.1481481481481484
simple_heuristic;mongo;0.10725798547570496;2.1481481481481484
simple_heuristic;mongo;0.10725798547570496;2.1481481481481484
simple_heuristic;mongo;0.10725798547570496;2.1481481481481484
simple_heuristic;mongo;0.10725798547570496;2.1481481481481484
simple_heuristic;mongo;0.10725798547570496;2.1481481481481484
simple_heuristic;mongo;0.10725798547570496;2.1481481481481484
simple_heuristic;mongo;0.0914238122982668;2.1481481481481484
simple_heuristic;mongo;0.0914238122982668;2.1481481481481484
simple_heuristic;mongo;0.0914238122982668;2.1481481481481484
simple_heuristic;mongo;0.0914238122982668;2.1481481481481484
simple_heuristic;mongo;0.0914238122982668;2.1481481481481484
simple_heuristic;mongo;0.0914238122982668;2.1481481481481484
simple_heuristic;mongo;0.0914238122982668;2.1481481481481484
simple_heuristic;mongo;0.0914238122982668;2.1481481481481484
simple_heuristic;mongo;0.0914238122982668;2.1481481481481484
simple_heuristic;mongo;0.0914238122982668;2.1481481481481484
simple_heuristic;mongo;0.0914238122982668;2.1481481481481484
simple_heuristic;mongo;0.0914238122982668;2.1481481481481484
simple_heuristic;mongo;0.0914238122982668;2.1481481481481484
simple_heuristic;mongo;0.0914238122982668;2.1481481481481484
simple_heuristic;mongo;0.0914238122982668;2.1481481481481484
simple_heuristic;mongo;0.0914238122982668;2.1481481481481484
simple_heuristic;mongo;0.0914238122982668;2.1481481481481484
simple_heuristic;mongo;0.0914238122982668;2.1481481481481484
simple_heuristic;mongo;0.0914238122982668;2.1481481481481484
simple_heuristic;mongo;0.0914238122982668;2.1481481481481484
simple_heuristic;mongo;0.0914238122982668;2.1481481481481484
simple_heuristic;mongo;0.10024160981081381;2.1481481481481484
simple_heuristic;mongo;0.10024160981081381;2.1481481481481484
simple_heuristic;mongo;0.10024160981081381;2.1481481481481484
simple_heuristic;mongo;0.10024160981081381;2.1481481481481484
simple_heuristic;mongo;0.10024160981081381;2.1481481481481484
simple_heuristic;mongo;0.10024160981081381;2.1481481481481484
simple_heuristic;mongo;0.10024160981081381;2.1481481481481484
simple_heuristic;mongo;0.10024160981081381;2.1481481481481484
simple_heuristic;mongo;0.10024160981081381;2.1481481481481484
simple_heuristic;mongo;0.10024160981081381;2.1481481481481484
simple_heuristic;mongo;0.10024160981081381;2.1481481481481484
simple_heuristic;mongo;0.10024160981081381;2.1481481481481484
simple_heuristic;mongo;0.10024160981081381;2.1481481481481484
simple_heuristic;mongo;0.10024160981081381;2.1481481481481484
simple_heuristic;mongo;0.10024160981081381;2.1481481481481484
simple_heuristic;mongo;0.10024160981081381;2.1481481481481484
simple_heuristic;mongo;0.10024160981081381;2.1481481481481484
simple_heuristic;mongo;0.10024160981081381;2.1481481481481484
simple_heuristic;mongo;0.10024160981081381;2.1481481481481484
simple_heuristic;mongo;0.10024160981081381;2.1481481481481484
simple_heuristic;mongo;0.10024160981081381;2.1481481481481484
simple_heuristic;mongo;-0.2887432947787781;0.40576902378646
simple_heuristic;mongo;-0.2887432947787781;0.40576902378646
simple_heuristic;mongo;-0.2887432947787781;0.40576902378646
simple_heuristic;mongo;-0.2887432947787781;0.40576902378646
simple_heuristic;mongo;-0.2887432947787781;0.40576902378646
simple_heuristic;mongo;-0.2887432947787781;0.40576902378646
simple_heuristic;mongo;-0.2887432947787781;0.40576902378646
simple_heuristic;mongo;-0.2887432947787781;0.40576902378646
simple_heuristic;mongo;-0.2887432947787781;0.40576902378646
simple_heuristic;mongo;-0.6512735702853314;0.40576902378646
simple_heuristic;mongo;-0.6512735702853314;0.40576902378646
simple_heuristic;mongo;-0.6512735702853314;0.40576902378646
simple_heuristic;mongo;-0.6512735702853314;0.40576902378646
simple_heuristic;mongo;-0.6512735702853314;0.40576902378646
simple_heuristic;mongo;-0.6512735702853314;0.40576902378646
simple_heuristic;mongo;-0.6512735702853314;0.40576902378646
simple_heuristic;mongo;-0.6512735702853314;0.40576902378646
simple_heuristic;mongo;-0.6512735702853314;0.40576902378646
simple_heuristic;mongo;-0.7745314627126214;0.40576902378646
simple_heuristic;mongo;-0.7745314627126214;0.40576902378646
simple_heuristic;mongo;-0.7745314627126214;0.40576902378646
simple_heuristic;mongo;-0.7745314627126214;0.40576902378646
simple_heuristic;mongo;-0.7745314627126214;0.40576902378646
simple_heuristic;mongo;-0.7745314627126214;0.40576902378646
simple_heuristic;mongo;-0.7745314627126214;0.40576902378646
simple_heuristic;mongo;-0.7745314627126214;0.40576902378646
simple_heuristic;mongo;-0.7745314627126214;0.40576902378646
simple_heuristic;mongo;0.6551415631505455;14.280303030303031
simple_heuristic;mongo;-0.8728339725158851;0.40576902378646
simple_heuristic;mongo;-0.8247222829880215;0.40576902378646
simple_heuristic;mongo;-0.4498463655929061;0.40576902378646
simple_heuristic;mongo;-0.40261338648174533;2.1481481481481484
simple_heuristic;mongo;-0.40261338648174533;2.1481481481481484
simple_heuristic;mongo;-0.40261338648174533;2.1481481481481484
simple_heuristic;mongo;-0.40261338648174533;2.1481481481481484
simple_heuristic;mongo;-0.5266559113771646;2.1481481481481484
simple_heuristic;mongo;-0.5266559113771646;2.1481481481481484
simple_heuristic;mongo;-0.5266559113771646;2.1481481481481484
simple_heuristic;mongo;-0.5266559113771646;2.1481481481481484
simple_heuristic;mongo;-0.4364298263982594;2.1481481481481484
simple_heuristic;mongo;-0.6576788314382702;0.40576902378646
simple_heuristic;mongo;-0.08368850808344343;2.1481481481481484
simple_heuristic;mongo;-0.08368850808344343;2.1481481481481484
simple_heuristic;mongo;-0.08368850808344343;2.1481481481481484
simple_heuristic;mongo;-0.08368850808344343;2.1481481481481484
simple_heuristic;mongo;-0.08368850808344343;2.1481481481481484
simple_heuristic;mongo;-0.08368850808344343;2.1481481481481484
simple_heuristic;mongo;-0.08368850808344343;2.1481481481481484
simple_heuristic;mongo;-0.08368850808344343;2.1481481481481484
simple_heuristic;mongo;-0.08368850808344343;2.1481481481481484
simple_heuristic;mongo;-0.08368850808344343;2.1481481481481484
simple_heuristic;mongo;-0.08368850808344343;2.1481481481481484
simple_heuristic;mongo;-0.08368850808344343;2.1481481481481484
simple_heuristic;mongo;-0.08368850808344343;2.1481481481481484
simple_heuristic;mongo;-0.08368850808344343;2.1481481481481484
simple_heuristic;mongo;-0.08368850808344343;2.1481481481481484
simple_heuristic;mongo;-0.08368850808344343;2.1481481481481484
simple_heuristic;mongo;-0.08368850808344343;2.1481481481481484
simple_heuristic;mongo;-0.08368850808344343;2.1481481481481484
simple_heuristic;mongo;-0.08368850808344343;2.1481481481481484
simple_heuristic;mongo;-0.08368850808344343;2.1481481481481484
simple_heuristic;mongo;-0.08368850808344343;2.1481481481481484
simple_heuristic;mongo;-0.08368850808344343;2.1481481481481484
simple_heuristic;mongo;-0.08368850808344343;2.1481481481481484
simple_heuristic;mongo;0.0017654786509874033;2.1481481481481484
simple_heuristic;mongo;0.0017654786509874033;2.1481481481481484
simple_heuristic;mongo;0.0017654786509874033;2.1481481481481484
simple_heuristic;mongo;0.0017654786509874033;2.1481481481481484
simple_heuristic;mongo;0.0017654786509874033;2.1481481481481484
simple_heuristic;mongo;0.0017654786509874033;2.1481481481481484
simple_heuristic;mongo;0.0017654786509874033;2.1481481481481484
simple_heuristic;mongo;0.0017654786509874033;2.1481481481481484
simple_heuristic;mongo;0.0017654786509874033;2.1481481481481484
simple_heuristic;mongo;0.0017654786509874033;2.1481481481481484
simple_heuristic;mongo;0.0017654786509874033;2.1481481481481484
simple_heuristic;mongo;0.0017654786509874033;2.1481481481481484
simple_heuristic;mongo;0.0017654786509874033;2.1481481481481484
simple_heuristic;mongo;0.0017654786509874033;2.1481481481481484
simple_heuristic;mongo;0.0017654786509874033;2.1481481481481484
simple_heuristic;mongo;0.0017654786509874033;2.1481481481481484
simple_heuristic;mongo;0.0017654786509874033;2.1481481481481484
simple_heuristic;mongo;0.0017654786509874033;2.1481481481481484
simple_heuristic;mongo;0.0017654786509874033;2.1481481481481484
simple_heuristic;mongo;0.0017654786509874033;2.1481481481481484
simple_heuristic;mongo;0.0017654786509874033;2.1481481481481484
simple_heuristic;mongo;0.0017654786509874033;2.1481481481481484
simple_heuristic;mongo;0.0017654786509874033;2.1481481481481484
simple_heuristic;mongo;-0.22281579204847887;2.1481481481481484
simple_heuristic;mongo;-0.22281579204847887;2.1481481481481484
simple_heuristic;mongo;-0.22281579204847887;2.1481481481481484
simple_heuristic;mongo;-0.22281579204847887;2.1481481481481484
simple_heuristic;mongo;-0.22281579204847887;2.1481481481481484
simple_heuristic;mongo;-0.22281579204847887;2.1481481481481484
simple_heuristic;mongo;-0.22281579204847887;2.1481481481481484
simple_heuristic;mongo;-0.22281579204847887;2.1481481481481484
simple_heuristic;mongo;-0.22281579204847887;2.1481481481481484
simple_heuristic;mongo;-0.22281579204847887;2.1481481481481484
simple_heuristic;mongo;-0.22281579204847887;2.1481481481481484
simple_heuristic;mongo;-0.22281579204847887;2.1481481481481484
simple_heuristic;mongo;-0.22281579204847887;2.1481481481481484
simple_heuristic;mongo;-0.22281579204847887;2.1481481481481484
simple_heuristic;mongo;-0.22281579204847887;2.1481481481481484
simple_heuristic;mongo;-0.22281579204847887;2.1481481481481484
simple_heuristic;mongo;-0.22281579204847887;2.1481481481481484
simple_heuristic;mongo;-0.22281579204847887;2.1481481481481484
simple_heuristic;mongo;-0.22281579204847887;2.1481481481481484
simple_heuristic;mongo;-0.22281579204847887;2.1481481481481484
simple_heuristic;mongo;-0.22281579204847887;2.1481481481481484
simple_heuristic;mongo;-0.22281579204847887;2.1481481481481484
simple_heuristic;mongo;-0.22281579204847887;2.1481481481481484
simple_heuristic;mongo;-0.13516824036476954;2.1481481481481484
simple_heuristic;mongo;-0.13516824036476954;2.1481481481481484
simple_heuristic;mongo;-0.13516824036476954;2.1481481481481484
simple_heuristic;mongo;-0.13516824036476954;2.1481481481481484
simple_heuristic;mongo;-0.13516824036476954;2.1481481481481484
simple_heuristic;mongo;-0.13516824036476954;2.1481481481481484
simple_heuristic;mongo;-0.13516824036476954;2.1481481481481484
simple_heuristic;mongo;-0.13516824036476954;2.1481481481481484
simple_heuristic;mongo;-0.13516824036476954;2.1481481481481484
simple_heuristic;mongo;-0.13516824036476954;2.1481481481481484
simple_heuristic;mongo;-0.13516824036476954;2.1481481481481484
simple_heuristic;mongo;-0.13516824036476954;2.1481481481481484
simple_heuristic;mongo;-0.13516824036476954;2.1481481481481484
simple_heuristic;mongo;-0.13516824036476954;2.1481481481481484
simple_heuristic;mongo;-0.13516824036476954;2.1481481481481484
simple_heuristic;mongo;-0.13516824036476954;2.1481481481481484
simple_heuristic;mongo;-0.13516824036476954;2.1481481481481484
simple_heuristic;mongo;-0.13516824036476954;2.1481481481481484
simple_heuristic;mongo;-0.13516824036476954;2.1481481481481484
simple_heuristic;mongo;-0.13516824036476954;2.1481481481481484
simple_heuristic;mongo;-0.13516824036476954;2.1481481481481484
simple_heuristic;mongo;-0.13516824036476954;2.1481481481481484
simple_heuristic;mongo;-0.13516824036476954;2.1481481481481484
simple_heuristic;mongo;-0.041489304327671374;2.1481481481481484
simple_heuristic;mongo;-0.041489304327671374;2.1481481481481484
simple_heuristic;mongo;-0.041489304327671374;2.1481481481481484
simple_heuristic;mongo;-0.041489304327671374;2.1481481481481484
simple_heuristic;mongo;-0.041489304327671374;2.1481481481481484
simple_heuristic;mongo;-0.041489304327671374;2.1481481481481484
simple_heuristic;mongo;-0.041489304327671374;2.1481481481481484
simple_heuristic;mongo;-0.041489304327671374;2.1481481481481484
simple_heuristic;mongo;-0.041489304327671374;2.1481481481481484
simple_heuristic;mongo;-0.041489304327671374;2.1481481481481484
simple_heuristic;mongo;-0.041489304327671374;2.1481481481481484
simple_heuristic;mongo;-0.041489304327671374;2.1481481481481484
simple_heuristic;mongo;-0.041489304327671374;2.1481481481481484
simple_heuristic;mongo;-0.041489304327671374;2.1481481481481484
simple_heuristic;mongo;-0.041489304327671374;2.1481481481481484
simple_heuristic;mongo;-0.041489304327671374;2.1481481481481484
simple_heuristic;mongo;-0.041489304327671374;2.1481481481481484
simple_heuristic;mongo;-0.041489304327671374;2.1481481481481484
simple_heuristic;mongo;-0.041489304327671374;2.1481481481481484
simple_heuristic;mongo;-0.041489304327671374;2.1481481481481484
simple_heuristic;mongo;-0.041489304327671374;2.1481481481481484
simple_heuristic;mongo;-0.041489304327671374;2.1481481481481484
simple_heuristic;mongo;-0.041489304327671374;2.1481481481481484
simple_heuristic;mongo;-0.0698835411436596;2.1481481481481484
simple_heuristic;mongo;-0.0698835411436596;2.1481481481481484
simple_heuristic;mongo;-0.0698835411436596;2.1481481481481484
simple_heuristic;mongo;-0.0698835411436596;2.1481481481481484
simple_heuristic;mongo;-0.0698835411436596;2.1481481481481484
simple_heuristic;mongo;-0.0698835411436596;2.1481481481481484
simple_heuristic;mongo;-0.0698835411436596;2.1481481481481484
simple_heuristic;mongo;-0.0698835411436596;2.1481481481481484
simple_heuristic;mongo;-0.0698835411436596;2.1481481481481484
simple_heuristic;mongo;-0.0698835411436596;2.1481481481481484
simple_heuristic;mongo;-0.0698835411436596;2.1481481481481484
simple_heuristic;mongo;-0.0698835411436596;2.1481481481481484
simple_heuristic;mongo;-0.0698835411436596;2.1481481481481484
simple_heuristic;mongo;-0.0698835411436596;2.1481481481481484
simple_heuristic;mongo;-0.0698835411436596;2.1481481481481484
simple_heuristic;mongo;-0.0698835411436596;2.1481481481481484
simple_heuristic;mongo;-0.0698835411436596;2.1481481481481484
simple_heuristic;mongo;-0.0698835411436596;2.1481481481481484
simple_heuristic;mongo;-0.0698835411436596;2.1481481481481484
simple_heuristic;mongo;-0.0698835411436596;2.1481481481481484
simple_heuristic;mongo;-0.0698835411436596;2.1481481481481484
simple_heuristic;mongo;-0.0698835411436596;2.1481481481481484
simple_heuristic;mongo;-0.0698835411436596;2.1481481481481484
simple_heuristic;mongo;-0.7341799347409561;0.40576902378646
simple_heuristic;mongo;-0.6523383751740752;0.40576902378646
simple_heuristic;mongo;-0.6523383751740752;0.40576902378646
simple_heuristic;mongo;-0.7910652475521979;2.1481481481481484
simple_heuristic;mongo;-0.5552082300945413;0.40576902378646
simple_heuristic;mongo;-0.43325622000967284;0.40576902378646
simple_heuristic;mongo;-0.6457270143593018;2.1481481481481484
simple_heuristic;mongo;-0.6457270143593018;2.1481481481481484
simple_heuristic;mongo;0.09558902745821186;0.40576902378646
simple_heuristic;mongo;0.09558902745821186;0.40576902378646
simple_heuristic;mongo;0.09558902745821186;0.40576902378646
simple_heuristic;mongo;0.09593686874319199;0.40576902378646
simple_heuristic;mongo;0.09593686874319199;0.40576902378646
simple_heuristic;mongo;0.09593686874319199;0.40576902378646
simple_heuristic;mongo;0.10101914057548479;0.40576902378646
simple_heuristic;mongo;0.10101914057548479;0.40576902378646
simple_heuristic;mongo;0.10101914057548479;0.40576902378646
simple_heuristic;mongo;0.10101914057548479;0.40576902378646
simple_heuristic;mongo;0.10101914057548479;0.40576902378646
simple_heuristic;mongo;0.0992147958522474;0.40576902378646
simple_heuristic;mongo;0.0992147958522474;0.40576902378646
simple_heuristic;mongo;0.0992147958522474;0.40576902378646
simple_heuristic;mongo;0.0992147958522474;0.40576902378646
simple_heuristic;mongo;0.0992147958522474;0.40576902378646
simple_heuristic;mongo;0.10429552066535028;0.40576902378646
simple_heuristic;mongo;0.10429552066535028;0.40576902378646
simple_heuristic;mongo;0.10429552066535028;0.40576902378646
simple_heuristic;mongo;0.10429552066535028;0.40576902378646
simple_heuristic;mongo;0.10429552066535028;0.40576902378646
simple_heuristic;mongo;0.0967160745854648;0.40576902378646
simple_heuristic;mongo;0.0967160745854648;0.40576902378646
simple_heuristic;mongo;0.0967160745854648;0.40576902378646
simple_heuristic;mongo;0.0967160745854648;0.40576902378646
simple_heuristic;mongo;0.0967160745854648;0.40576902378646
simple_heuristic;mongo;0.09902474485701612;0.40576902378646
simple_heuristic;mongo;0.09902474485701612;0.40576902378646
simple_heuristic;mongo;0.09902474485701612;0.40576902378646
simple_heuristic;mongo;0.09902474485701612;0.40576902378646
simple_heuristic;mongo;0.09902474485701612;0.40576902378646
simple_heuristic;mongo;-0.435548387842634;2.1481481481481484
simple_heuristic;mongo;-0.435548387842634;2.1481481481481484
simple_heuristic;mongo;-0.435548387842634;2.1481481481481484
simple_heuristic;mongo;-0.7614487361529004;2.1481481481481484
simple_heuristic;mongo;-0.7614487361529004;2.1481481481481484
simple_heuristic;mongo;-0.7614487361529004;2.1481481481481484
simple_heuristic;mongo;-0.7316824361438808;2.1481481481481484
simple_heuristic;mongo;-0.33573284235204837;0.40576902378646
simple_heuristic;mongo;-0.4898576499734045;2.1481481481481484
simple_heuristic;mongo;-0.4898576499734045;2.1481481481481484
simple_heuristic;mongo;-0.7902477004503244;2.1481481481481484
simple_heuristic;mongo;-0.7902477004503244;2.1481481481481484
simple_heuristic;mongo;-0.5451225697379544;0.40576902378646
simple_heuristic;mongo;-0.7474523473808343;0.40576902378646
simple_heuristic;mongo;-0.5749633925178194;0.40576902378646
simple_heuristic;mongo;-0.5749633925178194;0.40576902378646
simple_heuristic;mongo;-0.5749633925178194;0.40576902378646
simple_heuristic;mongo;-0.5749633925178194;0.40576902378646
simple_heuristic;mongo;-0.5749633925178194;0.40576902378646
simple_heuristic;mongo;-0.5749633925178194;0.40576902378646
simple_heuristic;mongo;-0.5749633925178194;0.40576902378646
simple_heuristic;mongo;-0.5749633925178194;0.40576902378646
simple_heuristic;mongo;0.09466511797349086;0.40576902378646
simple_heuristic;mongo;0.09466511797349086;0.40576902378646
simple_heuristic;mongo;0.09466511797349086;0.40576902378646
simple_heuristic;mongo;0.09479225067149197;0.40576902378646
simple_heuristic;mongo;0.09479225067149197;0.40576902378646
simple_heuristic;mongo;0.09479225067149197;0.40576902378646
simple_heuristic;mongo;0.11078647406507285;0.40576902378646
simple_heuristic;mongo;0.11078647406507285;0.40576902378646
simple_heuristic;mongo;0.11330333817706491;0.40576902378646
simple_heuristic;mongo;0.11330333817706491;0.40576902378646
simple_heuristic;mongo;-0.6918737850376532;2.1481481481481484
simple_heuristic;mongo;-0.7682765525100548;0.40576902378646
simple_heuristic;mongo;-0.37664319167148;0.40576902378646
simple_heuristic;mongo;-0.5006974821035282;0.40576902378646
simple_heuristic;mongo;-0.8640641762698842;0.40576902378646
simple_heuristic;mongo;0.12506302967710592;0.40576902378646
simple_heuristic;mongo;0.12506302967710592;0.40576902378646
simple_heuristic;mongo;0.12506302967710592;0.40576902378646
simple_heuristic;mongo;0.12506302967710592;0.40576902378646
simple_heuristic;mongo;0.12506302967710592;0.40576902378646
simple_heuristic;mongo;0.12506302967710592;0.40576902378646
simple_heuristic;mongo;0.100613107575014;0.40576902378646
simple_heuristic;mongo;0.100613107575014;0.40576902378646
simple_heuristic;mongo;0.100613107575014;0.40576902378646
simple_heuristic;mongo;0.100613107575014;0.40576902378646
simple_heuristic;mongo;0.100613107575014;0.40576902378646
simple_heuristic;mongo;0.100613107575014;0.40576902378646
simple_heuristic;mongo;0.1046742963360233;0.40576902378646
simple_heuristic;mongo;0.1046742963360233;0.40576902378646
simple_heuristic;mongo;0.1046742963360233;0.40576902378646
simple_heuristic;mongo;0.1046742963360233;0.40576902378646
simple_heuristic;mongo;0.1046742963360233;0.40576902378646
simple_heuristic;mongo;0.1046742963360233;0.40576902378646
simple_heuristic;mongo;0.08553832378634636;0.40576902378646
simple_heuristic;mongo;0.08553832378634636;0.40576902378646
simple_heuristic;mongo;0.08553832378634636;0.40576902378646
simple_heuristic;mongo;0.08553832378634636;0.40576902378646
simple_heuristic;mongo;0.08553832378634636;0.40576902378646
simple_heuristic;mongo;0.08553832378634636;0.40576902378646
simple_heuristic;mongo;0.10333200636942685;0.40576902378646
simple_heuristic;mongo;0.10333200636942685;0.40576902378646
simple_heuristic;mongo;0.10333200636942685;0.40576902378646
simple_heuristic;mongo;0.10333200636942685;0.40576902378646
simple_heuristic;mongo;0.10333200636942685;0.40576902378646
simple_heuristic;mongo;0.10333200636942685;0.40576902378646
simple_heuristic;mongo;0.09383222800988072;0.40576902378646
simple_heuristic;mongo;-0.5294900329991031;0.40576902378646
simple_heuristic;mongo;-0.5294900329991031;0.40576902378646
simple_heuristic;mongo;-0.5294900329991031;0.40576902378646
simple_heuristic;mongo;-0.5811857170513842;0.40576902378646
simple_heuristic;mongo;-0.5811857170513842;0.40576902378646
simple_heuristic;mongo;-0.5811857170513842;0.40576902378646
simple_heuristic;mongo;-0.7645383806274134;0.40576902378646
simple_heuristic;mongo;-0.7645383806274134;0.40576902378646
simple_heuristic;mongo;-0.5672277472068327;0.40576902378646
simple_heuristic;mongo;-0.5672277472068327;0.40576902378646
simple_heuristic;mongo;-0.5672277472068327;0.40576902378646
simple_heuristic;mongo;-0.5672277472068327;0.40576902378646
simple_heuristic;mongo;-0.5672277472068327;0.40576902378646
simple_heuristic;mongo;-0.5676659246919057;0.40576902378646
simple_heuristic;mongo;-0.5676659246919057;0.40576902378646
simple_heuristic;mongo;-0.5676659246919057;0.40576902378646
simple_heuristic;mongo;-0.5676659246919057;0.40576902378646
simple_heuristic;mongo;-0.5676659246919057;0.40576902378646
simple_heuristic;mongo;-0.7403485464826288;0.40576902378646
simple_heuristic;mongo;-0.7403485464826288;0.40576902378646
simple_heuristic;mongo;-0.7403485464826288;0.40576902378646
simple_heuristic;mongo;-0.7403485464826288;0.40576902378646
simple_heuristic;mongo;-0.7403485464826288;0.40576902378646
simple_heuristic;mongo;0.0929748140500536;0.40576902378646
simple_heuristic;mongo;0.0929748140500536;0.40576902378646
simple_heuristic;mongo;0.0929748140500536;0.40576902378646
simple_heuristic;mongo;0.10044005052833482;0.40576902378646
simple_heuristic;mongo;0.10044005052833482;0.40576902378646
simple_heuristic;mongo;0.10044005052833482;0.40576902378646
simple_heuristic;mongo;0.10552269464080845;0.40576902378646
simple_heuristic;mongo;-0.566201022172953;0.40576902378646
simple_heuristic;mongo;-0.566201022172953;0.40576902378646
simple_heuristic;mongo;-0.566201022172953;0.40576902378646
simple_heuristic;mongo;-0.566201022172953;0.40576902378646
simple_heuristic;mongo;-0.39039201430124437;0.40576902378646
simple_heuristic;mongo;-0.39039201430124437;0.40576902378646
simple_heuristic;mongo;-0.5353636878208589;0.40576902378646
simple_heuristic;mongo;-0.5353636878208589;0.40576902378646
simple_heuristic;mongo;-0.8069919011306276;0.40576902378646
simple_heuristic;mongo;-0.2624776939914123;0.40576902378646
simple_heuristic;mongo;-0.2624776939914123;0.40576902378646
simple_heuristic;mongo;-0.2624776939914123;0.40576902378646
simple_heuristic;mongo;-0.6318527163760189;0.40576902378646
simple_heuristic;mongo;-0.6318527163760189;0.40576902378646
simple_heuristic;mongo;-0.6318527163760189;0.40576902378646
simple_heuristic;mongo;-0.6318527163760189;0.40576902378646
simple_heuristic;mongo;-0.5057179810436158;0.40576902378646
simple_heuristic;mongo;0.10589185635599828;0.40576902378646
simple_heuristic;mongo;0.10589185635599828;0.40576902378646
simple_heuristic;mongo;0.10589185635599828;0.40576902378646
simple_heuristic;mongo;0.10589185635599828;0.40576902378646
simple_heuristic;mongo;0.0952297669883858;0.40576902378646
simple_heuristic;mongo;0.0952297669883858;0.40576902378646
simple_heuristic;mongo;0.0952297669883858;0.40576902378646
simple_heuristic;mongo;0.0952297669883858;0.40576902378646
simple_heuristic;mongo;0.09119159912881847;0.40576902378646
simple_heuristic;mongo;0.09119159912881847;0.40576902378646
simple_heuristic;mongo;0.09119159912881847;0.40576902378646
simple_heuristic;mongo;0.09119159912881847;0.40576902378646
simple_heuristic;mongo;0.09286002281801169;0.40576902378646
simple_heuristic;mongo;0.09286002281801169;0.40576902378646
simple_heuristic;mongo;0.09286002281801169;0.40576902378646
simple_heuristic;mongo;0.09286002281801169;0.40576902378646
simple_heuristic;mongo;-0.3142439136847305;0.40576902378646
simple_heuristic;mongo;-0.3142439136847305;0.40576902378646
simple_heuristic;mongo;-0.3142439136847305;0.40576902378646
simple_heuristic;mongo;-0.3142439136847305;0.40576902378646
simple_heuristic;mongo;-0.3142439136847305;0.40576902378646
simple_heuristic;mongo;-0.3142439136847305;0.40576902378646
simple_heuristic;mongo;-0.3142439136847305;0.40576902378646
simple_heuristic;mongo;-0.3142439136847305;0.40576902378646
simple_heuristic;mongo;-0.3142439136847305;0.40576902378646
simple_heuristic;mongo;-0.3142439136847305;0.40576902378646
simple_heuristic;mongo;-0.3142439136847305;0.40576902378646
simple_heuristic;mongo;-0.3142439136847305;0.40576902378646
simple_heuristic;mongo;-0.3142439136847305;0.40576902378646
simple_heuristic;mongo;-0.3142439136847305;0.40576902378646
simple_heuristic;mongo;-0.3142439136847305;0.40576902378646
simple_heuristic;mongo;-0.3142439136847305;0.40576902378646
simple_heuristic;mongo;-0.3142439136847305;0.40576902378646
simple_heuristic;mongo;-0.5230122361297774;0.40576902378646
simple_heuristic;mongo;-0.5230122361297774;0.40576902378646
simple_heuristic;mongo;-0.5230122361297774;0.40576902378646
simple_heuristic;mongo;-0.5230122361297774;0.40576902378646
simple_heuristic;mongo;-0.5230122361297774;0.40576902378646
simple_heuristic;mongo;-0.5230122361297774;0.40576902378646
simple_heuristic;mongo;-0.5230122361297774;0.40576902378646
simple_heuristic;mongo;-0.5230122361297774;0.40576902378646
simple_heuristic;mongo;-0.5230122361297774;0.40576902378646
simple_heuristic;mongo;-0.5230122361297774;0.40576902378646
simple_heuristic;mongo;-0.5230122361297774;0.40576902378646
simple_heuristic;mongo;-0.5230122361297774;0.40576902378646
simple_heuristic;mongo;-0.5230122361297774;0.40576902378646
simple_heuristic;mongo;-0.5230122361297774;0.40576902378646
simple_heuristic;mongo;-0.5230122361297774;0.40576902378646
simple_heuristic;mongo;-0.5230122361297774;0.40576902378646
simple_heuristic;mongo;-0.5230122361297774;0.40576902378646
simple_heuristic;mongo;-0.6312586237245404;0.40576902378646
simple_heuristic;mongo;-0.6312586237245404;0.40576902378646
simple_heuristic;mongo;-0.6312586237245404;0.40576902378646
simple_heuristic;mongo;-0.6312586237245404;0.40576902378646
simple_heuristic;mongo;-0.6312586237245404;0.40576902378646
simple_heuristic;mongo;-0.6312586237245404;0.40576902378646
simple_heuristic;mongo;-0.6312586237245404;0.40576902378646
simple_heuristic;mongo;-0.6312586237245404;0.40576902378646
simple_heuristic;mongo;-0.6312586237245404;0.40576902378646
simple_heuristic;mongo;-0.6312586237245404;0.40576902378646
simple_heuristic;mongo;-0.6312586237245404;0.40576902378646
simple_heuristic;mongo;-0.6312586237245404;0.40576902378646
simple_heuristic;mongo;-0.6312586237245404;0.40576902378646
simple_heuristic;mongo;-0.6312586237245404;0.40576902378646
simple_heuristic;mongo;-0.6312586237245404;0.40576902378646
simple_heuristic;mongo;-0.6312586237245404;0.40576902378646
simple_heuristic;mongo;-0.6312586237245404;0.40576902378646
simple_heuristic;mongo;-0.7071467981956547;0.40576902378646
simple_heuristic;mongo;-0.7071467981956547;0.40576902378646
simple_heuristic;mongo;-0.7071467981956547;0.40576902378646
simple_heuristic;mongo;-0.7071467981956547;0.40576902378646
simple_heuristic;mongo;-0.7071467981956547;0.40576902378646
simple_heuristic;mongo;-0.7071467981956547;0.40576902378646
simple_heuristic;mongo;-0.7071467981956547;0.40576902378646
simple_heuristic;mongo;-0.7071467981956547;0.40576902378646
simple_heuristic;mongo;-0.7071467981956547;0.40576902378646
simple_heuristic;mongo;-0.7071467981956547;0.40576902378646
simple_heuristic;mongo;-0.7071467981956547;0.40576902378646
simple_heuristic;mongo;-0.7071467981956547;0.40576902378646
simple_heuristic;mongo;-0.7071467981956547;0.40576902378646
simple_heuristic;mongo;-0.7071467981956547;0.40576902378646
simple_heuristic;mongo;-0.7071467981956547;0.40576902378646
simple_heuristic;mongo;-0.7071467981956547;0.40576902378646
simple_heuristic;mongo;-0.7071467981956547;0.40576902378646
simple_heuristic;mongo;-0.6219151567668892;0.40576902378646
simple_heuristic;mongo;-0.49206592505676006;0.40576902378646
simple_heuristic;mongo;-0.5684107275114052;0.40576902378646
simple_heuristic;mongo;-0.5684107275114052;0.40576902378646
simple_heuristic;neo4j;-0.2595258579485709;2.1481481481481484
simple_heuristic;neo4j;-0.2595258579485709;2.1481481481481484
simple_heuristic;neo4j;-0.35193110077674233;2.1481481481481484
simple_heuristic;neo4j;-0.35193110077674233;2.1481481481481484
simple_heuristic;neo4j;0.011013333209275184;0.40576902378646
simple_heuristic;neo4j;0.011013333209275184;0.40576902378646
simple_heuristic;neo4j;0.011013333209275184;0.40576902378646
simple_heuristic;neo4j;0.011013333209275184;0.40576902378646
simple_heuristic;neo4j;0.2479456648315134;0.40576902378646
simple_heuristic;neo4j;1.0041272937686019;0.40576902378646
simple_heuristic;neo4j;1.0041272937686019;0.40576902378646
simple_heuristic;neo4j;1.169570931813232;0.40576902378646
simple_heuristic;neo4j;1.169570931813232;0.40576902378646
simple_heuristic;neo4j;-0.02794075659608848;2.1481481481481484
simple_heuristic;neo4j;-0.02794075659608848;2.1481481481481484
simple_heuristic;neo4j;-0.02794075659608848;2.1481481481481484
simple_heuristic;neo4j;-0.02794075659608848;2.1481481481481484
simple_heuristic;neo4j;-0.02794075659608848;2.1481481481481484
simple_heuristic;neo4j;-0.1923910580219375;2.1481481481481484
simple_heuristic;neo4j;-0.1923910580219375;2.1481481481481484
simple_heuristic;neo4j;-0.1923910580219375;2.1481481481481484
simple_heuristic;neo4j;-0.1923910580219375;2.1481481481481484
simple_heuristic;neo4j;-0.1923910580219375;2.1481481481481484
simple_heuristic;neo4j;0.5453252725957669;0.40576902378646
simple_heuristic;neo4j;0.7671991443355592;0.40576902378646
simple_heuristic;neo4j;0.013108552764277331;0.40576902378646
simple_heuristic;neo4j;1.5106605527012074;0.40576902378646
simple_heuristic;neo4j;1.5106605527012074;0.40576902378646
simple_heuristic;neo4j;1.5106605527012074;0.40576902378646
simple_heuristic;neo4j;1.4078343479310762;0.40576902378646
simple_heuristic;neo4j;1.4078343479310762;0.40576902378646
simple_heuristic;neo4j;1.4078343479310762;0.40576902378646
simple_heuristic;neo4j;0.14473625322568837;2.1481481481481484
simple_heuristic;neo4j;0.14473625322568837;2.1481481481481484
simple_heuristic;neo4j;0.14473625322568837;2.1481481481481484
simple_heuristic;neo4j;0.14473625322568837;2.1481481481481484
simple_heuristic;neo4j;0.14473625322568837;2.1481481481481484
simple_heuristic;neo4j;0.14473625322568837;2.1481481481481484
simple_heuristic;neo4j;0.14473625322568837;2.1481481481481484
simple_heuristic;neo4j;0.14473625322568837;2.1481481481481484
simple_heuristic;neo4j;0.14473625322568837;2.1481481481481484
simple_heuristic;neo4j;0.14473625322568837;2.1481481481481484
simple_heuristic;neo4j;0.14473625322568837;2.1481481481481484
simple_heuristic;neo4j;0.14473625322568837;2.1481481481481484
simple_heuristic;neo4j;0.14473625322568837;2.1481481481481484
simple_heuristic;neo4j;0.14473625322568837;2.1481481481481484
simple_heuristic;neo4j;0.14473625322568837;2.1481481481481484
simple_heuristic;neo4j;0.14473625322568837;2.1481481481481484
simple_heuristic;neo4j;0.14473625322568837;2.1481481481481484
simple_heuristic;neo4j;0.14473625322568837;2.1481481481481484
simple_heuristic;neo4j;0.14473625322568837;2.1481481481481484
simple_heuristic;neo4j;0.14473625322568837;2.1481481481481484
simple_heuristic;neo4j;0.14473625322568837;2.1481481481481484
simple_heuristic;neo4j;0.14473625322568837;2.1481481481481484
simple_heuristic;neo4j;0.14473625322568837;2.1481481481481484
simple_heuristic;neo4j;0.14473625322568837;2.1481481481481484
simple_heuristic;neo4j;0.14473625322568837;2.1481481481481484
simple_heuristic;neo4j;0.14473625322568837;2.1481481481481484
simple_heuristic;neo4j;0.14473625322568837;2.1481481481481484
simple_heuristic;neo4j;0.14473625322568837;2.1481481481481484
simple_heuristic;neo4j;0.14473625322568837;2.1481481481481484
simple_heuristic;neo4j;0.17251204719982827;2.1481481481481484
simple_heuristic;neo4j;0.17251204719982827;2.1481481481481484
simple_heuristic;neo4j;0.17251204719982827;2.1481481481481484
simple_heuristic;neo4j;0.17251204719982827;2.1481481481481484
simple_heuristic;neo4j;0.17251204719982827;2.1481481481481484
simple_heuristic;neo4j;0.17251204719982827;2.1481481481481484
simple_heuristic;neo4j;0.17251204719982827;2.1481481481481484
simple_heuristic;neo4j;0.17251204719982827;2.1481481481481484
simple_heuristic;neo4j;0.17251204719982827;2.1481481481481484
simple_heuristic;neo4j;0.17251204719982827;2.1481481481481484
simple_heuristic;neo4j;0.17251204719982827;2.1481481481481484
simple_heuristic;neo4j;0.17251204719982827;2.1481481481481484
simple_heuristic;neo4j;0.17251204719982827;2.1481481481481484
simple_heuristic;neo4j;0.17251204719982827;2.1481481481481484
simple_heuristic;neo4j;0.17251204719982827;2.1481481481481484
simple_heuristic;neo4j;0.17251204719982827;2.1481481481481484
simple_heuristic;neo4j;0.17251204719982827;2.1481481481481484
simple_heuristic;neo4j;0.17251204719982827;2.1481481481481484
simple_heuristic;neo4j;0.17251204719982827;2.1481481481481484
simple_heuristic;neo4j;0.17251204719982827;2.1481481481481484
simple_heuristic;neo4j;0.17251204719982827;2.1481481481481484
simple_heuristic;neo4j;0.17251204719982827;2.1481481481481484
simple_heuristic;neo4j;0.17251204719982827;2.1481481481481484
simple_heuristic;neo4j;0.17251204719982827;2.1481481481481484
simple_heuristic;neo4j;0.17251204719982827;2.1481481481481484
simple_heuristic;neo4j;0.17251204719982827;2.1481481481481484
simple_heuristic;neo4j;0.17251204719982827;2.1481481481481484
simple_heuristic;neo4j;0.17251204719982827;2.1481481481481484
simple_heuristic;neo4j;0.17251204719982827;2.1481481481481484
simple_heuristic;neo4j;0.23221888349660041;2.1481481481481484
simple_heuristic;neo4j;0.23221888349660041;2.1481481481481484
simple_heuristic;neo4j;0.23221888349660041;2.1481481481481484
simple_heuristic;neo4j;0.23221888349660041;2.1481481481481484
simple_heuristic;neo4j;0.23221888349660041;2.1481481481481484
simple_heuristic;neo4j;0.23221888349660041;2.1481481481481484
simple_heuristic;neo4j;0.23221888349660041;2.1481481481481484
simple_heuristic;neo4j;0.23221888349660041;2.1481481481481484
simple_heuristic;neo4j;0.23221888349660041;2.1481481481481484
simple_heuristic;neo4j;0.23221888349660041;2.1481481481481484
simple_heuristic;neo4j;0.23221888349660041;2.1481481481481484
simple_heuristic;neo4j;0.23221888349660041;2.1481481481481484
simple_heuristic;neo4j;0.23221888349660041;2.1481481481481484
simple_heuristic;neo4j;0.23221888349660041;2.1481481481481484
simple_heuristic;neo4j;0.23221888349660041;2.1481481481481484
simple_heuristic;neo4j;0.23221888349660041;2.1481481481481484
simple_heuristic;neo4j;0.23221888349660041;2.1481481481481484
simple_heuristic;neo4j;0.23221888349660041;2.1481481481481484
simple_heuristic;neo4j;0.23221888349660041;2.1481481481481484
simple_heuristic;neo4j;0.23221888349660041;2.1481481481481484
simple_heuristic;neo4j;0.23221888349660041;2.1481481481481484
simple_heuristic;neo4j;0.23221888349660041;2.1481481481481484
simple_heuristic;neo4j;0.23221888349660041;2.1481481481481484
simple_heuristic;neo4j;0.23221888349660041;2.1481481481481484
simple_heuristic;neo4j;0.23221888349660041;2.1481481481481484
simple_heuristic;neo4j;0.23221888349660041;2.1481481481481484
simple_heuristic;neo4j;0.23221888349660041;2.1481481481481484
simple_heuristic;neo4j;0.23221888349660041;2.1481481481481484
simple_heuristic;neo4j;0.23221888349660041;2.1481481481481484
simple_heuristic;neo4j;0.19387180274222815;2.1481481481481484
simple_heuristic;neo4j;0.19387180274222815;2.1481481481481484
simple_heuristic;neo4j;0.19387180274222815;2.1481481481481484
simple_heuristic;neo4j;0.19387180274222815;2.1481481481481484
simple_heuristic;neo4j;0.19387180274222815;2.1481481481481484
simple_heuristic;neo4j;0.19387180274222815;2.1481481481481484
simple_heuristic;neo4j;0.19387180274222815;2.1481481481481484
simple_heuristic;neo4j;0.19387180274222815;2.1481481481481484
simple_heuristic;neo4j;0.19387180274222815;2.1481481481481484
simple_heuristic;neo4j;0.19387180274222815;2.1481481481481484
simple_heuristic;neo4j;0.19387180274222815;2.1481481481481484
simple_heuristic;neo4j;0.19387180274222815;2.1481481481481484
simple_heuristic;neo4j;0.19387180274222815;2.1481481481481484
simple_heuristic;neo4j;0.19387180274222815;2.1481481481481484
simple_heuristic;neo4j;0.19387180274222815;2.1481481481481484
simple_heuristic;neo4j;0.19387180274222815;2.1481481481481484
simple_heuristic;neo4j;0.19387180274222815;2.1481481481481484
simple_heuristic;neo4j;0.19387180274222815;2.1481481481481484
simple_heuristic;neo4j;0.19387180274222815;2.1481481481481484
simple_heuristic;neo4j;0.19387180274222815;2.1481481481481484
simple_heuristic;neo4j;0.19387180274222815;2.1481481481481484
simple_heuristic;neo4j;0.19387180274222815;2.1481481481481484
simple_heuristic;neo4j;0.19387180274222815;2.1481481481481484
simple_heuristic;neo4j;0.19387180274222815;2.1481481481481484
simple_heuristic;neo4j;0.19387180274222815;2.1481481481481484
simple_heuristic;neo4j;0.19387180274222815;2.1481481481481484
simple_heuristic;neo4j;0.19387180274222815;2.1481481481481484
simple_heuristic;neo4j;0.19387180274222815;2.1481481481481484
simple_heuristic;neo4j;0.19387180274222815;2.1481481481481484
simple_heuristic;neo4j;0.44961204864075016;2.1481481481481484
simple_heuristic;neo4j;0.44961204864075016;2.1481481481481484
simple_heuristic;neo4j;0.44961204864075016;2.1481481481481484
simple_heuristic;neo4j;0.44961204864075016;2.1481481481481484
simple_heuristic;neo4j;0.44961204864075016;2.1481481481481484
simple_heuristic;neo4j;0.44961204864075016;2.1481481481481484
simple_heuristic;neo4j;0.44961204864075016;2.1481481481481484
simple_heuristic;neo4j;0.44961204864075016;2.1481481481481484
simple_heuristic;neo4j;0.44961204864075016;2.1481481481481484
simple_heuristic;neo4j;0.44961204864075016;2.1481481481481484
simple_heuristic;neo4j;0.44961204864075016;2.1481481481481484
simple_heuristic;neo4j;0.44961204864075016;2.1481481481481484
simple_heuristic;neo4j;0.44961204864075016;2.1481481481481484
simple_heuristic;neo4j;0.44961204864075016;2.1481481481481484
simple_heuristic;neo4j;0.44961204864075016;2.1481481481481484
simple_heuristic;neo4j;0.44961204864075016;2.1481481481481484
simple_heuristic;neo4j;0.44961204864075016;2.1481481481481484
simple_heuristic;neo4j;0.44961204864075016;2.1481481481481484
simple_heuristic;neo4j;0.44961204864075016;2.1481481481481484
simple_heuristic;neo4j;0.44961204864075016;2.1481481481481484
simple_heuristic;neo4j;0.44961204864075016;2.1481481481481484
simple_heuristic;neo4j;0.44961204864075016;2.1481481481481484
simple_heuristic;neo4j;0.44961204864075016;2.1481481481481484
simple_heuristic;neo4j;0.44961204864075016;2.1481481481481484
simple_heuristic;neo4j;0.44961204864075016;2.1481481481481484
simple_heuristic;neo4j;0.44961204864075016;2.1481481481481484
simple_heuristic;neo4j;0.44961204864075016;2.1481481481481484
simple_heuristic;neo4j;0.44961204864075016;2.1481481481481484
simple_heuristic;neo4j;0.44961204864075016;2.1481481481481484
simple_heuristic;neo4j;0.238075242122229;0.40576902378646
simple_heuristic;neo4j;0.012549231859431693;0.40576902378646
simple_heuristic;neo4j;0.012549231859431693;0.40576902378646
simple_heuristic;neo4j;0.00999197449040268;0.40576902378646
simple_heuristic;neo4j;0.00999197449040268;0.40576902378646
simple_heuristic;neo4j;0.45766686742813895;0.40576902378646
simple_heuristic;neo4j;0.45766686742813895;0.40576902378646
simple_heuristic;neo4j;0.7222296682645559;0.40576902378646
simple_heuristic;neo4j;0.7222296682645559;0.40576902378646
simple_heuristic;neo4j;0.7222296682645559;0.40576902378646
simple_heuristic;neo4j;0.521335239204944;0.40576902378646
simple_heuristic;neo4j;0.521335239204944;0.40576902378646
simple_heuristic;neo4j;0.521335239204944;0.40576902378646
simple_heuristic;neo4j;0.12588180636539686;2.1481481481481484
simple_heuristic;neo4j;0.12588180636539686;2.1481481481481484
simple_heuristic;neo4j;0.12588180636539686;2.1481481481481484
simple_heuristic;neo4j;0.12588180636539686;2.1481481481481484
simple_heuristic;neo4j;0.12588180636539686;2.1481481481481484
simple_heuristic;neo4j;0.12588180636539686;2.1481481481481484
simple_heuristic;neo4j;0.12588180636539686;2.1481481481481484
simple_heuristic;neo4j;0.12588180636539686;2.1481481481481484
simple_heuristic;neo4j;0.05556225563339349;2.1481481481481484
simple_heuristic;neo4j;0.05556225563339349;2.1481481481481484
simple_heuristic;neo4j;0.05556225563339349;2.1481481481481484
simple_heuristic;neo4j;0.05556225563339349;2.1481481481481484
simple_heuristic;neo4j;0.05556225563339349;2.1481481481481484
simple_heuristic;neo4j;0.05556225563339349;2.1481481481481484
simple_heuristic;neo4j;0.05556225563339349;2.1481481481481484
simple_heuristic;neo4j;0.05556225563339349;2.1481481481481484
simple_heuristic;neo4j;0.3369991773597474;2.1481481481481484
simple_heuristic;neo4j;0.3369991773597474;2.1481481481481484
simple_heuristic;neo4j;0.3369991773597474;2.1481481481481484
simple_heuristic;neo4j;0.3369991773597474;2.1481481481481484
simple_heuristic;neo4j;0.3369991773597474;2.1481481481481484
simple_heuristic;neo4j;0.3369991773597474;2.1481481481481484
simple_heuristic;neo4j;0.3369991773597474;2.1481481481481484
simple_heuristic;neo4j;0.3369991773597474;2.1481481481481484
simple_heuristic;neo4j;-0.2170794928180415;2.1481481481481484
simple_heuristic;neo4j;0.3589756200044159;0.40576902378646
simple_heuristic;neo4j;0.009420864428101644;0.40576902378646
simple_heuristic;neo4j;0.33233519079883694;0.40576902378646
simple_heuristic;neo4j;1.6150946436303948;0.40576902378646
simple_heuristic;neo4j;0.637224697108194;0.40576902378646
simple_heuristic;neo4j;1.416651451273906;0.40576902378646
simple_heuristic;neo4j;1.416651451273906;0.40576902378646
simple_heuristic;neo4j;1.416651451273906;0.40576902378646
simple_heuristic;neo4j;1.416651451273906;0.40576902378646
simple_heuristic;neo4j;1.7645153525534096;0.40576902378646
simple_heuristic;neo4j;1.7645153525534096;0.40576902378646
simple_heuristic;neo4j;1.7645153525534096;0.40576902378646
simple_heuristic;neo4j;1.7645153525534096;0.40576902378646
simple_heuristic;neo4j;1.9787820922468216;0.40576902378646
simple_heuristic;neo4j;1.9787820922468216;0.40576902378646
simple_heuristic;neo4j;1.9787820922468216;0.40576902378646
simple_heuristic;neo4j;1.9787820922468216;0.40576902378646
simple_heuristic;neo4j;2.244986508595429;0.40576902378646
simple_heuristic;neo4j;2.244986508595429;0.40576902378646
simple_heuristic;neo4j;2.244986508595429;0.40576902378646
simple_heuristic;neo4j;2.244986508595429;0.40576902378646
simple_heuristic;neo4j;1.4676717182776295;0.40576902378646
simple_heuristic;neo4j;1.4676717182776295;0.40576902378646
simple_heuristic;neo4j;1.4676717182776295;0.40576902378646
simple_heuristic;neo4j;1.4676717182776295;0.40576902378646
simple_heuristic;neo4j;1.4676717182776295;0.40576902378646
simple_heuristic;neo4j;1.4676717182776295;0.40576902378646
simple_heuristic;neo4j;1.6125210947370936;0.40576902378646
simple_heuristic;neo4j;1.6125210947370936;0.40576902378646
simple_heuristic;neo4j;1.6125210947370936;0.40576902378646
simple_heuristic;neo4j;1.6125210947370936;0.40576902378646
simple_heuristic;neo4j;1.6125210947370936;0.40576902378646
simple_heuristic;neo4j;1.6125210947370936;0.40576902378646
simple_heuristic;neo4j;1.5680536876553246;0.40576902378646
simple_heuristic;neo4j;1.5680536876553246;0.40576902378646
simple_heuristic;neo4j;1.5680536876553246;0.40576902378646
simple_heuristic;neo4j;1.5680536876553246;0.40576902378646
simple_heuristic;neo4j;1.5680536876553246;0.40576902378646
simple_heuristic;neo4j;1.5680536876553246;0.40576902378646
simple_heuristic;neo4j;1.7038500478524847;0.40576902378646
simple_heuristic;neo4j;1.7038500478524847;0.40576902378646
simple_heuristic;neo4j;1.7038500478524847;0.40576902378646
simple_heuristic;neo4j;1.7038500478524847;0.40576902378646
simple_heuristic;neo4j;1.7038500478524847;0.40576902378646
simple_heuristic;neo4j;1.7038500478524847;0.40576902378646
simple_heuristic;neo4j;0.5756945811803154;0.40576902378646
simple_heuristic;neo4j;0.5756945811803154;0.40576902378646
simple_heuristic;neo4j;0.5756945811803154;0.40576902378646
simple_heuristic;neo4j;0.6751837420613883;0.40576902378646
simple_heuristic;neo4j;0.6751837420613883;0.40576902378646
simple_heuristic;neo4j;0.6751837420613883;0.40576902378646
simple_heuristic;neo4j;0.07538929437448168;0.40576902378646
simple_heuristic;neo4j;0.5215606899420783;0.40576902378646
simple_heuristic;neo4j;0.462089425368677;0.40576902378646
simple_heuristic;neo4j;0.462089425368677;0.40576902378646
simple_heuristic;neo4j;0.462089425368677;0.40576902378646
simple_heuristic;neo4j;0.16610086323563475;0.40576902378646
simple_heuristic;neo4j;0.16610086323563475;0.40576902378646
simple_heuristic;neo4j;0.16610086323563475;0.40576902378646
simple_heuristic;neo4j;0.46662873266448074;0.40576902378646
simple_heuristic;neo4j;0.46662873266448074;0.40576902378646
simple_heuristic;neo4j;-0.2791145754025546;2.1481481481481484
simple_heuristic;neo4j;-0.2791145754025546;2.1481481481481484
simple_heuristic;neo4j;0.07629338483156313;0.40576902378646
simple_heuristic;neo4j;0.07629338483156313;0.40576902378646
simple_heuristic;neo4j;0.07629338483156313;0.40576902378646
simple_heuristic;neo4j;0.07629338483156313;0.40576902378646
simple_heuristic;neo4j;0.07629338483156313;0.40576902378646
simple_heuristic;neo4j;0.07629338483156313;0.40576902378646
simple_heuristic;neo4j;0.07629338483156313;0.40576902378646
simple_heuristic;neo4j;0.07629338483156313;0.40576902378646
simple_heuristic;neo4j;-0.08418600873056177;0.40576902378646
simple_heuristic;neo4j;-0.08418600873056177;0.40576902378646
simple_heuristic;neo4j;-0.08418600873056177;0.40576902378646
simple_heuristic;neo4j;-0.08418600873056177;0.40576902378646
simple_heuristic;neo4j;-0.08418600873056177;0.40576902378646
simple_heuristic;neo4j;-0.08418600873056177;0.40576902378646
simple_heuristic;neo4j;-0.08418600873056177;0.40576902378646
simple_heuristic;neo4j;-0.08418600873056177;0.40576902378646
simple_heuristic;neo4j;0.3185334329570394;0.40576902378646
simple_heuristic;neo4j;0.3185334329570394;0.40576902378646
simple_heuristic;neo4j;0.3185334329570394;0.40576902378646
simple_heuristic;neo4j;0.3185334329570394;0.40576902378646
simple_heuristic;neo4j;0.3185334329570394;0.40576902378646
simple_heuristic;neo4j;0.3185334329570394;0.40576902378646
simple_heuristic;neo4j;0.3185334329570394;0.40576902378646
simple_heuristic;neo4j;0.3185334329570394;0.40576902378646
simple_heuristic;neo4j;1.0312342233491596;0.40576902378646
simple_heuristic;neo4j;1.1668213744869769;0.40576902378646
simple_heuristic;neo4j;1.677122176785342;0.40576902378646
simple_heuristic;neo4j;1.677122176785342;0.40576902378646
simple_heuristic;neo4j;1.677122176785342;0.40576902378646
simple_heuristic;neo4j;1.677122176785342;0.40576902378646
simple_heuristic;neo4j;1.677122176785342;0.40576902378646
simple_heuristic;neo4j;1.476574126310058;0.40576902378646
simple_heuristic;neo4j;1.476574126310058;0.40576902378646
simple_heuristic;neo4j;1.476574126310058;0.40576902378646
simple_heuristic;neo4j;1.476574126310058;0.40576902378646
simple_heuristic;neo4j;1.476574126310058;0.40576902378646
simple_heuristic;neo4j;1.4303452279917448;0.40576902378646
simple_heuristic;neo4j;1.4303452279917448;0.40576902378646
simple_heuristic;neo4j;1.4303452279917448;0.40576902378646
simple_heuristic;neo4j;1.4303452279917448;0.40576902378646
simple_heuristic;neo4j;1.4303452279917448;0.40576902378646
simple_heuristic;neo4j;-0.06295345329708317;0.40576902378646
simple_heuristic;neo4j;0.11485462921184553;0.40576902378646
simple_heuristic;neo4j;0.5942238334485233;0.40576902378646
simple_heuristic;neo4j;0.3456878319005326;0.40576902378646
simple_heuristic;neo4j;0.3456878319005326;0.40576902378646
simple_heuristic;neo4j;0.3456878319005326;0.40576902378646
simple_heuristic;neo4j;0.3456878319005326;0.40576902378646
simple_heuristic;neo4j;0.27106082344327725;0.40576902378646
simple_heuristic;neo4j;0.27106082344327725;0.40576902378646
simple_heuristic;neo4j;0.27106082344327725;0.40576902378646
simple_heuristic;neo4j;0.27106082344327725;0.40576902378646
simple_heuristic;neo4j;0.010904642308634664;0.40576902378646
simple_heuristic;neo4j;0.5168272808034166;0.40576902378646
simple_heuristic;neo4j;0.013602716216314736;2.1481481481481484
simple_heuristic;neo4j;0.013602716216314736;2.1481481481481484
simple_heuristic;neo4j;0.013602716216314736;2.1481481481481484
simple_heuristic;neo4j;0.013602716216314736;2.1481481481481484
simple_heuristic;neo4j;0.01347258555579747;2.1481481481481484
simple_heuristic;neo4j;0.01347258555579747;2.1481481481481484
simple_heuristic;neo4j;0.01347258555579747;2.1481481481481484
simple_heuristic;neo4j;0.01347258555579747;2.1481481481481484
simple_heuristic;neo4j;0.014140992660896037;2.1481481481481484
simple_heuristic;neo4j;0.014140992660896037;2.1481481481481484
simple_heuristic;neo4j;0.014140992660896037;2.1481481481481484
simple_heuristic;neo4j;0.014140992660896037;2.1481481481481484
simple_heuristic;neo4j;1.291284347104095;0.40576902378646
simple_heuristic;neo4j;1.4188434514514514;0.40576902378646
simple_heuristic;neo4j;0.5684004124050425;0.40576902378646
simple_heuristic;neo4j;0.3905376542098214;0.40576902378646
simple_heuristic;neo4j;0.3905376542098214;0.40576902378646
simple_heuristic;neo4j;0.3905376542098214;0.40576902378646
simple_heuristic;neo4j;0.3905376542098214;0.40576902378646
simple_heuristic;neo4j;0.3905376542098214;0.40576902378646
simple_heuristic;neo4j;0.020181115177668685;2.1481481481481484
simple_heuristic;neo4j;0.020181115177668685;2.1481481481481484
simple_heuristic;neo4j;-0.1064631054440175;2.1481481481481484
simple_heuristic;neo4j;-0.1064631054440175;2.1481481481481484
simple_heuristic;neo4j;0.8563896374507678;0.40576902378646
simple_heuristic;neo4j;0.8563896374507678;0.40576902378646
simple_heuristic;neo4j;0.8563896374507678;0.40576902378646
simple_heuristic;neo4j;0.2936706220656235;0.40576902378646
simple_heuristic;neo4j;0.2936706220656235;0.40576902378646
simple_heuristic;neo4j;0.2936706220656235;0.40576902378646
simple_heuristic;neo4j;-0.010391259483757909;2.1481481481481484
simple_heuristic;neo4j;-0.010391259483757909;2.1481481481481484
simple_heuristic;neo4j;-0.010391259483757909;2.1481481481481484
simple_heuristic;neo4j;-0.05119530147483102;2.1481481481481484
simple_heuristic;neo4j;-0.05119530147483102;2.1481481481481484
simple_heuristic;neo4j;-0.05119530147483102;2.1481481481481484
simple_heuristic;neo4j;-0.1843542961382572;2.1481481481481484
simple_heuristic;neo4j;-0.1843542961382572;2.1481481481481484
simple_heuristic;neo4j;-0.1843542961382572;2.1481481481481484
simple_heuristic;neo4j;0.007206229933871455;0.40576902378646
simple_heuristic;neo4j;0.6558909967355228;2.1481481481481484
simple_heuristic;neo4j;0.6558909967355228;2.1481481481481484
simple_heuristic;neo4j;0.6558909967355228;2.1481481481481484
simple_heuristic;neo4j;0.6558909967355228;2.1481481481481484
simple_heuristic;neo4j;0.6558909967355228;2.1481481481481484
simple_heuristic;neo4j;0.6558909967355228;2.1481481481481484
simple_heuristic;neo4j;0.6558909967355228;2.1481481481481484
simple_heuristic;neo4j;0.6558909967355228;2.1481481481481484
simple_heuristic;neo4j;0.6558909967355228;2.1481481481481484
simple_heuristic;neo4j;0.6558909967355228;2.1481481481481484
simple_heuristic;neo4j;0.6558909967355228;2.1481481481481484
simple_heuristic;neo4j;0.6558909967355228;2.1481481481481484
simple_heuristic;neo4j;0.6558909967355228;2.1481481481481484
simple_heuristic;neo4j;0.6558909967355228;2.1481481481481484
simple_heuristic;neo4j;0.6558909967355228;2.1481481481481484
simple_heuristic;neo4j;0.6558909967355228;2.1481481481481484
simple_heuristic;neo4j;0.6558909967355228;2.1481481481481484
simple_heuristic;neo4j;0.6558909967355228;2.1481481481481484
simple_heuristic;neo4j;0.6558909967355228;2.1481481481481484
simple_heuristic;neo4j;0.6558909967355228;2.1481481481481484
simple_heuristic;neo4j;0.6558909967355228;2.1481481481481484
simple_heuristic;neo4j;0.4014539126376674;2.1481481481481484
simple_heuristic;neo4j;0.4014539126376674;2.1481481481481484
simple_heuristic;neo4j;0.4014539126376674;2.1481481481481484
simple_heuristic;neo4j;0.4014539126376674;2.1481481481481484
simple_heuristic;neo4j;0.4014539126376674;2.1481481481481484
simple_heuristic;neo4j;0.4014539126376674;2.1481481481481484
simple_heuristic;neo4j;0.4014539126376674;2.1481481481481484
simple_heuristic;neo4j;0.4014539126376674;2.1481481481481484
simple_heuristic;neo4j;0.4014539126376674;2.1481481481481484
simple_heuristic;neo4j;0.4014539126376674;2.1481481481481484
simple_heuristic;neo4j;0.4014539126376674;2.1481481481481484
simple_heuristic;neo4j;0.4014539126376674;2.1481481481481484
simple_heuristic;neo4j;0.4014539126376674;2.1481481481481484
simple_heuristic;neo4j;0.4014539126376674;2.1481481481481484
simple_heuristic;neo4j;0.4014539126376674;2.1481481481481484
simple_heuristic;neo4j;0.4014539126376674;2.1481481481481484
simple_heuristic;neo4j;0.4014539126376674;2.1481481481481484
simple_heuristic;neo4j;0.4014539126376674;2.1481481481481484
simple_heuristic;neo4j;0.4014539126376674;2.1481481481481484
simple_heuristic;neo4j;0.4014539126376674;2.1481481481481484
simple_heuristic;neo4j;0.4014539126376674;2.1481481481481484
simple_heuristic;neo4j;0.757589348746669;2.1481481481481484
simple_heuristic;neo4j;0.757589348746669;2.1481481481481484
simple_heuristic;neo4j;0.757589348746669;2.1481481481481484
simple_heuristic;neo4j;0.757589348746669;2.1481481481481484
simple_heuristic;neo4j;0.757589348746669;2.1481481481481484
simple_heuristic;neo4j;0.757589348746669;2.1481481481481484
simple_heuristic;neo4j;0.757589348746669;2.1481481481481484
simple_heuristic;neo4j;0.757589348746669;2.1481481481481484
simple_heuristic;neo4j;0.757589348746669;2.1481481481481484
simple_heuristic;neo4j;0.757589348746669;2.1481481481481484
simple_heuristic;neo4j;0.757589348746669;2.1481481481481484
simple_heuristic;neo4j;0.757589348746669;2.1481481481481484
simple_heuristic;neo4j;0.757589348746669;2.1481481481481484
simple_heuristic;neo4j;0.757589348746669;2.1481481481481484
simple_heuristic;neo4j;0.757589348746669;2.1481481481481484
simple_heuristic;neo4j;0.757589348746669;2.1481481481481484
simple_heuristic;neo4j;0.757589348746669;2.1481481481481484
simple_heuristic;neo4j;0.757589348746669;2.1481481481481484
simple_heuristic;neo4j;0.757589348746669;2.1481481481481484
simple_heuristic;neo4j;0.757589348746669;2.1481481481481484
simple_heuristic;neo4j;0.757589348746669;2.1481481481481484
simple_heuristic;neo4j;0.6273313933772572;2.1481481481481484
simple_heuristic;neo4j;0.6273313933772572;2.1481481481481484
simple_heuristic;neo4j;0.6273313933772572;2.1481481481481484
simple_heuristic;neo4j;0.6273313933772572;2.1481481481481484
simple_heuristic;neo4j;0.6273313933772572;2.1481481481481484
simple_heuristic;neo4j;0.6273313933772572;2.1481481481481484
simple_heuristic;neo4j;0.6273313933772572;2.1481481481481484
simple_heuristic;neo4j;0.6273313933772572;2.1481481481481484
simple_heuristic;neo4j;0.6273313933772572;2.1481481481481484
simple_heuristic;neo4j;0.6273313933772572;2.1481481481481484
simple_heuristic;neo4j;0.6273313933772572;2.1481481481481484
simple_heuristic;neo4j;0.6273313933772572;2.1481481481481484
simple_heuristic;neo4j;0.6273313933772572;2.1481481481481484
simple_heuristic;neo4j;0.6273313933772572;2.1481481481481484
simple_heuristic;neo4j;0.6273313933772572;2.1481481481481484
simple_heuristic;neo4j;0.6273313933772572;2.1481481481481484
simple_heuristic;neo4j;0.6273313933772572;2.1481481481481484
simple_heuristic;neo4j;0.6273313933772572;2.1481481481481484
simple_heuristic;neo4j;0.6273313933772572;2.1481481481481484
simple_heuristic;neo4j;0.6273313933772572;2.1481481481481484
simple_heuristic;neo4j;0.6273313933772572;2.1481481481481484
simple_heuristic;neo4j;0.8549805443925023;2.1481481481481484
simple_heuristic;neo4j;0.8549805443925023;2.1481481481481484
simple_heuristic;neo4j;0.8549805443925023;2.1481481481481484
simple_heuristic;neo4j;0.8549805443925023;2.1481481481481484
simple_heuristic;neo4j;0.8549805443925023;2.1481481481481484
simple_heuristic;neo4j;0.8549805443925023;2.1481481481481484
simple_heuristic;neo4j;0.8549805443925023;2.1481481481481484
simple_heuristic;neo4j;0.8549805443925023;2.1481481481481484
simple_heuristic;neo4j;0.8549805443925023;2.1481481481481484
simple_heuristic;neo4j;0.8549805443925023;2.1481481481481484
simple_heuristic;neo4j;0.8549805443925023;2.1481481481481484
simple_heuristic;neo4j;0.8549805443925023;2.1481481481481484
simple_heuristic;neo4j;0.8549805443925023;2.1481481481481484
simple_heuristic;neo4j;0.8549805443925023;2.1481481481481484
simple_heuristic;neo4j;0.8549805443925023;2.1481481481481484
simple_heuristic;neo4j;0.8549805443925023;2.1481481481481484
simple_heuristic;neo4j;0.8549805443925023;2.1481481481481484
simple_heuristic;neo4j;0.8549805443925023;2.1481481481481484
simple_heuristic;neo4j;0.8549805443925023;2.1481481481481484
simple_heuristic;neo4j;0.8549805443925023;2.1481481481481484
simple_heuristic;neo4j;0.8549805443925023;2.1481481481481484
simple_heuristic;neo4j;0.7387226280155142;2.1481481481481484
simple_heuristic;neo4j;0.7387226280155142;2.1481481481481484
simple_heuristic;neo4j;0.7387226280155142;2.1481481481481484
simple_heuristic;neo4j;0.7387226280155142;2.1481481481481484
simple_heuristic;neo4j;0.7387226280155142;2.1481481481481484
simple_heuristic;neo4j;0.7387226280155142;2.1481481481481484
simple_heuristic;neo4j;0.7387226280155142;2.1481481481481484
simple_heuristic;neo4j;0.7387226280155142;2.1481481481481484
simple_heuristic;neo4j;0.7387226280155142;2.1481481481481484
simple_heuristic;neo4j;0.7387226280155142;2.1481481481481484
simple_heuristic;neo4j;0.7387226280155142;2.1481481481481484
simple_heuristic;neo4j;0.7387226280155142;2.1481481481481484
simple_heuristic;neo4j;0.7387226280155142;2.1481481481481484
simple_heuristic;neo4j;0.7387226280155142;2.1481481481481484
simple_heuristic;neo4j;0.7387226280155142;2.1481481481481484
simple_heuristic;neo4j;0.7387226280155142;2.1481481481481484
simple_heuristic;neo4j;0.7387226280155142;2.1481481481481484
simple_heuristic;neo4j;0.7387226280155142;2.1481481481481484
simple_heuristic;neo4j;0.7387226280155142;2.1481481481481484
simple_heuristic;neo4j;0.7387226280155142;2.1481481481481484
simple_heuristic;neo4j;0.7387226280155142;2.1481481481481484
simple_heuristic;neo4j;0.1680489758486922;0.40576902378646
simple_heuristic;neo4j;0.1680489758486922;0.40576902378646
simple_heuristic;neo4j;0.1680489758486922;0.40576902378646
simple_heuristic;neo4j;0.1680489758486922;0.40576902378646
simple_heuristic;neo4j;0.1680489758486922;0.40576902378646
simple_heuristic;neo4j;0.1680489758486922;0.40576902378646
simple_heuristic;neo4j;0.1680489758486922;0.40576902378646
simple_heuristic;neo4j;0.1680489758486922;0.40576902378646
simple_heuristic;neo4j;0.1680489758486922;0.40576902378646
simple_heuristic;neo4j;0.15254056719053938;0.40576902378646
simple_heuristic;neo4j;0.15254056719053938;0.40576902378646
simple_heuristic;neo4j;0.15254056719053938;0.40576902378646
simple_heuristic;neo4j;0.15254056719053938;0.40576902378646
simple_heuristic;neo4j;0.15254056719053938;0.40576902378646
simple_heuristic;neo4j;0.15254056719053938;0.40576902378646
simple_heuristic;neo4j;0.15254056719053938;0.40576902378646
simple_heuristic;neo4j;0.15254056719053938;0.40576902378646
simple_heuristic;neo4j;0.15254056719053938;0.40576902378646
simple_heuristic;neo4j;0.1035447510812452;0.40576902378646
simple_heuristic;neo4j;0.1035447510812452;0.40576902378646
simple_heuristic;neo4j;0.1035447510812452;0.40576902378646
simple_heuristic;neo4j;0.1035447510812452;0.40576902378646
simple_heuristic;neo4j;0.1035447510812452;0.40576902378646
simple_heuristic;neo4j;0.1035447510812452;0.40576902378646
simple_heuristic;neo4j;0.1035447510812452;0.40576902378646
simple_heuristic;neo4j;0.1035447510812452;0.40576902378646
simple_heuristic;neo4j;0.1035447510812452;0.40576902378646
simple_heuristic;neo4j;0.1098938896604227;0.40576902378646
simple_heuristic;neo4j;0.1098938896604227;0.40576902378646
simple_heuristic;neo4j;0.1098938896604227;0.40576902378646
simple_heuristic;neo4j;0.1098938896604227;0.40576902378646
simple_heuristic;neo4j;0.1098938896604227;0.40576902378646
simple_heuristic;neo4j;0.1098938896604227;0.40576902378646
simple_heuristic;neo4j;0.1098938896604227;0.40576902378646
simple_heuristic;neo4j;0.1098938896604227;0.40576902378646
simple_heuristic;neo4j;0.1098938896604227;0.40576902378646
simple_heuristic;neo4j;0.012449203311018111;14.280303030303031
simple_heuristic;neo4j;0.011217111422233101;0.40576902378646
simple_heuristic;neo4j;0.005946123583488948;0.40576902378646
simple_heuristic;neo4j;0.2741844904899099;0.40576902378646
simple_heuristic;neo4j;-0.10035178620095551;2.1481481481481484
simple_heuristic;neo4j;-0.10035178620095551;2.1481481481481484
simple_heuristic;neo4j;-0.10035178620095551;2.1481481481481484
simple_heuristic;neo4j;-0.10035178620095551;2.1481481481481484
simple_heuristic;neo4j;-0.09129499320859456;2.1481481481481484
simple_heuristic;neo4j;-0.09129499320859456;2.1481481481481484
simple_heuristic;neo4j;-0.09129499320859456;2.1481481481481484
simple_heuristic;neo4j;-0.09129499320859456;2.1481481481481484
simple_heuristic;neo4j;-0.1050647371750889;2.1481481481481484
simple_heuristic;neo4j;0.48856163324313606;0.40576902378646
simple_heuristic;neo4j;0.011347336037637306;2.1481481481481484
simple_heuristic;neo4j;0.011347336037637306;2.1481481481481484
simple_heuristic;neo4j;0.011347336037637306;2.1481481481481484
simple_heuristic;neo4j;0.011347336037637306;2.1481481481481484
simple_heuristic;neo4j;0.011347336037637306;2.1481481481481484
simple_heuristic;neo4j;0.011347336037637306;2.1481481481481484
simple_heuristic;neo4j;0.011347336037637306;2.1481481481481484
simple_heuristic;neo4j;0.011347336037637306;2.1481481481481484
simple_heuristic;neo4j;0.011347336037637306;2.1481481481481484
simple_heuristic;neo4j;0.011347336037637306;2.1481481481481484
simple_heuristic;neo4j;0.011347336037637306;2.1481481481481484
simple_heuristic;neo4j;0.011347336037637306;2.1481481481481484
simple_heuristic;neo4j;0.011347336037637306;2.1481481481481484
simple_heuristic;neo4j;0.011347336037637306;2.1481481481481484
simple_heuristic;neo4j;0.011347336037637306;2.1481481481481484
simple_heuristic;neo4j;0.011347336037637306;2.1481481481481484
simple_heuristic;neo4j;0.011347336037637306;2.1481481481481484
simple_heuristic;neo4j;0.011347336037637306;2.1481481481481484
simple_heuristic;neo4j;0.011347336037637306;2.1481481481481484
simple_heuristic;neo4j;0.011347336037637306;2.1481481481481484
simple_heuristic;neo4j;0.011347336037637306;2.1481481481481484
simple_heuristic;neo4j;0.011347336037637306;2.1481481481481484
simple_heuristic;neo4j;0.011347336037637306;2.1481481481481484
simple_heuristic;neo4j;0.009965295588999161;2.1481481481481484
simple_heuristic;neo4j;0.009965295588999161;2.1481481481481484
simple_heuristic;neo4j;0.009965295588999161;2.1481481481481484
simple_heuristic;neo4j;0.009965295588999161;2.1481481481481484
simple_heuristic;neo4j;0.009965295588999161;2.1481481481481484
simple_heuristic;neo4j;0.009965295588999161;2.1481481481481484
simple_heuristic;neo4j;0.009965295588999161;2.1481481481481484
simple_heuristic;neo4j;0.009965295588999161;2.1481481481481484
simple_heuristic;neo4j;0.009965295588999161;2.1481481481481484
simple_heuristic;neo4j;0.009965295588999161;2.1481481481481484
simple_heuristic;neo4j;0.009965295588999161;2.1481481481481484
simple_heuristic;neo4j;0.009965295588999161;2.1481481481481484
simple_heuristic;neo4j;0.009965295588999161;2.1481481481481484
simple_heuristic;neo4j;0.009965295588999161;2.1481481481481484
simple_heuristic;neo4j;0.009965295588999161;2.1481481481481484
simple_heuristic;neo4j;0.009965295588999161;2.1481481481481484
simple_heuristic;neo4j;0.009965295588999161;2.1481481481481484
simple_heuristic;neo4j;0.009965295588999161;2.1481481481481484
simple_heuristic;neo4j;0.009965295588999161;2.1481481481481484
simple_heuristic;neo4j;0.009965295588999161;2.1481481481481484
simple_heuristic;neo4j;0.009965295588999161;2.1481481481481484
simple_heuristic;neo4j;0.009965295588999161;2.1481481481481484
simple_heuristic;neo4j;0.009965295588999161;2.1481481481481484
simple_heuristic;neo4j;0.011221647823984252;2.1481481481481484
simple_heuristic;neo4j;0.011221647823984252;2.1481481481481484
simple_heuristic;neo4j;0.011221647823984252;2.1481481481481484
simple_heuristic;neo4j;0.011221647823984252;2.1481481481481484
simple_heuristic;neo4j;0.011221647823984252;2.1481481481481484
simple_heuristic;neo4j;0.011221647823984252;2.1481481481481484
simple_heuristic;neo4j;0.011221647823984252;2.1481481481481484
simple_heuristic;neo4j;0.011221647823984252;2.1481481481481484
simple_heuristic;neo4j;0.011221647823984252;2.1481481481481484
simple_heuristic;neo4j;0.011221647823984252;2.1481481481481484
simple_heuristic;neo4j;0.011221647823984252;2.1481481481481484
simple_heuristic;neo4j;0.011221647823984252;2.1481481481481484
simple_heuristic;neo4j;0.011221647823984252;2.1481481481481484
simple_heuristic;neo4j;0.011221647823984252;2.1481481481481484
simple_heuristic;neo4j;0.011221647823984252;2.1481481481481484
simple_heuristic;neo4j;0.011221647823984252;2.1481481481481484
simple_heuristic;neo4j;0.011221647823984252;2.1481481481481484
simple_heuristic;neo4j;0.011221647823984252;2.1481481481481484
simple_heuristic;neo4j;0.011221647823984252;2.1481481481481484
simple_heuristic;neo4j;0.011221647823984252;2.1481481481481484
simple_heuristic;neo4j;0.011221647823984252;2.1481481481481484
simple_heuristic;neo4j;0.011221647823984252;2.1481481481481484
simple_heuristic;neo4j;0.011221647823984252;2.1481481481481484
simple_heuristic;neo4j;0.010977890522795951;2.1481481481481484
simple_heuristic;neo4j;0.010977890522795951;2.1481481481481484
simple_heuristic;neo4j;0.010977890522795951;2.1481481481481484
simple_heuristic;neo4j;0.010977890522795951;2.1481481481481484
simple_heuristic;neo4j;0.010977890522795951;2.1481481481481484
simple_heuristic;neo4j;0.010977890522795951;2.1481481481481484
simple_heuristic;neo4j;0.010977890522795951;2.1481481481481484
simple_heuristic;neo4j;0.010977890522795951;2.1481481481481484
simple_heuristic;neo4j;0.010977890522795951;2.1481481481481484
simple_heuristic;neo4j;0.010977890522795951;2.1481481481481484
simple_heuristic;neo4j;0.010977890522795951;2.1481481481481484
simple_heuristic;neo4j;0.010977890522795951;2.1481481481481484
simple_heuristic;neo4j;0.010977890522795951;2.1481481481481484
simple_heuristic;neo4j;0.010977890522795951;2.1481481481481484
simple_heuristic;neo4j;0.010977890522795951;2.1481481481481484
simple_heuristic;neo4j;0.010977890522795951;2.1481481481481484
simple_heuristic;neo4j;0.010977890522795951;2.1481481481481484
simple_heuristic;neo4j;0.010977890522795951;2.1481481481481484
simple_heuristic;neo4j;0.010977890522795951;2.1481481481481484
simple_heuristic;neo4j;0.010977890522795951;2.1481481481481484
simple_heuristic;neo4j;0.010977890522795951;2.1481481481481484
simple_heuristic;neo4j;0.010977890522795951;2.1481481481481484
simple_heuristic;neo4j;0.010977890522795951;2.1481481481481484
simple_heuristic;neo4j;0.009909388598092502;2.1481481481481484
simple_heuristic;neo4j;0.009909388598092502;2.1481481481481484
simple_heuristic;neo4j;0.009909388598092502;2.1481481481481484
simple_heuristic;neo4j;0.009909388598092502;2.1481481481481484
simple_heuristic;neo4j;0.009909388598092502;2.1481481481481484
simple_heuristic;neo4j;0.009909388598092502;2.1481481481481484
simple_heuristic;neo4j;0.009909388598092502;2.1481481481481484
simple_heuristic;neo4j;0.009909388598092502;2.1481481481481484
simple_heuristic;neo4j;0.009909388598092502;2.1481481481481484
simple_heuristic;neo4j;0.009909388598092502;2.1481481481481484
simple_heuristic;neo4j;0.009909388598092502;2.1481481481481484
simple_heuristic;neo4j;0.009909388598092502;2.1481481481481484
simple_heuristic;neo4j;0.009909388598092502;2.1481481481481484
simple_heuristic;neo4j;0.009909388598092502;2.1481481481481484
simple_heuristic;neo4j;0.009909388598092502;2.1481481481481484
simple_heuristic;neo4j;0.009909388598092502;2.1481481481481484
simple_heuristic;neo4j;0.009909388598092502;2.1481481481481484
simple_heuristic;neo4j;0.009909388598092502;2.1481481481481484
simple_heuristic;neo4j;0.009909388598092502;2.1481481481481484
simple_heuristic;neo4j;0.009909388598092502;2.1481481481481484
simple_heuristic;neo4j;0.009909388598092502;2.1481481481481484
simple_heuristic;neo4j;0.009909388598092502;2.1481481481481484
simple_heuristic;neo4j;0.009909388598092502;2.1481481481481484
simple_heuristic;neo4j;0.009821525006309253;2.1481481481481484
simple_heuristic;neo4j;0.009821525006309253;2.1481481481481484
simple_heuristic;neo4j;0.009821525006309253;2.1481481481481484
simple_heuristic;neo4j;0.009821525006309253;2.1481481481481484
simple_heuristic;neo4j;0.009821525006309253;2.1481481481481484
simple_heuristic;neo4j;0.009821525006309253;2.1481481481481484
simple_heuristic;neo4j;0.009821525006309253;2.1481481481481484
simple_heuristic;neo4j;0.009821525006309253;2.1481481481481484
simple_heuristic;neo4j;0.009821525006309253;2.1481481481481484
simple_heuristic;neo4j;0.009821525006309253;2.1481481481481484
simple_heuristic;neo4j;0.009821525006309253;2.1481481481481484
simple_heuristic;neo4j;0.009821525006309253;2.1481481481481484
simple_heuristic;neo4j;0.009821525006309253;2.1481481481481484
simple_heuristic;neo4j;0.009821525006309253;2.1481481481481484
simple_heuristic;neo4j;0.009821525006309253;2.1481481481481484
simple_heuristic;neo4j;0.009821525006309253;2.1481481481481484
simple_heuristic;neo4j;0.009821525006309253;2.1481481481481484
simple_heuristic;neo4j;0.009821525006309253;2.1481481481481484
simple_heuristic;neo4j;0.009821525006309253;2.1481481481481484
simple_heuristic;neo4j;0.009821525006309253;2.1481481481481484
simple_heuristic;neo4j;0.009821525006309253;2.1481481481481484
simple_heuristic;neo4j;0.009821525006309253;2.1481481481481484
simple_heuristic;neo4j;0.009821525006309253;2.1481481481481484
simple_heuristic;neo4j;0.009322943877676263;0.40576902378646
simple_heuristic;neo4j;0.15628260697414142;0.40576902378646
simple_heuristic;neo4j;0.15628260697414142;0.40576902378646
simple_heuristic;neo4j;-0.4591320452634078;2.1481481481481484
simple_heuristic;neo4j;0.013680761494419989;0.40576902378646
simple_heuristic;neo4j;0.43312960427419805;0.40576902378646
simple_heuristic;neo4j;-0.11720590175900245;2.1481481481481484
simple_heuristic;neo4j;-0.11720590175900245;2.1481481481481484
simple_heuristic;neo4j;1.3053967511858418;0.40576902378646
simple_heuristic;neo4j;1.3053967511858418;0.40576902378646
simple_heuristic;neo4j;1.3053967511858418;0.40576902378646
simple_heuristic;neo4j;1.6707733495792545;0.40576902378646
simple_heuristic;neo4j;1.6707733495792545;0.40576902378646
simple_heuristic;neo4j;1.6707733495792545;0.40576902378646
simple_heuristic;neo4j;0.966380945199953;0.40576902378646
simple_heuristic;neo4j;0.966380945199953;0.40576902378646
simple_heuristic;neo4j;0.966380945199953;0.40576902378646
simple_heuristic;neo4j;0.966380945199953;0.40576902378646
simple_heuristic;neo4j;0.966380945199953;0.40576902378646
simple_heuristic;neo4j;0.9817216122491764;0.40576902378646
simple_heuristic;neo4j;0.9817216122491764;0.40576902378646
simple_heuristic;neo4j;0.9817216122491764;0.40576902378646
simple_heuristic;neo4j;0.9817216122491764;0.40576902378646
simple_heuristic;neo4j;0.9817216122491764;0.40576902378646
simple_heuristic;neo4j;1.1313237999091112;0.40576902378646
simple_heuristic;neo4j;1.1313237999091112;0.40576902378646
simple_heuristic;neo4j;1.1313237999091112;0.40576902378646
simple_heuristic;neo4j;1.1313237999091112;0.40576902378646
simple_heuristic;neo4j;1.1313237999091112;0.40576902378646
simple_heuristic;neo4j;1.2436835216416675;0.40576902378646
simple_heuristic;neo4j;1.2436835216416675;0.40576902378646
simple_heuristic;neo4j;1.2436835216416675;0.40576902378646
simple_heuristic;neo4j;1.2436835216416675;0.40576902378646
simple_heuristic;neo4j;1.2436835216416675;0.40576902378646
simple_heuristic;neo4j;1.4916658937349725;0.40576902378646
simple_heuristic;neo4j;1.4916658937349725;0.40576902378646
simple_heuristic;neo4j;1.4916658937349725;0.40576902378646
simple_heuristic;neo4j;1.4916658937349725;0.40576902378646
simple_heuristic;neo4j;1.4916658937349725;0.40576902378646
simple_heuristic;neo4j;-0.15107265292874966;2.1481481481481484
simple_heuristic;neo4j;-0.15107265292874966;2.1481481481481484
simple_heuristic;neo4j;-0.15107265292874966;2.1481481481481484
simple_heuristic;neo4j;0.06516590660299498;2.1481481481481484
simple_heuristic;neo4j;0.06516590660299498;2.1481481481481484
simple_heuristic;neo4j;0.06516590660299498;2.1481481481481484
simple_heuristic;neo4j;-0.37514824980515743;2.1481481481481484
simple_heuristic;neo4j;0.8790497718157319;0.40576902378646
simple_heuristic;neo4j;0.010429444563481393;2.1481481481481484
simple_heuristic;neo4j;0.010429444563481393;2.1481481481481484
simple_heuristic;neo4j;0.006923589895034721;2.1481481481481484
simple_heuristic;neo4j;0.006923589895034721;2.1481481481481484
simple_heuristic;neo4j;1.0308955029269062;0.40576902378646
simple_heuristic;neo4j;0.46241717984932834;0.40576902378646
simple_heuristic;neo4j;0.0799531138176229;0.40576902378646
simple_heuristic;neo4j;0.6970548007938018;0.40576902378646
simple_heuristic;neo4j;0.0937985100585292;0.40576902378646
simple_heuristic;neo4j;0.0937985100585292;0.40576902378646
simple_heuristic;neo4j;0.0937985100585292;0.40576902378646
simple_heuristic;neo4j;0.0937985100585292;0.40576902378646
simple_heuristic;neo4j;0.0937985100585292;0.40576902378646
simple_heuristic;neo4j;0.0937985100585292;0.40576902378646
simple_heuristic;neo4j;0.0937985100585292;0.40576902378646
simple_heuristic;neo4j;0.0937985100585292;0.40576902378646
simple_heuristic;neo4j;1.5061116593522885;0.40576902378646
simple_heuristic;neo4j;1.5061116593522885;0.40576902378646
simple_heuristic;neo4j;1.5061116593522885;0.40576902378646
simple_heuristic;neo4j;1.9622321599387795;0.40576902378646
simple_heuristic;neo4j;1.9622321599387795;0.40576902378646
simple_heuristic;neo4j;1.9622321599387795;0.40576902378646
simple_heuristic;neo4j;1.0434701436435505;0.40576902378646
simple_heuristic;neo4j;1.0434701436435505;0.40576902378646
simple_heuristic;neo4j;0.797403864333277;0.40576902378646
simple_heuristic;neo4j;0.797403864333277;0.40576902378646
simple_heuristic;neo4j;0.008845137348614687;2.1481481481481484
simple_heuristic;neo4j;0.9331438012125586;0.40576902378646
simple_heuristic;neo4j;0.026684107447050718;0.40576902378646
simple_heuristic;neo4j;0.31258875074503556;0.40576902378646
simple_heuristic;neo4j;0.009769694487204479;0.40576902378646
simple_heuristic;neo4j;0.9749914683047523;0.40576902378646
simple_heuristic;neo4j;0.9749914683047523;0.40576902378646
simple_heuristic;neo4j;0.9749914683047523;0.40576902378646
simple_heuristic;neo4j;0.9749914683047523;0.40576902378646
simple_heuristic;neo4j;0.9749914683047523;0.40576902378646
simple_heuristic;neo4j;0.9749914683047523;0.40576902378646
simple_heuristic;neo4j;1.2997513036358384;0.40576902378646
simple_heuristic;neo4j;1.2997513036358384;0.40576902378646
simple_heuristic;neo4j;1.2997513036358384;0.40576902378646
simple_heuristic;neo4j;1.2997513036358384;0.40576902378646
simple_heuristic;neo4j;1.2997513036358384;0.40576902378646
simple_heuristic;neo4j;1.2997513036358384;0.40576902378646
simple_heuristic;neo4j;0.6548321828835385;0.40576902378646
simple_heuristic;neo4j;0.6548321828835385;0.40576902378646
simple_heuristic;neo4j;0.6548321828835385;0.40576902378646
simple_heuristic;neo4j;0.6548321828835385;0.40576902378646
simple_heuristic;neo4j;0.6548321828835385;0.40576902378646
simple_heuristic;neo4j;0.6548321828835385;0.40576902378646
simple_heuristic;neo4j;1.1304240079687558;0.40576902378646
simple_heuristic;neo4j;1.1304240079687558;0.40576902378646
simple_heuristic;neo4j;1.1304240079687558;0.40576902378646
simple_heuristic;neo4j;1.1304240079687558;0.40576902378646
simple_heuristic;neo4j;1.1304240079687558;0.40576902378646
simple_heuristic;neo4j;1.1304240079687558;0.40576902378646
simple_heuristic;neo4j;0.805312559030243;0.40576902378646
simple_heuristic;neo4j;0.805312559030243;0.40576902378646
simple_heuristic;neo4j;0.805312559030243;0.40576902378646
simple_heuristic;neo4j;0.805312559030243;0.40576902378646
simple_heuristic;neo4j;0.805312559030243;0.40576902378646
simple_heuristic;neo4j;0.805312559030243;0.40576902378646
simple_heuristic;neo4j;1.242926110849211;0.40576902378646
simple_heuristic;neo4j;0.01117670540789717;0.40576902378646
simple_heuristic;neo4j;0.01117670540789717;0.40576902378646
simple_heuristic;neo4j;0.01117670540789717;0.40576902378646
simple_heuristic;neo4j;0.014297686929923179;0.40576902378646
simple_heuristic;neo4j;0.014297686929923179;0.40576902378646
simple_heuristic;neo4j;0.014297686929923179;0.40576902378646
simple_heuristic;neo4j;0.010183486588487;0.40576902378646
simple_heuristic;neo4j;0.010183486588487;0.40576902378646
simple_heuristic;neo4j;0.38744324946426856;0.40576902378646
simple_heuristic;neo4j;0.38744324946426856;0.40576902378646
simple_heuristic;neo4j;0.38744324946426856;0.40576902378646
simple_heuristic;neo4j;0.38744324946426856;0.40576902378646
simple_heuristic;neo4j;0.38744324946426856;0.40576902378646
simple_heuristic;neo4j;0.9368298539196102;0.40576902378646
simple_heuristic;neo4j;0.9368298539196102;0.40576902378646
simple_heuristic;neo4j;0.9368298539196102;0.40576902378646
simple_heuristic;neo4j;0.9368298539196102;0.40576902378646
simple_heuristic;neo4j;0.9368298539196102;0.40576902378646
simple_heuristic;neo4j;0.7181297324012098;0.40576902378646
simple_heuristic;neo4j;0.7181297324012098;0.40576902378646
simple_heuristic;neo4j;0.7181297324012098;0.40576902378646
simple_heuristic;neo4j;0.7181297324012098;0.40576902378646
simple_heuristic;neo4j;0.7181297324012098;0.40576902378646
simple_heuristic;neo4j;1.5074553852399286;0.40576902378646
simple_heuristic;neo4j;1.5074553852399286;0.40576902378646
simple_heuristic;neo4j;1.5074553852399286;0.40576902378646
simple_heuristic;neo4j;1.5246349630830316;0.40576902378646
simple_heuristic;neo4j;1.5246349630830316;0.40576902378646
simple_heuristic;neo4j;1.5246349630830316;0.40576902378646
simple_heuristic;neo4j;1.318404140182334;0.40576902378646
simple_heuristic;neo4j;0.01338083346769638;0.40576902378646
simple_heuristic;neo4j;0.01338083346769638;0.40576902378646
simple_heuristic;neo4j;0.01338083346769638;0.40576902378646
simple_heuristic;neo4j;0.01338083346769638;0.40576902378646
simple_heuristic;neo4j;0.005346428783588446;0.40576902378646
simple_heuristic;neo4j;0.005346428783588446;0.40576902378646
simple_heuristic;neo4j;0.005346428783588446;0.40576902378646
simple_heuristic;neo4j;0.005346428783588446;0.40576902378646
simple_heuristic;neo4j;0.3663002001751533;0.40576902378646
simple_heuristic;neo4j;0.3663002001751533;0.40576902378646
simple_heuristic;neo4j;0.4138136685595417;0.40576902378646
simple_heuristic;neo4j;0.4138136685595417;0.40576902378646
simple_heuristic;neo4j;0.48279173259304836;0.40576902378646
simple_heuristic;neo4j;0.9548149635458704;0.40576902378646
simple_heuristic;neo4j;0.9548149635458704;0.40576902378646
simple_heuristic;neo4j;0.9548149635458704;0.40576902378646
simple_heuristic;neo4j;0.8805501981937025;0.40576902378646
simple_heuristic;neo4j;0.8805501981937025;0.40576902378646
simple_heuristic;neo4j;0.8805501981937025;0.40576902378646
simple_heuristic;neo4j;0.7603479910683562;0.40576902378646
simple_heuristic;neo4j;0.7603479910683562;0.40576902378646
simple_heuristic;neo4j;0.7603479910683562;0.40576902378646
simple_heuristic;neo4j;0.7603479910683562;0.40576902378646
simple_heuristic;neo4j;0.8339993217298015;0.40576902378646
simple_heuristic;neo4j;1.2307337326736139;0.40576902378646
simple_heuristic;neo4j;1.2307337326736139;0.40576902378646
simple_heuristic;neo4j;1.2307337326736139;0.40576902378646
simple_heuristic;neo4j;1.2307337326736139;0.40576902378646
simple_heuristic;neo4j;1.1246597613378346;0.40576902378646
simple_heuristic;neo4j;1.1246597613378346;0.40576902378646
simple_heuristic;neo4j;1.1246597613378346;0.40576902378646
simple_heuristic;neo4j;1.1246597613378346;0.40576902378646
simple_heuristic;neo4j;1.7834578269661194;0.40576902378646
simple_heuristic;neo4j;1.7834578269661194;0.40576902378646
simple_heuristic;neo4j;1.7834578269661194;0.40576902378646
simple_heuristic;neo4j;1.7834578269661194;0.40576902378646
simple_heuristic;neo4j;1.8081138082732675;0.40576902378646
simple_heuristic;neo4j;1.8081138082732675;0.40576902378646
simple_heuristic;neo4j;1.8081138082732675;0.40576902378646
simple_heuristic;neo4j;1.8081138082732675;0.40576902378646
simple_heuristic;neo4j;0.4373729969014318;0.40576902378646
simple_heuristic;neo4j;0.4373729969014318;0.40576902378646
simple_heuristic;neo4j;0.4373729969014318;0.40576902378646
simple_heuristic;neo4j;0.4373729969014318;0.40576902378646
simple_heuristic;neo4j;0.4373729969014318;0.40576902378646
simple_heuristic;neo4j;0.4373729969014318;0.40576902378646
simple_heuristic;neo4j;0.4373729969014318;0.40576902378646
simple_heuristic;neo4j;0.4373729969014318;0.40576902378646
simple_heuristic;neo4j;0.4373729969014318;0.40576902378646
simple_heuristic;neo4j;0.4373729969014318;0.40576902378646
simple_heuristic;neo4j;0.4373729969014318;0.40576902378646
simple_heuristic;neo4j;0.4373729969014318;0.40576902378646
simple_heuristic;neo4j;0.4373729969014318;0.40576902378646
simple_heuristic;neo4j;0.4373729969014318;0.40576902378646
simple_heuristic;neo4j;0.4373729969014318;0.40576902378646
simple_heuristic;neo4j;0.4373729969014318;0.40576902378646
simple_heuristic;neo4j;0.4373729969014318;0.40576902378646
simple_heuristic;neo4j;0.33023402414106584;0.40576902378646
simple_heuristic;neo4j;0.33023402414106584;0.40576902378646
simple_heuristic;neo4j;0.33023402414106584;0.40576902378646
simple_heuristic;neo4j;0.33023402414106584;0.40576902378646
simple_heuristic;neo4j;0.33023402414106584;0.40576902378646
simple_heuristic;neo4j;0.33023402414106584;0.40576902378646
simple_heuristic;neo4j;0.33023402414106584;0.40576902378646
simple_heuristic;neo4j;0.33023402414106584;0.40576902378646
simple_heuristic;neo4j;0.33023402414106584;0.40576902378646
simple_heuristic;neo4j;0.33023402414106584;0.40576902378646
simple_heuristic;neo4j;0.33023402414106584;0.40576902378646
simple_heuristic;neo4j;0.33023402414106584;0.40576902378646
simple_heuristic;neo4j;0.33023402414106584;0.40576902378646
simple_heuristic;neo4j;0.33023402414106584;0.40576902378646
simple_heuristic;neo4j;0.33023402414106584;0.40576902378646
simple_heuristic;neo4j;0.33023402414106584;0.40576902378646
simple_heuristic;neo4j;0.33023402414106584;0.40576902378646
simple_heuristic;neo4j;0.3452462285860477;0.40576902378646
simple_heuristic;neo4j;0.3452462285860477;0.40576902378646
simple_heuristic;neo4j;0.3452462285860477;0.40576902378646
simple_heuristic;neo4j;0.3452462285860477;0.40576902378646
simple_heuristic;neo4j;0.3452462285860477;0.40576902378646
simple_heuristic;neo4j;0.3452462285860477;0.40576902378646
simple_heuristic;neo4j;0.3452462285860477;0.40576902378646
simple_heuristic;neo4j;0.3452462285860477;0.40576902378646
simple_heuristic;neo4j;0.3452462285860477;0.40576902378646
simple_heuristic;neo4j;0.3452462285860477;0.40576902378646
simple_heuristic;neo4j;0.3452462285860477;0.40576902378646
simple_heuristic;neo4j;0.3452462285860477;0.40576902378646
simple_heuristic;neo4j;0.3452462285860477;0.40576902378646
simple_heuristic;neo4j;0.3452462285860477;0.40576902378646
simple_heuristic;neo4j;0.3452462285860477;0.40576902378646
simple_heuristic;neo4j;0.3452462285860477;0.40576902378646
simple_heuristic;neo4j;0.3452462285860477;0.40576902378646
simple_heuristic;neo4j;0.4206886412633456;0.40576902378646
simple_heuristic;neo4j;0.4206886412633456;0.40576902378646
simple_heuristic;neo4j;0.4206886412633456;0.40576902378646
simple_heuristic;neo4j;0.4206886412633456;0.40576902378646
simple_heuristic;neo4j;0.4206886412633456;0.40576902378646
simple_heuristic;neo4j;0.4206886412633456;0.40576902378646
simple_heuristic;neo4j;0.4206886412633456;0.40576902378646
simple_heuristic;neo4j;0.4206886412633456;0.40576902378646
simple_heuristic;neo4j;0.4206886412633456;0.40576902378646
simple_heuristic;neo4j;0.4206886412633456;0.40576902378646
simple_heuristic;neo4j;0.4206886412633456;0.40576902378646
simple_heuristic;neo4j;0.4206886412633456;0.40576902378646
simple_heuristic;neo4j;0.4206886412633456;0.40576902378646
simple_heuristic;neo4j;0.4206886412633456;0.40576902378646
simple_heuristic;neo4j;0.4206886412633456;0.40576902378646
simple_heuristic;neo4j;0.4206886412633456;0.40576902378646
simple_heuristic;neo4j;0.4206886412633456;0.40576902378646
simple_heuristic;neo4j;0.5461863778006097;0.40576902378646
simple_heuristic;neo4j;0.5461863778006097;0.40576902378646
simple_heuristic;neo4j;0.5461863778006097;0.40576902378646
simple_heuristic;neo4j;0.5461863778006097;0.40576902378646
simple_heuristic;neo4j;0.5461863778006097;0.40576902378646
simple_heuristic;neo4j;0.5461863778006097;0.40576902378646
simple_heuristic;neo4j;0.5461863778006097;0.40576902378646
simple_heuristic;neo4j;0.5461863778006097;0.40576902378646
simple_heuristic;neo4j;0.5461863778006097;0.40576902378646
simple_heuristic;neo4j;0.5461863778006097;0.40576902378646
simple_heuristic;neo4j;0.5461863778006097;0.40576902378646
simple_heuristic;neo4j;0.5461863778006097;0.40576902378646
simple_heuristic;neo4j;0.5461863778006097;0.40576902378646
simple_heuristic;neo4j;0.5461863778006097;0.40576902378646
simple_heuristic;neo4j;0.5461863778006097;0.40576902378646
simple_heuristic;neo4j;0.5461863778006097;0.40576902378646
simple_heuristic;neo4j;0.5461863778006097;0.40576902378646
simple_heuristic;neo4j;0.01741232615011696;0.40576902378646
simple_heuristic;neo4j;0.21949984913130646;0.40576902378646
simple_heuristic;neo4j;0.48440923451542806;0.40576902378646
simple_heuristic;neo4j;0.48440923451542806;0.40576902378646
simple_heuristic;neo4j;0.5141936612974319;0.40576902378646
simple_heuristic;neo4j;0.5141936612974319;0.40576902378646
