collection_size;result_size
100;1
100;0
100;0
100;0
100;0
100;1
100;0
100;0
100;0
100;0
100;0
100;0
100;3
100;0
100;0
100;0
100;0
100;0
100;0
100;0
100;2
100;6
100;8
100;0
100;4
100;1
100;8
100;2
100;0
100;0
100;0
100;0
100;0
100;0
100;0
100;0
100;0
100;3
100;0
100;2
100;0
100;0
100;0
100;2
100;0
100;0
100;0
100;0
100;0
100;0
100;0
100;0
100;3
100;0
100;0
100;0
100;0
100;0
100;1
100;0
100;0
100;4
100;0
100;0
100;0
100;0
100;0
100;0
100;3
100;0
100;0
100;0
100;0
100;0
100;1
100;2
100;0
100;0
100;0
100;0
100;3
100;0
100;0
100;1
100;0
100;4
100;0
100;0
100;3
100;0
100;0
100;0
100;0
100;0
100;5
100;0
100;0
100;0
100;3
100;0
100;0
100;0
100;0
100;1
100;0
100;0
100;0
100;0
100;0
100;0
100;0
100;0
100;0
100;0
100;0
100;0
100;1
100;0
100;12
100;0
100;0
100;0
100;0
100;0
100;0
100;0
100;0
100;0
100;0
100;23
100;4
100;0
100;0
100;0
100;0
100;0
100;0
100;0
100;0
100;2
100;0
100;0
100;0
100;0
100;0
100;0
100;6
100;3
100;0
100;0
100;0
100;0
100;2
100;0
100;0
100;0
100;0
100;0
100;0
100;0
100;1
100;0
100;9
100;0
100;0
100;0
100;0
100;0
100;1
100;0
100;0
100;0
100;5
100;0
100;0
100;0
100;5
100;10
100;2
100;0
100;0
100;2
100;0
100;1
100;1
100;0
100;3
100;6
100;2
100;2
100;5
100;4
100;6
100;0
100;4
100;5
100;8
100;7
100;3
100;8
100;0
100;0
100;0
100;0
100;0
100;7
100;0
100;4
100;21
100;10
100;4
100;5
100;6
100;0
100;1
100;0
100;5
100;7
100;7
100;10
100;12
100;0
100;0
100;0
100;3
100;9
100;1
100;8
100;0
100;0
100;3
100;3
100;3
100;6
100;7
100;3
100;1
100;15
100;5
100;2
100;5
100;2
100;0
100;5
100;0
100;18
100;3
100;4
100;7
100;4
100;2
100;0
100;4
100;5
100;5
100;0
100;1
100;2
100;0
100;0
100;0
100;14
100;3
100;4
100;1
100;0
100;5
100;2
100;7
100;2
100;3
100;0
100;1
100;11
100;5
100;2
100;0
100;5
100;9
100;2
100;8
100;12
100;3
100;1
100;8
100;12
100;1
100;6
100;5
100;3
100;0
100;8
100;5
100;12
100;4
100;0
100;6
100;1
100;5
100;8
100;0
100;3
100;3
100;0
100;1
100;0
100;3
100;2
100;1
100;1
100;0
100;0
100;9
100;3
100;9
100;1
100;2
100;11
100;77
100;2
100;1
100;0
100;0
100;0
100;4
100;3
100;12
100;0
100;5
100;10
100;1
100;2
100;3
100;1
100;6
100;2
100;4
100;7
100;3
100;7
100;5
100;13
100;0
100;0
100;9
100;1
100;1
100;0
100;13
100;11
100;11
100;3
100;1
100;0
100;0
100;2
100;39
100;0
100;13
100;9
100;7
100;14
100;5
100;5
100;7
100;15
100;1
100;7
100;27
100;18
100;3
100;43
100;1
100;2
100;2
100;1
100;0
100;4
100;0
100;5
100;12
100;27
100;26
100;28
100;19
100;0
100;27
100;0
100;0
100;14
100;39
100;18
100;0
100;1
100;0
100;2
100;19
100;24
100;15
100;10
100;0
100;0
100;9
100;7
100;1
100;8
100;3
100;3
100;5
100;1
100;6
100;0
100;13
100;13
100;0
100;0
100;0
100;40
100;4
100;1
100;8
100;3
100;4
100;0
100;13
100;0
100;4
100;2
100;1
100;0
100;2
100;1
100;7
100;3
100;2
100;9
100;18
100;3
100;6
100;12
100;14
100;6
100;4
100;23
100;8
100;2
100;2
100;17
100;6
100;3
100;19
100;10
100;8
100;2
100;9
100;8
100;46
100;15
100;11
100;0
100;2
100;3
100;6
100;6
100;15
100;4
100;0
100;16
100;7
100;3
100;0
100;7
100;15
100;18
100;10
100;0
100;27
100;33
100;0
100;2
100;7
100;9
100;12
100;5
100;4
100;0
100;0
100;8
100;0
100;11
100;4
100;13
100;12
100;10
100;0
100;5
100;11
100;2
100;5
100;0
100;3
100;6
100;15
100;0
100;4
100;6
100;18
100;3
100;6
100;12
100;30
100;2
100;10
100;12
100;0
100;16
100;4
100;0
100;0
100;0
100;1
100;0
100;0
100;0
100;0
100;0
100;0
100;0
100;0
100;0
100;3
100;11
100;0
100;3
100;4
100;1
100;0
100;3
100;4
100;3
100;0
100;6
100;0
100;6
100;0
100;0
100;0
100;0
100;0
100;1
100;0
100;0
100;1
100;8
100;0
100;0
100;1
100;2
100;0
100;1
100;0
100;4
100;5
100;6
100;1
100;0
100;0
100;0
100;0
100;0
100;0
100;0
100;0
100;0
100;0
100;0
100;0
100;0
100;4
100;8
100;0
100;18
100;0
100;3
100;0
100;4
100;0
100;0
100;0
100;8
100;0
100;3
100;0
100;1
100;1
100;0
100;2
100;0
100;0
100;0
100;0
100;0
100;0
100;1
100;2
100;2
100;2
100;9
100;0
100;0
100;0
100;10
100;0
100;7
100;0
100;2
100;3
100;0
100;3
100;1
100;0
100;4
100;4
100;4
100;3
100;4
100;3
100;0
100;0
100;0
100;4
100;3
100;0
100;3
100;0
100;0
100;3
100;0
100;0
100;0
100;0
100;0
100;5
100;0
100;4
100;5
100;0
100;0
100;0
100;0
100;0
100;0
100;0
100;3
100;0
100;0
100;0
100;22
100;6
100;0
100;0
100;2
100;0
100;0
100;0
100;0
100;0
100;7
100;14
100;1
100;5
100;0
100;0
100;0
100;5
100;0
100;6
100;0
100;0
100;3
100;1
100;1
100;0
100;1
100;4
100;0
100;0
100;7
100;1
100;0
100;0
100;0
100;0
100;1
100;1
100;0
100;0
100;0
100;0
100;0
100;0
100;0
100;1
100;1
100;3
100;0
100;0
100;2
100;1
100;0
100;0
100;0
100;0
100;1
100;0
100;0
100;1
100;4
100;1
100;0
100;0
100;2
100;0
100;8
100;2
100;0
100;0
100;0
100;2
100;0
100;0
100;1
100;0
100;0
100;7
100;0
100;0
100;0
100;0
100;0
100;0
100;0
100;2
100;0
100;0
100;0
100;12
100;0
100;1
100;0
100;2
100;1
100;1
100;1
100;0
100;0
100;4
100;0
100;0
100;0
100;0
100;0
100;0
100;0
100;0
100;0
100;6
100;0
100;2
100;0
100;3
100;1
100;0
100;0
100;0
100;0
100;3
100;1
100;4
100;0
100;3
100;0
100;0
100;1
100;1
100;0
100;1
100;3
100;4
100;7
100;0
100;0
100;0
100;0
100;2
100;0
100;0
100;0
100;0
100;9
100;2
100;0
100;0
100;2
100;0
100;0
100;0
100;0
100;0
100;2
100;2
100;0
100;0
100;0
100;1
100;3
100;0
100;0
100;3
100;0
100;0
100;0
100;9
100;0
100;0
100;0
100;0
100;0
100;0
100;0
100;0
100;0
100;0
100;2
100;40
100;1
100;0
100;0
100;1
100;0
100;0
100;0
100;0
100;0
100;13
100;0
100;0
100;0
100;0
100;0
100;1
100;12
100;1
100;0
100;0
100;0
100;0
100;0
100;12
100;4
100;1
100;0
100;0
100;0
100;0
100;1
100;0
100;0
100;0
100;0
100;0
100;0
100;2
100;0
100;0
100;0
100;0
100;2
100;1
100;0
100;4
100;0
100;0
100;0
100;0
100;0
100;0
100;0
100;0
100;0
100;0
100;0
100;0
100;0
100;0
100;0
100;1
100;4
100;6
100;0
100;1
100;0
100;0
100;1
100;0
100;0
100;0
100;1
100;2
100;0
100;0
100;0
100;0
100;0
100;3
100;0
100;0
100;0
100;3
100;3
100;0
100;0
100;0
100;2
100;0
100;0
100;0
100;0
100;0
100;0
100;0
100;0
100;0
100;0
100;0
100;0
100;0
100;0
100;0
100;0
100;0
100;0
100;1
100;0
100;2
100;0
100;0
100;0
100;4
100;1
100;0
100;0
100;0
100;1
100;0
100;0
100;0
100;0
100;0
100;0
100;0
100;2
100;0
100;1
100;0
100;1
100;2
100;1
100;3
100;4
100;0
100;0
100;0
100;0
100;3
100;2
100;0
100;2
100;0
100;0
100;0
100;0
100;0
100;0
100;0
100;0
100;0
100;0
100;0
100;4
100;0
100;0
100;0
100;0
100;0
100;0
100;0
100;0
100;0
100;0
100;0
100;2
100;0
100;10
100;0
100;0
100;0
100;1
100;0
100;0
100;0
100;0
100;0
100;1
100;18
100;0
100;0
100;7
100;3
100;0
100;0
100;0
100;0
100;0
100;0
100;0
100;0
100;0
100;0
100;1
100;0
100;2
100;25
100;2
100;1
100;7
100;23
100;15
100;39
100;5
100;9
100;7
100;9
100;2
100;15
100;9
100;22
100;43
100;28
100;19
100;16
100;18
100;24
100;21
100;18
100;16
100;18
100;27
100;34
100;31
100;5
100;8
100;7
100;5
100;1
100;22
100;31
100;19
100;22
100;28
100;24
100;8
100;28
100;29
100;34
100;11
100;24
100;12
100;58
100;25
100;19
100;4
100;7
100;6
100;16
100;46
100;27
100;42
100;4
100;5
100;17
100;26
100;26
100;49
100;3
100;18
100;22
100;23
100;11
100;17
100;30
100;21
100;6
100;6
100;5
100;15
100;20
100;28
100;23
100;3
100;22
100;19
100;16
100;11
100;18
100;29
100;10
100;23
100;24
100;10
100;17
100;26
100;37
100;24
100;17
100;35
100;24
100;23
100;33
100;29
100;32
100;25
100;17
100;18
100;24
100;31
100;21
100;22
100;25
100;30
100;22
100;35
100;15
100;39
100;25
100;18
100;24
100;41
100;8
100;24
100;62
100;16
100;51
100;28
100;39
100;31
100;23
100;19
100;13
100;19
100;20
100;24
100;39
100;56
100;28
100;12
100;21
100;18
100;24
100;26
100;13
100;6
100;13
100;29
100;22
100;43
100;17
100;26
100;14
100;22
100;8
100;15
100;9
100;18
100;16
100;18
100;13
100;5
100;14
100;29
100;9
100;9
100;54
100;17
100;16
100;47
100;28
100;10
100;22
100;37
100;17
100;39
100;19
100;26
100;25
100;6
100;7
100;19
100;30
100;30
100;36
100;10
100;5
100;3
100;14
100;3
100;18
100;5
100;61
100;46
100;19
100;34
100;80
100;34
100;31
100;30
100;27
100;21
100;30
100;16
100;23
100;44
100;3
100;48
100;22
100;7
100;40
100;85
100;13
100;10
100;23
100;64
100;60
100;16
100;55
100;43
100;37
100;9
100;48
100;13
100;53
100;69
100;29
100;14
100;22
100;4
100;0
100;50
100;28
100;73
100;7
100;4
100;21
100;47
100;14
100;38
100;32
100;76
100;83
100;45
100;12
100;12
100;44
100;26
100;13
100;16
100;2
100;48
100;52
100;24
100;73
100;71
100;44
100;15
100;17
100;3
100;25
100;18
100;14
100;17
100;11
100;15
100;38
100;34
100;53
100;45
100;43
100;42
100;68
100;68
100;15
100;15
100;39
100;14
100;37
100;76
100;30
100;72
100;22
100;29
100;79
100;86
100;46
100;62
100;20
100;62
100;58
100;69
100;24
100;30
100;20
100;45
100;97
100;67
100;116
100;29
100;84
100;46
100;45
100;22
100;19
100;23
100;45
100;26
100;72
100;79
100;16
100;8
100;27
100;24
100;63
100;11
100;41
100;53
100;18
100;72
100;43
100;32
100;19
100;23
100;123
100;22
100;22
100;21
100;16
100;5
100;23
100;16
100;93
100;53
100;33
100;21
100;13
100;16
100;56
100;34
100;52
100;119
100;18
100;30
100;14
100;39
100;35
100;84
100;13
100;17
100;24
100;2
100;3
100;5
100;18
100;23
100;17
100;4
100;3
100;1
100;1
100;0
100;13
100;4
100;18
100;19
100;17
100;22
100;23
100;21
100;27
100;13
100;29
100;15
100;19
100;16
100;13
100;18
100;4
100;3
100;10
100;1
100;1
100;27
100;0
100;27
100;17
100;32
100;20
100;17
100;29
100;28
100;25
100;24
100;24
100;24
100;46
100;27
100;27
100;4
100;3
100;8
100;61
100;2
100;11
100;4
100;2
100;1
100;27
100;17
100;14
100;21
100;28
100;10
100;10
100;33
100;14
100;12
100;21
100;12
100;9
100;5
100;9
100;27
100;14
100;21
100;22
100;15
100;22
100;22
100;25
100;14
100;17
100;12
100;17
100;3
100;9
100;5
100;39
100;28
100;22
100;22
100;26
100;15
100;22
100;15
100;22
100;15
100;8
100;19
100;19
100;22
100;9
100;19
100;19
100;12
100;12
100;19
100;22
100;24
100;25
100;13
100;35
100;31
100;13
100;22
100;16
100;16
100;56
100;56
100;27
100;35
100;34
100;34
100;25
100;21
100;17
100;15
100;33
100;33
100;21
100;18
100;50
100;18
100;0
100;35
100;13
100;29
100;17
100;25
100;25
100;23
100;18
100;41
100;20
100;24
100;50
100;19
100;11
100;25
100;19
100;10
100;15
100;20
100;29
100;44
100;29
100;15
100;19
100;10
100;30
100;8
100;8
100;28
100;27
100;35
100;12
100;42
100;27
100;55
100;35
100;22
100;3
100;0
100;0
100;0
100;4
100;4
100;5
100;0
100;0
100;0
100;0
100;1
100;0
100;0
100;3
100;3
100;5
100;0
100;2
100;2
100;12
100;6
100;0
100;0
100;0
100;1
100;0
100;0
100;0
100;0
100;0
100;0
100;0
100;2
100;2
100;6
100;15
100;0
100;0
100;0
100;2
100;3
100;0
100;0
100;0
100;9
100;2
100;0
100;5
100;0
100;0
100;0
100;0
100;0
100;0
100;0
100;0
100;0
100;0
100;3
100;1
100;0
100;0
100;7
100;0
100;0
100;3
100;0
100;6
100;0
100;0
100;0
100;0
100;0
100;16
100;4
100;5
100;10
100;1
100;0
100;0
100;0
100;10
100;3
100;0
100;0
100;14
100;0
100;1
100;0
100;2
100;0
100;1
100;0
100;1
100;1
100;0
100;3
100;4
100;0
100;10
100;0
100;0
100;3
100;0
100;3
100;2
100;4
100;2
100;0
100;0
100;0
100;0
100;0
100;4
100;0
100;0
100;0
100;0
100;1
100;0
100;0
100;4
100;0
100;0
100;0
100;4
100;4
100;0
100;0
100;0
100;0
100;0
100;0
100;3
100;5
100;1
100;3
100;6
100;0
100;0
100;0
100;1
100;0
100;0
100;0
100;0
100;0
100;1
100;3
100;0
100;0
100;0
100;0
100;0
100;0
100;0
100;0
100;0
100;0
100;3
100;0
100;28
100;1
100;12
100;15
100;6
100;6
100;16
100;24
100;5
100;0
100;1
100;0
100;0
100;0
100;0
100;0
100;0
100;0
100;0
100;0
100;0
100;0
100;0
100;0
100;0
100;1
100;0
100;0
100;0
100;2
100;1
100;0
100;0
100;0
100;0
100;0
100;8
100;0
100;0
100;0
100;0
100;0
100;0
100;0
100;0
100;0
100;0
100;0
100;0
100;2
100;1
100;3
100;0
100;0
100;0
100;0
100;0
100;0
100;0
100;0
100;0
100;0
100;0
100;0
100;0
100;0
100;0
100;0
100;3
100;0
100;0
100;0
100;0
100;0
100;0
100;0
100;0
100;3
100;0
100;0
100;0
100;0
100;0
100;0
100;0
100;1
100;0
100;1
100;0
100;0
100;0
100;0
100;1
100;0
100;0
100;0
100;1
100;0
100;3
100;0
100;0
100;0
100;0
100;1
100;0
100;0
100;0
100;0
100;2
100;0
100;0
100;0
100;0
100;0
100;4
100;2
100;0
100;4
100;3
100;0
100;0
100;1
100;0
100;0
100;0
100;0
100;0
100;0
100;1
100;0
100;0
100;1
100;4
100;0
100;0
100;7
100;0
100;3
100;0
100;4
100;0
100;4
100;0
100;3
100;0
100;0
100;0
100;1
100;0
100;0
100;0
100;0
100;0
100;0
100;2
100;0
100;6
100;0
100;1
100;0
100;0
100;0
100;6
100;0
100;0
100;0
100;3
100;0
100;3
100;0
100;0
100;0
100;0
100;2
100;0
100;0
100;0
100;1
100;0
100;0
100;0
100;0
100;60
100;39
100;40
100;22
100;68
100;46
100;45
100;22
100;31
100;27
100;32
100;40
100;66
100;43
100;56
100;51
100;62
100;59
100;56
100;59
100;61
100;62
100;65
100;51
100;53
100;69
100;41
100;73
100;25
100;33
100;52
100;41
100;37
100;66
100;49
100;60
100;62
100;93
100;52
100;64
100;73
100;58
100;64
100;63
100;40
100;71
100;86
100;16
100;48
100;37
100;40
100;33
100;54
100;81
100;59
100;57
100;24
100;30
100;43
100;46
100;54
100;52
100;31
100;46
100;62
100;51
100;60
100;47
100;37
100;23
100;44
100;37
100;59
100;58
100;61
100;57
100;53
100;39
100;55
100;38
100;26
100;26
100;40
100;42
100;42
100;35
100;28
100;27
100;63
100;80
100;85
100;61
100;59
100;49
100;56
100;43
100;37
100;36
100;55
100;32
100;67
100;37
100;33
100;58
100;55
100;68
100;44
100;69
100;74
100;67
100;54
100;78
100;37
100;60
100;59
100;69
100;64
100;60
100;82
100;59
100;80
100;72
100;86
100;56
100;60
100;75
100;42
100;73
100;56
100;56
100;63
100;46
100;48
100;46
100;63
100;61
100;40
100;27
100;54
100;57
100;28
100;39
100;96
100;81
100;26
100;58
100;86
100;51
100;12
100;22
100;30
100;10
100;69
100;49
100;53
100;75
100;33
100;56
100;33
100;21
100;48
100;16
100;99
100;92
100;35
100;31
100;43
100;66
100;48
100;102
100;65
100;63
100;77
100;54
100;44
100;51
100;74
100;57
100;83
100;31
100;54
100;50
100;65
100;39
100;64
100;45
100;42
100;90
100;78
100;78
100;82
100;55
100;97
100;93
100;62
100;78
100;67
100;72
100;93
100;89
100;47
100;67
100;62
100;32
100;45
100;98
100;40
100;58
100;67
100;78
100;85
100;94
100;90
100;78
100;53
100;99
100;63
100;84
100;109
100;70
100;60
100;31
100;72
100;57
100;71
100;63
100;79
100;54
100;44
100;39
100;69
100;34
100;41
100;71
100;73
100;49
100;58
100;51
100;80
100;48
100;45
100;47
100;67
100;45
100;37
100;90
100;66
100;56
100;55
100;40
100;61
100;23
100;31
100;26
100;42
100;58
100;76
100;48
100;15
100;13
100;71
100;95
100;111
100;90
100;91
100;49
100;42
100;55
100;41
100;59
100;86
100;41
100;60
100;54
100;70
100;83
100;99
100;59
100;66
100;72
100;41
100;35
100;64
100;88
100;79
100;96
100;99
100;64
100;70
100;81
100;49
100;80
100;123
100;59
100;42
100;85
100;86
100;61
100;81
100;66
100;61
100;52
100;56
100;99
100;72
100;24
100;79
100;49
100;56
100;36
100;65
100;64
100;47
100;53
100;67
100;79
100;50
100;61
100;82
100;67
100;19
100;51
100;29
100;21
100;106
100;33
100;78
100;119
100;53
100;82
100;43
100;36
100;47
100;31
100;45
100;67
100;53
100;77
100;50
100;52
100;53
100;163
100;69
100;89
100;59
100;35
100;43
100;40
100;64
100;52
100;61
100;29
100;30
100;29
100;33
100;20
100;38
100;41
100;42
100;46
100;63
100;56
100;54
100;62
100;69
100;49
100;69
100;35
100;68
100;67
100;58
100;29
100;29
100;23
100;21
100;23
100;39
100;70
100;37
100;51
100;54
100;59
100;44
100;50
100;57
100;38
100;57
100;62
100;70
100;53
100;96
100;76
100;51
100;28
100;24
100;21
100;49
100;54
100;43
100;35
100;25
100;23
100;44
100;44
100;38
100;71
100;43
100;53
100;53
100;50
100;55
100;57
100;42
100;27
100;47
100;50
100;43
100;86
100;76
100;40
100;50
100;29
100;37
100;37
100;13
100;34
100;35
100;43
100;45
100;27
100;34
100;10
100;75
100;90
100;69
100;81
100;76
100;55
100;59
100;56
100;55
100;44
100;44
100;46
100;57
100;57
100;48
100;58
100;56
100;43
100;60
100;75
100;56
100;67
100;52
100;81
100;68
100;69
100;52
100;53
100;50
100;53
100;79
100;79
100;36
100;65
100;62
100;58
100;79
100;53
100;39
100;67
100;39
100;65
100;63
100;51
100;86
100;33
100;59
100;34
100;40
100;37
100;57
100;66
100;40
100;41
100;74
100;95
100;42
100;51
100;47
100;49
100;10
100;27
100;23
100;12
100;67
100;49
100;67
100;82
100;38
100;68
100;34
100;26
100;29
100;26
100;85
100;84
100;56
100;31
100;46
100;82
100;59
100;112
100;59
100;60
100;1
100;0
100;0
100;0
100;1
100;1
100;0
100;0
100;0
100;1
100;0
100;0
100;12
100;0
100;2
100;0
100;4
100;0
100;0
100;0
100;2
100;4
100;0
100;0
100;2
100;0
100;14
100;0
100;0
100;0
100;0
100;0
100;0
100;2
100;0
100;0
100;0
100;0
100;3
100;0
100;0
100;6
100;0
100;20
100;0
100;1
100;2
100;0
100;3
100;0
100;0
100;0
100;0
100;0
100;10
100;0
100;0
100;0
100;0
100;1
100;2
100;0
100;0
100;3
100;2
100;0
100;0
100;0
100;0
100;1
100;0
100;1
100;0
100;8
100;0
100;0
100;2
100;4
100;0
100;0
100;0
100;0
100;1
100;1
100;0
100;0
100;3
100;0
100;0
100;10
100;3
100;1
100;2
100;0
100;0
100;0
100;1
100;0
100;0
100;17
100;5
100;0
100;1
100;11
100;0
100;0
100;0
100;0
100;0
100;0
100;3
100;0
100;0
100;1
100;1
100;0
100;0
100;2
100;1
100;4
100;0
100;0
100;0
100;1
100;0
100;0
100;10
100;0
100;0
100;1
100;0
100;0
100;2
100;4
100;0
100;0
100;0
100;0
100;0
100;0
100;0
100;0
100;6
100;10
100;2
100;0
100;0
100;0
100;0
100;0
100;1
100;1
100;0
100;0
100;0
100;0
100;1
100;0
100;0
100;0
100;0
100;0
100;0
100;2
100;6
100;1
100;2
100;0
100;0
100;0
100;1
100;4
100;100
100;100
100;100
100;100
500;1
500;0
500;0
500;0
500;0
500;1
500;0
500;0
500;0
500;0
500;0
500;0
500;0
500;0
500;1
500;0
500;1
500;0
500;0
500;0
500;0
500;0
500;0
500;0
500;1
500;0
500;2
500;0
500;0
500;0
500;0
500;0
500;0
500;0
500;0
500;0
500;0
500;0
500;8
500;3
500;0
500;0
500;1
500;0
500;0
500;0
500;0
500;0
500;0
500;0
500;0
500;0
500;0
500;0
500;0
500;0
500;0
500;0
500;0
500;1
500;0
500;0
500;0
500;0
500;0
500;0
500;0
500;0
500;0
500;0
500;0
500;0
500;0
500;0
500;2
500;9
500;0
500;0
500;0
500;0
500;0
500;2
500;0
500;0
500;0
500;0
500;0
500;8
500;1
500;0
500;0
500;5
500;0
500;0
500;0
500;0
500;0
500;4
500;0
500;0
500;0
500;0
500;0
500;0
500;0
500;0
500;0
500;0
500;0
500;0
500;3
500;0
500;0
500;0
500;0
500;0
500;0
500;0
500;0
500;0
500;0
500;0
500;0
500;0
500;0
500;0
500;7
500;0
500;0
500;0
500;0
500;0
500;0
500;0
500;0
500;0
500;0
500;0
500;0
500;0
500;0
500;0
500;0
500;0
500;0
500;0
500;0
500;1
500;0
500;0
500;0
500;0
500;0
500;0
500;0
500;0
500;0
500;0
500;0
500;0
500;0
500;0
500;0
500;0
500;0
500;0
500;12
500;0
500;0
500;0
500;6
500;0
500;25
500;1
500;1
500;2
500;10
500;54
500;18
500;0
500;3
500;0
500;1
500;1
500;16
500;0
500;5
500;16
500;20
500;11
500;42
500;8
500;19
500;7
500;5
500;7
500;23
500;16
500;10
500;4
500;2
500;0
500;0
500;0
500;0
500;1
500;1
500;9
500;15
500;32
500;19
500;40
500;48
500;11
500;30
500;10
500;6
500;24
500;26
500;11
500;6
500;0
500;1
500;0
500;16
500;16
500;19
500;9
500;0
500;1
500;6
500;3
500;4
500;16
500;5
500;13
500;7
500;10
500;43
500;10
500;5
500;11
500;0
500;0
500;0
500;5
500;0
500;37
500;4
500;12
500;6
500;1
500;9
500;19
500;1
500;8
500;9
500;20
500;42
500;32
500;7
500;6
500;9
500;13
500;15
500;1
500;13
500;12
500;4
500;13
500;54
500;15
500;16
500;0
500;7
500;12
500;14
500;11
500;8
500;13
500;5
500;12
500;10
500;3
500;12
500;11
500;1
500;22
500;1
500;6
500;3
500;22
500;10
500;0
500;4
500;7
500;0
500;3
500;5
500;9
500;3
500;6
500;22
500;7
500;8
500;54
500;9
500;6
500;1
500;7
500;0
500;1
500;0
500;11
500;16
500;12
500;8
500;6
500;16
500;12
500;4
500;19
500;7
500;22
500;8
500;44
500;15
500;36
500;3
500;0
500;0
500;6
500;5
500;1
500;3
500;4
500;5
500;15
500;0
500;7
500;7
500;1
500;23
500;15
500;122
500;10
500;0
500;13
500;138
500;102
500;23
500;30
500;2
500;12
500;33
500;10
500;33
500;4
500;51
500;17
500;36
500;25
500;40
500;7
500;29
500;39
500;8
500;71
500;26
500;13
500;15
500;7
500;8
500;2
500;2
500;5
500;2
500;75
500;0
500;115
500;19
500;364
500;16
500;21
500;167
500;110
500;24
500;149
500;94
500;6
500;18
500;121
500;337
500;7
500;13
500;0
500;66
500;200
500;42
500;78
500;1
500;17
500;65
500;214
500;101
500;71
500;78
500;136
500;9
500;22
500;12
500;85
500;71
500;145
500;2
500;1
500;36
500;26
500;76
500;24
500;6
500;14
500;47
500;64
500;0
500;20
500;104
500;45
500;138
500;57
500;47
500;4
500;50
500;15
500;5
500;10
500;11
500;22
500;3
500;31
500;34
500;58
500;55
500;117
500;18
500;4
500;55
500;41
500;4
500;38
500;7
500;6
500;44
500;10
500;13
500;27
500;25
500;126
500;3
500;19
500;110
500;50
500;47
500;7
500;9
500;16
500;6
500;2
500;43
500;38
500;56
500;148
500;76
500;5
500;10
500;12
500;11
500;7
500;15
500;5
500;34
500;9
500;13
500;14
500;8
500;28
500;11
500;26
500;0
500;15
500;42
500;62
500;0
500;39
500;5
500;0
500;39
500;220
500;3
500;172
500;16
500;43
500;5
500;7
500;4
500;63
500;26
500;31
500;25
500;21
500;145
500;32
500;6
500;69
500;0
500;2
500;20
500;2
500;2
500;1
500;9
500;14
500;9
500;0
500;0
500;0
500;0
500;0
500;1
500;0
500;0
500;0
500;6
500;9
500;2
500;0
500;9
500;0
500;0
500;2
500;2
500;4
500;8
500;25
500;0
500;0
500;0
500;2
500;0
500;0
500;0
500;10
500;9
500;22
500;2
500;18
500;19
500;19
500;23
500;30
500;55
500;21
500;46
500;3
500;22
500;0
500;0
500;0
500;18
500;12
500;0
500;20
500;0
500;0
500;9
500;26
500;40
500;0
500;33
500;11
500;0
500;2
500;21
500;0
500;0
500;13
500;0
500;0
500;0
500;16
500;23
500;19
500;0
500;0
500;2
500;19
500;13
500;9
500;4
500;4
500;3
500;0
500;6
500;0
500;0
500;12
500;6
500;12
500;14
500;2
500;2
500;0
500;4
500;4
500;9
500;3
500;22
500;6
500;11
500;10
500;1
500;1
500;2
500;8
500;4
500;0
500;8
500;0
500;0
500;0
500;8
500;3
500;5
500;6
500;3
500;6
500;2
500;2
500;1
500;0
500;11
500;8
500;0
500;11
500;0
500;0
500;0
500;3
500;9
500;10
500;3
500;0
500;5
500;1
500;13
500;0
500;12
500;0
500;0
500;6
500;4
500;25
500;11
500;2
500;0
500;0
500;0
500;0
500;19
500;17
500;17
500;0
500;6
500;3
500;0
500;2
500;0
500;1
500;6
500;10
500;12
500;0
500;7
500;8
500;2
500;0
500;0
500;6
500;1
500;0
500;0
500;0
500;6
500;9
500;1
500;0
500;5
500;0
500;0
500;0
500;0
500;0
500;1
500;0
500;3
500;12
500;0
500;0
500;8
500;3
500;8
500;0
500;0
500;3
500;0
500;25
500;0
500;0
500;0
500;0
500;0
500;22
500;0
500;0
500;11
500;4
500;0
500;0
500;26
500;0
500;0
500;1
500;0
500;11
500;2
500;0
500;71
500;0
500;0
500;0
500;3
500;25
500;0
500;0
500;0
500;0
500;0
500;0
500;0
500;0
500;0
500;0
500;2
500;0
500;0
500;6
500;0
500;0
500;0
500;0
500;0
500;0
500;0
500;0
500;2
500;0
500;0
500;1
500;0
500;0
500;4
500;0
500;0
500;4
500;0
500;0
500;0
500;8
500;0
500;11
500;1
500;12
500;7
500;3
500;0
500;0
500;2
500;0
500;0
500;0
500;0
500;6
500;10
500;8
500;2
500;0
500;9
500;4
500;0
500;0
500;4
500;12
500;0
500;0
500;0
500;7
500;6
500;8
500;2
500;21
500;0
500;30
500;0
500;0
500;0
500;0
500;4
500;0
500;0
500;20
500;2
500;0
500;0
500;0
500;3
500;8
500;0
500;0
500;0
500;13
500;0
500;0
500;0
500;0
500;26
500;0
500;0
500;4
500;0
500;2
500;19
500;14
500;24
500;0
500;0
500;0
500;0
500;5
500;0
500;0
500;0
500;3
500;0
500;0
500;0
500;34
500;0
500;0
500;2
500;0
500;1
500;0
500;0
500;0
500;0
500;0
500;0
500;0
500;0
500;0
500;0
500;0
500;0
500;0
500;0
500;0
500;0
500;0
500;2
500;0
500;0
500;0
500;0
500;0
500;0
500;0
500;0
500;0
500;0
500;0
500;0
500;0
500;0
500;0
500;0
500;3
500;0
500;0
500;0
500;0
500;0
500;0
500;0
500;0
500;0
500;0
500;0
500;0
500;0
500;0
500;0
500;0
500;0
500;0
500;0
500;0
500;0
500;0
500;0
500;0
500;0
500;0
500;0
500;0
500;0
500;0
500;0
500;0
500;0
500;0
500;0
500;0
500;0
500;0
500;0
500;0
500;0
500;0
500;1
500;0
500;0
500;3
500;0
500;5
500;0
500;0
500;0
500;0
500;0
500;1
500;0
500;0
500;10
500;0
500;0
500;1
500;0
500;0
500;0
500;0
500;2
500;0
500;0
500;2
500;0
500;0
500;2
500;0
500;0
500;0
500;0
500;0
500;0
500;0
500;0
500;0
500;0
500;0
500;0
500;1
500;0
500;0
500;0
500;0
500;0
500;0
500;0
500;0
500;0
500;0
500;0
500;0
500;0
500;2
500;0
500;2
500;0
500;0
500;0
500;0
500;0
500;0
500;0
500;0
500;0
500;0
500;0
500;1
500;0
500;0
500;0
500;0
500;0
500;0
500;0
500;0
500;0
500;0
500;0
500;0
500;0
500;0
500;0
500;0
500;0
500;0
500;0
500;0
500;8
500;0
500;0
500;0
500;125
500;34
500;39
500;36
500;130
500;111
500;114
500;8
500;12
500;19
500;8
500;10
500;100
500;17
500;59
500;63
500;55
500;62
500;92
500;51
500;61
500;82
500;54
500;52
500;131
500;48
500;79
500;63
500;14
500;19
500;7
500;13
500;22
500;79
500;20
500;118
500;85
500;129
500;69
500;106
500;158
500;104
500;87
500;127
500;124
500;172
500;130
500;137
500;112
500;10
500;6
500;30
500;74
500;76
500;76
500;107
500;7
500;9
500;76
500;111
500;79
500;65
500;32
500;38
500;64
500;58
500;70
500;49
500;89
500;60
500;13
500;5
500;8
500;111
500;105
500;68
500;26
500;34
500;38
500;59
500;51
500;41
500;49
500;46
500;37
500;71
500;75
500;117
500;41
500;28
500;42
500;56
500;69
500;30
500;28
500;46
500;23
500;56
500;54
500;23
500;40
500;45
500;71
500;55
500;33
500;36
500;44
500;22
500;25
500;38
500;68
500;32
500;39
500;49
500;28
500;35
500;37
500;34
500;76
500;60
500;39
500;21
500;65
500;59
500;44
500;40
500;36
500;54
500;39
500;61
500;91
500;78
500;48
500;69
500;42
500;47
500;27
500;47
500;39
500;59
500;57
500;42
500;62
500;47
500;91
500;110
500;57
500;35
500;36
500;37
500;36
500;22
500;82
500;69
500;99
500;63
500;38
500;11
500;23
500;29
500;55
500;23
500;70
500;35
500;50
500;74
500;58
500;117
500;19
500;74
500;97
500;32
500;140
500;322
500;110
500;105
500;132
500;142
500;172
500;165
500;68
500;252
500;60
500;64
500;117
500;47
500;209
500;81
500;200
500;72
500;233
500;44
500;240
500;150
500;200
500;286
500;112
500;46
500;75
500;102
500;24
500;50
500;71
500;73
500;279
500;70
500;98
500;333
500;88
500;180
500;334
500;172
500;139
500;88
500;97
500;423
500;491
500;303
500;201
500;130
500;134
500;11
500;43
500;185
500;116
500;332
500;73
500;357
500;49
500;12
500;76
500;68
500;70
500;90
500;101
500;183
500;58
500;62
500;214
500;359
500;395
500;234
500;13
500;10
500;51
500;211
500;280
500;134
500;108
500;100
500;66
500;79
500;172
500;90
500;87
500;74
500;63
500;103
500;76
500;241
500;145
500;39
500;50
500;26
500;243
500;93
500;136
500;33
500;44
500;200
500;117
500;153
500;28
500;33
500;155
500;44
500;55
500;65
500;65
500;99
500;108
500;141
500;55
500;77
500;35
500;169
500;169
500;169
500;63
500;27
500;45
500;164
500;167
500;139
500;184
500;63
500;16
500;33
500;28
500;139
500;56
500;82
500;272
500;279
500;293
500;59
500;219
500;268
500;36
500;31
500;151
500;69
500;153
500;36
500;250
500;95
500;345
500;70
500;228
500;131
500;86
500;106
500;97
500;3
500;272
500;80
500;272
500;146
500;80
500;149
500;24
500;92
500;255
500;163
500;169
500;170
500;79
500;42
500;145
500;225
500;109
500;88
500;56
500;45
500;119
500;22
500;22
500;24
500;138
500;122
500;130
500;11
500;16
500;18
500;10
500;11
500;33
500;6
500;42
500;86
500;34
500;73
500;61
500;48
500;63
500;60
500;39
500;69
500;86
500;27
500;49
500;42
500;11
500;9
500;12
500;8
500;13
500;62
500;6
500;50
500;72
500;131
500;56
500;96
500;55
500;99
500;121
500;201
500;49
500;105
500;167
500;133
500;140
500;8
500;6
500;5
500;116
500;189
500;52
500;103
500;7
500;5
500;50
500;30
500;37
500;108
500;76
500;36
500;47
500;50
500;79
500;82
500;84
500;72
500;3
500;12
500;3
500;72
500;111
500;132
500;37
500;37
500;37
500;44
500;90
500;78
500;35
500;35
500;23
500;49
500;20
500;68
500;54
500;54
500;42
500;35
500;58
500;31
500;33
500;24
500;33
500;41
500;20
500;6
500;31
500;39
500;54
500;32
500;32
500;19
500;26
500;43
500;32
500;36
500;32
500;49
500;49
500;29
500;29
500;36
500;39
500;39
500;64
500;64
500;57
500;34
500;34
500;51
500;24
500;48
500;50
500;35
500;39
500;75
500;27
500;127
500;40
500;30
500;31
500;45
500;22
500;22
500;75
500;51
500;22
500;31
500;31
500;133
500;106
500;109
500;109
500;30
500;39
500;18
500;35
500;13
500;38
500;69
500;77
500;110
500;24
500;32
500;13
500;47
500;69
500;22
500;44
500;31
500;37
500;27
500;24
500;163
500;59
500;89
500;96
500;28
500;1
500;0
500;0
500;0
500;3
500;0
500;0
500;0
500;0
500;0
500;0
500;0
500;0
500;0
500;2
500;0
500;0
500;0
500;2
500;1
500;0
500;0
500;0
500;0
500;0
500;0
500;8
500;0
500;0
500;0
500;0
500;0
500;0
500;0
500;0
500;0
500;13
500;6
500;5
500;0
500;8
500;10
500;0
500;0
500;2
500;0
500;22
500;0
500;43
500;0
500;0
500;0
500;0
500;1
500;0
500;4
500;0
500;0
500;3
500;0
500;4
500;0
500;0
500;6
500;0
500;0
500;0
500;0
500;6
500;21
500;1
500;0
500;0
500;1
500;7
500;2
500;6
500;1
500;0
500;3
500;0
500;0
500;3
500;1
500;0
500;8
500;0
500;24
500;0
500;1
500;0
500;0
500;0
500;0
500;0
500;0
500;0
500;12
500;12
500;4
500;4
500;0
500;0
500;0
500;7
500;0
500;0
500;6
500;1
500;1
500;6
500;0
500;0
500;3
500;0
500;0
500;0
500;0
500;44
500;0
500;0
500;11
500;4
500;0
500;0
500;7
500;0
500;1
500;0
500;1
500;0
500;0
500;19
500;0
500;0
500;1
500;8
500;0
500;0
500;0
500;0
500;0
500;0
500;0
500;0
500;0
500;8
500;1
500;4
500;0
500;0
500;7
500;0
500;14
500;0
500;0
500;0
500;11
500;0
500;1
500;0
500;0
500;11
500;0
500;0
500;0
500;0
500;0
500;0
500;0
500;23
500;2
500;1
500;0
500;0
500;0
500;1
500;1
500;0
500;0
500;0
500;0
500;0
500;0
500;0
500;0
500;0
500;1
500;0
500;0
500;0
500;1
500;0
500;12
500;0
500;0
500;0
500;0
500;0
500;0
500;0
500;0
500;0
500;0
500;0
500;0
500;0
500;0
500;0
500;0
500;1
500;0
500;4
500;0
500;0
500;0
500;4
500;0
500;0
500;0
500;0
500;0
500;0
500;0
500;0
500;0
500;0
500;0
500;0
500;0
500;0
500;0
500;4
500;0
500;0
500;0
500;0
500;0
500;0
500;0
500;2
500;0
500;0
500;0
500;0
500;0
500;0
500;0
500;0
500;0
500;0
500;0
500;0
500;0
500;0
500;0
500;0
500;0
500;0
500;0
500;0
500;0
500;0
500;0
500;0
500;0
500;0
500;0
500;0
500;0
500;0
500;0
500;0
500;0
500;5
500;0
500;0
500;0
500;2
500;0
500;0
500;0
500;0
500;0
500;0
500;0
500;0
500;0
500;0
500;0
500;0
500;0
500;0
500;0
500;0
500;0
500;0
500;0
500;3
500;0
500;0
500;0
500;0
500;0
500;0
500;0
500;0
500;0
500;0
500;0
500;0
500;0
500;0
500;0
500;0
500;8
500;0
500;0
500;0
500;0
500;0
500;0
500;0
500;0
500;0
500;0
500;0
500;0
500;1
500;0
500;0
500;0
500;0
500;0
500;0
500;0
500;0
500;0
500;0
500;0
500;0
500;0
500;0
500;0
500;300
500;175
500;196
500;184
500;295
500;246
500;300
500;74
500;96
500;156
500;75
500;84
500;169
500;61
500;158
500;206
500;122
500;161
500;192
500;135
500;210
500;224
500;143
500;192
500;169
500;116
500;191
500;156
500;57
500;68
500;76
500;112
500;107
500;147
500;148
500;219
500;192
500;270
500;234
500;227
500;354
500;259
500;279
500;355
500;310
500;298
500;347
500;327
500;251
500;41
500;44
500;50
500;137
500;216
500;190
500;227
500;48
500;37
500;138
500;153
500;270
500;219
500;214
500;84
500;112
500;119
500;166
500;191
500;318
500;151
500;93
500;60
500;74
500;194
500;258
500;328
500;88
500;97
500;83
500;139
500;98
500;156
500;113
500;70
500;106
500;163
500;244
500;223
500;111
500;110
500;90
500;113
500;207
500;87
500;65
500;88
500;91
500;134
500;110
500;97
500;104
500;78
500;129
500;95
500;85
500;90
500;95
500;83
500;102
500;114
500;114
500;149
500;91
500;82
500;112
500;97
500;109
500;103
500;113
500;98
500;141
500;138
500;162
500;115
500;87
500;112
500;122
500;80
500;105
500;118
500;187
500;224
500;144
500;162
500;150
500;136
500;68
500;49
500;103
500;119
500;116
500;112
500;173
500;224
500;159
500;227
500;258
500;103
500;26
500;65
500;66
500;36
500;141
500;129
500;217
500;124
500;86
500;94
500;37
500;42
500;141
500;69
500;135
500;99
500;96
500;90
500;117
500;115
500;156
500;125
500;152
500;84
500;495
500;313
500;313
500;310
500;493
500;492
500;497
500;192
500;208
500;235
500;143
500;251
500;332
500;78
500;246
500;284
500;192
500;181
500;239
500;198
500;197
500;342
500;200
500;172
500;383
500;139
500;154
500;310
500;157
500;123
500;125
500;219
500;184
500;219
500;367
500;306
500;200
500;234
500;393
500;398
500;551
500;473
500;410
500;382
500;274
500;260
500;305
500;512
500;420
500;145
500;94
500;141
500;197
500;223
500;226
500;230
500;110
500;67
500;167
500;254
500;338
500;298
500;328
500;183
500;183
500;131
500;200
500;195
500;296
500;360
500;111
500;168
500;116
500;300
500;218
500;336
500;91
500;85
500;141
500;148
500;200
500;192
500;165
500;165
500;99
500;253
500;209
500;142
500;163
500;180
500;124
500;180
500;331
500;129
500;87
500;133
500;136
500;129
500;114
500;138
500;153
500;98
500;134
500;150
500;92
500;152
500;152
500;101
500;160
500;121
500;163
500;124
500;169
500;169
500;111
500;165
500;97
500;169
500;197
500;144
500;197
500;131
500;104
500;188
500;170
500;170
500;169
500;172
500;195
500;195
500;263
500;273
500;293
500;162
500;192
500;94
500;87
500;141
500;100
500;132
500;166
500;128
500;242
500;370
500;271
500;204
500;313
500;122
500;86
500;81
500;113
500;68
500;304
500;282
500;328
500;373
500;86
500;101
500;86
500;44
500;255
500;163
500;222
500;170
500;144
500;177
500;140
500;177
500;181
500;122
500;186
500;130
500;299
500;169
500;178
500;169
500;343
500;346
500;286
500;57
500;83
500;87
500;68
500;81
500;185
500;72
500;167
500;145
500;124
500;152
500;177
500;122
500;154
500;214
500;116
500;179
500;162
500;105
500;114
500;192
500;57
500;56
500;79
500;84
500;69
500;154
500;118
500;176
500;190
500;278
500;237
500;235
500;313
500;253
500;284
500;430
500;304
500;243
500;303
500;242
500;219
500;45
500;45
500;69
500;189
500;177
500;238
500;251
500;35
500;58
500;133
500;132
500;262
500;195
500;247
500;106
500;99
500;151
500;216
500;193
500;228
500;246
500;70
500;73
500;66
500;192
500;246
500;258
500;71
500;93
500;91
500;132
500;133
500;124
500;105
500;77
500;86
500;109
500;174
500;159
500;131
500;98
500;124
500;98
500;209
500;59
500;85
500;59
500;85
500;130
500;96
500;75
500;92
500;75
500;125
500;98
500;83
500;112
500;112
500;110
500;90
500;90
500;90
500;109
500;132
500;104
500;90
500;103
500;103
500;100
500;140
500;105
500;113
500;97
500;95
500;122
500;92
500;82
500;113
500;113
500;107
500;130
500;114
500;223
500;135
500;129
500;176
500;121
500;93
500;93
500;108
500;81
500;107
500;85
500;149
500;225
500;191
500;225
500;244
500;70
500;27
500;37
500;70
500;18
500;191
500;214
500;157
500;232
500;80
500;105
500;57
500;54
500;156
500;96
500;141
500;95
500;92
500;82
500;129
500;245
500;132
500;190
500;160
500;110
500;7
500;0
500;0
500;0
500;11
500;1
500;5
500;0
500;0
500;0
500;0
500;0
500;26
500;0
500;0
500;3
500;1
500;3
500;0
500;3
500;9
500;0
500;8
500;0
500;6
500;0
500;0
500;0
500;0
500;0
500;0
500;0
500;1
500;3
500;0
500;3
500;0
500;5
500;0
500;0
500;0
500;6
500;0
500;0
500;1
500;0
500;0
500;4
500;0
500;0
500;0
500;0
500;0
500;0
500;8
500;0
500;0
500;0
500;0
500;0
500;0
500;2
500;0
500;0
500;0
500;3
500;0
500;0
500;0
500;0
500;0
500;0
500;0
500;12
500;40
500;10
500;0
500;0
500;0
500;17
500;0
500;0
500;0
500;1
500;0
500;0
500;0
500;0
500;0
500;6
500;3
500;0
500;0
500;0
500;4
500;3
500;0
500;6
500;0
500;6
500;0
500;1
500;0
500;21
500;0
500;0
500;0
500;0
500;5
500;0
500;0
500;0
500;0
500;25
500;0
500;5
500;1
500;0
500;0
500;0
500;1
500;0
500;0
500;0
500;10
500;7
500;0
500;0
500;12
500;0
500;2
500;0
500;0
500;0
500;0
500;0
500;0
500;1
500;0
500;0
500;0
500;0
500;0
500;0
500;5
500;19
500;0
500;2
500;7
500;0
500;0
500;1
500;0
500;5
500;0
500;0
500;0
500;0
500;7
500;30
500;0
500;40
500;0
500;0
500;15
500;4
500;0
500;0
500;0
500;1
500;1
500;0
500;500
500;500
500;200
500;200
1000;1
1000;0
1000;0
1000;0
1000;1
1000;1
1000;0
1000;0
1000;0
1000;0
1000;0
1000;0
1000;1
1000;0
1000;1
1000;0
1000;0
1000;0
1000;0
1000;0
1000;0
1000;0
1000;0
1000;0
1000;0
1000;0
1000;0
1000;0
1000;0
1000;0
1000;0
1000;0
1000;0
1000;0
1000;0
1000;0
1000;0
1000;0
1000;0
1000;0
1000;0
1000;0
1000;0
1000;0
1000;0
1000;0
1000;0
1000;0
1000;0
1000;0
1000;0
1000;0
1000;0
1000;0
1000;0
1000;0
1000;0
1000;0
1000;0
1000;0
1000;0
1000;4
1000;3
1000;2
1000;0
1000;0
1000;0
1000;0
1000;0
1000;0
1000;0
1000;0
1000;0
1000;0
1000;31
1000;0
1000;0
1000;0
1000;0
1000;0
1000;0
1000;0
1000;0
1000;0
1000;0
1000;0
1000;2
1000;0
1000;0
1000;0
1000;0
1000;0
1000;0
1000;0
1000;0
1000;0
1000;1
1000;0
1000;0
1000;0
1000;0
1000;0
1000;0
1000;0
1000;0
1000;0
1000;0
1000;0
1000;0
1000;0
1000;0
1000;0
1000;0
1000;0
1000;0
1000;0
1000;0
1000;0
1000;0
1000;0
1000;0
1000;1
1000;0
1000;0
1000;0
1000;0
1000;0
1000;0
1000;0
1000;0
1000;0
1000;0
1000;0
1000;0
1000;0
1000;0
1000;0
1000;0
1000;0
1000;0
1000;0
1000;0
1000;0
1000;0
1000;0
1000;0
1000;0
1000;6
1000;0
1000;0
1000;0
1000;0
1000;0
1000;0
1000;0
1000;0
1000;0
1000;0
1000;0
1000;0
1000;0
1000;0
1000;0
1000;0
1000;0
1000;0
1000;0
1000;0
1000;0
1000;0
1000;0
1000;0
1000;50
1000;1
1000;2
1000;4
1000;37
1000;50
1000;35
1000;1
1000;1
1000;0
1000;0
1000;0
1000;51
1000;0
1000;29
1000;29
1000;11
1000;37
1000;44
1000;17
1000;22
1000;30
1000;12
1000;16
1000;46
1000;7
1000;24
1000;53
1000;0
1000;2
1000;1
1000;0
1000;1
1000;33
1000;3
1000;11
1000;41
1000;40
1000;76
1000;39
1000;75
1000;13
1000;47
1000;66
1000;34
1000;31
1000;26
1000;50
1000;16
1000;0
1000;1
1000;0
1000;27
1000;38
1000;24
1000;28
1000;1
1000;0
1000;14
1000;43
1000;58
1000;23
1000;29
1000;16
1000;12
1000;47
1000;56
1000;33
1000;34
1000;30
1000;0
1000;0
1000;1
1000;8
1000;51
1000;46
1000;9
1000;9
1000;12
1000;17
1000;18
1000;27
1000;9
1000;20
1000;5
1000;24
1000;34
1000;97
1000;9
1000;6
1000;14
1000;5
1000;36
1000;11
1000;8
1000;7
1000;6
1000;36
1000;11
1000;1
1000;10
1000;4
1000;12
1000;9
1000;23
1000;1
1000;13
1000;4
1000;12
1000;15
1000;7
1000;14
1000;4
1000;9
1000;24
1000;9
1000;4
1000;27
1000;2
1000;12
1000;12
1000;8
1000;20
1000;9
1000;4
1000;22
1000;4
1000;11
1000;29
1000;11
1000;2
1000;2
1000;8
1000;14
1000;0
1000;17
1000;3
1000;6
1000;3
1000;5
1000;4
1000;66
1000;15
1000;32
1000;12
1000;42
1000;176
1000;7
1000;6
1000;38
1000;16
1000;2
1000;4
1000;26
1000;10
1000;25
1000;19
1000;5
1000;13
1000;6
1000;53
1000;4
1000;65
1000;20
1000;10
1000;4
1000;21
1000;8
1000;19
1000;6
1000;27
1000;9
1000;242
1000;1
1000;25
1000;3
1000;238
1000;255
1000;220
1000;7
1000;11
1000;4
1000;0
1000;21
1000;31
1000;6
1000;12
1000;19
1000;85
1000;30
1000;37
1000;66
1000;207
1000;164
1000;93
1000;178
1000;87
1000;22
1000;129
1000;0
1000;0
1000;0
1000;147
1000;5
1000;3
1000;37
1000;4
1000;147
1000;9
1000;26
1000;234
1000;551
1000;23
1000;194
1000;16
1000;50
1000;32
1000;210
1000;260
1000;373
1000;37
1000;0
1000;13
1000;28
1000;199
1000;6
1000;185
1000;307
1000;8
1000;1
1000;108
1000;2
1000;137
1000;51
1000;221
1000;14
1000;9
1000;25
1000;147
1000;149
1000;34
1000;111
1000;5
1000;1
1000;4
1000;108
1000;180
1000;16
1000;176
1000;45
1000;39
1000;246
1000;121
1000;16
1000;8
1000;15
1000;5
1000;71
1000;491
1000;9
1000;3
1000;5
1000;3
1000;11
1000;0
1000;52
1000;45
1000;1
1000;50
1000;18
1000;162
1000;12
1000;86
1000;15
1000;51
1000;48
1000;51
1000;1
1000;139
1000;158
1000;55
1000;59
1000;1
1000;34
1000;2
1000;0
1000;62
1000;42
1000;17
1000;50
1000;5
1000;4
1000;5
1000;11
1000;27
1000;70
1000;3
1000;19
1000;9
1000;11
1000;2
1000;164
1000;22
1000;45
1000;12
1000;296
1000;63
1000;21
1000;4
1000;10
1000;2
1000;18
1000;0
1000;3
1000;103
1000;0
1000;26
1000;195
1000;62
1000;15
1000;2
1000;1
1000;45
1000;99
1000;13
1000;415
1000;37
1000;90
1000;4
1000;34
1000;24
1000;33
1000;96
1000;16
1000;38
1000;40
1000;56
1000;5
1000;33
1000;154
1000;4
1000;19
1000;313
1000;0
1000;32
1000;1
1000;3
1000;0
1000;51
1000;41
1000;53
1000;0
1000;2
1000;1
1000;0
1000;0
1000;25
1000;0
1000;7
1000;58
1000;13
1000;26
1000;32
1000;7
1000;23
1000;24
1000;6
1000;28
1000;4
1000;8
1000;4
1000;26
1000;0
1000;0
1000;2
1000;0
1000;1
1000;15
1000;0
1000;0
1000;15
1000;22
1000;30
1000;14
1000;45
1000;43
1000;47
1000;128
1000;21
1000;43
1000;28
1000;20
1000;76
1000;0
1000;0
1000;0
1000;21
1000;37
1000;45
1000;52
1000;0
1000;0
1000;6
1000;17
1000;64
1000;20
1000;16
1000;16
1000;4
1000;22
1000;31
1000;2
1000;28
1000;77
1000;0
1000;0
1000;0
1000;19
1000;37
1000;18
1000;7
1000;0
1000;8
1000;11
1000;41
1000;11
1000;5
1000;3
1000;5
1000;16
1000;39
1000;1
1000;8
1000;1
1000;1
1000;4
1000;31
1000;2
1000;2
1000;5
1000;16
1000;4
1000;12
1000;3
1000;12
1000;4
1000;4
1000;1
1000;6
1000;6
1000;6
1000;12
1000;12
1000;5
1000;18
1000;1
1000;4
1000;8
1000;10
1000;5
1000;1
1000;15
1000;4
1000;10
1000;2
1000;7
1000;12
1000;10
1000;15
1000;15
1000;0
1000;10
1000;1
1000;1
1000;9
1000;9
1000;23
1000;13
1000;11
1000;35
1000;4
1000;8
1000;1
1000;9
1000;50
1000;24
1000;36
1000;37
1000;17
1000;0
1000;16
1000;3
1000;6
1000;12
1000;7
1000;2
1000;5
1000;26
1000;51
1000;22
1000;0
1000;2
1000;13
1000;10
1000;42
1000;14
1000;13
1000;17
1000;21
1000;1
1000;10
1000;9
1000;6
1000;6
1000;5
1000;0
1000;12
1000;0
1000;0
1000;0
1000;11
1000;2
1000;3
1000;0
1000;1
1000;0
1000;0
1000;0
1000;0
1000;0
1000;0
1000;0
1000;1
1000;0
1000;0
1000;2
1000;0
1000;0
1000;17
1000;21
1000;67
1000;0
1000;21
1000;0
1000;0
1000;0
1000;0
1000;0
1000;1
1000;11
1000;0
1000;3
1000;20
1000;0
1000;9
1000;4
1000;21
1000;2
1000;3
1000;12
1000;4
1000;11
1000;119
1000;0
1000;45
1000;0
1000;0
1000;0
1000;0
1000;9
1000;2
1000;8
1000;0
1000;0
1000;1
1000;0
1000;0
1000;0
1000;4
1000;0
1000;0
1000;0
1000;0
1000;98
1000;0
1000;10
1000;0
1000;0
1000;0
1000;5
1000;0
1000;11
1000;12
1000;1
1000;6
1000;6
1000;0
1000;0
1000;0
1000;2
1000;2
1000;45
1000;0
1000;7
1000;0
1000;1
1000;0
1000;11
1000;0
1000;0
1000;4
1000;0
1000;0
1000;0
1000;0
1000;0
1000;1
1000;1
1000;0
1000;0
1000;1
1000;0
1000;0
1000;0
1000;0
1000;0
1000;0
1000;0
1000;0
1000;0
1000;0
1000;0
1000;16
1000;4
1000;3
1000;0
1000;0
1000;0
1000;0
1000;11
1000;0
1000;0
1000;0
1000;0
1000;1
1000;0
1000;0
1000;15
1000;0
1000;2
1000;36
1000;0
1000;0
1000;4
1000;0
1000;0
1000;5
1000;3
1000;1
1000;7
1000;0
1000;0
1000;30
1000;0
1000;0
1000;0
1000;2
1000;1
1000;48
1000;1
1000;0
1000;0
1000;2
1000;0
1000;0
1000;3
1000;24
1000;0
1000;0
1000;3
1000;0
1000;9
1000;0
1000;0
1000;1
1000;23
1000;36
1000;0
1000;1
1000;0
1000;0
1000;0
1000;8
1000;0
1000;1
1000;0
1000;0
1000;0
1000;0
1000;0
1000;0
1000;0
1000;2
1000;0
1000;0
1000;0
1000;0
1000;0
1000;7
1000;12
1000;0
1000;2
1000;0
1000;1
1000;0
1000;0
1000;0
1000;0
1000;0
1000;0
1000;0
1000;0
1000;0
1000;0
1000;0
1000;0
1000;0
1000;0
1000;0
1000;1
1000;0
1000;0
1000;3
1000;0
1000;0
1000;1
1000;0
1000;0
1000;0
1000;0
1000;0
1000;2
1000;0
1000;0
1000;0
1000;0
1000;0
1000;0
1000;2
1000;0
1000;0
1000;1
1000;0
1000;0
1000;0
1000;0
1000;0
1000;2
1000;0
1000;0
1000;0
1000;0
1000;0
1000;3
1000;0
1000;0
1000;0
1000;3
1000;0
1000;0
1000;0
1000;0
1000;0
1000;0
1000;0
1000;0
1000;0
1000;0
1000;0
1000;0
1000;0
1000;0
1000;0
1000;0
1000;0
1000;0
1000;0
1000;0
1000;0
1000;0
1000;3
1000;0
1000;0
1000;0
1000;0
1000;2
1000;0
1000;0
1000;0
1000;0
1000;0
1000;0
1000;1
1000;0
1000;0
1000;0
1000;0
1000;0
1000;0
1000;0
1000;0
1000;0
1000;0
1000;0
1000;0
1000;0
1000;0
1000;0
1000;8
1000;0
1000;0
1000;10
1000;2
1000;0
1000;0
1000;0
1000;0
1000;0
1000;0
1000;0
1000;10
1000;0
1000;0
1000;0
1000;0
1000;0
1000;0
1000;0
1000;0
1000;0
1000;0
1000;0
1000;0
1000;0
1000;0
1000;0
1000;0
1000;0
1000;0
1000;0
1000;0
1000;0
1000;0
1000;0
1000;0
1000;0
1000;0
1000;0
1000;0
1000;0
1000;250
1000;59
1000;40
1000;65
1000;250
1000;250
1000;275
1000;17
1000;32
1000;11
1000;18
1000;38
1000;159
1000;22
1000;87
1000;88
1000;72
1000;145
1000;123
1000;101
1000;152
1000;135
1000;78
1000;126
1000;232
1000;66
1000;96
1000;114
1000;24
1000;13
1000;17
1000;42
1000;40
1000;108
1000;33
1000;165
1000;169
1000;200
1000;201
1000;164
1000;277
1000;263
1000;190
1000;180
1000;199
1000;248
1000;363
1000;188
1000;323
1000;6
1000;12
1000;28
1000;164
1000;198
1000;200
1000;268
1000;14
1000;11
1000;46
1000;102
1000;126
1000;231
1000;190
1000;78
1000;78
1000;162
1000;95
1000;271
1000;159
1000;395
1000;22
1000;14
1000;10
1000;94
1000;209
1000;152
1000;80
1000;72
1000;74
1000;82
1000;156
1000;128
1000;69
1000;58
1000;56
1000;140
1000;166
1000;255
1000;62
1000;53
1000;76
1000;53
1000;83
1000;40
1000;60
1000;54
1000;48
1000;82
1000;57
1000;46
1000;36
1000;45
1000;77
1000;58
1000;37
1000;47
1000;42
1000;52
1000;78
1000;79
1000;90
1000;53
1000;65
1000;44
1000;53
1000;62
1000;68
1000;62
1000;88
1000;67
1000;71
1000;79
1000;73
1000;48
1000;53
1000;55
1000;34
1000;55
1000;125
1000;54
1000;42
1000;162
1000;148
1000;114
1000;83
1000;51
1000;28
1000;36
1000;104
1000;68
1000;60
1000;56
1000;162
1000;279
1000;136
1000;289
1000;239
1000;78
1000;24
1000;52
1000;55
1000;28
1000;66
1000;146
1000;101
1000;163
1000;66
1000;38
1000;37
1000;58
1000;126
1000;75
1000;56
1000;70
1000;67
1000;68
1000;147
1000;76
1000;52
1000;155
1000;76
1000;41
1000;160
1000;106
1000;535
1000;29
1000;143
1000;132
1000;143
1000;235
1000;93
1000;623
1000;232
1000;22
1000;157
1000;40
1000;78
1000;451
1000;46
1000;391
1000;111
1000;39
1000;360
1000;395
1000;300
1000;84
1000;173
1000;53
1000;55
1000;287
1000;229
1000;249
1000;16
1000;273
1000;75
1000;467
1000;94
1000;140
1000;103
1000;675
1000;115
1000;629
1000;95
1000;124
1000;661
1000;869
1000;211
1000;911
1000;891
1000;140
1000;681
1000;3
1000;10
1000;9
1000;457
1000;90
1000;770
1000;682
1000;19
1000;14
1000;62
1000;67
1000;20
1000;510
1000;209
1000;275
1000;195
1000;353
1000;471
1000;693
1000;447
1000;161
1000;4
1000;9
1000;20
1000;130
1000;530
1000;105
1000;167
1000;146
1000;166
1000;269
1000;125
1000;81
1000;49
1000;69
1000;228
1000;450
1000;442
1000;768
1000;222
1000;162
1000;32
1000;45
1000;49
1000;148
1000;18
1000;152
1000;52
1000;230
1000;40
1000;172
1000;214
1000;66
1000;311
1000;151
1000;34
1000;22
1000;73
1000;144
1000;228
1000;161
1000;31
1000;33
1000;247
1000;247
1000;69
1000;23
1000;209
1000;25
1000;25
1000;13
1000;265
1000;25
1000;276
1000;4
1000;158
1000;76
1000;184
1000;174
1000;306
1000;33
1000;447
1000;239
1000;181
1000;453
1000;183
1000;524
1000;32
1000;144
1000;183
1000;193
1000;68
1000;26
1000;45
1000;199
1000;383
1000;101
1000;584
1000;130
1000;113
1000;170
1000;192
1000;11
1000;493
1000;381
1000;74
1000;465
1000;18
1000;26
1000;37
1000;29
1000;395
1000;309
1000;373
1000;168
1000;55
1000;245
1000;184
1000;96
1000;237
1000;44
1000;90
1000;174
1000;231
1000;55
1000;45
1000;52
1000;187
1000;170
1000;239
1000;15
1000;13
1000;26
1000;16
1000;26
1000;91
1000;11
1000;86
1000;99
1000;63
1000;113
1000;129
1000;73
1000;62
1000;215
1000;65
1000;116
1000;220
1000;88
1000;126
1000;138
1000;15
1000;17
1000;14
1000;23
1000;15
1000;107
1000;12
1000;149
1000;115
1000;209
1000;236
1000;160
1000;284
1000;309
1000;213
1000;306
1000;247
1000;246
1000;344
1000;296
1000;224
1000;14
1000;14
1000;17
1000;118
1000;119
1000;377
1000;243
1000;8
1000;8
1000;96
1000;117
1000;161
1000;170
1000;238
1000;54
1000;68
1000;99
1000;135
1000;87
1000;237
1000;232
1000;4
1000;4
1000;1
1000;98
1000;237
1000;204
1000;42
1000;27
1000;42
1000;92
1000;92
1000;88
1000;47
1000;42
1000;47
1000;67
1000;155
1000;220
1000;32
1000;32
1000;32
1000;54
1000;159
1000;43
1000;43
1000;35
1000;43
1000;55
1000;51
1000;42
1000;12
1000;41
1000;114
1000;61
1000;30
1000;44
1000;30
1000;37
1000;28
1000;67
1000;28
1000;59
1000;59
1000;75
1000;59
1000;45
1000;62
1000;47
1000;46
1000;65
1000;28
1000;76
1000;76
1000;77
1000;47
1000;35
1000;75
1000;44
1000;86
1000;65
1000;95
1000;124
1000;57
1000;96
1000;114
1000;113
1000;32
1000;26
1000;36
1000;46
1000;34
1000;87
1000;216
1000;245
1000;177
1000;177
1000;65
1000;38
1000;32
1000;40
1000;28
1000;56
1000;104
1000;174
1000;162
1000;181
1000;33
1000;40
1000;37
1000;38
1000;90
1000;70
1000;41
1000;45
1000;57
1000;58
1000;71
1000;96
1000;73
1000;60
1000;109
1000;47
1000;1
1000;0
1000;0
1000;0
1000;11
1000;0
1000;56
1000;0
1000;0
1000;0
1000;0
1000;0
1000;3
1000;0
1000;7
1000;20
1000;4
1000;1
1000;4
1000;0
1000;0
1000;18
1000;3
1000;1
1000;0
1000;0
1000;0
1000;0
1000;0
1000;0
1000;0
1000;0
1000;0
1000;1
1000;1
1000;8
1000;1
1000;0
1000;0
1000;2
1000;2
1000;0
1000;0
1000;77
1000;20
1000;0
1000;0
1000;0
1000;0
1000;0
1000;0
1000;0
1000;0
1000;0
1000;0
1000;0
1000;0
1000;0
1000;31
1000;7
1000;0
1000;0
1000;8
1000;0
1000;0
1000;0
1000;9
1000;68
1000;0
1000;0
1000;0
1000;0
1000;0
1000;11
1000;0
1000;0
1000;2
1000;0
1000;0
1000;3
1000;0
1000;11
1000;7
1000;9
1000;0
1000;0
1000;0
1000;0
1000;0
1000;1
1000;0
1000;0
1000;30
1000;2
1000;0
1000;0
1000;0
1000;2
1000;4
1000;0
1000;0
1000;0
1000;13
1000;3
1000;0
1000;2
1000;5
1000;1
1000;1
1000;0
1000;11
1000;0
1000;0
1000;0
1000;20
1000;0
1000;9
1000;0
1000;1
1000;0
1000;0
1000;1
1000;0
1000;0
1000;0
1000;0
1000;0
1000;0
1000;0
1000;5
1000;0
1000;23
1000;0
1000;0
1000;0
1000;0
1000;0
1000;0
1000;0
1000;6
1000;0
1000;0
1000;2
1000;2
1000;10
1000;27
1000;0
1000;7
1000;14
1000;0
1000;0
1000;0
1000;0
1000;0
1000;2
1000;0
1000;5
1000;4
1000;0
1000;0
1000;1
1000;0
1000;0
1000;0
1000;0
1000;0
1000;0
1000;0
1000;0
1000;0
1000;5
1000;0
1000;1
1000;0
1000;0
1000;0
1000;0
1000;2
1000;0
1000;0
1000;0
1000;0
1000;0
1000;0
1000;0
1000;0
1000;0
1000;0
1000;0
1000;0
1000;0
1000;0
1000;0
1000;0
1000;0
1000;3
1000;2
1000;0
1000;0
1000;5
1000;0
1000;0
1000;0
1000;0
1000;0
1000;0
1000;0
1000;0
1000;0
1000;6
1000;0
1000;0
1000;0
1000;0
1000;0
1000;0
1000;0
1000;0
1000;0
1000;0
1000;0
1000;0
1000;0
1000;0
1000;0
1000;0
1000;1
1000;0
1000;0
1000;0
1000;1
1000;0
1000;0
1000;0
1000;0
1000;0
1000;0
1000;0
1000;0
1000;6
1000;0
1000;0
1000;0
1000;0
1000;0
1000;0
1000;0
1000;0
1000;0
1000;2
1000;0
1000;0
1000;0
1000;0
1000;0
1000;0
1000;1
1000;0
1000;0
1000;0
1000;0
1000;0
1000;0
1000;0
1000;0
1000;0
1000;0
1000;0
1000;0
1000;0
1000;0
1000;0
1000;0
1000;0
1000;0
1000;0
1000;0
1000;0
1000;0
1000;0
1000;0
1000;0
1000;0
1000;0
1000;0
1000;0
1000;0
1000;0
1000;0
1000;0
1000;2
1000;0
1000;2
1000;0
1000;0
1000;0
1000;0
1000;0
1000;0
1000;0
1000;0
1000;0
1000;0
1000;0
1000;0
1000;0
1000;0
1000;0
1000;0
1000;0
1000;0
1000;0
1000;0
1000;0
1000;0
1000;0
1000;4
1000;0
1000;0
1000;0
1000;0
1000;0
1000;0
1000;0
1000;0
1000;0
1000;1
1000;4
1000;0
1000;0
1000;0
1000;0
1000;0
1000;0
1000;0
1000;5
1000;0
1000;0
1000;0
1000;0
1000;0
1000;0
1000;0
1000;0
1000;600
1000;364
1000;382
1000;336
1000;601
1000;595
1000;654
1000;119
1000;177
1000;211
1000;101
1000;158
1000;383
1000;115
1000;275
1000;291
1000;157
1000;311
1000;367
1000;159
1000;265
1000;331
1000;202
1000;314
1000;455
1000;193
1000;209
1000;331
1000;98
1000;116
1000;126
1000;197
1000;162
1000;274
1000;187
1000;373
1000;319
1000;462
1000;496
1000;450
1000;622
1000;479
1000;446
1000;824
1000;579
1000;537
1000;875
1000;604
1000;486
1000;72
1000;62
1000;143
1000;346
1000;412
1000;657
1000;466
1000;88
1000;70
1000;193
1000;258
1000;354
1000;303
1000;439
1000;163
1000;181
1000;208
1000;349
1000;408
1000;464
1000;458
1000;88
1000;57
1000;81
1000;304
1000;468
1000;602
1000;123
1000;121
1000;145
1000;212
1000;245
1000;187
1000;136
1000;136
1000;146
1000;326
1000;368
1000;481
1000;131
1000;138
1000;137
1000;103
1000;317
1000;84
1000;96
1000;124
1000;127
1000;211
1000;141
1000;131
1000;118
1000;137
1000;242
1000;125
1000;109
1000;108
1000;97
1000;140
1000;142
1000;135
1000;135
1000;153
1000;129
1000;155
1000;154
1000;130
1000;151
1000;132
1000;158
1000;160
1000;144
1000;218
1000;184
1000;167
1000;145
1000;113
1000;124
1000;142
1000;195
1000;200
1000;212
1000;318
1000;381
1000;296
1000;335
1000;365
1000;93
1000;99
1000;137
1000;107
1000;116
1000;199
1000;219
1000;408
1000;259
1000;506
1000;444
1000;140
1000;81
1000;92
1000;96
1000;94
1000;308
1000;260
1000;479
1000;503
1000;120
1000;143
1000;126
1000;116
1000;194
1000;238
1000;207
1000;133
1000;115
1000;150
1000;281
1000;248
1000;171
1000;103
1000;285
1000;154
1000;359
1000;322
1000;342
1000;334
1000;962
1000;959
1000;451
1000;182
1000;172
1000;181
1000;92
1000;463
1000;622
1000;123
1000;437
1000;247
1000;103
1000;484
1000;621
1000;100
1000;455
1000;210
1000;163
1000;506
1000;734
1000;120
1000;276
1000;573
1000;300
1000;108
1000;103
1000;478
1000;242
1000;455
1000;683
1000;383
1000;613
1000;268
1000;780
1000;750
1000;1048
1000;911
1000;856
1000;716
1000;322
1000;600
1000;1169
1000;965
1000;285
1000;111
1000;82
1000;350
1000;230
1000;738
1000;289
1000;276
1000;23
1000;78
1000;100
1000;397
1000;538
1000;644
1000;259
1000;109
1000;100
1000;439
1000;238
1000;259
1000;830
1000;793
1000;200
1000;24
1000;20
1000;399
1000;364
1000;397
1000;226
1000;226
1000;226
1000;127
1000;236
1000;165
1000;262
1000;149
1000;262
1000;450
1000;343
1000;727
1000;222
1000;222
1000;222
1000;123
1000;503
1000;193
1000;72
1000;128
1000;123
1000;332
1000;214
1000;83
1000;123
1000;126
1000;108
1000;59
1000;185
1000;49
1000;83
1000;222
1000;90
1000;64
1000;228
1000;141
1000;82
1000;114
1000;244
1000;207
1000;106
1000;209
1000;180
1000;91
1000;253
1000;276
1000;269
1000;91
1000;219
1000;206
1000;59
1000;211
1000;112
1000;57
1000;160
1000;567
1000;242
1000;453
1000;230
1000;524
1000;107
1000;188
1000;221
1000;223
1000;74
1000;83
1000;231
1000;610
1000;243
1000;211
1000;465
1000;193
1000;155
1000;86
1000;192
1000;131
1000;485
1000;190
1000;231
1000;799
1000;152
1000;59
1000;63
1000;146
1000;395
1000;169
1000;413
1000;69
1000;196
1000;145
1000;40
1000;130
1000;237
1000;151
1000;136
1000;191
1000;586
1000;332
1000;325
1000;322
1000;546
1000;608
1000;681
1000;92
1000;157
1000;184
1000;91
1000;146
1000;305
1000;109
1000;304
1000;364
1000;181
1000;303
1000;424
1000;186
1000;312
1000;353
1000;173
1000;339
1000;413
1000;173
1000;256
1000;274
1000;92
1000;83
1000;100
1000;139
1000;127
1000;301
1000;219
1000;376
1000;330
1000;534
1000;426
1000;437
1000;538
1000;523
1000;502
1000;811
1000;434
1000;547
1000;680
1000;518
1000;476
1000;58
1000;62
1000;114
1000;368
1000;389
1000;589
1000;489
1000;57
1000;56
1000;216
1000;223
1000;302
1000;502
1000;324
1000;171
1000;170
1000;228
1000;352
1000;445
1000;483
1000;629
1000;93
1000;83
1000;93
1000;233
1000;422
1000;548
1000;100
1000;100
1000;100
1000;202
1000;338
1000;309
1000;140
1000;147
1000;147
1000;283
1000;370
1000;427
1000;119
1000;152
1000;150
1000;139
1000;304
1000;93
1000;93
1000;124
1000;120
1000;140
1000;97
1000;135
1000;136
1000;130
1000;226
1000;98
1000;115
1000;115
1000;111
1000;135
1000;135
1000;128
1000;135
1000;128
1000;128
1000;177
1000;150
1000;131
1000;127
1000;107
1000;139
1000;178
1000;178
1000;141
1000;191
1000;190
1000;125
1000;114
1000;133
1000;89
1000;166
1000;137
1000;249
1000;218
1000;303
1000;249
1000;286
1000;317
1000;94
1000;125
1000;105
1000;154
1000;203
1000;169
1000;245
1000;287
1000;338
1000;402
1000;417
1000;84
1000;90
1000;75
1000;78
1000;101
1000;332
1000;288
1000;472
1000;518
1000;86
1000;153
1000;140
1000;103
1000;226
1000;196
1000;235
1000;139
1000;95
1000;179
1000;171
1000;323
1000;173
1000;234
1000;284
1000;125
1000;12
1000;0
1000;0
1000;1
1000;0
1000;0
1000;2
1000;0
1000;0
1000;0
1000;0
1000;0
1000;0
1000;0
1000;3
1000;0
1000;0
1000;0
1000;7
1000;0
1000;15
1000;0
1000;0
1000;5
1000;2
1000;3
1000;0
1000;29
1000;0
1000;0
1000;0
1000;0
1000;0
1000;1
1000;0
1000;0
1000;0
1000;0
1000;26
1000;0
1000;1
1000;1
1000;23
1000;0
1000;0
1000;19
1000;6
1000;6
1000;0
1000;0
1000;0
1000;0
1000;0
1000;8
1000;17
1000;0
1000;0
1000;0
1000;2
1000;4
1000;13
1000;11
1000;0
1000;0
1000;24
1000;6
1000;0
1000;59
1000;50
1000;0
1000;0
1000;0
1000;0
1000;4
1000;0
1000;0
1000;7
1000;1
1000;0
1000;0
1000;0
1000;0
1000;0
1000;14
1000;14
1000;74
1000;0
1000;0
1000;10
1000;11
1000;0
1000;11
1000;0
1000;4
1000;3
1000;3
1000;6
1000;0
1000;1
1000;0
1000;4
1000;0
1000;31
1000;0
1000;0
1000;0
1000;0
1000;2
1000;0
1000;0
1000;0
1000;1
1000;24
1000;3
1000;30
1000;0
1000;1
1000;0
1000;2
1000;0
1000;7
1000;0
1000;13
1000;1
1000;0
1000;0
1000;0
1000;3
1000;1
1000;0
1000;27
1000;58
1000;10
1000;0
1000;58
1000;0
1000;12
1000;0
1000;1
1000;0
1000;3
1000;2
1000;34
1000;0
1000;7
1000;0
1000;0
1000;0
1000;0
1000;4
1000;0
1000;0
1000;0
1000;0
1000;46
1000;146
1000;0
1000;0
1000;0
1000;0
1000;0
1000;18
1000;0
1000;0
1000;0
1000;1
1000;0
1000;0
1000;0
1000;9
1000;0
1000;7
1000;1000
1000;1000
1000;300
1000;300
3000;1
3000;0
3000;0
3000;0
3000;0
3000;0
3000;1
3000;0
3000;0
3000;0
3000;0
3000;0
3000;0
3000;0
3000;0
3000;0
3000;1
3000;0
3000;0
3000;0
3000;0
3000;20
3000;0
3000;0
3000;0
3000;0
3000;0
3000;0
3000;0
3000;0
3000;0
3000;0
3000;0
3000;0
3000;0
3000;2
3000;0
3000;0
3000;0
3000;0
3000;0
3000;0
3000;0
3000;0
3000;0
3000;0
3000;0
3000;0
3000;0
3000;0
3000;0
3000;0
3000;0
3000;1
3000;0
3000;0
3000;0
3000;0
3000;0
3000;0
3000;0
3000;0
3000;0
3000;0
3000;0
3000;0
3000;1
3000;0
3000;2
3000;5
3000;0
3000;0
3000;0
3000;0
3000;0
3000;0
3000;0
3000;0
3000;0
3000;0
3000;0
3000;0
3000;0
3000;0
3000;0
3000;0
3000;0
3000;0
3000;0
3000;0
3000;0
3000;0
3000;0
3000;0
3000;0
3000;0
3000;0
3000;0
3000;0
3000;0
3000;0
3000;0
3000;0
3000;0
3000;0
3000;0
3000;0
3000;0
3000;0
3000;0
3000;0
3000;0
3000;0
3000;0
3000;0
3000;0
3000;0
3000;0
3000;0
3000;0
3000;0
3000;0
3000;0
3000;0
3000;0
3000;0
3000;0
3000;0
3000;0
3000;0
3000;0
3000;0
3000;0
3000;0
3000;0
3000;0
3000;0
3000;0
3000;0
3000;0
3000;0
3000;0
3000;0
3000;0
3000;0
3000;0
3000;0
3000;0
3000;0
3000;0
3000;0
3000;0
3000;0
3000;4
3000;0
3000;0
3000;0
3000;0
3000;0
3000;0
3000;0
3000;0
3000;0
3000;0
3000;0
3000;0
3000;0
3000;0
3000;0
3000;0
3000;0
3000;0
3000;150
3000;8
3000;7
3000;7
3000;150
3000;136
3000;113
3000;0
3000;1
3000;7
3000;1
3000;5
3000;113
3000;1
3000;16
3000;62
3000;26
3000;41
3000;68
3000;19
3000;37
3000;65
3000;22
3000;43
3000;113
3000;23
3000;94
3000;41
3000;0
3000;0
3000;0
3000;3
3000;6
3000;48
3000;5
3000;46
3000;44
3000;62
3000;88
3000;103
3000;84
3000;133
3000;116
3000;155
3000;33
3000;78
3000;98
3000;115
3000;134
3000;0
3000;0
3000;6
3000;178
3000;57
3000;197
3000;93
3000;0
3000;1
3000;15
3000;40
3000;26
3000;67
3000;109
3000;10
3000;4
3000;36
3000;38
3000;16
3000;141
3000;31
3000;0
3000;0
3000;0
3000;42
3000;56
3000;93
3000;7
3000;19
3000;13
3000;91
3000;47
3000;56
3000;25
3000;8
3000;10
3000;9
3000;56
3000;83
3000;7
3000;6
3000;5
3000;12
3000;18
3000;53
3000;9
3000;12
3000;18
3000;9
3000;7
3000;8
3000;19
3000;26
3000;31
3000;7
3000;15
3000;2
3000;14
3000;25
3000;38
3000;8
3000;6
3000;15
3000;18
3000;17
3000;29
3000;3
3000;5
3000;13
3000;17
3000;15
3000;22
3000;7
3000;13
3000;9
3000;13
3000;10
3000;16
3000;9
3000;13
3000;38
3000;19
3000;19
3000;40
3000;36
3000;6
3000;56
3000;11
3000;0
3000;7
3000;26
3000;6
3000;18
3000;94
3000;51
3000;14
3000;42
3000;143
3000;7
3000;3
3000;3
3000;27
3000;1
3000;11
3000;30
3000;24
3000;96
3000;17
3000;4
3000;12
3000;62
3000;25
3000;2
3000;10
3000;16
3000;8
3000;18
3000;7
3000;50
3000;5
3000;20
3000;20
3000;14
3000;731
3000;6
3000;9
3000;7
3000;50
3000;58
3000;60
3000;5
3000;14
3000;27
3000;5
3000;0
3000;8
3000;1
3000;21
3000;45
3000;128
3000;704
3000;13
3000;23
3000;55
3000;188
3000;120
3000;3
3000;1019
3000;141
3000;0
3000;46
3000;55
3000;3
3000;4
3000;178
3000;0
3000;12
3000;108
3000;964
3000;11
3000;1313
3000;1226
3000;336
3000;6
3000;23
3000;1502
3000;5
3000;48
3000;1593
3000;30
3000;728
3000;2158
3000;1
3000;1
3000;1
3000;740
3000;234
3000;36
3000;26
3000;70
3000;0
3000;122
3000;23
3000;843
3000;32
3000;25
3000;254
3000;203
3000;15
3000;338
3000;1004
3000;392
3000;45
3000;2
3000;1
3000;0
3000;129
3000;12
3000;21
3000;8
3000;76
3000;3
3000;8
3000;80
3000;316
3000;81
3000;223
3000;3
3000;163
3000;249
3000;383
3000;201
3000;56
3000;14
3000;2
3000;179
3000;11
3000;190
3000;7
3000;16
3000;8
3000;60
3000;90
3000;3
3000;3
3000;26
3000;67
3000;0
3000;53
3000;41
3000;31
3000;80
3000;0
3000;46
3000;16
3000;18
3000;255
3000;240
3000;14
3000;64
3000;6
3000;267
3000;4
3000;11
3000;5
3000;73
3000;81
3000;86
3000;3
3000;10
3000;59
3000;11
3000;181
3000;526
3000;56
3000;323
3000;120
3000;370
3000;18
3000;3
3000;1
3000;249
3000;188
3000;58
3000;129
3000;15
3000;155
3000;12
3000;29
3000;308
3000;104
3000;79
3000;0
3000;7
3000;11
3000;24
3000;0
3000;95
3000;0
3000;0
3000;207
3000;0
3000;0
3000;135
3000;16
3000;122
3000;0
3000;8
3000;4
3000;105
3000;209
3000;1
3000;2
3000;26
3000;39
3000;115
3000;7
3000;7
3000;9
3000;86
3000;118
3000;143
3000;0
3000;2
3000;0
3000;1
3000;1
3000;11
3000;0
3000;57
3000;87
3000;13
3000;25
3000;26
3000;18
3000;50
3000;20
3000;25
3000;52
3000;24
3000;8
3000;49
3000;65
3000;0
3000;1
3000;0
3000;0
3000;0
3000;51
3000;9
3000;55
3000;43
3000;56
3000;100
3000;86
3000;62
3000;100
3000;102
3000;188
3000;2
3000;117
3000;162
3000;228
3000;91
3000;1
3000;0
3000;1
3000;37
3000;4
3000;73
3000;91
3000;0
3000;0
3000;51
3000;42
3000;41
3000;65
3000;65
3000;24
3000;1
3000;34
3000;69
3000;60
3000;8
3000;139
3000;0
3000;0
3000;0
3000;15
3000;79
3000;31
3000;14
3000;14
3000;12
3000;33
3000;31
3000;29
3000;20
3000;13
3000;20
3000;19
3000;57
3000;0
3000;2
3000;10
3000;10
3000;18
3000;8
3000;22
3000;9
3000;22
3000;22
3000;17
3000;4
3000;4
3000;13
3000;0
3000;0
3000;10
3000;5
3000;4
3000;8
3000;19
3000;5
3000;5
3000;16
3000;13
3000;11
3000;2
3000;0
3000;4
3000;8
3000;8
3000;13
3000;13
3000;18
3000;18
3000;18
3000;7
3000;0
3000;25
3000;13
3000;13
3000;35
3000;25
3000;37
3000;56
3000;1
3000;31
3000;10
3000;9
3000;0
3000;0
3000;12
3000;0
3000;17
3000;9
3000;31
3000;20
3000;28
3000;14
3000;30
3000;3
3000;10
3000;12
3000;0
3000;0
3000;15
3000;0
3000;67
3000;31
3000;9
3000;0
3000;3
3000;0
3000;18
3000;28
3000;39
3000;15
3000;16
3000;2
3000;15
3000;39
3000;0
3000;14
3000;22
3000;14
3000;2
3000;0
3000;3
3000;0
3000;2
3000;3
3000;5
3000;0
3000;0
3000;0
3000;0
3000;0
3000;22
3000;0
3000;0
3000;18
3000;0
3000;50
3000;0
3000;30
3000;8
3000;0
3000;4
3000;0
3000;40
3000;0
3000;16
3000;5
3000;0
3000;0
3000;0
3000;0
3000;0
3000;2
3000;0
3000;3
3000;15
3000;20
3000;19
3000;0
3000;0
3000;221
3000;9
3000;2
3000;0
3000;0
3000;345
3000;0
3000;16
3000;0
3000;0
3000;0
3000;3
3000;0
3000;7
3000;70
3000;0
3000;0
3000;0
3000;0
3000;87
3000;0
3000;7
3000;9
3000;4
3000;0
3000;1
3000;0
3000;0
3000;0
3000;0
3000;0
3000;0
3000;0
3000;0
3000;5
3000;0
3000;0
3000;0
3000;4
3000;16
3000;0
3000;5
3000;0
3000;1
3000;33
3000;77
3000;0
3000;0
3000;0
3000;7
3000;0
3000;0
3000;2
3000;0
3000;0
3000;0
3000;14
3000;0
3000;0
3000;0
3000;8
3000;3
3000;0
3000;0
3000;0
3000;1
3000;0
3000;13
3000;1
3000;15
3000;12
3000;0
3000;9
3000;1
3000;0
3000;0
3000;0
3000;0
3000;0
3000;13
3000;0
3000;1
3000;0
3000;0
3000;0
3000;0
3000;0
3000;8
3000;33
3000;17
3000;0
3000;0
3000;14
3000;0
3000;0
3000;0
3000;4
3000;11
3000;0
3000;0
3000;0
3000;0
3000;0
3000;40
3000;0
3000;80
3000;8
3000;10
3000;0
3000;0
3000;11
3000;15
3000;32
3000;0
3000;0
3000;0
3000;0
3000;2
3000;0
3000;10
3000;0
3000;0
3000;2
3000;0
3000;0
3000;3
3000;0
3000;0
3000;0
3000;0
3000;0
3000;1
3000;0
3000;0
3000;0
3000;0
3000;1
3000;0
3000;0
3000;0
3000;0
3000;0
3000;0
3000;0
3000;0
3000;0
3000;4
3000;0
3000;0
3000;0
3000;0
3000;0
3000;0
3000;0
3000;0
3000;1
3000;0
3000;0
3000;0
3000;0
3000;0
3000;0
3000;0
3000;0
3000;0
3000;0
3000;0
3000;0
3000;1
3000;0
3000;0
3000;0
3000;0
3000;0
3000;6
3000;2
3000;0
3000;0
3000;0
3000;0
3000;0
3000;0
3000;0
3000;0
3000;3
3000;0
3000;0
3000;0
3000;0
3000;0
3000;0
3000;0
3000;0
3000;0
3000;0
3000;0
3000;0
3000;0
3000;0
3000;0
3000;0
3000;0
3000;0
3000;0
3000;0
3000;0
3000;0
3000;0
3000;0
3000;0
3000;0
3000;0
3000;0
3000;0
3000;0
3000;3
3000;0
3000;0
3000;0
3000;0
3000;0
3000;0
3000;0
3000;0
3000;0
3000;0
3000;0
3000;0
3000;0
3000;1
3000;0
3000;0
3000;0
3000;0
3000;0
3000;0
3000;0
3000;0
3000;0
3000;0
3000;0
3000;0
3000;0
3000;0
3000;0
3000;0
3000;0
3000;0
3000;0
3000;0
3000;0
3000;0
3000;0
3000;0
3000;0
3000;0
3000;0
3000;0
3000;0
3000;0
3000;0
3000;2
3000;0
3000;0
3000;0
3000;0
3000;0
3000;0
3000;0
3000;0
3000;0
3000;1
3000;0
3000;0
3000;0
3000;0
3000;0
3000;0
3000;0
3000;0
3000;0
3000;0
3000;0
3000;0
3000;0
3000;0
3000;0
3000;0
3000;0
3000;0
3000;0
3000;0
3000;0
3000;0
3000;0
3000;0
3000;0
3000;0
3000;0
3000;0
3000;0
3000;0
3000;0
3000;750
3000;172
3000;174
3000;149
3000;750
3000;738
3000;991
3000;29
3000;53
3000;44
3000;35
3000;66
3000;251
3000;25
3000;245
3000;324
3000;144
3000;171
3000;283
3000;104
3000;165
3000;218
3000;91
3000;214
3000;359
3000;135
3000;259
3000;242
3000;21
3000;35
3000;27
3000;56
3000;81
3000;204
3000;87
3000;249
3000;308
3000;371
3000;487
3000;456
3000;586
3000;508
3000;493
3000;564
3000;601
3000;769
3000;784
3000;508
3000;734
3000;8
3000;18
3000;29
3000;249
3000;369
3000;458
3000;577
3000;31
3000;14
3000;149
3000;254
3000;267
3000;467
3000;252
3000;63
3000;99
3000;180
3000;183
3000;423
3000;461
3000;543
3000;10
3000;21
3000;24
3000;156
3000;300
3000;411
3000;52
3000;81
3000;61
3000;133
3000;174
3000;193
3000;110
3000;33
3000;93
3000;214
3000;170
3000;333
3000;54
3000;55
3000;67
3000;67
3000;180
3000;60
3000;59
3000;79
3000;72
3000;138
3000;119
3000;60
3000;104
3000;106
3000;201
3000;56
3000;57
3000;57
3000;35
3000;88
3000;54
3000;74
3000;70
3000;121
3000;89
3000;82
3000;87
3000;44
3000;65
3000;67
3000;153
3000;68
3000;86
3000;115
3000;70
3000;123
3000;78
3000;84
3000;34
3000;86
3000;136
3000;112
3000;246
3000;209
3000;168
3000;143
3000;120
3000;307
3000;50
3000;78
3000;65
3000;101
3000;63
3000;46
3000;187
3000;346
3000;190
3000;423
3000;364
3000;52
3000;49
3000;73
3000;77
3000;63
3000;162
3000;267
3000;228
3000;303
3000;47
3000;73
3000;64
3000;93
3000;91
3000;109
3000;128
3000;77
3000;53
3000;139
3000;113
3000;179
3000;28
3000;154
3000;192
3000;111
3000;224
3000;155
3000;167
3000;157
3000;306
3000;194
3000;277
3000;9
3000;674
3000;222
3000;39
3000;96
3000;1231
3000;24
3000;864
3000;255
3000;370
3000;662
3000;927
3000;41
3000;73
3000;840
3000;500
3000;206
3000;1410
3000;364
3000;581
3000;248
3000;399
3000;76
3000;25
3000;139
3000;565
3000;647
3000;41
3000;85
3000;93
3000;1822
3000;252
3000;281
3000;1359
3000;138
3000;2018
3000;1729
3000;1683
3000;1576
3000;180
3000;522
3000;624
3000;188
3000;13
3000;27
3000;69
3000;243
3000;140
3000;1723
3000;38
3000;4
3000;136
3000;33
3000;77
3000;1094
3000;150
3000;14
3000;271
3000;156
3000;793
3000;275
3000;1295
3000;1543
3000;140
3000;24
3000;40
3000;578
3000;77
3000;141
3000;253
3000;43
3000;235
3000;525
3000;53
3000;165
3000;265
3000;375
3000;33
3000;724
3000;909
3000;190
3000;203
3000;262
3000;14
3000;49
3000;572
3000;16
3000;275
3000;15
3000;204
3000;41
3000;75
3000;236
3000;324
3000;60
3000;110
3000;16
3000;166
3000;20
3000;141
3000;8
3000;195
3000;238
3000;205
3000;340
3000;18
3000;340
3000;340
3000;183
3000;13
3000;4
3000;20
3000;18
3000;28
3000;248
3000;57
3000;231
3000;52
3000;181
3000;244
3000;67
3000;239
3000;297
3000;667
3000;146
3000;72
3000;136
3000;729
3000;14
3000;42
3000;10
3000;14
3000;72
3000;29
3000;201
3000;15
3000;803
3000;139
3000;746
3000;33
3000;79
3000;9
3000;43
3000;270
3000;21
3000;669
3000;524
3000;667
3000;45
3000;11
3000;164
3000;200
3000;34
3000;43
3000;145
3000;626
3000;5
3000;40
3000;41
3000;261
3000;234
3000;54
3000;4
3000;159
3000;156
3000;687
3000;177
3000;189
3000;154
3000;754
3000;713
3000;743
3000;18
3000;55
3000;69
3000;21
3000;31
3000;255
3000;25
3000;176
3000;305
3000;134
3000;200
3000;285
3000;103
3000;215
3000;213
3000;118
3000;308
3000;455
3000;108
3000;249
3000;355
3000;18
3000;20
3000;19
3000;53
3000;46
3000;227
3000;70
3000;289
3000;286
3000;437
3000;296
3000;401
3000;346
3000;504
3000;496
3000;653
3000;775
3000;552
3000;299
3000;627
3000;765
3000;15
3000;12
3000;37
3000;207
3000;271
3000;361
3000;651
3000;5
3000;10
3000;209
3000;222
3000;248
3000;291
3000;419
3000;77
3000;69
3000;155
3000;231
3000;330
3000;517
3000;513
3000;16
3000;23
3000;10
3000;78
3000;355
3000;380
3000;30
3000;75
3000;30
3000;123
3000;202
3000;341
3000;85
3000;55
3000;55
3000;194
3000;209
3000;225
3000;50
3000;45
3000;45
3000;52
3000;194
3000;61
3000;42
3000;61
3000;61
3000;169
3000;78
3000;82
3000;41
3000;77
3000;187
3000;60
3000;75
3000;38
3000;49
3000;52
3000;78
3000;64
3000;85
3000;58
3000;58
3000;58
3000;52
3000;76
3000;76
3000;74
3000;64
3000;92
3000;85
3000;61
3000;94
3000;61
3000;100
3000;49
3000;74
3000;67
3000;132
3000;60
3000;84
3000;381
3000;117
3000;173
3000;216
3000;292
3000;41
3000;41
3000;87
3000;43
3000;44
3000;97
3000;64
3000;44
3000;168
3000;275
3000;134
3000;51
3000;43
3000;56
3000;52
3000;32
3000;76
3000;135
3000;100
3000;59
3000;19
3000;88
3000;58
3000;53
3000;152
3000;164
3000;118
3000;38
3000;40
3000;51
3000;76
3000;137
3000;84
3000;154
3000;142
3000;75
3000;2
3000;0
3000;0
3000;0
3000;33
3000;31
3000;10
3000;0
3000;0
3000;0
3000;0
3000;0
3000;0
3000;0
3000;36
3000;0
3000;3
3000;0
3000;0
3000;0
3000;4
3000;9
3000;0
3000;0
3000;6
3000;2
3000;8
3000;61
3000;0
3000;0
3000;0
3000;0
3000;0
3000;0
3000;0
3000;48
3000;56
3000;43
3000;0
3000;0
3000;42
3000;16
3000;1
3000;2
3000;123
3000;0
3000;0
3000;0
3000;0
3000;0
3000;0
3000;0
3000;9
3000;31
3000;0
3000;0
3000;0
3000;0
3000;2
3000;1
3000;0
3000;0
3000;24
3000;0
3000;4
3000;0
3000;26
3000;7
3000;162
3000;0
3000;0
3000;0
3000;0
3000;0
3000;12
3000;0
3000;9
3000;17
3000;0
3000;2
3000;0
3000;6
3000;0
3000;14
3000;0
3000;1
3000;0
3000;0
3000;0
3000;0
3000;0
3000;0
3000;0
3000;3
3000;8
3000;0
3000;1
3000;0
3000;20
3000;11
3000;0
3000;7
3000;9
3000;3
3000;0
3000;0
3000;0
3000;1
3000;15
3000;0
3000;0
3000;0
3000;0
3000;1
3000;5
3000;0
3000;2
3000;1
3000;3
3000;13
3000;0
3000;0
3000;2
3000;0
3000;0
3000;0
3000;0
3000;2
3000;0
3000;2
3000;0
3000;30
3000;0
3000;0
3000;19
3000;0
3000;0
3000;0
3000;0
3000;4
3000;0
3000;7
3000;0
3000;0
3000;198
3000;0
3000;0
3000;0
3000;22
3000;36
3000;0
3000;0
3000;0
3000;0
3000;2
3000;59
3000;0
3000;0
3000;0
3000;11
3000;0
3000;10
3000;0
3000;0
3000;14
3000;0
3000;7
3000;7
3000;6
3000;0
3000;0
3000;0
3000;1
3000;0
3000;0
3000;0
3000;0
3000;0
3000;8
3000;0
3000;0
3000;0
3000;0
3000;0
3000;0
3000;0
3000;1
3000;0
3000;0
3000;0
3000;0
3000;0
3000;0
3000;0
3000;0
3000;0
3000;0
3000;0
3000;0
3000;0
3000;0
3000;0
3000;0
3000;0
3000;0
3000;0
3000;0
3000;0
3000;0
3000;0
3000;0
3000;0
3000;0
3000;0
3000;0
3000;0
3000;2
3000;0
3000;0
3000;0
3000;0
3000;0
3000;0
3000;0
3000;0
3000;0
3000;0
3000;0
3000;0
3000;0
3000;0
3000;0
3000;0
3000;0
3000;0
3000;0
3000;0
3000;0
3000;0
3000;0
3000;0
3000;0
3000;0
3000;0
3000;0
3000;5
3000;0
3000;0
3000;0
3000;0
3000;0
3000;0
3000;0
3000;0
3000;0
3000;0
3000;0
3000;0
3000;0
3000;3
3000;0
3000;0
3000;0
3000;0
3000;0
3000;0
3000;0
3000;0
3000;0
3000;0
3000;0
3000;0
3000;0
3000;0
3000;0
3000;1
3000;0
3000;0
3000;0
3000;0
3000;0
3000;0
3000;0
3000;0
3000;0
3000;0
3000;0
3000;0
3000;0
3000;0
3000;0
3000;1
3000;0
3000;0
3000;0
3000;0
3000;0
3000;0
3000;0
3000;0
3000;1
3000;0
3000;0
3000;0
3000;0
3000;0
3000;0
3000;0
3000;0
3000;0
3000;0
3000;0
3000;0
3000;0
3000;0
3000;0
3000;0
3000;0
3000;0
3000;0
3000;0
3000;0
3000;0
3000;0
3000;0
3000;0
3000;0
3000;0
3000;0
3000;0
3000;2
3000;0
3000;0
3000;0
3000;0
3000;0
3000;0
3000;0
3000;0
3000;0
3000;0
3000;0
3000;0
3000;0
3000;1800
3000;1086
3000;1024
3000;1065
3000;1738
3000;2089
3000;1800
3000;195
3000;301
3000;451
3000;177
3000;377
3000;784
3000;160
3000;535
3000;693
3000;312
3000;520
3000;700
3000;308
3000;495
3000;899
3000;311
3000;561
3000;784
3000;305
3000;575
3000;697
3000;180
3000;172
3000;181
3000;310
3000;332
3000;581
3000;457
3000;757
3000;780
3000;1062
3000;733
3000;918
3000;1272
3000;1139
3000;1388
3000;1641
3000;1469
3000;1420
3000;1752
3000;1669
3000;1903
3000;72
3000;68
3000;195
3000;570
3000;897
3000;1377
3000;1460
3000;129
3000;79
3000;272
3000;440
3000;684
3000;805
3000;919
3000;218
3000;197
3000;452
3000;554
3000;849
3000;1121
3000;1214
3000;87
3000;98
3000;117
3000;329
3000;595
3000;1011
3000;166
3000;165
3000;163
3000;285
3000;582
3000;718
3000;214
3000;200
3000;249
3000;443
3000;750
3000;935
3000;137
3000;149
3000;149
3000;169
3000;373
3000;192
3000;188
3000;147
3000;147
3000;382
3000;178
3000;220
3000;198
3000;210
3000;393
3000;159
3000;128
3000;133
3000;157
3000;201
3000;196
3000;213
3000;148
3000;179
3000;208
3000;197
3000;221
3000;169
3000;155
3000;137
3000;212
3000;118
3000;163
3000;227
3000;206
3000;210
3000;125
3000;167
3000;181
3000;183
3000;156
3000;276
3000;331
3000;456
3000;395
3000;493
3000;533
3000;533
3000;115
3000;164
3000;145
3000;215
3000;200
3000;170
3000;393
3000;442
3000;399
3000;708
3000;568
3000;149
3000;101
3000;152
3000;229
3000;139
3000;482
3000;393
3000;657
3000;469
3000;129
3000;138
3000;120
3000;110
3000;313
3000;326
3000;189
3000;149
3000;156
3000;224
3000;236
3000;443
3000;130
3000;269
3000;391
3000;168
3000;2956
3000;546
3000;473
3000;89
3000;740
3000;516
3000;535
3000;84
3000;65
3000;578
3000;47
3000;859
3000;1231
3000;75
3000;864
3000;196
3000;92
3000;381
3000;241
3000;212
3000;367
3000;210
3000;478
3000;147
3000;168
3000;93
3000;817
3000;1225
3000;76
3000;184
3000;477
3000;146
3000;45
3000;401
3000;83
3000;551
3000;1233
3000;1793
3000;280
3000;224
3000;2017
3000;778
3000;330
3000;492
3000;448
3000;416
3000;2673
3000;2649
3000;366
3000;47
3000;40
3000;75
3000;131
3000;1445
3000;1977
3000;2467
3000;56
3000;14
3000;77
3000;795
3000;420
3000;1369
3000;170
3000;44
3000;343
3000;160
3000;1000
3000;645
3000;1840
3000;342
3000;254
3000;15
3000;40
3000;124
3000;1120
3000;1763
3000;288
3000;44
3000;128
3000;525
3000;352
3000;1155
3000;374
3000;76
3000;375
3000;657
3000;1185
3000;197
3000;48
3000;119
3000;66
3000;243
3000;163
3000;30
3000;33
3000;53
3000;71
3000;193
3000;312
3000;324
3000;138
3000;93
3000;166
3000;223
3000;47
3000;231
3000;53
3000;260
3000;295
3000;120
3000;272
3000;56
3000;124
3000;319
3000;73
3000;257
3000;257
3000;247
3000;332
3000;320
3000;160
3000;358
3000;345
3000;366
3000;128
3000;270
3000;25
3000;297
3000;432
3000;157
3000;642
3000;818
3000;825
3000;831
3000;926
3000;390
3000;213
3000;206
3000;32
3000;303
3000;24
3000;29
3000;232
3000;124
3000;849
3000;358
3000;106
3000;240
3000;207
3000;215
3000;27
3000;203
3000;281
3000;229
3000;80
3000;1173
3000;208
3000;264
3000;292
3000;25
3000;68
3000;456
3000;530
3000;104
3000;258
3000;301
3000;415
3000;724
3000;94
3000;387
3000;618
3000;31
3000;1768
3000;1098
3000;1116
3000;1103
3000;1789
3000;1686
3000;1770
3000;150
3000;284
3000;425
3000;174
3000;271
3000;729
3000;176
3000;548
3000;632
3000;254
3000;531
3000;733
3000;325
3000;512
3000;733
3000;334
3000;534
3000;914
3000;308
3000;567
3000;825
3000;150
3000;131
3000;171
3000;232
3000;238
3000;508
3000;463
3000;641
3000;713
3000;1122
3000;966
3000;1041
3000;1050
3000;1247
3000;1311
3000;1847
3000;1428
3000;1380
3000;2163
3000;1278
3000;1355
3000;93
3000;70
3000;210
3000;547
3000;774
3000;1147
3000;1611
3000;103
3000;105
3000;337
3000;489
3000;637
3000;805
3000;1033
3000;211
3000;181
3000;381
3000;676
3000;982
3000;1220
3000;1104
3000;98
3000;96
3000;98
3000;341
3000;722
3000;1054
3000;160
3000;135
3000;192
3000;327
3000;409
3000;552
3000;189
3000;174
3000;201
3000;449
3000;641
3000;931
3000;174
3000;142
3000;171
3000;171
3000;494
3000;179
3000;170
3000;183
3000;179
3000;277
3000;158
3000;190
3000;199
3000;158
3000;403
3000;119
3000;144
3000;149
3000;133
3000;161
3000;189
3000;170
3000;170
3000;227
3000;191
3000;217
3000;187
3000;145
3000;125
3000;145
3000;226
3000;180
3000;218
3000;269
3000;236
3000;269
3000;132
3000;124
3000;145
3000;156
3000;258
3000;252
3000;385
3000;428
3000;417
3000;630
3000;611
3000;579
3000;121
3000;132
3000;175
3000;225
3000;173
3000;186
3000;401
3000;408
3000;554
3000;717
3000;577
3000;153
3000;99
3000;90
3000;107
3000;98
3000;310
3000;479
3000;680
3000;900
3000;125
3000;166
3000;134
3000;122
3000;314
3000;334
3000;281
3000;136
3000;122
3000;229
3000;221
3000;385
3000;150
3000;269
3000;267
3000;129
3000;1
3000;0
3000;0
3000;0
3000;0
3000;0
3000;20
3000;0
3000;0
3000;0
3000;0
3000;0
3000;73
3000;0
3000;2
3000;66
3000;28
3000;1
3000;0
3000;1
3000;0
3000;62
3000;0
3000;12
3000;0
3000;7
3000;54
3000;0
3000;0
3000;0
3000;0
3000;3
3000;0
3000;0
3000;0
3000;48
3000;0
3000;32
3000;14
3000;0
3000;0
3000;0
3000;25
3000;43
3000;0
3000;0
3000;30
3000;190
3000;21
3000;0
3000;0
3000;0
3000;54
3000;0
3000;0
3000;12
3000;0
3000;0
3000;0
3000;0
3000;0
3000;15
3000;15
3000;0
3000;2
3000;7
3000;9
3000;67
3000;45
3000;0
3000;0
3000;0
3000;0
3000;0
3000;0
3000;0
3000;4
3000;0
3000;0
3000;0
3000;22
3000;0
3000;0
3000;7
3000;0
3000;0
3000;0
3000;6
3000;7
3000;1
3000;1
3000;0
3000;0
3000;20
3000;9
3000;10
3000;1
3000;0
3000;1
3000;0
3000;17
3000;0
3000;0
3000;1
3000;0
3000;0
3000;6
3000;0
3000;0
3000;0
3000;14
3000;2
3000;11
3000;2
3000;1
3000;0
3000;0
3000;0
3000;0
3000;32
3000;20
3000;6
3000;0
3000;7
3000;4
3000;0
3000;4
3000;16
3000;14
3000;0
3000;0
3000;14
3000;32
3000;6
3000;22
3000;6
3000;0
3000;0
3000;32
3000;0
3000;0
3000;1
3000;95
3000;0
3000;0
3000;0
3000;0
3000;2
3000;0
3000;0
3000;0
3000;8
3000;2
3000;30
3000;0
3000;0
3000;0
3000;0
3000;0
3000;0
3000;0
3000;0
3000;0
3000;0
3000;0
3000;0
3000;0
3000;13
3000;0
3000;0
3000;0
3000;0
3000;3000
3000;3000
3000;500
3000;500
9000;1
9000;0
9000;0
9000;0
9000;1
9000;1
9000;1
9000;0
9000;0
9000;0
9000;0
9000;0
9000;0
9000;0
9000;0
9000;0
9000;0
9000;0
9000;0
9000;0
9000;2
9000;0
9000;0
9000;3
9000;0
9000;0
9000;0
9000;0
9000;0
9000;0
9000;0
9000;0
9000;0
9000;0
9000;0
9000;0
9000;0
9000;0
9000;0
9000;1
9000;0
9000;0
9000;8
9000;0
9000;0
9000;0
9000;0
9000;0
9000;0
9000;0
9000;0
9000;0
9000;0
9000;0
9000;0
9000;0
9000;0
9000;0
9000;0
9000;0
9000;0
9000;0
9000;0
9000;0
9000;0
9000;0
9000;0
9000;0
9000;0
9000;0
9000;0
9000;0
9000;0
9000;0
9000;0
9000;1
9000;0
9000;0
9000;0
9000;0
9000;0
9000;0
9000;0
9000;0
9000;0
9000;0
9000;0
9000;0
9000;0
9000;0
9000;0
9000;0
9000;0
9000;0
9000;0
9000;0
9000;0
9000;0
9000;0
9000;0
9000;0
9000;0
9000;0
9000;0
9000;0
9000;0
9000;0
9000;0
9000;0
9000;0
9000;0
9000;0
9000;0
9000;0
9000;0
9000;0
9000;0
9000;0
9000;0
9000;0
9000;0
9000;0
9000;0
9000;0
9000;0
9000;0
9000;0
9000;0
9000;0
9000;0
9000;0
9000;0
9000;0
9000;0
9000;0
9000;0
9000;0
9000;0
9000;0
9000;0
9000;0
9000;0
9000;0
9000;0
9000;0
9000;0
9000;0
9000;0
9000;0
9000;0
9000;5
9000;0
9000;0
9000;0
9000;0
9000;0
9000;0
9000;0
9000;0
9000;0
9000;0
9000;0
9000;0
9000;0
9000;0
9000;0
9000;0
9000;0
9000;0
9000;0
9000;0
9000;0
9000;450
9000;29
9000;14
9000;25
9000;457
9000;429
9000;413
9000;2
9000;4
9000;3
9000;3
9000;2
9000;118
9000;4
9000;77
9000;111
9000;57
9000;133
9000;196
9000;41
9000;84
9000;202
9000;42
9000;124
9000;142
9000;37
9000;103
9000;86
9000;2
9000;7
9000;3
9000;4
9000;4
9000;78
9000;1
9000;146
9000;108
9000;130
9000;161
9000;339
9000;260
9000;486
9000;241
9000;642
9000;448
9000;413
9000;228
9000;619
9000;662
9000;0
9000;1
9000;0
9000;98
9000;163
9000;118
9000;249
9000;0
9000;0
9000;47
9000;94
9000;36
9000;260
9000;100
9000;35
9000;38
9000;39
9000;34
9000;202
9000;151
9000;124
9000;1
9000;0
9000;0
9000;37
9000;71
9000;85
9000;23
9000;12
9000;25
9000;42
9000;45
9000;239
9000;12
9000;56
9000;49
9000;22
9000;105
9000;153
9000;10
9000;7
9000;9
9000;30
9000;52
9000;16
9000;7
9000;27
9000;26
9000;77
9000;29
9000;16
9000;26
9000;44
9000;83
9000;23
9000;23
9000;12
9000;29
9000;42
9000;19
9000;14
9000;13
9000;31
9000;9
9000;16
9000;35
9000;14
9000;10
9000;13
9000;24
9000;12
9000;19
9000;44
9000;19
9000;48
9000;18
9000;16
9000;28
9000;21
9000;12
9000;30
9000;95
9000;50
9000;4
9000;0
9000;61
9000;93
9000;17
9000;6
9000;18
9000;34
9000;17
9000;23
9000;20
9000;57
9000;116
9000;8
9000;128
9000;29
9000;14
9000;15
9000;16
9000;96
9000;51
9000;56
9000;9
9000;32
9000;7
9000;4
9000;35
9000;61
9000;131
9000;40
9000;64
9000;9
9000;26
9000;16
9000;39
9000;50
9000;17
9000;5
9000;31
9000;4
9000;2039
9000;19
9000;2
9000;510
9000;1908
9000;2132
9000;108
9000;177
9000;4
9000;4
9000;175
9000;6
9000;440
9000;1
9000;1328
9000;491
9000;203
9000;23
9000;13
9000;224
9000;78
9000;729
9000;232
9000;20
9000;1953
9000;209
9000;10
9000;740
9000;139
9000;0
9000;29
9000;0
9000;4
9000;408
9000;2
9000;31
9000;25
9000;899
9000;2925
9000;843
9000;64
9000;1144
9000;53
9000;1094
9000;101
9000;3980
9000;80
9000;4769
9000;47
9000;34
9000;2
9000;0
9000;1027
9000;743
9000;249
9000;42
9000;1
9000;16
9000;840
9000;1327
9000;8
9000;40
9000;12
9000;0
9000;12
9000;74
9000;79
9000;243
9000;20
9000;113
9000;0
9000;3
9000;2
9000;16
9000;5
9000;2
9000;7
9000;99
9000;2
9000;26
9000;14
9000;2
9000;17
9000;0
9000;506
9000;85
9000;1700
9000;2070
9000;4
9000;0
9000;98
9000;11
9000;13
9000;95
9000;21
9000;88
9000;238
9000;691
9000;360
9000;19
9000;27
9000;25
9000;228
9000;6
9000;76
9000;5
9000;80
9000;3
9000;98
9000;99
9000;4
9000;152
9000;44
9000;121
9000;15
9000;63
9000;0
9000;1
9000;118
9000;217
9000;127
9000;418
9000;479
9000;13
9000;84
9000;3
9000;3
9000;125
9000;0
9000;42
9000;539
9000;425
9000;831
9000;24
9000;12
9000;158
9000;175
9000;8
9000;90
9000;362
9000;337
9000;37
9000;15
9000;1
9000;10
9000;337
9000;552
9000;0
9000;60
9000;63
9000;116
9000;106
9000;54
9000;0
9000;228
9000;617
9000;12
9000;0
9000;235
9000;0
9000;125
9000;57
9000;20
9000;17
9000;0
9000;5
9000;42
9000;34
9000;1
9000;5
9000;189
9000;0
9000;274
9000;12
9000;12
9000;10
9000;298
9000;201
9000;189
9000;0
9000;2
9000;0
9000;2
9000;4
9000;0
9000;2
9000;53
9000;131
9000;31
9000;64
9000;0
9000;22
9000;56
9000;60
9000;18
9000;0
9000;49
9000;31
9000;0
9000;22
9000;0
9000;0
9000;0
9000;0
9000;0
9000;30
9000;0
9000;111
9000;0
9000;120
9000;26
9000;109
9000;140
9000;195
9000;188
9000;0
9000;149
9000;125
9000;393
9000;169
9000;313
9000;1
9000;0
9000;0
9000;66
9000;98
9000;0
9000;346
9000;0
9000;0
9000;16
9000;16
9000;97
9000;0
9000;100
9000;9
9000;9
9000;0
9000;49
9000;43
9000;93
9000;256
9000;0
9000;0
9000;0
9000;20
9000;27
9000;98
9000;21
9000;17
9000;0
9000;0
9000;0
9000;81
9000;0
9000;1
9000;0
9000;0
9000;55
9000;0
9000;7
9000;15
9000;18
9000;0
9000;35
9000;6
9000;0
9000;6
9000;14
9000;63
9000;41
9000;0
9000;0
9000;11
9000;26
9000;9
9000;6
9000;11
9000;16
9000;14
9000;20
9000;12
9000;25
9000;14
9000;18
9000;21
9000;18
9000;15
9000;12
9000;12
9000;35
9000;0
9000;26
9000;54
9000;7
9000;7
9000;19
9000;3
9000;0
9000;13
9000;24
9000;0
9000;15
9000;8
9000;45
9000;45
9000;52
9000;89
9000;2
9000;5
9000;8
9000;1
9000;57
9000;14
9000;0
9000;15
9000;0
9000;75
9000;44
9000;14
9000;0
9000;13
9000;22
9000;0
9000;2
9000;58
9000;0
9000;29
9000;1
9000;31
9000;18
9000;18
9000;40
9000;7
9000;56
9000;6
9000;7
9000;12
9000;0
9000;50
9000;0
9000;17
9000;0
9000;26
9000;83
9000;1
9000;0
9000;0
9000;109
9000;10
9000;70
9000;0
9000;8
9000;0
9000;0
9000;0
9000;96
9000;0
9000;13
9000;0
9000;0
9000;3
9000;93
9000;0
9000;79
9000;43
9000;1
9000;0
9000;12
9000;4
9000;91
9000;14
9000;1
9000;0
9000;0
9000;0
9000;0
9000;8
9000;1
9000;100
9000;13
9000;1
9000;0
9000;181
9000;0
9000;0
9000;8
9000;154
9000;57
9000;4
9000;4
9000;5
9000;0
9000;0
9000;0
9000;0
9000;11
9000;168
9000;0
9000;21
9000;0
9000;0
9000;47
9000;0
9000;0
9000;0
9000;0
9000;0
9000;0
9000;6
9000;1
9000;0
9000;0
9000;0
9000;0
9000;0
9000;0
9000;9
9000;3
9000;0
9000;1
9000;15
9000;0
9000;17
9000;11
9000;87
9000;0
9000;0
9000;0
9000;0
9000;0
9000;13
9000;18
9000;4
9000;1
9000;0
9000;0
9000;0
9000;0
9000;0
9000;0
9000;8
9000;0
9000;1
9000;15
9000;0
9000;11
9000;9
9000;7
9000;0
9000;0
9000;0
9000;2
9000;11
9000;0
9000;2
9000;15
9000;28
9000;0
9000;1
9000;0
9000;0
9000;0
9000;0
9000;1
9000;16
9000;0
9000;22
9000;2
9000;6
9000;0
9000;0
9000;0
9000;32
9000;0
9000;5
9000;25
9000;9
9000;0
9000;0
9000;9
9000;0
9000;1
9000;0
9000;0
9000;84
9000;0
9000;3
9000;0
9000;0
9000;15
9000;0
9000;20
9000;0
9000;2
9000;0
9000;0
9000;0
9000;0
9000;0
9000;9
9000;5
9000;9
9000;6
9000;0
9000;0
9000;0
9000;0
9000;41
9000;28
9000;21
9000;0
9000;7
9000;11
9000;0
9000;0
9000;1
9000;0
9000;0
9000;0
9000;0
9000;1
9000;2
9000;0
9000;0
9000;0
9000;0
9000;0
9000;0
9000;0
9000;0
9000;3
9000;0
9000;0
9000;0
9000;0
9000;3
9000;0
9000;0
9000;0
9000;0
9000;0
9000;0
9000;0
9000;0
9000;0
9000;0
9000;0
9000;0
9000;0
9000;0
9000;0
9000;0
9000;3
9000;0
9000;0
9000;24
9000;0
9000;0
9000;0
9000;0
9000;0
9000;0
9000;0
9000;0
9000;0
9000;0
9000;0
9000;0
9000;0
9000;0
9000;0
9000;0
9000;0
9000;0
9000;0
9000;0
9000;0
9000;1
9000;0
9000;2
9000;0
9000;0
9000;0
9000;0
9000;0
9000;0
9000;0
9000;0
9000;0
9000;0
9000;0
9000;0
9000;0
9000;0
9000;0
9000;0
9000;0
9000;0
9000;0
9000;0
9000;0
9000;0
9000;0
9000;0
9000;0
9000;0
9000;0
9000;0
9000;0
9000;0
9000;0
9000;0
9000;0
9000;0
9000;0
9000;0
9000;0
9000;0
9000;0
9000;0
9000;0
9000;0
9000;0
9000;0
9000;0
9000;0
9000;0
9000;0
9000;0
9000;0
9000;0
9000;0
9000;0
9000;0
9000;0
9000;0
9000;0
9000;0
9000;0
9000;0
9000;0
9000;0
9000;0
9000;0
9000;0
9000;0
9000;0
9000;0
9000;0
9000;0
9000;0
9000;0
9000;0
9000;0
9000;0
9000;0
9000;0
9000;0
9000;0
9000;0
9000;0
9000;0
9000;0
9000;0
9000;0
9000;0
9000;0
9000;0
9000;0
9000;0
9000;0
9000;0
9000;0
9000;0
9000;0
9000;0
9000;0
9000;0
9000;0
9000;0
9000;0
9000;0
9000;0
9000;0
9000;0
9000;0
9000;0
9000;2250
9000;579
9000;515
9000;543
9000;2194
9000;2101
9000;2267
9000;62
9000;105
9000;132
9000;81
9000;96
9000;591
9000;70
9000;470
9000;600
9000;291
9000;392
9000;773
9000;250
9000;369
9000;846
9000;256
9000;486
9000;732
9000;263
9000;454
9000;443
9000;68
9000;64
9000;72
9000;133
9000;132
9000;459
9000;151
9000;695
9000;670
9000;1102
9000;947
9000;780
9000;1495
9000;1084
9000;1190
9000;1287
9000;1527
9000;1418
9000;1834
9000;1584
9000;1586
9000;21
9000;22
9000;47
9000;419
9000;665
9000;1053
9000;2517
9000;20
9000;7
9000;284
9000;431
9000;578
9000;804
9000;1065
9000;175
9000;145
9000;306
9000;470
9000;725
9000;1516
9000;960
9000;29
9000;28
9000;21
9000;172
9000;653
9000;798
9000;111
9000;114
9000;101
9000;214
9000;348
9000;527
9000;126
9000;146
9000;200
9000;290
9000;581
9000;517
9000;85
9000;78
9000;67
9000;79
9000;181
9000;99
9000;88
9000;109
9000;93
9000;245
9000;190
9000;125
9000;120
9000;132
9000;327
9000;71
9000;71
9000;85
9000;79
9000;122
9000;107
9000;139
9000;97
9000;151
9000;94
9000;154
9000;112
9000;93
9000;66
9000;98
9000;124
9000;105
9000;127
9000;144
9000;91
9000;136
9000;102
9000;102
9000;162
9000;109
9000;246
9000;161
9000;187
9000;167
9000;236
9000;251
9000;352
9000;220
9000;63
9000;81
9000;135
9000;96
9000;131
9000;132
9000;145
9000;275
9000;444
9000;634
9000;289
9000;68
9000;48
9000;96
9000;116
9000;101
9000;330
9000;359
9000;249
9000;542
9000;68
9000;126
9000;196
9000;109
9000;239
9000;211
9000;328
9000;74
9000;105
9000;118
9000;166
9000;44
9000;31
9000;82
9000;157
9000;71
9000;431
9000;23
9000;33
9000;403
9000;446
9000;6996
9000;7106
9000;55
9000;23
9000;145
9000;40
9000;91
9000;1768
9000;5
9000;316
9000;147
9000;822
9000;102
9000;511
9000;50
9000;142
9000;554
9000;190
9000;1928
9000;91
9000;751
9000;71
9000;207
9000;132
9000;44
9000;1100
9000;58
9000;95
9000;111
9000;6
9000;1920
9000;2643
9000;205
9000;196
9000;147
9000;253
9000;973
9000;4629
9000;4564
9000;295
9000;332
9000;267
9000;803
9000;4768
9000;12
9000;255
9000;478
9000;87
9000;158
9000;3056
9000;5268
9000;15
9000;315
9000;713
9000;36
9000;2401
9000;3086
9000;2705
9000;9
9000;37
9000;61
9000;379
9000;2946
9000;2886
9000;492
9000;4
9000;256
9000;185
9000;202
9000;1291
9000;177
9000;442
9000;97
9000;85
9000;138
9000;1500
9000;1520
9000;18
9000;104
9000;57
9000;199
9000;1420
9000;94
9000;18
9000;23
9000;257
9000;252
9000;787
9000;8
9000;278
9000;97
9000;290
9000;177
9000;20
9000;331
9000;512
9000;29
9000;55
9000;50
9000;16
9000;11
9000;223
9000;19
9000;257
9000;450
9000;11
9000;118
9000;98
9000;534
9000;103
9000;222
9000;261
9000;2
9000;331
9000;467
9000;57
9000;446
9000;566
9000;453
9000;13
9000;284
9000;45
9000;405
9000;17
9000;34
9000;160
9000;953
9000;56
9000;21
9000;156
9000;1209
9000;30
9000;26
9000;258
9000;537
9000;33
9000;465
9000;559
9000;95
9000;1378
9000;294
9000;1801
9000;237
9000;16
9000;22
9000;284
9000;248
9000;222
9000;28
9000;905
9000;393
9000;261
9000;22
9000;141
9000;254
9000;71
9000;445
9000;48
9000;0
9000;216
9000;441
9000;27
9000;15
9000;2
9000;234
9000;128
9000;63
9000;1869
9000;524
9000;519
9000;423
9000;1806
9000;2344
9000;1673
9000;55
9000;75
9000;154
9000;98
9000;105
9000;516
9000;73
9000;395
9000;526
9000;256
9000;422
9000;528
9000;300
9000;369
9000;470
9000;264
9000;380
9000;651
9000;247
9000;285
9000;1057
9000;55
9000;51
9000;43
9000;96
9000;87
9000;426
9000;114
9000;566
9000;613
9000;855
9000;782
9000;775
9000;1569
9000;953
9000;1021
9000;1171
9000;1481
9000;1499
9000;1268
9000;1619
9000;1793
9000;18
9000;18
9000;82
9000;314
9000;595
9000;703
9000;862
9000;31
9000;31
9000;401
9000;348
9000;571
9000;604
9000;1114
9000;179
9000;113
9000;206
9000;391
9000;456
9000;802
9000;793
9000;19
9000;10
9000;10
9000;214
9000;461
9000;727
9000;85
9000;85
9000;106
9000;287
9000;289
9000;402
9000;145
9000;119
9000;145
9000;250
9000;583
9000;818
9000;69
9000;76
9000;69
9000;93
9000;219
9000;88
9000;88
9000;88
9000;79
9000;239
9000;114
9000;103
9000;103
9000;101
9000;252
9000;85
9000;89
9000;79
9000;60
9000;117
9000;67
9000;117
9000;78
9000;132
9000;83
9000;83
9000;132
9000;84
9000;69
9000;84
9000;86
9000;136
9000;132
9000;110
9000;86
9000;160
9000;59
9000;108
9000;94
9000;121
9000;162
9000;117
9000;191
9000;127
9000;240
9000;194
9000;442
9000;521
9000;112
9000;51
9000;90
9000;100
9000;135
9000;122
9000;225
9000;266
9000;177
9000;404
9000;437
9000;114
9000;46
9000;54
9000;133
9000;104
9000;148
9000;241
9000;246
9000;604
9000;43
9000;93
9000;95
9000;115
9000;196
9000;152
9000;253
9000;62
9000;97
9000;120
9000;129
9000;284
9000;99
9000;144
9000;278
9000;49
9000;103
9000;0
9000;0
9000;0
9000;74
9000;119
9000;4
9000;0
9000;0
9000;0
9000;0
9000;0
9000;0
9000;0
9000;9
9000;0
9000;2
9000;67
9000;38
9000;74
9000;11
9000;0
9000;20
9000;0
9000;0
9000;10
9000;64
9000;1
9000;0
9000;0
9000;0
9000;0
9000;0
9000;5
9000;1
9000;17
9000;32
9000;1
9000;15
9000;22
9000;64
9000;326
9000;0
9000;2
9000;71
9000;0
9000;0
9000;0
9000;10
9000;0
9000;0
9000;0
9000;0
9000;3
9000;27
9000;183
9000;0
9000;0
9000;55
9000;0
9000;33
9000;1
9000;0
9000;1
9000;0
9000;18
9000;0
9000;0
9000;0
9000;0
9000;0
9000;0
9000;0
9000;22
9000;14
9000;0
9000;0
9000;18
9000;23
9000;11
9000;0
9000;3
9000;40
9000;0
9000;0
9000;0
9000;6
9000;0
9000;0
9000;1
9000;18
9000;3
9000;0
9000;0
9000;0
9000;0
9000;0
9000;2
9000;0
9000;0
9000;0
9000;12
9000;0
9000;1
9000;0
9000;0
9000;3
9000;5
9000;0
9000;1
9000;0
9000;0
9000;15
9000;36
9000;14
9000;0
9000;0
9000;0
9000;0
9000;4
9000;12
9000;0
9000;0
9000;0
9000;0
9000;0
9000;0
9000;4
9000;0
9000;5
9000;0
9000;0
9000;0
9000;16
9000;0
9000;0
9000;0
9000;0
9000;12
9000;0
9000;0
9000;0
9000;0
9000;42
9000;0
9000;48
9000;122
9000;0
9000;0
9000;1
9000;2
9000;0
9000;0
9000;0
9000;0
9000;2
9000;0
9000;6
9000;0
9000;0
9000;2
9000;0
9000;0
9000;0
9000;3
9000;5
9000;3
9000;0
9000;0
9000;0
9000;0
9000;0
9000;1
9000;0
9000;0
9000;0
9000;0
9000;0
9000;7
9000;0
9000;0
9000;0
9000;0
9000;0
9000;0
9000;0
9000;0
9000;0
9000;0
9000;1
9000;0
9000;0
9000;0
9000;0
9000;0
9000;5
9000;0
9000;0
9000;0
9000;0
9000;0
9000;0
9000;0
9000;0
9000;0
9000;0
9000;0
9000;0
9000;0
9000;0
9000;9
9000;0
9000;0
9000;0
9000;1
9000;0
9000;0
9000;1
9000;0
9000;0
9000;0
9000;0
9000;0
9000;0
9000;0
9000;0
9000;0
9000;0
9000;0
9000;0
9000;0
9000;0
9000;0
9000;0
9000;0
9000;0
9000;0
9000;0
9000;0
9000;0
9000;0
9000;0
9000;0
9000;0
9000;0
9000;0
9000;0
9000;0
9000;0
9000;0
9000;0
9000;0
9000;0
9000;0
9000;0
9000;0
9000;0
9000;0
9000;0
9000;0
9000;0
9000;0
9000;0
9000;0
9000;0
9000;0
9000;0
9000;0
9000;0
9000;0
9000;0
9000;0
9000;0
9000;0
9000;3
9000;0
9000;0
9000;0
9000;0
9000;0
9000;0
9000;0
9000;0
9000;0
9000;2
9000;0
9000;0
9000;0
9000;0
9000;0
9000;0
9000;0
9000;0
9000;0
9000;0
9000;0
9000;0
9000;0
9000;0
9000;0
9000;0
9000;0
9000;0
9000;0
9000;0
9000;0
9000;0
9000;0
9000;0
9000;0
9000;0
9000;0
9000;0
9000;0
9000;0
9000;0
9000;0
9000;0
9000;0
9000;0
9000;0
9000;0
9000;0
9000;0
9000;0
9000;0
9000;0
9000;0
9000;0
9000;0
9000;0
9000;0
9000;0
9000;0
9000;0
9000;0
9000;0
9000;0
9000;0
9000;0
9000;0
9000;0
9000;0
9000;0
9000;5400
9000;3251
9000;3226
9000;3284
9000;5400
9000;5276
9000;5439
9000;425
9000;617
9000;1021
9000;380
9000;601
9000;1536
9000;387
9000;1118
9000;1757
9000;585
9000;1124
9000;1484
9000;681
9000;1053
9000;1586
9000;696
9000;1155
9000;1744
9000;593
9000;1076
9000;1650
9000;410
9000;424
9000;342
9000;737
9000;621
9000;1041
9000;878
9000;1426
9000;1385
9000;2351
9000;2031
9000;2145
9000;3028
9000;2587
9000;2725
9000;3775
9000;3513
9000;3357
9000;4324
9000;4034
9000;3903
9000;151
9000;141
9000;268
9000;981
9000;1811
9000;2360
9000;3074
9000;144
9000;138
9000;699
9000;894
9000;1668
9000;1844
9000;2687
9000;360
9000;338
9000;771
9000;1003
9000;1509
9000;2577
9000;2909
9000;128
9000;132
9000;115
9000;561
9000;1007
9000;1657
9000;285
9000;230
9000;260
9000;513
9000;1028
9000;1367
9000;362
9000;352
9000;352
9000;760
9000;1249
9000;1844
9000;241
9000;220
9000;179
9000;205
9000;597
9000;205
9000;260
9000;235
9000;207
9000;604
9000;292
9000;289
9000;288
9000;280
9000;696
9000;204
9000;227
9000;230
9000;218
9000;263
9000;288
9000;277
9000;243
9000;351
9000;336
9000;369
9000;320
9000;198
9000;218
9000;198
9000;278
9000;282
9000;278
9000;321
9000;367
9000;333
9000;238
9000;220
9000;301
9000;266
9000;431
9000;472
9000;566
9000;756
9000;696
9000;845
9000;707
9000;1088
9000;199
9000;173
9000;287
9000;359
9000;374
9000;472
9000;411
9000;541
9000;638
9000;819
9000;1125
9000;194
9000;160
9000;223
9000;292
9000;234
9000;487
9000;823
9000;994
9000;1276
9000;185
9000;217
9000;278
9000;244
9000;402
9000;543
9000;543
9000;182
9000;216
9000;255
9000;387
9000;458
9000;168
9000;289
9000;582
9000;223
9000;1108
9000;8321
9000;141
9000;8306
9000;1041
9000;8332
9000;1149
9000;400
9000;743
9000;2688
9000;12
9000;713
9000;2617
9000;1063
9000;1798
9000;2533
9000;114
9000;280
9000;2729
9000;133
9000;1740
9000;525
9000;1071
9000;1871
9000;2590
9000;160
9000;709
9000;2618
9000;126
9000;45
9000;425
9000;66
9000;23
9000;1799
9000;879
9000;2564
9000;2643
9000;513
9000;376
9000;3321
9000;591
9000;4336
9000;4629
9000;1323
9000;5268
9000;5405
9000;640
9000;717
9000;729
9000;45
9000;136
9000;2
9000;1619
9000;2760
9000;3859
9000;5198
9000;44
9000;421
9000;122
9000;210
9000;955
9000;372
9000;3918
9000;577
9000;204
9000;408
9000;680
9000;2829
9000;455
9000;4798
9000;34
9000;131
9000;44
9000;788
9000;1734
9000;376
9000;429
9000;40
9000;179
9000;913
9000;67
9000;2146
9000;222
9000;205
9000;46
9000;117
9000;2096
9000;1016
9000;329
9000;49
9000;345
9000;40
9000;122
9000;406
9000;44
9000;384
9000;164
9000;394
9000;505
9000;484
9000;499
9000;512
9000;1095
9000;35
9000;58
9000;325
9000;48
9000;448
9000;431
9000;39
9000;430
9000;107
9000;534
9000;534
9000;81
9000;38
9000;331
9000;44
9000;58
9000;42
9000;438
9000;194
9000;540
9000;562
9000;370
9000;30
9000;466
9000;63
9000;642
9000;632
9000;865
9000;145
9000;1237
9000;1447
9000;645
9000;237
9000;130
9000;296
9000;189
9000;537
9000;561
9000;96
9000;98
9000;1079
9000;1378
9000;170
9000;1755
9000;16
9000;267
9000;40
9000;70
9000;78
9000;869
9000;161
9000;696
9000;1756
9000;261
9000;380
9000;454
9000;61
9000;770
9000;71
9000;71
9000;117
9000;350
9000;45
9000;91
9000;319
9000;61
9000;465
9000;386
9000;279
9000;5034
9000;2986
9000;2857
9000;2826
9000;5151
9000;5342
9000;5149
9000;379
9000;621
9000;1028
9000;373
9000;584
9000;1608
9000;396
9000;1004
9000;1421
9000;681
9000;1129
9000;1755
9000;672
9000;933
9000;1553
9000;677
9000;1030
9000;1622
9000;641
9000;1068
9000;1777
9000;379
9000;318
9000;412
9000;569
9000;510
9000;1057
9000;850
9000;1309
9000;1531
9000;2355
9000;1957
9000;2013
9000;3024
9000;2874
9000;2741
9000;3414
9000;3373
9000;3431
9000;4961
9000;3043
9000;3799
9000;114
9000;117
9000;240
9000;986
9000;1839
9000;2316
9000;3359
9000;175
9000;120
9000;533
9000;858
9000;1242
9000;1574
9000;2460
9000;353
9000;321
9000;787
9000;1304
9000;1678
9000;2840
9000;2829
9000;152
9000;152
9000;143
9000;541
9000;1166
9000;1771
9000;261
9000;217
9000;261
9000;483
9000;733
9000;1461
9000;303
9000;326
9000;269
9000;593
9000;1061
9000;1466
9000;213
9000;238
9000;213
9000;216
9000;689
9000;251
9000;256
9000;251
9000;251
9000;592
9000;306
9000;280
9000;294
9000;255
9000;652
9000;234
9000;204
9000;204
9000;200
9000;234
9000;252
9000;273
9000;288
9000;328
9000;282
9000;348
9000;348
9000;225
9000;218
9000;208
9000;199
9000;265
9000;199
9000;332
9000;265
9000;306
9000;200
9000;217
9000;248
9000;283
9000;400
9000;419
9000;546
9000;501
9000;669
9000;644
9000;1003
9000;1039
9000;150
9000;152
9000;262
9000;256
9000;294
9000;330
9000;584
9000;634
9000;882
9000;954
9000;938
9000;228
9000;151
9000;247
9000;209
9000;284
9000;490
9000;665
9000;932
9000;768
9000;160
9000;260
9000;281
9000;296
9000;405
9000;424
9000;748
9000;159
9000;197
9000;283
9000;351
9000;539
9000;244
9000;336
9000;603
9000;138
9000;4
9000;0
9000;2
9000;5
9000;89
9000;5
9000;105
9000;0
9000;0
9000;0
9000;0
9000;0
9000;3
9000;0
9000;10
9000;0
9000;5
9000;86
9000;42
9000;24
9000;89
9000;0
9000;8
9000;0
9000;0
9000;1
9000;0
9000;0
9000;0
9000;0
9000;0
9000;0
9000;0
9000;50
9000;0
9000;0
9000;7
9000;106
9000;35
9000;169
9000;114
9000;4
9000;79
9000;2
9000;0
9000;160
9000;40
9000;321
9000;0
9000;0
9000;0
9000;0
9000;0
9000;134
9000;0
9000;21
9000;0
9000;0
9000;0
9000;3
9000;256
9000;63
9000;68
9000;27
9000;6
9000;0
9000;0
9000;31
9000;0
9000;0
9000;0
9000;0
9000;0
9000;0
9000;1
9000;0
9000;2
9000;0
9000;6
9000;0
9000;4
9000;212
9000;48
9000;18
9000;11
9000;1
9000;0
9000;66
9000;14
9000;0
9000;2
9000;0
9000;20
9000;2
9000;0
9000;0
9000;15
9000;3
9000;0
9000;0
9000;31
9000;0
9000;61
9000;3
9000;0
9000;0
9000;0
9000;0
9000;0
9000;0
9000;0
9000;44
9000;0
9000;0
9000;3
9000;5
9000;0
9000;1
9000;9
9000;0
9000;0
9000;0
9000;0
9000;0
9000;5
9000;0
9000;0
9000;13
9000;1
9000;0
9000;0
9000;4
9000;0
9000;0
9000;2
9000;87
9000;26
9000;0
9000;0
9000;2
9000;3
9000;37
9000;70
9000;29
9000;51
9000;0
9000;34
9000;0
9000;0
9000;0
9000;1
9000;19
9000;162
9000;12
9000;25
9000;7
9000;0
9000;7
9000;0
9000;7
9000;0
9000;0
9000;0
9000;0
9000;0
9000;0
9000;34
9000;4
9000;14
9000;4
9000;0
9000;0
9000;9000
9000;9000
9000;1100
9000;1100
15000;1
15000;0
15000;0
15000;0
15000;2
15000;0
15000;0
15000;0
15000;0
15000;0
15000;0
15000;0
15000;0
15000;0
15000;0
15000;0
15000;0
15000;0
15000;0
15000;0
15000;0
15000;0
15000;0
15000;0
15000;0
15000;0
15000;0
15000;0
15000;0
15000;0
15000;0
15000;0
15000;0
15000;0
15000;0
15000;1
15000;0
15000;0
15000;0
15000;0
15000;0
15000;0
15000;0
15000;0
15000;0
15000;0
15000;0
15000;0
15000;0
15000;0
15000;0
15000;0
15000;0
15000;0
15000;0
15000;0
15000;0
15000;0
15000;0
15000;0
15000;1
15000;0
15000;0
15000;0
15000;0
15000;0
15000;0
15000;0
15000;0
15000;0
15000;0
15000;0
15000;0
15000;0
15000;0
15000;0
15000;0
15000;0
15000;0
15000;0
15000;0
15000;0
15000;0
15000;22
15000;0
15000;0
15000;0
15000;0
15000;0
15000;0
15000;0
15000;0
15000;0
15000;0
15000;0
15000;0
15000;0
15000;0
15000;0
15000;0
15000;0
15000;0
15000;0
15000;0
15000;0
15000;0
15000;0
15000;0
15000;0
15000;0
15000;0
15000;0
15000;0
15000;0
15000;0
15000;0
15000;0
15000;0
15000;0
15000;0
15000;0
15000;0
15000;0
15000;0
15000;0
15000;0
15000;0
15000;0
15000;0
15000;0
15000;0
15000;0
15000;0
15000;0
15000;0
15000;0
15000;0
15000;0
15000;0
15000;0
15000;0
15000;0
15000;0
15000;0
15000;0
15000;0
15000;0
15000;0
15000;0
15000;0
15000;0
15000;0
15000;0
15000;0
15000;0
15000;0
15000;0
15000;2
15000;0
15000;0
15000;0
15000;0
15000;0
15000;0
15000;0
15000;0
15000;0
15000;0
15000;0
15000;0
15000;0
15000;0
15000;750
15000;39
15000;48
15000;38
15000;536
15000;780
15000;676
15000;5
15000;4
15000;16
15000;8
15000;11
15000;231
15000;7
15000;130
15000;304
15000;80
15000;217
15000;256
15000;69
15000;70
15000;213
15000;63
15000;138
15000;172
15000;83
15000;119
15000;175
15000;6
15000;3
15000;2
15000;9
15000;9
15000;129
15000;6
15000;300
15000;142
15000;273
15000;381
15000;232
15000;579
15000;315
15000;390
15000;496
15000;560
15000;1185
15000;631
15000;595
15000;671
15000;0
15000;2
15000;6
15000;235
15000;55
15000;382
15000;441
15000;0
15000;2
15000;61
15000;86
15000;244
15000;147
15000;308
15000;58
15000;28
15000;71
15000;96
15000;59
15000;491
15000;738
15000;2
15000;1
15000;0
15000;66
15000;93
15000;237
15000;23
15000;25
15000;17
15000;40
15000;91
15000;304
15000;38
15000;48
15000;41
15000;92
15000;149
15000;310
15000;22
15000;22
15000;25
15000;17
15000;47
15000;24
15000;18
15000;27
15000;29
15000;36
15000;34
15000;38
15000;38
15000;40
15000;99
15000;24
15000;22
15000;19
15000;13
15000;17
15000;28
15000;23
15000;24
15000;49
15000;41
15000;46
15000;21
15000;22
15000;13
15000;14
15000;43
15000;46
15000;56
15000;36
15000;48
15000;41
15000;8
15000;31
15000;15
15000;32
15000;135
15000;52
15000;16
15000;61
15000;47
15000;63
15000;86
15000;169
15000;5
15000;25
15000;16
15000;24
15000;71
15000;1
15000;54
15000;61
15000;105
15000;12
15000;60
15000;30
15000;27
15000;11
15000;33
15000;11
15000;77
15000;79
15000;110
15000;70
15000;23
15000;19
15000;73
15000;30
15000;44
15000;46
15000;9
15000;13
15000;12
15000;8
15000;18
15000;74
15000;46
15000;24
15000;115
15000;21
15000;3572
15000;730
15000;812
15000;0
15000;127
15000;3317
15000;3234
15000;0
15000;461
15000;2
15000;301
15000;331
15000;2815
15000;0
15000;682
15000;1033
15000;390
15000;2270
15000;1024
15000;415
15000;1722
15000;2215
15000;13
15000;20
15000;188
15000;15
15000;27
15000;215
15000;13
15000;11
15000;6
15000;1
15000;119
15000;1940
15000;3
15000;147
15000;1095
15000;1463
15000;198
15000;98
15000;1818
15000;68
15000;185
15000;1523
15000;179
15000;60
15000;41
15000;1009
15000;1098
15000;76
15000;0
15000;9
15000;24
15000;618
15000;1022
15000;1220
15000;4
15000;77
15000;1165
15000;20
15000;32
15000;98
15000;1426
15000;134
15000;12
15000;43
15000;33
15000;1169
15000;45
15000;1446
15000;0
15000;0
15000;65
15000;15
15000;575
15000;32
15000;17
15000;0
15000;136
15000;29
15000;477
15000;757
15000;29
15000;8
15000;160
15000;19
15000;711
15000;73
15000;289
15000;16
15000;8
15000;106
15000;39
15000;108
15000;9
15000;165
15000;35
15000;22
15000;7
15000;149
15000;12
15000;3
15000;453
15000;3
15000;1
15000;1
15000;6
15000;6
15000;139
15000;3
15000;120
15000;7
15000;2
15000;2
15000;507
15000;1
15000;76
15000;3
15000;43
15000;4
15000;0
15000;577
15000;576
15000;3
15000;101
15000;15
15000;3
15000;150
15000;26
15000;19
15000;673
15000;1
15000;340
15000;462
15000;583
15000;494
15000;0
15000;12
15000;400
15000;116
15000;90
15000;585
15000;300
15000;379
15000;227
15000;279
15000;23
15000;8
15000;97
15000;124
15000;9
15000;85
15000;0
15000;0
15000;549
15000;18
15000;230
15000;65
15000;2
15000;141
15000;664
15000;232
15000;52
15000;0
15000;141
15000;446
15000;543
15000;42
15000;246
15000;13
15000;186
15000;71
15000;737
15000;36
15000;23
15000;19
15000;662
15000;585
15000;618
15000;0
15000;0
15000;9
15000;0
15000;0
15000;192
15000;0
15000;159
15000;173
15000;0
15000;142
15000;216
15000;71
15000;164
15000;153
15000;50
15000;0
15000;0
15000;84
15000;0
15000;161
15000;0
15000;0
15000;0
15000;7
15000;10
15000;108
15000;23
15000;164
15000;183
15000;309
15000;291
15000;170
15000;328
15000;0
15000;268
15000;523
15000;406
15000;360
15000;495
15000;478
15000;634
15000;0
15000;3
15000;2
15000;73
15000;124
15000;181
15000;518
15000;0
15000;2
15000;65
15000;63
15000;112
15000;0
15000;311
15000;0
15000;33
15000;0
15000;0
15000;63
15000;169
15000;0
15000;0
15000;0
15000;0
15000;49
15000;60
15000;107
15000;31
15000;24
15000;0
15000;59
15000;107
15000;0
15000;0
15000;0
15000;28
15000;9
15000;110
15000;0
15000;15
15000;15
15000;30
15000;15
15000;20
15000;0
15000;15
15000;13
15000;44
15000;53
15000;62
15000;62
15000;0
15000;62
15000;46
15000;11
15000;11
15000;11
15000;11
15000;22
15000;0
15000;32
15000;25
15000;24
15000;16
15000;35
15000;23
15000;16
15000;19
15000;19
15000;35
15000;27
15000;17
15000;16
15000;15
15000;21
15000;28
15000;6
15000;27
15000;28
15000;53
15000;56
15000;35
15000;17
15000;0
15000;43
15000;80
15000;109
15000;8
15000;0
15000;38
15000;63
15000;84
15000;82
15000;12
15000;32
15000;95
15000;4
15000;26
15000;16
15000;5
15000;26
15000;61
15000;27
15000;13
15000;118
15000;63
15000;89
15000;5
15000;7
15000;24
15000;10
15000;24
15000;8
15000;28
15000;22
15000;17
15000;5
15000;0
15000;28
15000;10
15000;9
15000;124
15000;9
15000;169
15000;0
15000;0
15000;0
15000;5
15000;0
15000;0
15000;0
15000;0
15000;0
15000;0
15000;0
15000;283
15000;0
15000;13
15000;21
15000;13
15000;0
15000;215
15000;0
15000;33
15000;0
15000;0
15000;14
15000;17
15000;13
15000;19
15000;0
15000;0
15000;0
15000;0
15000;0
15000;0
15000;37
15000;0
15000;0
15000;42
15000;44
15000;427
15000;0
15000;46
15000;7
15000;0
15000;81
15000;0
15000;2
15000;235
15000;569
15000;52
15000;0
15000;0
15000;0
15000;35
15000;3
15000;0
15000;488
15000;0
15000;0
15000;52
15000;0
15000;10
15000;0
15000;61
15000;1
15000;22
15000;1
15000;0
15000;0
15000;0
15000;91
15000;0
15000;0
15000;0
15000;8
15000;40
15000;0
15000;0
15000;12
15000;0
15000;0
15000;37
15000;13
15000;42
15000;0
15000;63
15000;21
15000;0
15000;35
15000;0
15000;0
15000;6
15000;19
15000;0
15000;0
15000;2
15000;4
15000;0
15000;0
15000;3
15000;28
15000;11
15000;16
15000;0
15000;0
15000;0
15000;2
15000;0
15000;28
15000;0
15000;3
15000;0
15000;22
15000;0
15000;2
15000;0
15000;0
15000;0
15000;0
15000;4
15000;26
15000;0
15000;0
15000;9
15000;3
15000;5
15000;2
15000;3
15000;0
15000;0
15000;6
15000;53
15000;46
15000;106
15000;0
15000;0
15000;0
15000;0
15000;6
15000;0
15000;1
15000;0
15000;0
15000;23
15000;0
15000;0
15000;71
15000;2
15000;10
15000;0
15000;0
15000;0
15000;15
15000;10
15000;0
15000;11
15000;0
15000;5
15000;46
15000;0
15000;38
15000;0
15000;0
15000;0
15000;2
15000;1
15000;4
15000;0
15000;61
15000;3
15000;0
15000;0
15000;1
15000;1
15000;0
15000;0
15000;0
15000;1
15000;1
15000;1
15000;0
15000;0
15000;0
15000;0
15000;0
15000;0
15000;0
15000;4
15000;0
15000;0
15000;0
15000;0
15000;0
15000;0
15000;0
15000;0
15000;1
15000;0
15000;0
15000;1
15000;0
15000;0
15000;0
15000;0
15000;0
15000;0
15000;1
15000;0
15000;0
15000;0
15000;0
15000;2
15000;0
15000;0
15000;0
15000;0
15000;0
15000;0
15000;0
15000;0
15000;0
15000;0
15000;0
15000;0
15000;0
15000;0
15000;0
15000;0
15000;0
15000;0
15000;0
15000;0
15000;0
15000;0
15000;0
15000;0
15000;0
15000;0
15000;0
15000;0
15000;0
15000;0
15000;0
15000;0
15000;0
15000;0
15000;0
15000;0
15000;0
15000;0
15000;0
15000;0
15000;0
15000;0
15000;0
15000;0
15000;0
15000;0
15000;0
15000;0
15000;0
15000;0
15000;0
15000;0
15000;0
15000;0
15000;0
15000;0
15000;0
15000;0
15000;0
15000;0
15000;0
15000;0
15000;0
15000;0
15000;0
15000;0
15000;0
15000;0
15000;0
15000;0
15000;0
15000;0
15000;0
15000;4
15000;0
15000;0
15000;0
15000;0
15000;0
15000;0
15000;0
15000;0
15000;0
15000;0
15000;0
15000;0
15000;0
15000;0
15000;0
15000;0
15000;0
15000;0
15000;0
15000;0
15000;0
15000;0
15000;0
15000;0
15000;0
15000;0
15000;0
15000;0
15000;0
15000;0
15000;0
15000;0
15000;0
15000;0
15000;0
15000;0
15000;0
15000;0
15000;0
15000;0
15000;0
15000;0
15000;0
15000;0
15000;0
15000;0
15000;0
15000;0
15000;0
15000;0
15000;0
15000;0
15000;0
15000;0
15000;0
15000;0
15000;0
15000;4
15000;0
15000;3750
15000;959
15000;861
15000;943
15000;3677
15000;3820
15000;3460
15000;101
15000;153
15000;328
15000;90
15000;159
15000;1012
15000;94
15000;700
15000;951
15000;444
15000;696
15000;1079
15000;429
15000;700
15000;615
15000;393
15000;772
15000;1079
15000;400
15000;727
15000;1298
15000;104
15000;100
15000;101
15000;161
15000;226
15000;687
15000;181
15000;1028
15000;981
15000;1503
15000;1300
15000;1352
15000;1915
15000;1791
15000;1787
15000;2542
15000;1941
15000;2194
15000;2890
15000;3320
15000;2707
15000;30
15000;25
15000;38
15000;721
15000;1036
15000;1471
15000;2008
15000;33
15000;44
15000;396
15000;658
15000;1230
15000;1389
15000;1433
15000;193
15000;209
15000;398
15000;1021
15000;1021
15000;1486
15000;2107
15000;24
15000;24
15000;21
15000;332
15000;501
15000;1185
15000;162
15000;176
15000;135
15000;368
15000;423
15000;1183
15000;151
15000;194
15000;210
15000;408
15000;662
15000;1182
15000;131
15000;126
15000;133
15000;128
15000;257
15000;135
15000;129
15000;113
15000;169
15000;319
15000;172
15000;146
15000;185
15000;169
15000;317
15000;111
15000;109
15000;125
15000;112
15000;140
15000;182
15000;231
15000;126
15000;148
15000;146
15000;210
15000;212
15000;133
15000;134
15000;127
15000;174
15000;150
15000;121
15000;113
15000;190
15000;106
15000;112
15000;106
15000;139
15000;156
15000;186
15000;210
15000;256
15000;377
15000;364
15000;278
15000;495
15000;444
15000;64
15000;72
15000;138
15000;128
15000;151
15000;291
15000;87
15000;280
15000;363
15000;494
15000;593
15000;31
15000;106
15000;131
15000;211
15000;122
15000;309
15000;558
15000;499
15000;632
15000;113
15000;124
15000;145
15000;150
15000;269
15000;162
15000;441
15000;82
15000;82
15000;194
15000;197
15000;352
15000;127
15000;107
15000;274
15000;94
15000;658
15000;25
15000;8061
15000;34
15000;10811
15000;693
15000;10841
15000;1200
15000;475
15000;4222
15000;6
15000;21
15000;2479
15000;7
15000;2864
15000;150
15000;1131
15000;1974
15000;263
15000;1211
15000;155
15000;3162
15000;78
15000;2250
15000;4412
15000;1305
15000;97
15000;221
15000;206
15000;75
15000;180
15000;107
15000;17
15000;2831
15000;170
15000;4081
15000;4125
15000;196
15000;169
15000;5527
15000;1354
15000;321
15000;7140
15000;7022
15000;285
15000;8909
15000;8102
15000;8026
15000;7620
15000;74
15000;65
15000;1
15000;50
15000;1926
15000;265
15000;5546
15000;105
15000;46
15000;1330
15000;1662
15000;1891
15000;446
15000;4481
15000;130
15000;35
15000;1698
15000;2908
15000;4264
15000;879
15000;7529
15000;2
15000;18
15000;30
15000;869
15000;2484
15000;237
15000;416
15000;420
15000;462
15000;373
15000;109
15000;2282
15000;132
15000;562
15000;128
15000;265
15000;2067
15000;190
15000;346
15000;29
15000;90
15000;345
15000;873
15000;412
15000;446
15000;431
15000;28
15000;1043
15000;722
15000;36
15000;722
15000;545
15000;321
15000;17
15000;12
15000;20
15000;39
15000;117
15000;31
15000;115
15000;79
15000;730
15000;511
15000;42
15000;730
15000;348
15000;321
15000;14
15000;433
15000;622
15000;135
15000;129
15000;22
15000;33
15000;18
15000;391
15000;18
15000;4
15000;927
15000;88
15000;54
15000;1384
15000;232
15000;59
15000;49
15000;941
15000;324
15000;23
15000;30
15000;20
15000;177
15000;18
15000;983
15000;16
15000;280
15000;1545
15000;1655
15000;9
15000;2
15000;41
15000;120
15000;87
15000;113
15000;837
15000;101
15000;2211
15000;8
15000;16
15000;401
15000;385
15000;601
15000;642
15000;822
15000;222
15000;300
15000;402
15000;481
15000;173
15000;268
15000;87
15000;691
15000;357
15000;3845
15000;942
15000;948
15000;839
15000;3462
15000;3731
15000;4092
15000;108
15000;208
15000;233
15000;95
15000;130
15000;935
15000;105
15000;738
15000;768
15000;383
15000;735
15000;817
15000;392
15000;621
15000;908
15000;471
15000;716
15000;1184
15000;368
15000;520
15000;988
15000;108
15000;105
15000;82
15000;191
15000;213
15000;738
15000;206
15000;979
15000;1071
15000;1246
15000;1476
15000;1428
15000;1974
15000;1725
15000;1820
15000;1970
15000;1918
15000;1412
15000;2592
15000;3126
15000;2900
15000;29
15000;34
15000;52
15000;479
15000;888
15000;1446
15000;3437
15000;40
15000;26
15000;292
15000;718
15000;759
15000;1506
15000;1685
15000;174
15000;165
15000;419
15000;513
15000;1044
15000;1499
15000;2080
15000;43
15000;17
15000;20
15000;305
15000;595
15000;1439
15000;155
15000;155
15000;132
15000;295
15000;481
15000;755
15000;171
15000;162
15000;187
15000;276
15000;651
15000;1223
15000;123
15000;112
15000;112
15000;123
15000;382
15000;135
15000;134
15000;135
15000;148
15000;365
15000;158
15000;169
15000;143
15000;158
15000;233
15000;93
15000;128
15000;101
15000;101
15000;140
15000;109
15000;109
15000;109
15000;184
15000;153
15000;187
15000;153
15000;108
15000;133
15000;116
15000;153
15000;132
15000;171
15000;120
15000;144
15000;186
15000;108
15000;144
15000;154
15000;197
15000;164
15000;164
15000;290
15000;180
15000;478
15000;555
15000;1163
15000;750
15000;56
15000;126
15000;118
15000;132
15000;244
15000;206
15000;216
15000;412
15000;447
15000;452
15000;589
15000;60
15000;81
15000;160
15000;217
15000;176
15000;330
15000;393
15000;633
15000;473
15000;67
15000;95
15000;174
15000;126
15000;246
15000;185
15000;202
15000;91
15000;121
15000;96
15000;146
15000;351
15000;132
15000;169
15000;322
15000;75
15000;143
15000;0
15000;0
15000;0
15000;11
15000;86
15000;210
15000;1
15000;0
15000;0
15000;0
15000;0
15000;7
15000;0
15000;4
15000;4
15000;18
15000;25
15000;7
15000;21
15000;0
15000;0
15000;10
15000;20
15000;278
15000;1
15000;12
15000;43
15000;0
15000;0
15000;0
15000;0
15000;0
15000;4
15000;0
15000;1
15000;20
15000;277
15000;3
15000;424
15000;128
15000;53
15000;54
15000;102
15000;0
15000;99
15000;8
15000;80
15000;0
15000;0
15000;0
15000;0
15000;0
15000;0
15000;3
15000;0
15000;0
15000;0
15000;0
15000;214
15000;288
15000;43
15000;55
15000;53
15000;39
15000;0
15000;23
15000;338
15000;0
15000;5
15000;0
15000;0
15000;0
15000;0
15000;0
15000;58
15000;1
15000;6
15000;15
15000;1
15000;0
15000;0
15000;2
15000;1
15000;16
15000;57
15000;65
15000;0
15000;0
15000;0
15000;42
15000;0
15000;145
15000;25
15000;4
15000;3
15000;13
15000;52
15000;0
15000;0
15000;0
15000;18
15000;0
15000;7
15000;0
15000;1
15000;6
15000;16
15000;0
15000;20
15000;3
15000;0
15000;19
15000;0
15000;1
15000;19
15000;0
15000;0
15000;3
15000;0
15000;2
15000;1
15000;2
15000;0
15000;5
15000;0
15000;2
15000;0
15000;6
15000;7
15000;0
15000;0
15000;31
15000;77
15000;0
15000;13
15000;0
15000;3
15000;0
15000;50
15000;0
15000;0
15000;0
15000;0
15000;28
15000;2
15000;0
15000;11
15000;6
15000;0
15000;0
15000;0
15000;0
15000;34
15000;0
15000;0
15000;0
15000;0
15000;0
15000;3
15000;18
15000;0
15000;0
15000;4
15000;0
15000;0
15000;7
15000;0
15000;2
15000;0
15000;0
15000;0
15000;1
15000;0
15000;0
15000;0
15000;0
15000;0
15000;4
15000;0
15000;0
15000;0
15000;0
15000;0
15000;0
15000;0
15000;0
15000;0
15000;0
15000;0
15000;0
15000;0
15000;0
15000;10
15000;0
15000;0
15000;0
15000;0
15000;0
15000;0
15000;0
15000;0
15000;0
15000;0
15000;0
15000;0
15000;0
15000;0
15000;0
15000;0
15000;0
15000;0
15000;17
15000;1
15000;0
15000;0
15000;0
15000;0
15000;0
15000;0
15000;0
15000;0
15000;0
15000;0
15000;0
15000;0
15000;0
15000;0
15000;0
15000;0
15000;0
15000;0
15000;0
15000;0
15000;35
15000;0
15000;0
15000;0
15000;0
15000;0
15000;0
15000;0
15000;0
15000;0
15000;0
15000;0
15000;0
15000;0
15000;0
15000;0
15000;0
15000;0
15000;0
15000;0
15000;0
15000;0
15000;0
15000;0
15000;0
15000;0
15000;0
15000;0
15000;0
15000;0
15000;0
15000;0
15000;0
15000;0
15000;1
15000;0
15000;0
15000;0
15000;0
15000;0
15000;0
15000;0
15000;0
15000;0
15000;0
15000;0
15000;0
15000;0
15000;0
15000;0
15000;0
15000;0
15000;0
15000;0
15000;0
15000;0
15000;0
15000;0
15000;0
15000;0
15000;0
15000;0
15000;0
15000;0
15000;0
15000;0
15000;0
15000;0
15000;0
15000;0
15000;0
15000;0
15000;0
15000;0
15000;0
15000;0
15000;0
15000;0
15000;0
15000;0
15000;0
15000;0
15000;0
15000;0
15000;0
15000;0
15000;0
15000;0
15000;0
15000;10
15000;0
15000;0
15000;0
15000;0
15000;0
15000;0
15000;0
15000;0
15000;0
15000;0
15000;0
15000;0
15000;0
15000;0
15000;0
15000;0
15000;0
15000;0
15000;0
15000;0
15000;9000
15000;5421
15000;5397
15000;5234
15000;9400
15000;9007
15000;8823
15000;611
15000;992
15000;1406
15000;618
15000;1017
15000;2596
15000;583
15000;1711
15000;2256
15000;1063
15000;1619
15000;2578
15000;975
15000;1494
15000;2365
15000;1002
15000;1696
15000;2289
15000;1031
15000;1644
15000;2501
15000;603
15000;609
15000;646
15000;1117
15000;907
15000;1717
15000;1669
15000;2480
15000;2507
15000;3356
15000;3279
15000;3283
15000;4676
15000;3615
15000;4558
15000;5729
15000;5262
15000;5550
15000;6496
15000;5783
15000;6360
15000;204
15000;179
15000;407
15000;1311
15000;2318
15000;3389
15000;5221
15000;188
15000;182
15000;814
15000;1193
15000;1917
15000;2844
15000;3040
15000;448
15000;468
15000;865
15000;1724
15000;2983
15000;3464
15000;4534
15000;160
15000;153
15000;180
15000;682
15000;1544
15000;2969
15000;362
15000;384
15000;356
15000;797
15000;1405
15000;2352
15000;463
15000;479
15000;439
15000;984
15000;1926
15000;2237
15000;274
15000;271
15000;300
15000;293
15000;752
15000;343
15000;369
15000;345
15000;366
15000;850
15000;442
15000;369
15000;428
15000;447
15000;860
15000;323
15000;251
15000;292
15000;286
15000;348
15000;349
15000;371
15000;376
15000;404
15000;478
15000;451
15000;455
15000;316
15000;305
15000;278
15000;326
15000;383
15000;396
15000;478
15000;511
15000;480
15000;277
15000;327
15000;356
15000;364
15000;541
15000;464
15000;570
15000;695
15000;1033
15000;1156
15000;1632
15000;1550
15000;205
15000;183
15000;371
15000;467
15000;486
15000;610
15000;513
15000;1012
15000;922
15000;1381
15000;1397
15000;202
15000;183
15000;248
15000;384
15000;353
15000;592
15000;834
15000;1180
15000;1567
15000;214
15000;249
15000;271
15000;366
15000;613
15000;383
15000;810
15000;218
15000;242
15000;393
15000;441
15000;848
15000;204
15000;402
15000;654
15000;208
15000;1535
15000;132
15000;1339
15000;1476
15000;14273
15000;14196
15000;1571
15000;1589
15000;453
15000;1407
15000;60
15000;1075
15000;1622
15000;153
15000;2803
15000;4077
15000;186
15000;228
15000;483
15000;1700
15000;1053
15000;1504
15000;627
15000;2957
15000;290
15000;1669
15000;496
15000;542
15000;67
15000;219
15000;173
15000;945
15000;265
15000;309
15000;435
15000;376
15000;4125
15000;5807
15000;1993
15000;4963
15000;1036
15000;947
15000;718
15000;8929
15000;1011
15000;845
15000;11192
15000;1086
15000;10170
15000;7
15000;46
15000;42
15000;2114
15000;3762
15000;423
15000;7300
15000;531
15000;571
15000;1330
15000;239
15000;1015
15000;1387
15000;532
15000;780
15000;761
15000;1698
15000;1025
15000;569
15000;1967
15000;1659
15000;36
15000;44
15000;43
15000;1195
15000;2384
15000;4251
15000;78
15000;257
15000;600
15000;1221
15000;2104
15000;260
15000;276
15000;90
15000;106
15000;200
15000;2919
15000;4320
15000;44
15000;47
15000;55
15000;32
15000;172
15000;49
15000;214
15000;47
15000;80
15000;1301
15000;689
15000;656
15000;674
15000;357
15000;1499
15000;37
15000;24
15000;405
15000;451
15000;612
15000;579
15000;612
15000;228
15000;705
15000;692
15000;63
15000;700
15000;438
15000;456
15000;45
15000;100
15000;622
15000;43
15000;61
15000;46
15000;736
15000;480
15000;463
15000;236
15000;591
15000;892
15000;74
15000;492
15000;1362
15000;1544
15000;187
15000;277
15000;2427
15000;324
15000;21
15000;277
15000;108
15000;773
15000;956
15000;342
15000;540
15000;1720
15000;2104
15000;2463
15000;343
15000;34
15000;432
15000;91
15000;322
15000;1038
15000;1370
15000;137
15000;160
15000;289
15000;142
15000;63
15000;601
15000;167
15000;122
15000;1319
15000;347
15000;30
15000;34
15000;776
15000;1332
15000;290
15000;239
15000;24
15000;136
15000;9139
15000;5569
15000;5409
15000;4875
15000;9165
15000;9221
15000;8605
15000;645
15000;1048
15000;1461
15000;638
15000;1007
15000;2449
15000;648
15000;1803
15000;2309
15000;1013
15000;1426
15000;2693
15000;1079
15000;1792
15000;2335
15000;865
15000;1448
15000;2922
15000;1029
15000;1735
15000;2336
15000;645
15000;585
15000;604
15000;1024
15000;1046
15000;1636
15000;1484
15000;2540
15000;2408
15000;3335
15000;3464
15000;3114
15000;4464
15000;4194
15000;3807
15000;5101
15000;5756
15000;5496
15000;7196
15000;6378
15000;5826
15000;182
15000;175
15000;385
15000;1219
15000;2419
15000;3016
15000;4690
15000;226
15000;222
15000;825
15000;1222
15000;2115
15000;2856
15000;3791
15000;414
15000;496
15000;955
15000;1671
15000;2655
15000;3282
15000;4017
15000;178
15000;182
15000;184
15000;731
15000;1518
15000;2281
15000;363
15000;329
15000;329
15000;833
15000;1095
15000;2299
15000;457
15000;457
15000;451
15000;944
15000;1590
15000;2721
15000;286
15000;280
15000;305
15000;288
15000;831
15000;399
15000;361
15000;334
15000;337
15000;889
15000;456
15000;433
15000;396
15000;354
15000;971
15000;231
15000;284
15000;287
15000;287
15000;338
15000;380
15000;380
15000;338
15000;509
15000;446
15000;446
15000;423
15000;260
15000;260
15000;300
15000;326
15000;407
15000;298
15000;430
15000;443
15000;522
15000;290
15000;306
15000;373
15000;374
15000;522
15000;644
15000;502
15000;763
15000;880
15000;1039
15000;1304
15000;1562
15000;201
15000;255
15000;283
15000;468
15000;617
15000;551
15000;698
15000;744
15000;1129
15000;1120
15000;1352
15000;198
15000;163
15000;305
15000;299
15000;355
15000;631
15000;734
15000;1343
15000;1088
15000;227
15000;341
15000;374
15000;387
15000;697
15000;539
15000;757
15000;225
15000;249
15000;341
15000;601
15000;716
15000;180
15000;236
15000;419
15000;137
15000;165
15000;0
15000;0
15000;0
15000;133
15000;0
15000;5
15000;1
15000;0
15000;0
15000;0
15000;0
15000;0
15000;0
15000;8
15000;36
15000;0
15000;129
15000;0
15000;0
15000;18
15000;0
15000;0
15000;36
15000;1
15000;25
15000;0
15000;183
15000;0
15000;0
15000;0
15000;0
15000;0
15000;154
15000;0
15000;8
15000;28
15000;47
15000;61
15000;4
15000;74
15000;2
15000;823
15000;0
15000;0
15000;222
15000;112
15000;23
15000;45
15000;0
15000;0
15000;0
15000;12
15000;18
15000;77
15000;83
15000;0
15000;0
15000;0
15000;0
15000;8
15000;63
15000;0
15000;0
15000;0
15000;163
15000;0
15000;0
15000;59
15000;24
15000;0
15000;0
15000;0
15000;0
15000;0
15000;2
15000;0
15000;1
15000;0
15000;0
15000;0
15000;0
15000;3
15000;10
15000;51
15000;15
15000;0
15000;116
15000;0
15000;10
15000;0
15000;0
15000;15
15000;0
15000;8
15000;2
15000;25
15000;12
15000;1
15000;65
15000;0
15000;0
15000;0
15000;0
15000;2
15000;4
15000;9
15000;18
15000;0
15000;0
15000;8
15000;4
15000;0
15000;0
15000;2
15000;14
15000;1
15000;3
15000;0
15000;0
15000;14
15000;0
15000;28
15000;5
15000;7
15000;0
15000;3
15000;10
15000;0
15000;9
15000;0
15000;0
15000;0
15000;0
15000;0
15000;191
15000;0
15000;0
15000;84
15000;0
15000;10
15000;0
15000;6
15000;0
15000;103
15000;0
15000;0
15000;11
15000;0
15000;0
15000;0
15000;0
15000;4
15000;4
15000;73
15000;26
15000;0
15000;4
15000;31
15000;39
15000;8
15000;0
15000;58
15000;0
15000;0
15000;2
15000;71
15000;47
15000;0
15000;43
15000;0
15000;24
15000;15000
15000;15000
15000;1700
15000;1700