collection_size;result_size;query
3000;1;users '_id' = 72728d7b-5222-40a9-b859-b043ad788e5b , limit: null
3000;1;users '_id' = 2b409e92-4117-4f38-8774-c5ebdc8afc84 .children '_id' = 160939ef-bc3f-45ff-96c2-9e6d9f77e8eb , limit: null
3000;1;users '_id' = c9abe994-8d5c-4496-b5af-5ab06e901e72 .children '_id' = 45f415ba-5e46-4a58-9951-487fd287a811 .grand_children  , limit: null
3000;1;users '_id' = e4418d86-05df-4d56-9850-c6aa6de6abfe .children '_id' = 7d7924a8-2a96-44ed-800d-1040e1904bdd .grand_children  .grand2_children  , limit: null
3000;1;users  .children  .grand_children  .grand2_children  .grand3_children '_id' = f0281d93-4e34-4d38-9d49-ce6d918cda35 , limit: null
3000;1;users  .children '_id' = 28ce4b87-c576-459f-8ebe-833f448a51d3 .grand_children  .grand2_children  .grand3_children  .grand4_children  , limit: null
3000;1;users  .children  .grand_children '_id' = 42260ee4-24f4-421e-9b34-51fb362262f5 .grand2_children  .grand3_children  .grand4_children  .grand5_children  , limit: null
3000;1;users '_id' = 1ade2f23-8d65-44a9-bb3e-cbc5c454b28c .users_owns_pets pets    , limit: null
3000;1;users '_id' = 0a7f5b24-1a88-408b-9200-8028087b8bbb .users_owns_pets pets    .pets_child '_id' = 042bda92-11f0-4576-976b-1a55b5ff1e3a , limit: null
3000;1;users '_id' = 345883e0-3457-40c2-b229-9ee991b7cb56 .users_owns_pets pets  '_id' = dc603539-e16b-41ea-8010-eb2563e56fec  .pets_child  .pets_grand_child '_id' = 2b03cd73-de26-49a4-b2cd-9f7c84f6bc90 , limit: null
3000;1;users '_id' = 97b39d16-959d-4667-9a43-cd78294c9ed7 .children '_id' = 00c076cd-aeeb-4681-8e7b-53d10e974b2b .children_owns_pets pets  '_id' = 8e478059-f27e-4036-9541-34019035f644  , limit: null
3000;1;users  .children '_id' = 57a0dfc1-78fa-48e2-b6b8-38fc2315daa1 .children_owns_pets pets    .pets_child '_id' = e78b150c-40d2-4f45-9feb-a502d55f87ae , limit: null
3000;1;users  .children  .children_owns_pets pets    .pets_child '_id' = 1b85dab4-89b8-4af5-b682-813e9afdee07 .pets_grand_child '_id' = 3fa3ab2a-f489-41dc-a762-4c0a040c8014 , limit: null
3000;1;users  .children '_id' = 756e568f-c0d1-4d51-b846-717a13675dd2 .grand_children '_id' = 68ced0ff-0cb2-40c9-8827-ba28e33eefc4 .grand_children_owns_pets pets    , limit: null
3000;1;users '_id' = 29239632-e8c3-499f-a2eb-1a95564612f1 .children  .grand_children  .grand_children_owns_pets pets  '_id' = 485444b7-4fc7-4a05-a6d6-f566c0213e03  .pets_child '_id' = 1e69e8fe-04fc-42c6-8297-fcc41f51a5e7 , limit: null
3000;1;users  .children '_id' = 352edaf5-4629-4b21-911a-d5ded6468af1 .grand_children  .grand_children_owns_pets pets  '_id' = dca7f8c3-69f8-49e6-bf67-3b55a1b5b840  .pets_child  .pets_grand_child  , limit: null
3000;1;users  .children '_id' = 351a8e87-e84c-4a2c-acb5-38682c805f9c .grand_children '_id' = edd76f06-787f-4107-93ad-a30323524104 .grand2_children  .grand2_children_owns_pets pets    , limit: null
3000;1;users '_id' = 963418d7-920e-4ce9-bfe3-f85caf0c0395 .children  .grand_children  .grand2_children  .grand2_children_owns_pets pets  '_id' = c61c518d-5b89-4ab5-a988-c7b1a9d6d8ca  .pets_child  , limit: null
3000;1;users  .children '_id' = 9cff46de-29fa-423b-8109-b56adb737874 .grand_children  .grand2_children  .grand2_children_owns_pets pets  '_id' = 6f9c7e0e-49ff-4c57-a4b5-3b3df0dc1766  .pets_child  .pets_grand_child  , limit: null
3000;1;users '_id' = 43d48896-6a6f-4cbe-9734-af8cf107fde2 .children  .grand_children  .grand2_children  .grand3_children  .grand3_children_owns_pets pets    , limit: null
3000;1;users '_id' = 0dec04a4-a672-4b2b-8c04-c385933f995f .children  .grand_children  .grand2_children  .grand3_children  .grand3_children_owns_pets pets    .pets_child  , limit: null
3000;1;users  .children  .grand_children  .grand2_children  .grand3_children  .grand3_children_owns_pets pets  '_id' = cc9985c7-1dec-47df-8202-ffb15b5b4d59  .pets_child '_id' = e0c5c6aa-9461-4945-964a-2cc40e3940bc .pets_grand_child  , limit: null
3000;1;users '_id' = a1ccdfdd-ba43-42e0-b270-cfb3b9e8b43e .children  .grand_children  .grand2_children  .grand3_children  .grand4_children  .grand4_children_owns_pets pets    , limit: null
3000;1;users  .children  .grand_children  .grand2_children  .grand3_children  .grand4_children '_id' = b54da36e-fc26-4b72-93be-fbb7e96a2bdc .grand4_children_owns_pets pets  '_id' = 90b838c0-8b71-4a7e-b834-be82f9912ca2  .pets_child  , limit: null
3000;1;users '_id' = db9d476f-1147-41c0-8b16-f30e901400ad .children  .grand_children  .grand2_children  .grand3_children  .grand4_children  .grand4_children_owns_pets pets    .pets_child  .pets_grand_child  , limit: null
3000;1;users  .children  .grand_children  .grand2_children  .grand3_children '_id' = 183f2ed3-6fd6-48bd-8fb6-a61055a1423c .grand4_children  .grand5_children  .grand5_children_owns_pets pets  '_id' = ce12d4a0-0ff6-45e6-a6f7-9796dc8b2335  , limit: null
3000;1;users  .children '_id' = c3d2f1a5-a684-4464-808a-8c59f0d1a26a .grand_children  .grand2_children  .grand3_children  .grand4_children  .grand5_children  .grand5_children_owns_pets pets  '_id' = 887314e5-c60f-4688-a33d-5f84eaf59e1b  .pets_child  , limit: null
3000;1;users  .children  .grand_children  .grand2_children  .grand3_children  .grand4_children '_id' = 5c4d7a55-e652-49d9-ac1b-73e0a8379079 .grand5_children  .grand5_children_owns_pets pets    .pets_child  .pets_grand_child  , limit: null
3000;1;pets '_id' = ccfa1c97-52f2-4e1b-87d7-67910164d86a .users_owns_pets users    , limit: null
3000;1;pets '_id' = d4f75b09-c1ad-4ca1-ace0-f92b93ea4f5d .pets_child '_id' = 0a5dae4e-3056-4b8b-8c34-4c66b0e50946 .users_owns_pets_child users  '_id' = bb08e454-df67-4ac2-bbc1-310bfff25fd9  , limit: null
3000;1;pets '_id' = fb8b80c7-d2e3-4ca0-9271-da2129d72950 .pets_child  .pets_grand_child '_id' = d5c7a3df-bb5f-4e80-8859-099c53022a9a .users_owns_pets_grand_child users  '_id' = fc044303-8eb3-4f6f-bc2c-6402a05d54be  , limit: null
3000;1;pets '_id' = d5db2390-a197-4356-a345-a0626a3e2346 .users_owns_pets users  '_id' = a56daf84-ec19-4fdd-8d24-37d0972fdff7  .children '_id' = 6e7cffcc-ef51-4476-859d-91b395629be5 , limit: null
3000;1;pets '_id' = d38e58a8-1d84-4f2c-8f48-e776c3110557 .pets_child '_id' = 99c4b67c-2791-49c0-b371-9633b34a9731 .users_owns_pets_child users    .children  , limit: null
3000;1;pets  .pets_child '_id' = c48a4015-048d-47b0-ad8a-55d369442779 .pets_grand_child '_id' = 372a204f-bf14-4ce6-89a0-f527d0356dba .users_owns_pets_grand_child users    .children  , limit: null
3000;1;pets  .users_owns_pets users  '_id' = 6a96567d-5704-4eb7-abd9-45517a797f46  .children '_id' = 1a6b0ef0-f6c9-4b4e-b3fa-ce58fb013adf .grand_children '_id' = b1b9535a-c3a1-4769-a579-2ec2771c3d3c , limit: null
3000;1;pets '_id' = cb6a429d-d8f9-4ecc-b9ca-04e2410acac3 .pets_child '_id' = 8adcb9fa-3164-4547-947c-0e49fd524a68 .users_owns_pets_child users    .children  .grand_children  , limit: null
3000;1;pets  .pets_child  .pets_grand_child  .users_owns_pets_grand_child users  '_id' = a26e9410-d022-41d4-9af5-93abcadfc34d  .children '_id' = 6c9ebb7c-5a9d-463f-8514-913c5beae4e9 .grand_children  , limit: null
3000;1;pets  .users_owns_pets users  '_id' = ffedb41c-eb93-40cb-9b44-46315bf7687b  .children '_id' = 99ef6976-052c-46c5-8741-390d05de63c4 .grand_children '_id' = e9f9f418-f5c3-4fc8-a08d-40721a31e22a .grand2_children  , limit: null
3000;1;pets '_id' = cf92f245-ffd9-47fb-8c04-a901b24bc044 .pets_child  .users_owns_pets_child users  '_id' = d5790125-9052-46c2-87d1-c1c2e3a5a8e8  .children  .grand_children  .grand2_children  , limit: null
3000;1;pets  .pets_child '_id' = 8129381f-3220-42a1-8a41-8e8b0447238c .pets_grand_child  .users_owns_pets_grand_child users  '_id' = e94732ea-2631-4a80-aaa5-92aa6328d21d  .children  .grand_children  .grand2_children  , limit: null
3000;1;pets '_id' = ce9273e2-2169-48d2-aa60-141f4ccc97a6 .users_owns_pets users    .children  .grand_children  .grand2_children  .grand3_children  , limit: null
3000;1;pets  .pets_child  .users_owns_pets_child users  '_id' = 7de61305-544e-461d-9b4f-09d8a3e54dd5  .children '_id' = 78e265ee-731e-4455-b3b0-d441b9d604c7 .grand_children  .grand2_children  .grand3_children  , limit: null
3000;1;pets  .pets_child  .pets_grand_child  .users_owns_pets_grand_child users  '_id' = f24f0c9a-8a17-47a0-a780-d5d564cfd1d9  .children  .grand_children  .grand2_children '_id' = bca0510d-3522-449e-9e14-0baa7bffa695 .grand3_children  , limit: null
3000;1;pets  .users_owns_pets users    .children  .grand_children  .grand2_children  .grand3_children '_id' = 33f9c2ca-d053-4272-9ac5-241f95b3e7fd .grand4_children  , limit: null
3000;1;pets  .pets_child '_id' = 99a1cedb-7aba-4357-b7f6-72e35cead8e8 .users_owns_pets_child users  '_id' = 70fc5dfa-32d8-4e72-a132-0cb76464abb9  .children  .grand_children  .grand2_children  .grand3_children  .grand4_children  , limit: null
3000;1;pets '_id' = 21320f08-903c-4ffe-80c1-2b1d82240b36 .pets_child  .pets_grand_child  .users_owns_pets_grand_child users    .children  .grand_children  .grand2_children  .grand3_children  .grand4_children  , limit: null
3000;1;pets  .users_owns_pets users  '_id' = aad72858-1595-4f92-90d4-708ca0289a45  .children  .grand_children  .grand2_children  .grand3_children  .grand4_children '_id' = d229caf4-ba40-42ae-a0d6-4243eefd22a3 .grand5_children  , limit: null
3000;1;pets  .pets_child  .users_owns_pets_child users    .children  .grand_children  .grand2_children '_id' = 7e071359-affc-4867-ab28-0f09a2e3acc8 .grand3_children  .grand4_children  .grand5_children  , limit: null
3000;1;pets '_id' = 6da92865-7bbf-4e4b-8bdd-bd8362235b72 .pets_child  .pets_grand_child  .users_owns_pets_grand_child users  '_id' = 613ada9b-08c1-459c-a457-9ae3072f4f32  .children  .grand_children  .grand2_children  .grand3_children  .grand4_children  .grand5_children  , limit: null
3000;1;users '_id' = f2939998-c663-4476-acd0-53030891b5ac .users_owns_pets pets  '_id' = d8d50ba8-3e45-4b26-9162-8f55ee8173e3  .children_owns_pets children  '_id' = bf2a1fd1-db2d-4e97-9d49-7bd6cec6a3ad  , limit: null
3000;1;users '_id' = 78ccc07b-deef-40e1-91ac-670405436244 .users_owns_pets pets  '_id' = 4b2968cc-3e6d-4721-a6eb-9e559a43748f  .children_owns_pets children  '_id' = 93874884-0720-47b5-aae1-3f36e26ac522  , limit: null
3000;1;users '_id' = 73c928b8-95bf-47b8-8140-544273810c2e .users_owns_pets pets  '_id' = 85772d29-1c95-4855-9b5d-4292b44626aa  .children_owns_pets children  '_id' = 80fb34d2-00a1-4ee2-b76c-5030431c9fe5  .grand_children '_id' = a765bb96-9ea9-4566-ba55-5eac773038f2 , limit: null
3000;1;users '_id' = 945f0f94-2fc7-4c14-ab0d-139468eb5b20 .users_owns_pets pets  '_id' = b8109fa4-745c-4590-8c98-4430e60dd761  .children_owns_pets children  '_id' = c1240fb0-e855-4b06-990f-cfe1cfb1bb11  .grand_children  .grand2_children '_id' = bc876795-8a01-4b02-855b-bfddee303625 , limit: null
3000;1;users '_id' = 21bc054a-250c-49e6-a2a2-b8218b7f04f8 .users_owns_pets pets  '_id' = 5e3a5484-d705-43a2-82f8-27c19fa94e42  .children_owns_pets children  '_id' = 02f29ab6-5893-467c-8342-52fc540ffeca  .grand_children  .grand2_children  .grand3_children '_id' = 99a1b3c8-734e-4903-946e-267df8a97717 , limit: null
3000;1;users  .users_owns_pets pets  '_id' = eb47be7f-6f2f-4aa1-b3b4-6c4f0828bbc5  .children_owns_pets children  '_id' = caf3c6d4-27ae-4459-b280-1104d09e7165  .grand_children  .grand2_children '_id' = e49bab6a-4ae2-4815-9877-84baadbdf80a .grand3_children  .grand4_children  , limit: null
3000;1;users  .users_owns_pets pets  '_id' = a822b177-7ac4-4806-a7a4-b70680927e8e  .children_owns_pets children  '_id' = 96dcedb1-9ae1-4e35-81b8-9892372f161b  .grand_children  .grand2_children  .grand3_children '_id' = d2d7fa7e-8de7-4ace-b567-671813d9e0fd .grand4_children  .grand5_children  , limit: null
3000;1;users '_id' = e0c97c4a-f43b-4bad-887a-37b78f9b115d .users_owns_pets pets  '_id' = 68188f1f-505f-4b96-815d-6fb545908cf3  .pets_child '_id' = b06a8580-5bb5-4602-877f-9c73f11031b9 .children_owns_pets_child children  '_id' = f020f7b0-37a8-47e4-818c-7d6d00822692  , limit: null
3000;1;users '_id' = 6cd3e43f-32cf-4194-a42e-57d5b5b73dd1 .users_owns_pets pets  '_id' = 4e4bfb8c-49c9-4bd4-9540-1becde8b1e20  .pets_child '_id' = d8bb924d-a467-467c-932b-3e3c31404bcc .children_owns_pets_child children  '_id' = d025d6b6-52c8-4495-9071-acbaa9c22649  , limit: null
3000;1;users '_id' = 2134b1ad-5916-4642-bb71-e642e8ceb7aa .users_owns_pets pets  '_id' = d9ccc618-0780-4249-8620-04ca6c667b12  .pets_child  .children_owns_pets_child children  '_id' = 3abc4ba9-03f8-4b57-b75a-9df28abea3d2  .grand_children '_id' = 04c2050e-6b01-44de-ae92-550b4764f1cf , limit: null
3000;1;users  .users_owns_pets pets  '_id' = 2ba16245-271a-4728-8eb1-ab93a2f65d72  .pets_child '_id' = 13d9b55b-1491-4c33-9113-6d68e418cf7d .children_owns_pets_child children  '_id' = a2777b59-f32d-4679-8e6c-df5cb85d6168  .grand_children '_id' = 48d103e7-2e25-4424-95ea-6e884f216c97 .grand2_children  , limit: null
3000;1;users '_id' = c9abe994-8d5c-4496-b5af-5ab06e901e72 .users_owns_pets pets  '_id' = 7a405772-ff2b-4a7a-862f-3c7180f08550  .pets_child  .children_owns_pets_child children  '_id' = 790c94a2-3de2-4a6a-a7e6-456de84183fc  .grand_children  .grand2_children  .grand3_children  , limit: null
3000;1;users  .users_owns_pets pets  '_id' = cfee0edf-a15f-4c16-85d1-2a200eecf13e  .pets_child  .children_owns_pets_child children  '_id' = 43aa9f8f-8610-4dfb-a9b6-195947364ff9  .grand_children  .grand2_children '_id' = ea7f2927-8f5e-45bd-a043-9cc04ba58d3a .grand3_children  .grand4_children  , limit: null
3000;1;users  .users_owns_pets pets  '_id' = 80463114-c94d-437a-9ca6-5145db280def  .pets_child  .children_owns_pets_child children  '_id' = 638e72d4-7b4b-418f-ba3a-76c5e989817e  .grand_children '_id' = 83821895-f10a-4eaa-b0bb-e64a9c99ad5d .grand2_children  .grand3_children  .grand4_children  .grand5_children  , limit: null
3000;1;users '_id' = f1ad5d1a-8dab-4fc0-af2f-5380ee0d70e3 .users_owns_pets pets  '_id' = e3ddeaf5-f4cb-43fd-93d1-c2f933bb9cd1  .pets_child '_id' = 1b3f81d5-108d-40df-8942-c7dc7ab5fdca .pets_grand_child  .children_owns_pets_grand_child children  '_id' = 02c4e11a-f4f3-47b8-972b-fcc4419ad88e  , limit: null
3000;1;users '_id' = 2d469459-e0ac-472a-825b-1f078c9abf34 .users_owns_pets pets  '_id' = 06efbef5-52cb-43a8-b27f-3f6a464dcd1d  .pets_child  .pets_grand_child '_id' = beb49a23-1c53-4632-8596-d249db25832b .children_owns_pets_grand_child children  '_id' = 88b4e327-02f0-43d0-8b61-256946ee481f  , limit: null
3000;1;users '_id' = 2b966b06-7adf-488b-9909-034e83b04da0 .users_owns_pets pets  '_id' = ff96e8fc-ede1-4c4a-b8b3-83b54ac61c6f  .pets_child  .pets_grand_child '_id' = ffa562a5-387c-4aab-8afa-eab7589105f6 .children_owns_pets_grand_child children  '_id' = a0cf3580-6da1-4573-bd48-68ec0bbe6e29  .grand_children  , limit: null
3000;1;users  .users_owns_pets pets  '_id' = ce21a993-b568-4eed-b003-630e78239e4a  .pets_child  .pets_grand_child  .children_owns_pets_grand_child children  '_id' = cb013528-d28a-4c06-8440-baa6e5f8e86c  .grand_children  .grand2_children '_id' = aa5c3d8a-9d83-4c0f-8ba4-ea8b1621bbfa , limit: null
3000;1;users '_id' = a7a603aa-8511-4cdd-9614-4d205dc89a3d .users_owns_pets pets  '_id' = 920e9b95-2432-4562-aea6-9c5502199ec4  .pets_child  .pets_grand_child  .children_owns_pets_grand_child children  '_id' = 85e03294-636b-4aff-95b6-c813cbae1538  .grand_children  .grand2_children  .grand3_children  , limit: null
3000;1;users  .users_owns_pets pets  '_id' = 70d446fd-5fea-4f0c-80cb-3b0b37039ba5  .pets_child  .pets_grand_child  .children_owns_pets_grand_child children  '_id' = 71b384a5-4267-4ee2-af6e-fedddbe6559e  .grand_children '_id' = 6d4cc034-5fbe-4a25-9c50-b96e84d268e7 .grand2_children  .grand3_children  .grand4_children  , limit: null
3000;1;users  .users_owns_pets pets  '_id' = 7243a266-b903-4e2f-9b19-9d0ae190a365  .pets_child  .pets_grand_child  .children_owns_pets_grand_child children  '_id' = f2429b3d-69a0-4e77-ae75-589e5c7cae10  .grand_children  .grand2_children '_id' = 7ba590e5-220d-4b53-bd57-e0dadd52f53b .grand3_children  .grand4_children  .grand5_children  , limit: null
3000;1;users '_id' = 5bb9b1bd-5a45-4ef0-92b4-109ad886fc1c .children '_id' = d2c38df6-e2a0-4594-a612-3e7989669e27 .children_owns_pets pets  '_id' = 16544ec6-9506-4a36-96d5-c632c75548c0  .grand_children_owns_pets grand_children  '_id' = 313412f7-9b0d-4a07-9dc2-ce3dc2096905  , limit: null
3000;1;users '_id' = 1f5cbbcb-653e-46c7-8612-9bed38deba42 .children '_id' = f48277be-feb5-44d8-9257-d5daa1f980ce .children_owns_pets pets  '_id' = e3c0d6e2-4246-4f4c-9174-bf78d9a3e470  .grand_children_owns_pets grand_children  '_id' = 80ccf874-5e83-46e1-970d-2402e492dbec  , limit: null
3000;1;users '_id' = 979cf205-3a86-47ac-98c8-7368bf036e24 .children '_id' = 2da336d2-5f51-4bcf-a5da-4dd0d27afcf4 .children_owns_pets pets  '_id' = 1e6abf1f-346f-4191-96fb-22005150f2d8  .grand_children_owns_pets grand_children  '_id' = 081969fc-77cf-46c9-b727-878ea1380f8a  , limit: null
3000;1;users '_id' = 3b6e8960-25b3-495d-946e-ccf96f877875 .children '_id' = 2e67c4cb-9cc0-4c1d-9916-a14d9fa0557d .children_owns_pets pets  '_id' = 52f8ebd3-f11b-45db-9f60-ddbdc4bc9342  .grand_children_owns_pets grand_children  '_id' = a86b56d7-0c0d-4d7a-bd98-196bb1a938c7  .grand2_children  , limit: null
3000;1;users  .children '_id' = 83da2906-cce6-4424-88d3-8010c6abdb65 .children_owns_pets pets  '_id' = a2537c94-7c19-4076-905d-e40fad23bd38  .grand_children_owns_pets grand_children  '_id' = c1610341-da8f-46e1-874b-c4ac02b2d697  .grand2_children  .grand3_children '_id' = a06d5751-8bc7-4efd-bc8f-3b836b8661c3 , limit: null
3000;1;users  .children  .children_owns_pets pets  '_id' = c0d17e02-2a05-41e8-8abd-95935f29be37  .grand_children_owns_pets grand_children  '_id' = 967036c2-9138-4a1a-ba19-b3920f7d35da  .grand2_children  .grand3_children  .grand4_children '_id' = f595faba-cd10-41b1-b8db-72c711464267 , limit: null
3000;1;users  .children '_id' = 888c66f8-4bdd-42b8-bded-9076759df988 .children_owns_pets pets  '_id' = 0e6977bc-36d9-41ee-9f52-09bbb26a4fce  .pets_child '_id' = 7fdcbaf2-3abf-4967-b657-e5b12d1a80ed .grand_children_owns_pets_child grand_children  '_id' = aebaeaef-a6b3-4553-b25d-0249d4402fe3  , limit: null
3000;1;users '_id' = 2726406c-6301-4cae-8542-7a214af54aa3 .children  .children_owns_pets pets  '_id' = acc3b1b7-b9c2-4164-9784-d38aefba26fe  .pets_child '_id' = 5f7c5f86-cda2-492b-bbe9-34a4230cc64e .grand_children_owns_pets_child grand_children  '_id' = e0666e3b-d65a-4899-8623-8bef240ad3a8  , limit: null
3000;1;users '_id' = 3684009f-9136-40bb-810c-f19ec2e7515c .children '_id' = 5b43af48-e01d-4455-ba50-8e351d946bee .children_owns_pets pets  '_id' = c96fd3b0-13ad-4f82-8de3-0adc3ab5730a  .pets_child  .grand_children_owns_pets_child grand_children  '_id' = f0ea4dd3-a8a9-4343-bc60-353ea69b64b4  , limit: null
3000;1;users '_id' = 39e9be01-b504-4dc7-a348-ae793eef4d08 .children  .children_owns_pets pets  '_id' = b06ac2e8-cf6e-40f3-ad15-044250592f91  .pets_child '_id' = 391f368f-3c1e-4487-b318-d7c504eb090b .grand_children_owns_pets_child grand_children  '_id' = 6c53c58c-1533-425c-b6e2-7fa2d7a0eef6  .grand2_children  , limit: null
3000;1;users  .children  .children_owns_pets pets  '_id' = 2b8533b6-a8cf-47a5-979e-a9353d60165d  .pets_child  .grand_children_owns_pets_child grand_children  '_id' = 765e2d6c-435b-4c50-a11d-371efed35abc  .grand2_children  .grand3_children '_id' = 50b61b45-9b51-46b6-8fd9-7dd29220ac15 , limit: null
3000;1;users  .children  .children_owns_pets pets  '_id' = b56113da-9b93-4458-9e5e-c7e78f5044e8  .pets_child  .grand_children_owns_pets_child grand_children  '_id' = 915c8dd6-d738-40e7-98c8-c7e13d6444eb  .grand2_children  .grand3_children '_id' = 980447be-ff92-43c5-b2f8-f98be9c0d895 .grand4_children  , limit: null
3000;1;users '_id' = 2efb1cf5-fc94-4df6-be33-b515e8e0ab4a .children  .children_owns_pets pets  '_id' = 332dbe5d-14d7-4fc2-b340-5df1869151ea  .pets_child '_id' = d1198217-68b5-430a-bdd4-8c2ffe27b00b .pets_grand_child  .grand_children_owns_pets_grand_child grand_children  '_id' = 848e8929-0bb7-4445-8437-83f30e8ec6be  , limit: null
3000;1;users '_id' = 4000ecdc-29de-4055-9070-3e94b8fd461a .children '_id' = 8e42a6c2-076d-4a69-8a36-483faabfcdd8 .children_owns_pets pets  '_id' = 46ee0d59-f47c-40f3-ba46-a5ed39abb6a5  .pets_child  .pets_grand_child  .grand_children_owns_pets_grand_child grand_children  '_id' = 6fe34c91-3ba6-4418-b859-7208c36b0a90  , limit: null
3000;1;users '_id' = 7e3c2a2c-cefe-4c1a-91e8-d83ee7bed060 .children  .children_owns_pets pets  '_id' = 8e23541e-88ff-4318-8741-acf36a46bb67  .pets_child  .pets_grand_child '_id' = b88f7ec6-3ca6-4d6c-83d4-01f2f0b97e73 .grand_children_owns_pets_grand_child grand_children  '_id' = 169b3a67-5b5e-4c99-ba0e-c018f7ba7302  , limit: null
3000;1;users  .children  .children_owns_pets pets  '_id' = f0740737-07a1-4d58-bdec-53a52e40126c  .pets_child  .pets_grand_child '_id' = 3e9838f3-5b72-4d25-bfc0-d085feddf386 .grand_children_owns_pets_grand_child grand_children  '_id' = 8588eb84-e33f-4369-a2a4-841c9bc711c4  .grand2_children  , limit: null
3000;1;users  .children  .children_owns_pets pets  '_id' = f0740737-07a1-4d58-bdec-53a52e40126c  .pets_child  .pets_grand_child '_id' = 3e9838f3-5b72-4d25-bfc0-d085feddf386 .grand_children_owns_pets_grand_child grand_children  '_id' = 8588eb84-e33f-4369-a2a4-841c9bc711c4  .grand2_children  .grand3_children  , limit: null
3000;1;users  .children  .children_owns_pets pets  '_id' = cbdfea48-0da7-4e7b-a63f-9ce969d2b87e  .pets_child  .pets_grand_child '_id' = 0238118f-6329-4de7-b49f-5b7b92f5d2d4 .grand_children_owns_pets_grand_child grand_children  '_id' = 998cd366-a5ee-42fa-8725-97f86a2178a5  .grand2_children  .grand3_children  .grand4_children  , limit: null
3000;1;users '_id' = 54eea5ab-1699-4810-95a7-e31d22e3b164 .children '_id' = a6c0b46a-f520-44c8-88de-e1c60a3cd790 .grand_children  .grand_children_owns_pets pets  '_id' = 05ff0f56-e85e-489e-a170-4c398eb2be9b  .grand2_children_owns_pets grand2_children  '_id' = a6519a68-6164-4d28-b17b-40513758b197  , limit: null
3000;1;users '_id' = e9b8edc8-6281-454b-afcf-fd879f5a8e75 .children '_id' = f14c6a7b-bfd9-444f-9b59-5d42a6f42dc5 .grand_children  .grand_children_owns_pets pets  '_id' = d8d50ba8-3e45-4b26-9162-8f55ee8173e3  .grand2_children_owns_pets grand2_children  '_id' = c161663e-a534-48be-9e8e-05066388e8ab  , limit: null
3000;1;users  .children '_id' = bc9f5ba6-7bcb-4126-ade0-9ebb1550e6b3 .grand_children '_id' = 8de6cef3-d574-4c5f-b2d7-36ed3d02e39e .grand_children_owns_pets pets  '_id' = 295d8e7f-2261-41ad-940b-d8f0f8579bd3  .grand2_children_owns_pets grand2_children  '_id' = 87df4528-2f22-40bf-ba2e-8fde906c21f8  , limit: null
3000;1;users '_id' = 50f7e819-7575-437f-8bb8-7f8a906d0860 .children '_id' = 0eb07a85-b2bb-4bab-8587-f2b106c08ded .grand_children  .grand_children_owns_pets pets  '_id' = 099e6cce-cfbd-4cdb-a1c8-614e3e5aa271  .grand2_children_owns_pets grand2_children  '_id' = dd59c554-34b0-4907-a99a-cca86bbe2dc8  , limit: null
3000;1;users  .children '_id' = 62a7dd71-3c4b-4ad4-9045-7eede848a35b .grand_children  .grand_children_owns_pets pets  '_id' = 63f8f486-ce5e-4cfc-8138-0a563135c7d1  .grand2_children_owns_pets grand2_children  '_id' = 4c64c669-61d9-4d46-99b0-0b40c8a62e23  .grand3_children '_id' = d070d466-ce7d-4984-a285-d4aef7a1accf , limit: null
3000;1;users '_id' = 393731be-f74a-4151-b36f-b5346a977a24 .children  .grand_children '_id' = 2330c481-0286-49e9-b180-c3548dc0cba1 .grand_children_owns_pets pets  '_id' = 3b24f7c5-14cf-42f2-b856-67d7d3799ed5  .pets_child  .grand2_children_owns_pets_child grand2_children  '_id' = ff6af38d-dfcb-4a6f-b9e4-a9e488b40ac7  , limit: null
3000;1;users  .children '_id' = 1b071112-48e0-4094-ae8d-1c93e4b5ea13 .grand_children '_id' = 28f25b28-1d2c-4220-9d1b-f0c11809892b .grand_children_owns_pets pets  '_id' = ad4b3ce9-330a-482b-a86d-7bdf18d9ccb5  .pets_child  .grand2_children_owns_pets_child grand2_children  '_id' = dbb61052-513b-4534-acc3-cff3fd75e1a3  , limit: null
3000;1;users  .children '_id' = 0bf8b9cb-8b90-4b26-8f87-e012b94ed4cb .grand_children  .grand_children_owns_pets pets  '_id' = f4a69cb4-a4e5-47bb-9f7a-79ff46e35698  .pets_child '_id' = 35a956d9-2b9b-41bc-9292-cbb6dd1ccde9 .grand2_children_owns_pets_child grand2_children  '_id' = 5bdb5e18-4a20-4a82-b451-16681a4b48eb  , limit: null
3000;1;users  .children '_id' = ef334bfc-42d6-480b-b2b5-d45c54fb1d01 .grand_children  .grand_children_owns_pets pets  '_id' = d8aab56b-9f90-496b-9da6-42ef13ce369f  .pets_child '_id' = c92f4b6b-0327-421d-a8e7-a8b7774cd47f .grand2_children_owns_pets_child grand2_children  '_id' = 23dda850-2a74-4df9-94ea-7f93408a9359  , limit: null
3000;1;users  .children  .grand_children  .grand_children_owns_pets pets  '_id' = 81c74e7e-37ba-46b3-85f2-10cd66730016  .pets_child '_id' = 5ae062ae-f4bb-4eba-aa29-da68b2997579 .grand2_children_owns_pets_child grand2_children  '_id' = f7bffe9d-2b7e-430b-b7ba-90f7116b9c73  .grand3_children  , limit: null
3000;1;users  .children  .grand_children  .grand_children_owns_pets pets  '_id' = c64847a2-9e6f-4ae5-bcbe-b737a27b8570  .pets_child '_id' = bc420f8f-eac3-401e-b384-446499b7f5bc .pets_grand_child  .grand2_children_owns_pets_grand_child grand2_children  '_id' = 96cca8c2-47fe-451d-aa7a-b37d6f6ebe36  , limit: null
3000;1;users '_id' = 522572dd-1ec5-414f-b481-2eb43231d663 .children  .grand_children  .grand_children_owns_pets pets  '_id' = e7258419-d8e8-4d5a-b2cb-17020334d5af  .pets_child  .pets_grand_child  .grand2_children_owns_pets_grand_child grand2_children  '_id' = 09c58339-bdff-4e3a-a7a0-f3055da8c613  , limit: null
3000;1;users  .children '_id' = bb6bc33d-9a14-4008-a9c9-f381f14d7efc .grand_children  .grand_children_owns_pets pets  '_id' = 6a14a0e2-ec95-48dc-992b-b88754762d7f  .pets_child  .pets_grand_child  .grand2_children_owns_pets_grand_child grand2_children  '_id' = 3525c0ea-aff6-47e4-9843-801e49eb711b  , limit: null
3000;1;users '_id' = ed07dffe-9c13-4612-a9a4-ca641282b732 .children  .grand_children  .grand_children_owns_pets pets  '_id' = 2ba75622-81a6-45c1-b6e9-97bde337031c  .pets_child  .pets_grand_child  .grand2_children_owns_pets_grand_child grand2_children  '_id' = 67a5b579-6eef-47e6-a0fd-d373478379e7  , limit: null
3000;1;users  .children  .grand_children  .grand_children_owns_pets pets  '_id' = ff16120c-1379-439b-ac7b-bcd2bec77a76  .pets_child '_id' = 1427181e-d8e5-4121-9f77-cf61e9308b6d .pets_grand_child  .grand2_children_owns_pets_grand_child grand2_children  '_id' = ae41b120-08df-4cae-9ea1-2c00b0b1c824  .grand3_children  , limit: null
3000;1;users '_id' = f4643d8f-f3e4-407e-95ca-ddcd61ec0cad .children  .grand_children '_id' = da665809-78a7-4a22-a36d-1b73049e4aee .grand2_children  .grand2_children_owns_pets pets  '_id' = a6e398a3-108d-4d7c-a100-00e4cb9137d0  .grand3_children_owns_pets grand3_children  '_id' = d7627ddb-7fb7-474d-8683-dee52c49bf57  , limit: null
3000;1;users  .children '_id' = 9840fc6a-cc94-4110-a9c1-710488d56712 .grand_children '_id' = 7663fdc0-eae4-4fd3-bd51-94f2320b532a .grand2_children  .grand2_children_owns_pets pets  '_id' = e13770f7-7ffe-42ad-85ad-e2e270f9bee5  .grand3_children_owns_pets grand3_children  '_id' = ec170565-3747-4146-aac8-d7864369f54a  , limit: null
3000;1;users  .children '_id' = f7270665-a4d3-436c-adc4-1c640cbe33ae .grand_children '_id' = a30ebe44-782c-4d03-b0a0-b9928e81e5c8 .grand2_children  .grand2_children_owns_pets pets  '_id' = 8e23541e-88ff-4318-8741-acf36a46bb67  .grand3_children_owns_pets grand3_children  '_id' = 0fc476d8-0315-4ef1-8b7f-5c2cbf4d4d1e  , limit: null
3000;1;users  .children '_id' = ca03947f-5083-40e9-b588-6df8a39e62ed .grand_children  .grand2_children '_id' = eefa502a-0280-4811-8f0a-283d0707e34e .grand2_children_owns_pets pets  '_id' = 02ad750d-4b24-49a3-9d6f-1ec4e0e128e6  .grand3_children_owns_pets grand3_children  '_id' = 96c84a60-f88d-48d9-948e-d520eb397f42  , limit: null
3000;1;users '_id' = 6996d0f1-790f-4cae-a82e-60a48dd7f36b .children  .grand_children  .grand2_children  .grand2_children_owns_pets pets  '_id' = a5d37057-5bd1-4246-b9fd-ff01d80cb037  .pets_child  .grand3_children_owns_pets_child grand3_children  '_id' = 226d8ef7-b220-4f73-9476-58c642c1598d  , limit: null
3000;1;users '_id' = a632e958-106b-4b34-b304-1df998f6c7c4 .children  .grand_children  .grand2_children  .grand2_children_owns_pets pets  '_id' = eedd49eb-1840-4862-b408-6e535d00145b  .pets_child  .grand3_children_owns_pets_child grand3_children  '_id' = a27477f8-6be9-40ae-b3d7-4815e8731fa1  , limit: null
3000;1;users  .children '_id' = b08faa0c-03ff-402a-b581-d289f2398728 .grand_children  .grand2_children  .grand2_children_owns_pets pets  '_id' = b7e69aa2-5a92-450b-9357-dc557f3642ef  .pets_child  .grand3_children_owns_pets_child grand3_children  '_id' = 732fc849-5c65-48b0-a68a-6669cff38ede  , limit: null
3000;1;users  .children  .grand_children  .grand2_children '_id' = a25ad189-6a27-4b89-8981-82d95d413c68 .grand2_children_owns_pets pets  '_id' = ed3c9edb-3a9e-4af1-aadd-7edacd090350  .pets_child  .grand3_children_owns_pets_child grand3_children  '_id' = d29fe054-e7c2-4130-9d96-cdf8f5ed3a8a  , limit: null
3000;1;users  .children  .grand_children '_id' = afd11fe3-60e9-4ec5-9e11-137542b7f238 .grand2_children  .grand2_children_owns_pets pets  '_id' = 4b2b2db1-d89c-43b5-bcf1-bc50a0ec5847  .pets_child  .pets_grand_child  .grand3_children_owns_pets_grand_child grand3_children  '_id' = 215c51f6-9986-4a3f-96a0-e625eb5c8dc8  , limit: null
3000;1;users  .children  .grand_children  .grand2_children  .grand2_children_owns_pets pets  '_id' = bb6207c6-971b-48f2-91f6-8369893dfafe  .pets_child '_id' = 98ce86dd-7074-460b-b2e4-a2cb3cacfb4d .pets_grand_child  .grand3_children_owns_pets_grand_child grand3_children  '_id' = bdbe7755-aa22-442a-90de-d82392d83d10  , limit: null
3000;1;users  .children  .grand_children  .grand2_children  .grand2_children_owns_pets pets  '_id' = 65beb41d-77a3-4ffc-ae18-aa672b14add6  .pets_child '_id' = 503022cd-6004-4ef3-8850-d4431f661696 .pets_grand_child  .grand3_children_owns_pets_grand_child grand3_children  '_id' = 824f9204-f334-4e58-9ff9-97fe31407721  , limit: null
3000;1;users '_id' = 316c214a-c9e1-42bf-829f-9715aa908ce7 .children  .grand_children  .grand2_children  .grand2_children_owns_pets pets  '_id' = ec0ff71e-abfe-4a6c-b17b-0f667c4aacfa  .pets_child  .pets_grand_child  .grand3_children_owns_pets_grand_child grand3_children  '_id' = 5df84d96-4272-4942-899a-dc926354a181  , limit: null
3000;1;users '_id' = 4252744c-61f5-41bf-8ee5-d3ee452f30bb .children  .grand_children  .grand2_children  .grand3_children  .grand3_children_owns_pets pets  '_id' = 70d92ec7-5247-40be-87d2-c1600317ab5e  .grand4_children_owns_pets grand4_children  '_id' = 56f90871-6635-4da4-94b4-e64931807f6a  , limit: null
3000;1;users  .children  .grand_children '_id' = 8820a66b-5b07-4452-af42-f5a855bff5e2 .grand2_children  .grand3_children  .grand3_children_owns_pets pets  '_id' = 2e114dc6-ff3e-48b1-83e7-46d599785b77  .grand4_children_owns_pets grand4_children  '_id' = ee374511-ed3a-429e-8256-be19b187c7a8  , limit: null
3000;1;users  .children '_id' = d8d01092-6903-4bcd-a44b-813b91c54d78 .grand_children  .grand2_children  .grand3_children  .grand3_children_owns_pets pets  '_id' = a8824ade-0ed9-452b-b7ec-242675286f86  .grand4_children_owns_pets grand4_children  '_id' = 3dfee8c0-23fc-46c6-a7e6-59254fa201cd  , limit: null
3000;1;users  .children  .grand_children  .grand2_children '_id' = 9dd2410e-7d9f-4987-8478-d5ec89e32c76 .grand3_children  .grand3_children_owns_pets pets  '_id' = c62e6a4f-d1fe-4123-8beb-9ef71b19dbef  .pets_child  .grand4_children_owns_pets_child grand4_children  '_id' = 017f334f-ca64-4784-ab4d-6e5c01efb485  , limit: null
3000;1;users  .children  .grand_children  .grand2_children  .grand3_children '_id' = 7bad1f4c-aea5-49e1-a6f2-4a7c8efbe3c3 .grand3_children_owns_pets pets  '_id' = 6fc16300-9c11-4def-8521-4e9f609f29a5  .pets_child  .grand4_children_owns_pets_child grand4_children  '_id' = 18a13fce-e8fc-4445-bc5b-798cedd7655a  , limit: null
3000;1;users '_id' = a2a73986-b4f5-4f26-b58a-4246ada12f8c .children  .grand_children  .grand2_children  .grand3_children  .grand3_children_owns_pets pets  '_id' = 7f9b7fa0-fb83-4093-b770-7393416c0258  .pets_child  .grand4_children_owns_pets_child grand4_children  '_id' = 0cdd261f-6955-46bf-86ff-6331488ee8e0  , limit: null
3000;1;users  .children '_id' = dbd92e3e-cecc-4bcc-ab85-b9dc987089b4 .grand_children  .grand2_children  .grand3_children  .grand3_children_owns_pets pets  '_id' = a9ea10ee-9959-49ea-92ac-dbed5efc5245  .pets_child  .pets_grand_child  .grand4_children_owns_pets_grand_child grand4_children  '_id' = 536831eb-c16f-476a-a335-8401bb66ae5f  , limit: null
3000;1;users  .children  .grand_children  .grand2_children  .grand3_children  .grand3_children_owns_pets pets  '_id' = a544165a-2878-42aa-8f0c-8a57222fbf79  .pets_child '_id' = 9d332339-e6c3-415b-9f7b-3197c34c3704 .pets_grand_child  .grand4_children_owns_pets_grand_child grand4_children  '_id' = cc184e50-3d83-4c88-a7b7-d63e715e5d18  , limit: null
3000;1;users  .children '_id' = 4152ab64-273a-4e89-8cb9-5dd5f51175e5 .grand_children  .grand2_children  .grand3_children  .grand3_children_owns_pets pets  '_id' = f372d372-6c5d-45e8-b707-f12f210f4427  .pets_child  .pets_grand_child  .grand4_children_owns_pets_grand_child grand4_children  '_id' = bc57ba54-152f-4da0-819e-e33deb936069  , limit: null
3000;1;users  .children  .grand_children '_id' = 3851a332-8733-4585-b09e-02797a5efb24 .grand2_children  .grand3_children  .grand4_children  .grand4_children_owns_pets pets  '_id' = 74702ce8-4de2-4136-8790-b0a16fce4c5d  .grand5_children_owns_pets grand5_children  '_id' = 2f98cb1c-eb07-4f58-a2af-0000bd98eb31  , limit: null
3000;1;users '_id' = e08f4490-cd32-4046-b692-50d1865cbd9f .children  .grand_children  .grand2_children  .grand3_children  .grand4_children  .grand4_children_owns_pets pets  '_id' = 89e0ca73-7cfd-49bc-b4b4-2b9b1b71f324  .grand5_children_owns_pets grand5_children  '_id' = a7d6a631-23a8-4845-9ebd-d687d08b6c06  , limit: null
3000;1;users  .children  .grand_children  .grand2_children '_id' = d364600f-873f-41ba-997a-db4207dd468f .grand3_children  .grand4_children  .grand4_children_owns_pets pets  '_id' = d156c7e5-af9d-4f68-a779-b6f3d1c0a5cd  .pets_child  .grand5_children_owns_pets_child grand5_children  '_id' = 9e32cb13-6f58-44c2-8ac4-5350e103169a  , limit: null
3000;1;users  .children  .grand_children  .grand2_children  .grand3_children  .grand4_children  .grand4_children_owns_pets pets  '_id' = 24363fc4-ca72-4e64-b546-98f1d22cfe99  .pets_child '_id' = e6ec44f7-9027-49e8-a434-8310aaef6ee1 .grand5_children_owns_pets_child grand5_children  '_id' = 5a937180-9c83-47c6-af18-ac4a99dd4f81  , limit: null
3000;1;users  .children  .grand_children  .grand2_children  .grand3_children  .grand4_children '_id' = ed70f81c-289b-468c-97bb-f1253481fc31 .grand4_children_owns_pets pets  '_id' = c2ad6475-1724-4192-8a95-d73c4f47d302  .pets_child  .pets_grand_child  .grand5_children_owns_pets_grand_child grand5_children  '_id' = 3377ddcf-347f-4c0f-a637-b2e2d02a5de0  , limit: null
3000;1;users  .children  .grand_children '_id' = 312afd38-03dd-4562-8358-8791b15f2991 .grand2_children  .grand3_children  .grand4_children  .grand4_children_owns_pets pets  '_id' = 47dced54-424a-4fd5-9f48-70f79edbee19  .pets_child  .pets_grand_child  .grand5_children_owns_pets_grand_child grand5_children  '_id' = 31c52583-2629-4f22-bcdc-192c53d790e7  , limit: null
3000;1;users '_id' = af3a103e-6ffa-4b05-89ca-a8efe726bf4e .users_owns_pets pets  '_id' = f8bb17b3-2c07-460f-a7cc-a22d78789c47  .children_owns_pets children  '_id' = 2cdb49ad-6e5e-4292-b66a-93117f41b722  .children_owns_pets_child pets_child  '_id' = 4795e028-a1ca-4ca9-b63e-16ff87757ea8  .pets_grand_child '_id' = 503b59b2-b94c-463b-920b-0d093231ebb5 , limit: null
3000;1;users '_id' = 538d889e-f3c1-4bf0-bb68-9cebf7ea9688 .users_owns_pets pets  '_id' = 54548eec-49d9-4e7a-b4e2-997a25822f08  .children_owns_pets children  '_id' = 579f952f-ca68-4787-927b-4d0957c9ba25  .grand_children '_id' = 7425627b-9e4d-495a-9aa0-f45d31be9083 .grand_children_owns_pets_child pets_child  '_id' = 690f7fb1-976d-4154-a530-0aa8ecd45d4f  .pets_grand_child  , limit: null
3000;1;users  .users_owns_pets pets  '_id' = cd2c052e-a306-425a-b701-0ee18457ce2a  .children_owns_pets children  '_id' = 06344b5f-1e80-4f8b-b30c-7ee2b28bfaff  .grand_children '_id' = 8625aa25-9972-4533-92b3-f46e3bbb2449 .grand2_children  .grand2_children_owns_pets_child pets_child  '_id' = e98812d3-46e3-49a6-90af-164bce6dfcde  .pets_grand_child '_id' = efd6262e-a576-4f3c-b3c4-64989334fea1 , limit: null
3000;1;users  .users_owns_pets pets  '_id' = 3f2f3fa7-d485-432f-b8c0-a2db466daccb  .children_owns_pets children  '_id' = 7fe19293-1f1e-4881-8708-8bfa74da7c36  .grand_children  .grand2_children '_id' = 8f3c03c6-b482-4cfa-876a-581436f438e1 .grand3_children  .grand3_children_owns_pets_child pets_child  '_id' = dbec43be-a0bb-4580-bf63-23666045d02b  .pets_grand_child  , limit: null
3000;1;users  .users_owns_pets pets  '_id' = a01b9da8-41a2-4333-bef2-a77a9563311c  .children_owns_pets children  '_id' = 610aa24a-da0b-4095-895c-bdd8c18a94da  .grand_children  .grand2_children  .grand3_children  .grand4_children '_id' = d194d9d7-647a-460a-9478-5a058470f9b4 .grand4_children_owns_pets_child pets_child  '_id' = 7eb54c08-6aba-48ac-847c-1fea18875f95  .pets_grand_child  , limit: null
3000;1;users  .users_owns_pets pets  '_id' = 1f98db04-8d0a-4bb3-ba02-9f11156408e7  .children_owns_pets children  '_id' = 36392d43-bee8-49df-be14-bf6a57646552  .grand_children '_id' = d4572e7d-f39f-47eb-b3af-3eb14f888603 .grand2_children  .grand3_children  .grand4_children  .grand5_children  .grand5_children_owns_pets_child pets_child  '_id' = fa27952d-4065-4ccc-b5d3-ab6f460f375d  .pets_grand_child  , limit: null
3000;1;users '_id' = b358cfbf-a071-48b2-bcbd-92621ccf89ee .users_owns_pets pets  '_id' = 4ddd8b48-48d0-4cf0-9e63-c999b09f8eb4  .pets_child '_id' = 567622a2-6cc2-4700-b933-0c62248667ab .children_owns_pets_child children  '_id' = 936a3da6-2a13-4379-9ffe-7a92056902d6  .children_owns_pets_grand_child pets_grand_child  '_id' = ba6c86fa-9661-4ff0-ad5e-37435ad2601e  , limit: null
3000;1;users '_id' = 45e24726-519d-4520-baa4-051f89140656 .users_owns_pets pets  '_id' = a583280a-cafe-4ba9-8b2c-aab408ecd06d  .pets_child  .children_owns_pets_child children  '_id' = c91d1fab-fb20-4b23-8c29-eaab15536160  .grand_children '_id' = b7d3e776-3660-4b6b-ba0f-58668c6bef1e .grand_children_owns_pets_grand_child pets_grand_child  '_id' = 9d5e9154-fd5a-41ed-b9c1-153fc272c64f  , limit: null
3000;1;users '_id' = e8771674-3347-4fd3-a967-0d6e43c16648 .users_owns_pets pets  '_id' = 93ba7934-b5d7-4244-b1ec-2fa08c08db44  .pets_child  .children_owns_pets_child children  '_id' = ed002469-28ed-46cf-8048-268a52b8329d  .grand_children  .grand2_children '_id' = 313838d5-82cb-4a32-bbb5-9c8a66a9f2fc .grand2_children_owns_pets_grand_child pets_grand_child  '_id' = 62fbf53d-76ab-45e3-acb1-d6d430e54256  , limit: null
3000;1;users '_id' = 135f2dd2-551f-4aa3-88cb-30b18d728279 .users_owns_pets pets  '_id' = 69af420b-f4c8-4fe5-8af5-abb50d395bff  .pets_child  .children_owns_pets_child children  '_id' = 83da2906-cce6-4424-88d3-8010c6abdb65  .grand_children  .grand2_children  .grand3_children  .grand3_children_owns_pets_grand_child pets_grand_child  '_id' = 3a408f13-46f1-4771-9a23-1b92ef0fee5b  , limit: null
3000;1;users  .users_owns_pets pets  '_id' = e8cdae3c-6e8e-486f-9951-7eafe8bcdca0  .pets_child  .children_owns_pets_child children  '_id' = e2b9ccd5-4baf-4d45-b13c-26dfc25ae42e  .grand_children  .grand2_children '_id' = 2d38417c-3d78-4b68-9c94-a58269b82955 .grand3_children  .grand4_children  .grand4_children_owns_pets_grand_child pets_grand_child  '_id' = 85c7444d-3221-485f-97f2-fae74ced638b  , limit: null
3000;1;users  .users_owns_pets pets  '_id' = 29ccb0dc-eb13-45c7-9d75-c9fda8fcff19  .pets_child  .children_owns_pets_child children  '_id' = 0887b97d-465e-4479-b365-98008017f045  .grand_children '_id' = d1ba7fcb-3931-4eec-8f49-2b79e537200e .grand2_children  .grand3_children  .grand4_children  .grand5_children  .grand5_children_owns_pets_grand_child pets_grand_child  '_id' = 315328d3-281e-4407-894e-da220dcc2d61  , limit: null
3000;1;users '_id' = 281f64cb-4156-4aea-822f-b76d363d9043 .children  .children_owns_pets pets  '_id' = 920e9b95-2432-4562-aea6-9c5502199ec4  .grand_children_owns_pets grand_children  '_id' = c24cc693-4c26-4864-89db-669eabfa4872  .grand_children_owns_pets_child pets_child  '_id' = ebfba8cc-2651-4044-8125-f8a86417d9dc  .pets_grand_child '_id' = 89895815-56ee-4ae1-8aff-a0f98ce13bc2 , limit: null
3000;1;users '_id' = 103df178-da88-47e9-9e10-623eb58d2d37 .children  .children_owns_pets pets  '_id' = 554840a5-c720-4c25-8b57-f1b6fe99948b  .grand_children_owns_pets grand_children  '_id' = 3c8fbe73-53c7-4fef-a65f-54a18ffabb87  .grand2_children  .grand2_children_owns_pets_child pets_child  '_id' = 95be153a-3b02-4a78-a3bf-119fe5a5f65a  .pets_grand_child '_id' = 312bda3c-83ff-4c8f-b21a-de07994da5ec , limit: null
3000;1;users  .children  .children_owns_pets pets  '_id' = 38a26a3a-bcdd-429c-8ed2-b65f3dfeb3b3  .grand_children_owns_pets grand_children  '_id' = 9b2d1c87-e0de-4885-8dbf-54e543518141  .grand2_children  .grand3_children  .grand3_children_owns_pets_child pets_child  '_id' = bb37705a-9bb6-43eb-a07d-1ea4f7ebddab  .pets_grand_child '_id' = 1e760f45-2322-495c-b28f-d35d56abc54d , limit: null
3000;1;users  .children '_id' = eca675dc-2119-465f-a231-9a1966eed2bf .children_owns_pets pets  '_id' = 49032b1d-9219-4142-849b-bc3e2cad3b0d  .grand_children_owns_pets grand_children  '_id' = d3713b25-6777-472c-9011-00b2c27d7385  .grand2_children  .grand3_children  .grand4_children  .grand4_children_owns_pets_child pets_child  '_id' = eb334683-033e-4111-a566-15bbb0540cd9  .pets_grand_child  , limit: null
3000;1;users  .children  .children_owns_pets pets  '_id' = ed136ba0-4c16-40fc-92a0-9739641034ad  .grand_children_owns_pets grand_children  '_id' = f0b1973f-c82f-4889-b9de-4f1e527a250f  .grand2_children  .grand3_children  .grand4_children  .grand5_children  .grand5_children_owns_pets_child pets_child  '_id' = 2247a710-518c-4bc6-851f-852616b44a4c  .pets_grand_child '_id' = 39ea1b66-6da0-42cf-82e7-fbe2a36e25e0 , limit: null
3000;1;users '_id' = 9738d711-8c01-491d-9878-a391449c8b4f .children  .children_owns_pets pets  '_id' = 3db75ce5-c6de-4020-a906-ef67860c9edc  .pets_child '_id' = 959e167d-ddb8-4625-b0f8-a64f49957fa8 .grand_children_owns_pets_child grand_children  '_id' = 92de07e0-eead-42c3-8b4b-00ce18ebf51e  .grand_children_owns_pets_grand_child pets_grand_child  '_id' = d8de792c-ccfe-4dca-adbc-359efe74f3d4  , limit: null
3000;1;users  .children '_id' = f35927bc-0f1d-4db2-b262-8b31a3007c03 .children_owns_pets pets  '_id' = ed42c6ee-8524-49b6-a46c-f243e3d089d3  .pets_child  .grand_children_owns_pets_child grand_children  '_id' = c3a375c0-74b8-447f-9d80-42f70472a11b  .grand2_children '_id' = 3bc83f2b-9467-42a8-97c3-aaa9d3297726 .grand2_children_owns_pets_grand_child pets_grand_child  '_id' = c5974d88-8898-4e3e-ac5b-fd9ce96e6b90  , limit: null
3000;1;users  .children  .children_owns_pets pets  '_id' = 8ddba824-b7d3-48ac-bfbe-274b225752d7  .pets_child  .grand_children_owns_pets_child grand_children  '_id' = be3b2a81-f94b-48e1-bea2-3d866bd29d24  .grand2_children  .grand3_children '_id' = 80869f52-f27c-4f21-a147-514908101ec0 .grand3_children_owns_pets_grand_child pets_grand_child  '_id' = 8831e49e-da17-4695-b64d-851aa2f33a24  , limit: null
3000;1;users  .children  .children_owns_pets pets  '_id' = f40a0d4c-cb1c-4f5f-bf90-9c6c10228abd  .pets_child  .grand_children_owns_pets_child grand_children  '_id' = 49b18a0c-b3bd-481f-ad43-2974955319ea  .grand2_children  .grand3_children '_id' = b615038e-84ab-4e63-9264-71c41a93a2b3 .grand4_children  .grand4_children_owns_pets_grand_child pets_grand_child  '_id' = 7ee63b61-d3a3-4963-b7fa-9b2ea113902a  , limit: null
3000;1;users  .children  .children_owns_pets pets  '_id' = 6e586032-7981-469a-8223-6ff1fbea77ac  .pets_child  .grand_children_owns_pets_child grand_children  '_id' = 57de523d-758e-495e-9fd5-90040ffb387e  .grand2_children  .grand3_children '_id' = ffe33873-f969-4a3c-8a4f-919bdd972380 .grand4_children  .grand5_children  .grand5_children_owns_pets_grand_child pets_grand_child  '_id' = 021ff5e7-e734-446b-81f2-d23230efd1a7  , limit: null
3000;1;users  .children '_id' = 945ed28a-581e-4764-aa7b-8e7217e2c4be .grand_children  .grand_children_owns_pets pets  '_id' = 90c1663a-2b89-42c0-986e-10db724ae18f  .grand2_children_owns_pets grand2_children  '_id' = ffb98405-9118-4ba7-8793-87df9bd54feb  .grand2_children_owns_pets_child pets_child  '_id' = 95b13185-a5b7-4fe5-9bf3-84b3c6c5ed1e  .pets_grand_child '_id' = a216df3a-ab72-47d9-b456-4ac702e11d56 , limit: null
3000;1;users '_id' = 16a89c34-9f82-410d-936c-8d2471680971 .children  .grand_children  .grand_children_owns_pets pets  '_id' = caf48852-0d9d-44cf-8903-8d0ecb757c99  .grand2_children_owns_pets grand2_children  '_id' = 71e78727-b72d-496e-b6b8-b17d64a9efca  .grand3_children  .grand3_children_owns_pets_child pets_child  '_id' = 9cfac7f9-2099-490f-a003-e3a7e9ceb0d3  .pets_grand_child  , limit: null
3000;1;users  .children  .grand_children  .grand_children_owns_pets pets  '_id' = a4ee765d-03b1-42dc-a3d8-f5c629b185e0  .grand2_children_owns_pets grand2_children  '_id' = 7ebe3999-4c98-40fd-b567-faa90f70520c  .grand3_children  .grand4_children '_id' = dfa8adbb-b6af-43d2-8f93-eecb21eec27f .grand4_children_owns_pets_child pets_child  '_id' = 804243cc-514a-4a4a-888c-c2a1f5c9f1b7  .pets_grand_child  , limit: null
3000;1;users  .children  .grand_children '_id' = 69ca85aa-a48d-430d-b43b-7589903b4fb0 .grand_children_owns_pets pets  '_id' = be21c5ef-0d21-448d-8c47-0b68f17fed62  .grand2_children_owns_pets grand2_children  '_id' = 9aff496a-7c0e-4ba8-9c2c-d15668d34e23  .grand3_children  .grand4_children  .grand5_children  .grand5_children_owns_pets_child pets_child  '_id' = e2a49dab-edfe-4393-ad8b-36b14f360c56  .pets_grand_child  , limit: null
3000;1;users '_id' = 9ff5e553-19ca-48c0-a430-b8dfc9fa2132 .children  .grand_children  .grand_children_owns_pets pets  '_id' = 6110cf7d-7bd7-4ab6-86e2-cdb9d8bfc42f  .pets_child '_id' = f1dac34d-75ab-4ca5-8fd5-0d5228f8fa2f .grand2_children_owns_pets_child grand2_children  '_id' = 6d6d40bd-bf4a-465e-9098-2fa350e9fe58  .grand2_children_owns_pets_grand_child pets_grand_child  '_id' = e5554afe-63c0-4532-8bb9-5f761d37f5a7  , limit: null
3000;1;users  .children  .grand_children '_id' = 54d905c1-b288-40f0-be33-4eeca54b0555 .grand_children_owns_pets pets  '_id' = e92126b2-2874-445b-a220-ea27679ae890  .pets_child  .grand2_children_owns_pets_child grand2_children  '_id' = a0c1e989-e6b3-47e1-b542-5f65a3236f5a  .grand3_children  .grand3_children_owns_pets_grand_child pets_grand_child  '_id' = 9a86b4ab-9f31-4562-a4a2-0fccf9dcc2f9  , limit: null
3000;1;users  .children  .grand_children '_id' = e1dfc6d7-ae25-4c12-9e8e-1f86339ba1e0 .grand_children_owns_pets pets  '_id' = 954fbf44-b511-4433-835d-97ae45394624  .pets_child  .grand2_children_owns_pets_child grand2_children  '_id' = 6c3a7760-ae46-4e29-9589-4b7dda1c57e3  .grand3_children  .grand4_children  .grand4_children_owns_pets_grand_child pets_grand_child  '_id' = 5c009704-3e8e-4c52-bd48-c4ba3f9fae07  , limit: null
3000;1;users  .children  .grand_children '_id' = 51315f0c-a102-4a17-af6b-01ee56fce24d .grand_children_owns_pets pets  '_id' = 316e7a86-dd95-4d21-9c57-e5d53d6dc27b  .pets_child  .grand2_children_owns_pets_child grand2_children  '_id' = cf8605f0-bf40-4d24-baa3-af65b85d9155  .grand3_children  .grand4_children  .grand5_children  .grand5_children_owns_pets_grand_child pets_grand_child  '_id' = 4345fabc-87b4-4a51-b25a-306fe19684cf  , limit: null
3000;1;users  .children  .grand_children '_id' = d6b202f3-f0bb-4fdb-a327-335c18f6ea3f .grand2_children  .grand2_children_owns_pets pets  '_id' = 16ce74d5-5fa5-448e-b0a6-a1180a3291b0  .grand3_children_owns_pets grand3_children  '_id' = 8ca3c584-9f7f-4449-863e-28ce47c3771e  .grand3_children_owns_pets_child pets_child  '_id' = 690edaa5-ff6a-4def-8149-88d66896afcf  .pets_grand_child  , limit: null
3000;1;users  .children  .grand_children  .grand2_children  .grand2_children_owns_pets pets  '_id' = 401751c7-7e2d-4870-b626-343edb6bb58a  .grand3_children_owns_pets grand3_children  '_id' = 3e0934b9-353b-4de1-907d-f8e4318cce4e  .grand4_children '_id' = 854cbc51-74cc-45d3-8a48-d2d0b523d5aa .grand4_children_owns_pets_child pets_child  '_id' = 4f03b624-1d0d-427d-b3db-9006a6150df7  .pets_grand_child  , limit: null
3000;1;users  .children  .grand_children  .grand2_children  .grand2_children_owns_pets pets  '_id' = 153e7e92-c274-48a4-ab77-6242d88aa03c  .grand3_children_owns_pets grand3_children  '_id' = 65b94ba1-2e55-44bd-b814-93f3d7b48d36  .grand4_children  .grand5_children '_id' = 54a6ce10-6c23-46ba-85cb-0646d3be2982 .grand5_children_owns_pets_child pets_child  '_id' = 567622a2-6cc2-4700-b933-0c62248667ab  .pets_grand_child  , limit: null
3000;1;users  .children  .grand_children '_id' = ecd9d175-d0f4-4f51-9681-bb9eb2717c5f .grand2_children  .grand2_children_owns_pets pets  '_id' = fa3f62b2-5c53-4d55-8497-fd2a151c8747  .pets_child  .grand3_children_owns_pets_child grand3_children  '_id' = 29d01ff2-85fd-4e8f-b60c-be79b29c00a2  .grand3_children_owns_pets_grand_child pets_grand_child  '_id' = 3cf473b9-c664-4196-a455-ece0887b0c82  , limit: null
3000;1;users '_id' = d38c6d34-0b48-4587-bce7-9b001a155b8f .children  .grand_children  .grand2_children  .grand2_children_owns_pets pets  '_id' = caabfc46-f6a1-42c2-8a53-0bd2be626c34  .pets_child  .grand3_children_owns_pets_child grand3_children  '_id' = b6586b9c-5d3f-4508-8d67-f22846f8bc8c  .grand4_children  .grand4_children_owns_pets_grand_child pets_grand_child  '_id' = 5c79b5ff-af3b-4edb-bb32-78d4a8ec6d78  , limit: null
3000;1;users  .children  .grand_children '_id' = cd3ed5ac-50b7-4338-8dbd-9e277f8d49ed .grand2_children  .grand2_children_owns_pets pets  '_id' = 456b2861-d2c0-49dc-a74c-dcf86f6ed893  .pets_child  .grand3_children_owns_pets_child grand3_children  '_id' = 86a91cf4-7b28-49be-ac14-cc719534ed41  .grand4_children  .grand5_children  .grand5_children_owns_pets_grand_child pets_grand_child  '_id' = 0b345805-3c0a-4d58-9ba0-c82baeb5e506  , limit: null
3000;1;users  .children  .grand_children '_id' = 3a2b4dbf-7359-4d5c-9bfa-d4a3d489fb2b .grand2_children  .grand3_children  .grand3_children_owns_pets pets  '_id' = 7905c9c0-9cd9-4e87-b6cd-0d02a831a4f9  .grand4_children_owns_pets grand4_children  '_id' = bfd09dc1-5e25-4e8d-838c-676b4f04ab1a  .grand4_children_owns_pets_child pets_child  '_id' = e4c64003-f265-40ee-a016-263205a82ec0  .pets_grand_child  , limit: null
3000;1;users  .children  .grand_children '_id' = b9eeb83f-48ce-4d7c-87ed-060cd40424cd .grand2_children  .grand3_children  .grand3_children_owns_pets pets  '_id' = c4c5f7b0-4301-4cd4-928d-0a21bfb5260b  .grand4_children_owns_pets grand4_children  '_id' = 9ca0d33d-7dcf-4198-84ea-f7204112bfbe  .grand5_children  .grand5_children_owns_pets_child pets_child  '_id' = b423a125-274c-4d59-acb7-cb7566417a09  .pets_grand_child  , limit: null
3000;1;users  .children '_id' = 70d139c8-4862-47bc-82c1-6406e4dcb676 .grand_children  .grand2_children  .grand3_children  .grand3_children_owns_pets pets  '_id' = b729aacd-261e-467a-8e05-4e6918715caa  .pets_child  .grand4_children_owns_pets_child grand4_children  '_id' = 0687eccd-bd15-44ed-8fa3-a4e26e6c63c1  .grand4_children_owns_pets_grand_child pets_grand_child  '_id' = a78f694f-9bd9-4eb8-83c9-ef2b647aef30  , limit: null
3000;1;users  .children  .grand_children  .grand2_children  .grand3_children  .grand3_children_owns_pets pets  '_id' = 8bd27d2e-6c98-42f9-aa03-c007642f9be6  .pets_child '_id' = c676fe73-e639-4394-80a3-3ec5d6291e2e .grand4_children_owns_pets_child grand4_children  '_id' = db378816-b16b-4206-b27e-adef8733ceed  .grand5_children  .grand5_children_owns_pets_grand_child pets_grand_child  '_id' = b1d89e94-853a-4ca2-937d-a676d5e2c423  , limit: null
3000;1;users  .children  .grand_children '_id' = 88d61519-7b98-4ebd-8c80-f96991dde9a5 .grand2_children  .grand3_children  .grand4_children  .grand4_children_owns_pets pets  '_id' = cd83db59-94b8-4b5a-8be6-ab289cc707b0  .grand5_children_owns_pets grand5_children  '_id' = 77b8e35f-3932-453f-8e64-37b819e54ae9  .grand5_children_owns_pets_child pets_child  '_id' = 95be153a-3b02-4a78-a3bf-119fe5a5f65a  .pets_grand_child  , limit: null
3000;1;users  .children  .grand_children  .grand2_children '_id' = 3e21f437-dc83-4a56-86f0-ef2e1cd8dda8 .grand3_children  .grand4_children  .grand4_children_owns_pets pets  '_id' = 9bf72e3a-20ed-499f-a9b9-e29c6bd955e0  .pets_child  .grand5_children_owns_pets_child grand5_children  '_id' = e39cc0b3-0a5c-4706-9ba1-75143833ad18  .grand5_children_owns_pets_grand_child pets_grand_child  '_id' = 5e4f8623-7b4c-4ae6-ad5c-096594174a5f  , limit: null
3000;2;users '_id' in [, , , ] , limit: null
3000;1;users '_id' in [, , , ] .children '_id' in [, , , ] , limit: null
3000;1;users '_id' in [, , , ] .children '_id' in [, , , ] .grand_children  , limit: null
3000;1;users '_id' in [, , , ] .children  .grand_children  .grand2_children '_id' in [, , , ] , limit: null
3000;2;users  .children  .grand_children  .grand2_children  .grand3_children '_id' in [, , , ] , limit: null
3000;2;users  .children  .grand_children  .grand2_children '_id' in [, , , ] .grand3_children  .grand4_children  , limit: null
3000;2;users  .children '_id' in [, , , ] .grand_children  .grand2_children  .grand3_children  .grand4_children  .grand5_children  , limit: null
3000;2;users '_id' in [, , , ] .users_owns_pets pets    , limit: null
3000;1;users '_id' in [, , , ] .users_owns_pets pets  '_id' in [, , , ]  .pets_child '_id' in [, , , ] , limit: null
3000;1;users '_id' in [, , , ] .users_owns_pets pets    .pets_child '_id' in [, , , ] .pets_grand_child  , limit: null
3000;1;users '_id' in [, , , ] .children '_id' in [, , , ] .children_owns_pets pets  '_id' in [, , , ]  , limit: null
3000;1;users '_id' in [, , , ] .children '_id' in [, , , ] .children_owns_pets pets    .pets_child  , limit: null
3000;1;users '_id' in [, , , ] .children  .children_owns_pets pets    .pets_child '_id' in [, , , ] .pets_grand_child  , limit: null
3000;1;users '_id' in [, , , ] .children  .grand_children '_id' in [, , , ] .grand_children_owns_pets pets    , limit: null
3000;1;users '_id' in [, , , ] .children  .grand_children  .grand_children_owns_pets pets    .pets_child '_id' in [, , , ] , limit: null
3000;1;users  .children  .grand_children '_id' in [, , , ] .grand_children_owns_pets pets  '_id' in [, , , ]  .pets_child  .pets_grand_child  , limit: null
3000;1;users  .children '_id' in [, , , ] .grand_children  .grand2_children '_id' in [, ] .grand2_children_owns_pets pets  '_id' in [, , , ]  , limit: null
3000;2;users  .children  .grand_children  .grand2_children '_id' in [, , , ] .grand2_children_owns_pets pets    .pets_child  , limit: null
3000;1;users  .children  .grand_children '_id' in [, , , ] .grand2_children  .grand2_children_owns_pets pets  '_id' in [, , , ]  .pets_child  .pets_grand_child  , limit: null
3000;1;users  .children  .grand_children  .grand2_children '_id' in [, , , ] .grand3_children  .grand3_children_owns_pets pets  '_id' in [, , , ]  , limit: null
3000;1;users  .children  .grand_children  .grand2_children  .grand3_children  .grand3_children_owns_pets pets  '_id' in [, , , ]  .pets_child '_id' in [, , , ] , limit: null
3000;1;users  .children '_id' in [, , , ] .grand_children  .grand2_children  .grand3_children  .grand3_children_owns_pets pets  '_id' in [, , , ]  .pets_child  .pets_grand_child  , limit: null
3000;1;users  .children  .grand_children '_id' in [, , , ] .grand2_children  .grand3_children  .grand4_children  .grand4_children_owns_pets pets  '_id' in [, , , ]  , limit: null
3000;1;users  .children  .grand_children  .grand2_children  .grand3_children '_id' in [, , , ] .grand4_children  .grand4_children_owns_pets pets  '_id' in [, , , ]  .pets_child  , limit: null
3000;1;users  .children  .grand_children '_id' in [, , , ] .grand2_children  .grand3_children  .grand4_children  .grand4_children_owns_pets pets  '_id' in [, , , ]  .pets_child  .pets_grand_child  , limit: null
3000;2;users  .children  .grand_children '_id' in [, , , ] .grand2_children  .grand3_children  .grand4_children  .grand5_children  .grand5_children_owns_pets pets    , limit: null
3000;2;users  .children  .grand_children '_id' in [, , , ] .grand2_children  .grand3_children  .grand4_children  .grand5_children  .grand5_children_owns_pets pets    .pets_child  , limit: null
3000;1;users '_id' in [, , , ] .children  .grand_children  .grand2_children  .grand3_children  .grand4_children  .grand5_children  .grand5_children_owns_pets pets  '_id' in [, , , ]  .pets_child  .pets_grand_child  , limit: null
3000;2;pets '_id' in [, , , ] .users_owns_pets users  '_id' in [, , , ]  , limit: null
3000;1;pets '_id' in [, , , ] .pets_child '_id' in [, , , ] .users_owns_pets_child users  '_id' in [, , , ]  , limit: null
3000;1;pets '_id' in [, , , ] .pets_child  .pets_grand_child '_id' in [, , , ] .users_owns_pets_grand_child users    , limit: null
3000;1;pets '_id' in [, , , ] .users_owns_pets users    .children '_id' in [, , , ] , limit: null
3000;1;pets '_id' in [, , , ] .pets_child  .users_owns_pets_child users    .children '_id' in [, , , ] , limit: null
3000;1;pets '_id' in [, , , ] .pets_child  .pets_grand_child '_id' in [, , , ] .users_owns_pets_grand_child users    .children  , limit: null
3000;1;pets  .users_owns_pets users  '_id' in [, , , ]  .children '_id' in [, , , ] .grand_children '_id' in [, , , ] , limit: null
3000;1;pets '_id' in [, , , ] .pets_child  .users_owns_pets_child users  '_id' in [, , , ]  .children '_id' in [, , , ] .grand_children  , limit: null
3000;1;pets  .pets_child  .pets_grand_child  .users_owns_pets_grand_child users  '_id' in [, , , ]  .children  .grand_children '_id' in [, , , ] , limit: null
3000;1;pets  .users_owns_pets users    .children '_id' in [, , , ] .grand_children '_id' in [, , , ] .grand2_children  , limit: null
3000;2;pets  .pets_child  .users_owns_pets_child users    .children  .grand_children '_id' in [, , , ] .grand2_children  , limit: null
3000;1;pets '_id' in [, , , ] .pets_child  .pets_grand_child  .users_owns_pets_grand_child users  '_id' in [, , , ]  .children  .grand_children  .grand2_children  , limit: null
3000;2;pets  .users_owns_pets users    .children  .grand_children  .grand2_children  .grand3_children '_id' in [, , , ] , limit: null
3000;1;pets  .pets_child '_id' in [, , , ] .users_owns_pets_child users  '_id' in [, , , ]  .children  .grand_children  .grand2_children  .grand3_children  , limit: null
3000;2;pets  .pets_child  .pets_grand_child  .users_owns_pets_grand_child users    .children  .grand_children '_id' in [, , , ] .grand2_children  .grand3_children  , limit: null
3000;2;pets  .users_owns_pets users    .children  .grand_children  .grand2_children  .grand3_children  .grand4_children '_id' in [, , , ] , limit: null
3000;1;pets  .pets_child  .users_owns_pets_child users  '_id' in [, , , ]  .children  .grand_children  .grand2_children  .grand3_children  .grand4_children '_id' in [, , , ] , limit: null
3000;2;pets  .pets_child  .pets_grand_child  .users_owns_pets_grand_child users    .children '_id' in [, , , ] .grand_children  .grand2_children  .grand3_children  .grand4_children  , limit: null
3000;1;pets  .users_owns_pets users  '_id' in [, ]  .children  .grand_children  .grand2_children  .grand3_children  .grand4_children '_id' in [, , , ] .grand5_children  , limit: null
3000;2;pets  .pets_child '_id' in [, , , ] .users_owns_pets_child users    .children  .grand_children  .grand2_children  .grand3_children  .grand4_children  .grand5_children  , limit: null
3000;2;pets  .pets_child  .pets_grand_child  .users_owns_pets_grand_child users    .children  .grand_children '_id' in [, , , ] .grand2_children  .grand3_children  .grand4_children  .grand5_children  , limit: null
3000;1;users '_id' in [, , , ] .users_owns_pets pets  '_id' in [, , , ]  .children_owns_pets children  '_id' in [, , , ]  , limit: null
3000;1;users '_id' in [, , , ] .users_owns_pets pets  '_id' in [, ]  .children_owns_pets children  '_id' in [, , , ]  , limit: null
3000;1;users '_id' in [, , , ] .users_owns_pets pets  '_id' in [, , , ]  .children_owns_pets children  '_id' in [, , , ]  .grand_children '_id' in [, , , ] , limit: null
3000;1;users  .users_owns_pets pets  '_id' in [, , , ]  .children_owns_pets children  '_id' in [, , , ]  .grand_children '_id' in [, , , ] .grand2_children '_id' in [, , , ] , limit: null
3000;1;users  .users_owns_pets pets  '_id' in [, , , ]  .children_owns_pets children  '_id' in [, , , ]  .grand_children '_id' in [, , , ] .grand2_children '_id' in [, , , ] .grand3_children  , limit: null
3000;1;users '_id' in [, , , ] .users_owns_pets pets  '_id' in [, , , ]  .children_owns_pets children  '_id' in [, , , ]  .grand_children  .grand2_children  .grand3_children  .grand4_children  , limit: null
3000;1;users  .users_owns_pets pets  '_id' in [, , , ]  .children_owns_pets children  '_id' in [, , , ]  .grand_children  .grand2_children  .grand3_children  .grand4_children '_id' in [, , , ] .grand5_children  , limit: null
3000;1;users '_id' in [, ] .users_owns_pets pets  '_id' in [, , , ]  .pets_child '_id' in [, , , ] .children_owns_pets_child children  '_id' in [, , , ]  , limit: null
3000;1;users '_id' in [, , , ] .users_owns_pets pets  '_id' in [, , , ]  .pets_child '_id' in [, , , ] .children_owns_pets_child children  '_id' in [, , , ]  , limit: null
3000;1;users '_id' in [, , , ] .users_owns_pets pets  '_id' in [, , , ]  .pets_child '_id' in [, , , ] .children_owns_pets_child children  '_id' in [, , , ]  .grand_children  , limit: null
3000;1;users '_id' in [, , , ] .users_owns_pets pets  '_id' in [, , , ]  .pets_child '_id' in [, , , ] .children_owns_pets_child children  '_id' in [, , , ]  .grand_children  .grand2_children  , limit: null
3000;1;users  .users_owns_pets pets  '_id' in [, , , ]  .pets_child  .children_owns_pets_child children  '_id' in [, , , ]  .grand_children  .grand2_children '_id' in [, , , ] .grand3_children  , limit: null
3000;1;users  .users_owns_pets pets  '_id' in [, , , ]  .pets_child  .children_owns_pets_child children  '_id' in [, , , ]  .grand_children  .grand2_children  .grand3_children '_id' in [, , , ] .grand4_children  , limit: null
3000;1;users  .users_owns_pets pets  '_id' in [, , , ]  .pets_child '_id' in [, , , ] .children_owns_pets_child children  '_id' in [, , , ]  .grand_children  .grand2_children  .grand3_children  .grand4_children  .grand5_children  , limit: null
3000;1;users  .users_owns_pets pets  '_id' in [, , , ]  .pets_child '_id' in [, , , ] .pets_grand_child '_id' in [, , , ] .children_owns_pets_grand_child children  '_id' in [, , , ]  , limit: null
3000;1;users  .users_owns_pets pets  '_id' in [, , , ]  .pets_child '_id' in [, , , ] .pets_grand_child '_id' in [, , , ] .children_owns_pets_grand_child children  '_id' in [, , , ]  , limit: null
3000;1;users '_id' in [, , , ] .users_owns_pets pets  '_id' in [, , , ]  .pets_child  .pets_grand_child  .children_owns_pets_grand_child children  '_id' in [, , , ]  .grand_children '_id' in [, , , ] , limit: null
3000;1;users  .users_owns_pets pets  '_id' in [, , , ]  .pets_child  .pets_grand_child  .children_owns_pets_grand_child children  '_id' in [, , , ]  .grand_children '_id' in [, , , ] .grand2_children  , limit: null
3000;1;users  .users_owns_pets pets  '_id' in [, , , ]  .pets_child  .pets_grand_child '_id' in [, , , ] .children_owns_pets_grand_child children  '_id' in [, , , ]  .grand_children  .grand2_children  .grand3_children  , limit: null
3000;1;users  .users_owns_pets pets  '_id' in [, ]  .pets_child '_id' in [, , , ] .pets_grand_child  .children_owns_pets_grand_child children  '_id' in [, , , ]  .grand_children  .grand2_children  .grand3_children  .grand4_children  , limit: null
3000;1;users  .users_owns_pets pets  '_id' in [, , , ]  .pets_child  .pets_grand_child '_id' in [, , , ] .children_owns_pets_grand_child children  '_id' in [, , , ]  .grand_children  .grand2_children  .grand3_children  .grand4_children  .grand5_children  , limit: null
3000;1;users '_id' in [, , , ] .children '_id' in [, , , ] .children_owns_pets pets  '_id' in [, , , ]  .grand_children_owns_pets grand_children  '_id' in [, , , ]  , limit: null
3000;1;users '_id' in [, , , ] .children '_id' in [, , , ] .children_owns_pets pets  '_id' in [, , , ]  .grand_children_owns_pets grand_children  '_id' in [, , , ]  , limit: null
3000;1;users '_id' in [, , , ] .children '_id' in [, , , ] .children_owns_pets pets  '_id' in [, , , ]  .grand_children_owns_pets grand_children  '_id' in [, , , ]  , limit: null
3000;1;users  .children '_id' in [, , , ] .children_owns_pets pets  '_id' in [, , , ]  .grand_children_owns_pets grand_children  '_id' in [, , , ]  .grand2_children '_id' in [, , , ] , limit: null
3000;1;users '_id' in [, , , ] .children '_id' in [, , , ] .children_owns_pets pets  '_id' in [, , , ]  .grand_children_owns_pets grand_children  '_id' in [, , , ]  .grand2_children  .grand3_children  , limit: null
3000;1;users  .children  .children_owns_pets pets  '_id' in [, , , ]  .grand_children_owns_pets grand_children  '_id' in [, , , ]  .grand2_children  .grand3_children  .grand4_children '_id' in [, , , ] , limit: null
3000;1;users  .children '_id' in [, , , ] .children_owns_pets pets  '_id' in [, , , ]  .pets_child '_id' in [, , , ] .grand_children_owns_pets_child grand_children  '_id' in [, , , ]  , limit: null
3000;1;users '_id' in [, , , ] .children '_id' in [, , , ] .children_owns_pets pets  '_id' in [, , , ]  .pets_child  .grand_children_owns_pets_child grand_children  '_id' in [, , , ]  , limit: null
3000;1;users  .children '_id' in [, , , ] .children_owns_pets pets  '_id' in [, , , ]  .pets_child '_id' in [, , , ] .grand_children_owns_pets_child grand_children  '_id' in [, , , ]  , limit: null
3000;1;users '_id' in [, , , ] .children  .children_owns_pets pets  '_id' in [, , , ]  .pets_child '_id' in [, , , ] .grand_children_owns_pets_child grand_children  '_id' in [, , , ]  .grand2_children  , limit: null
3000;1;users '_id' in [, , , ] .children  .children_owns_pets pets  '_id' in [, , , ]  .pets_child  .grand_children_owns_pets_child grand_children  '_id' in [, , , ]  .grand2_children  .grand3_children  , limit: null
3000;1;users '_id' in [, , , ] .children  .children_owns_pets pets  '_id' in [, , , ]  .pets_child  .grand_children_owns_pets_child grand_children  '_id' in [, , , ]  .grand2_children  .grand3_children  .grand4_children  , limit: null
3000;1;users  .children '_id' in [, , , ] .children_owns_pets pets  '_id' in [, , , ]  .pets_child '_id' in [, , , ] .pets_grand_child  .grand_children_owns_pets_grand_child grand_children  '_id' in [, , , ]  , limit: null
3000;1;users  .children  .children_owns_pets pets  '_id' in [, , , ]  .pets_child '_id' in [, , , ] .pets_grand_child '_id' in [, , , ] .grand_children_owns_pets_grand_child grand_children  '_id' in [, , , ]  , limit: null
3000;1;users '_id' in [, , , ] .children '_id' in [, , , ] .children_owns_pets pets  '_id' in [, , , ]  .pets_child  .pets_grand_child  .grand_children_owns_pets_grand_child grand_children  '_id' in [, , , ]  , limit: null
3000;1;users '_id' in [, , , ] .children  .children_owns_pets pets  '_id' in [, , , ]  .pets_child  .pets_grand_child  .grand_children_owns_pets_grand_child grand_children  '_id' in [, , , ]  .grand2_children  , limit: null
3000;1;users  .children '_id' in [, , , ] .children_owns_pets pets  '_id' in [, , , ]  .pets_child  .pets_grand_child  .grand_children_owns_pets_grand_child grand_children  '_id' in [, , , ]  .grand2_children  .grand3_children  , limit: null
3000;1;users  .children  .children_owns_pets pets  '_id' in [, , , ]  .pets_child  .pets_grand_child  .grand_children_owns_pets_grand_child grand_children  '_id' in [, , , ]  .grand2_children  .grand3_children  .grand4_children '_id' in [, , , ] , limit: null
3000;1;users '_id' in [, , , ] .children '_id' in [, , , ] .grand_children  .grand_children_owns_pets pets  '_id' in [, , , ]  .grand2_children_owns_pets grand2_children  '_id' in [, , , ]  , limit: null
3000;1;users  .children '_id' in [, ] .grand_children '_id' in [, , , ] .grand_children_owns_pets pets  '_id' in [, , , ]  .grand2_children_owns_pets grand2_children  '_id' in [, , , ]  , limit: null
3000;1;users '_id' in [, , , ] .children  .grand_children '_id' in [, , , ] .grand_children_owns_pets pets  '_id' in [, , , ]  .grand2_children_owns_pets grand2_children  '_id' in [, , , ]  , limit: null
3000;1;users '_id' in [, , , ] .children  .grand_children '_id' in [, , , ] .grand_children_owns_pets pets  '_id' in [, , , ]  .grand2_children_owns_pets grand2_children  '_id' in [, , , ]  , limit: null
3000;1;users  .children '_id' in [, , , ] .grand_children  .grand_children_owns_pets pets  '_id' in [, , , ]  .grand2_children_owns_pets grand2_children  '_id' in [, , , ]  .grand3_children '_id' in [, , , ] , limit: null
3000;1;users  .children '_id' in [, , , ] .grand_children  .grand_children_owns_pets pets  '_id' in [, , , ]  .pets_child '_id' in [, , , ] .grand2_children_owns_pets_child grand2_children  '_id' in [, , , ]  , limit: null
3000;1;users '_id' in [, , , ] .children  .grand_children '_id' in [, , , ] .grand_children_owns_pets pets  '_id' in [, , , ]  .pets_child  .grand2_children_owns_pets_child grand2_children  '_id' in [, , , ]  , limit: null
3000;1;users  .children  .grand_children '_id' in [, , , ] .grand_children_owns_pets pets  '_id' in [, , , ]  .pets_child '_id' in [, , , ] .grand2_children_owns_pets_child grand2_children  '_id' in [, , , ]  , limit: null
3000;1;users '_id' in [, , , ] .children  .grand_children '_id' in [, , , ] .grand_children_owns_pets pets  '_id' in [, , , ]  .pets_child  .grand2_children_owns_pets_child grand2_children  '_id' in [, , , ]  , limit: null
3000;1;users '_id' in [, , , ] .children  .grand_children  .grand_children_owns_pets pets  '_id' in [, , , ]  .pets_child  .grand2_children_owns_pets_child grand2_children  '_id' in [, , , ]  .grand3_children  , limit: null
3000;1;users  .children  .grand_children '_id' in [, , , ] .grand_children_owns_pets pets  '_id' in [, , , ]  .pets_child  .pets_grand_child  .grand2_children_owns_pets_grand_child grand2_children  '_id' in [, , , ]  , limit: null
3000;1;users  .children  .grand_children  .grand_children_owns_pets pets  '_id' in [, , , ]  .pets_child  .pets_grand_child '_id' in [, , , ] .grand2_children_owns_pets_grand_child grand2_children  '_id' in [, , , ]  , limit: null
3000;1;users '_id' in [, , , ] .children  .grand_children  .grand_children_owns_pets pets  '_id' in [, , , ]  .pets_child  .pets_grand_child  .grand2_children_owns_pets_grand_child grand2_children  '_id' in [, , , ]  , limit: null
3000;1;users '_id' in [, , , ] .children  .grand_children  .grand_children_owns_pets pets  '_id' in [, , , ]  .pets_child  .pets_grand_child  .grand2_children_owns_pets_grand_child grand2_children  '_id' in [, , , ]  , limit: null
3000;1;users '_id' in [, , , ] .children  .grand_children  .grand_children_owns_pets pets  '_id' in [, , , ]  .pets_child  .pets_grand_child  .grand2_children_owns_pets_grand_child grand2_children  '_id' in [, , , ]  .grand3_children  , limit: null
3000;1;users  .children  .grand_children '_id' in [, , , ] .grand2_children '_id' in [, , , ] .grand2_children_owns_pets pets  '_id' in [, , , ]  .grand3_children_owns_pets grand3_children  '_id' in [, , , ]  , limit: null
3000;1;users '_id' in [, , , ] .children '_id' in [, , , ] .grand_children  .grand2_children  .grand2_children_owns_pets pets  '_id' in [, , , ]  .grand3_children_owns_pets grand3_children  '_id' in [, , , ]  , limit: null
3000;1;users '_id' in [, , , ] .children  .grand_children  .grand2_children '_id' in [, , , ] .grand2_children_owns_pets pets  '_id' in [, , , ]  .grand3_children_owns_pets grand3_children  '_id' in [, , , ]  , limit: null
3000;1;users  .children  .grand_children '_id' in [, , , ] .grand2_children '_id' in [, , , ] .grand2_children_owns_pets pets  '_id' in [, , , ]  .grand3_children_owns_pets grand3_children  '_id' in [, , , ]  , limit: null
3000;1;users  .children '_id' in [, , , ] .grand_children  .grand2_children  .grand2_children_owns_pets pets  '_id' in [, , , ]  .pets_child  .grand3_children_owns_pets_child grand3_children  '_id' in [, , , ]  , limit: null
3000;1;users  .children  .grand_children  .grand2_children  .grand2_children_owns_pets pets  '_id' in [, , , ]  .pets_child '_id' in [, , , ] .grand3_children_owns_pets_child grand3_children  '_id' in [, , , ]  , limit: null
3000;1;users  .children '_id' in [, , , ] .grand_children  .grand2_children  .grand2_children_owns_pets pets  '_id' in [, , , ]  .pets_child  .grand3_children_owns_pets_child grand3_children  '_id' in [, , , ]  , limit: null
3000;1;users  .children  .grand_children '_id' in [, , , ] .grand2_children  .grand2_children_owns_pets pets  '_id' in [, , , ]  .pets_child  .grand3_children_owns_pets_child grand3_children  '_id' in [, , , ]  , limit: null
3000;1;users '_id' in [, , , ] .children  .grand_children  .grand2_children  .grand2_children_owns_pets pets  '_id' in [, , , ]  .pets_child  .pets_grand_child  .grand3_children_owns_pets_grand_child grand3_children  '_id' in [, , , ]  , limit: null
3000;1;users  .children  .grand_children  .grand2_children  .grand2_children_owns_pets pets  '_id' in [, , , ]  .pets_child  .pets_grand_child '_id' in [, , , ] .grand3_children_owns_pets_grand_child grand3_children  '_id' in [, , , ]  , limit: null
3000;1;users  .children  .grand_children  .grand2_children  .grand2_children_owns_pets pets  '_id' in [, , , ]  .pets_child  .pets_grand_child '_id' in [, , , ] .grand3_children_owns_pets_grand_child grand3_children  '_id' in [, , , ]  , limit: null
3000;1;users  .children  .grand_children  .grand2_children  .grand2_children_owns_pets pets  '_id' in [, , , ]  .pets_child  .pets_grand_child '_id' in [, , , ] .grand3_children_owns_pets_grand_child grand3_children  '_id' in [, , , ]  , limit: null
3000;1;users  .children  .grand_children '_id' in [, , , ] .grand2_children  .grand3_children  .grand3_children_owns_pets pets  '_id' in [, , , ]  .grand4_children_owns_pets grand4_children  '_id' in [, ]  , limit: null
3000;1;users  .children  .grand_children '_id' in [, , , ] .grand2_children  .grand3_children  .grand3_children_owns_pets pets  '_id' in [, , , ]  .grand4_children_owns_pets grand4_children  '_id' in [, , , ]  , limit: null
3000;1;users '_id' in [, , , ] .children  .grand_children  .grand2_children  .grand3_children  .grand3_children_owns_pets pets  '_id' in [, , , ]  .grand4_children_owns_pets grand4_children  '_id' in [, , , ]  , limit: null
3000;1;users  .children  .grand_children '_id' in [, , , ] .grand2_children  .grand3_children  .grand3_children_owns_pets pets  '_id' in [, , , ]  .pets_child  .grand4_children_owns_pets_child grand4_children  '_id' in [, , , ]  , limit: null
3000;1;users  .children  .grand_children '_id' in [, , , ] .grand2_children  .grand3_children  .grand3_children_owns_pets pets  '_id' in [, , , ]  .pets_child  .grand4_children_owns_pets_child grand4_children  '_id' in [, , , ]  , limit: null
3000;1;users  .children  .grand_children '_id' in [, , , ] .grand2_children  .grand3_children  .grand3_children_owns_pets pets  '_id' in [, ]  .pets_child  .grand4_children_owns_pets_child grand4_children  '_id' in [, , , ]  , limit: null
3000;1;users  .children  .grand_children '_id' in [, , , ] .grand2_children  .grand3_children  .grand3_children_owns_pets pets  '_id' in [, , , ]  .pets_child  .pets_grand_child  .grand4_children_owns_pets_grand_child grand4_children  '_id' in [, , , ]  , limit: null
3000;1;users  .children  .grand_children  .grand2_children '_id' in [, , , ] .grand3_children  .grand3_children_owns_pets pets  '_id' in [, , , ]  .pets_child  .pets_grand_child  .grand4_children_owns_pets_grand_child grand4_children  '_id' in [, , , ]  , limit: null
3000;1;users  .children  .grand_children  .grand2_children  .grand3_children '_id' in [, , , ] .grand3_children_owns_pets pets  '_id' in [, , , ]  .pets_child  .pets_grand_child  .grand4_children_owns_pets_grand_child grand4_children  '_id' in [, , , ]  , limit: null
3000;1;users  .children  .grand_children  .grand2_children '_id' in [, , , ] .grand3_children  .grand4_children  .grand4_children_owns_pets pets  '_id' in [, , , ]  .grand5_children_owns_pets grand5_children  '_id' in [, , , ]  , limit: null
3000;1;users  .children '_id' in [, , , ] .grand_children  .grand2_children  .grand3_children  .grand4_children  .grand4_children_owns_pets pets  '_id' in [, , , ]  .grand5_children_owns_pets grand5_children  '_id' in [, , , ]  , limit: null
3000;1;users  .children  .grand_children  .grand2_children  .grand3_children  .grand4_children  .grand4_children_owns_pets pets  '_id' in [, , , ]  .pets_child '_id' in [, , , ] .grand5_children_owns_pets_child grand5_children  '_id' in [, , , ]  , limit: null
3000;1;users '_id' in [, , , ] .children  .grand_children  .grand2_children  .grand3_children  .grand4_children  .grand4_children_owns_pets pets  '_id' in [, , , ]  .pets_child  .grand5_children_owns_pets_child grand5_children  '_id' in [, , , ]  , limit: null
3000;1;users '_id' in [, , , ] .children  .grand_children  .grand2_children  .grand3_children  .grand4_children  .grand4_children_owns_pets pets  '_id' in [, , , ]  .pets_child  .pets_grand_child  .grand5_children_owns_pets_grand_child grand5_children  '_id' in [, , , ]  , limit: null
3000;1;users  .children  .grand_children  .grand2_children  .grand3_children  .grand4_children  .grand4_children_owns_pets pets  '_id' in [, , , ]  .pets_child '_id' in [, , , ] .pets_grand_child  .grand5_children_owns_pets_grand_child grand5_children  '_id' in [, , , ]  , limit: null
3000;1;users '_id' in [, , , ] .users_owns_pets pets  '_id' in [, , , ]  .children_owns_pets children  '_id' in [, , , ]  .children_owns_pets_child pets_child  '_id' in [, , , ]  .pets_grand_child '_id' in [, , , ] , limit: null
3000;1;users '_id' in [, , , ] .users_owns_pets pets  '_id' in [, , , ]  .children_owns_pets children  '_id' in [, , , ]  .grand_children '_id' in [, , , ] .grand_children_owns_pets_child pets_child  '_id' in [, , , ]  .pets_grand_child  , limit: null
3000;1;users '_id' in [, , , ] .users_owns_pets pets  '_id' in [, , , ]  .children_owns_pets children  '_id' in [, , , ]  .grand_children  .grand2_children '_id' in [, , , ] .grand2_children_owns_pets_child pets_child  '_id' in [, , , ]  .pets_grand_child  , limit: null
3000;1;users '_id' in [, , , ] .users_owns_pets pets  '_id' in [, , , ]  .children_owns_pets children  '_id' in [, , , ]  .grand_children  .grand2_children  .grand3_children  .grand3_children_owns_pets_child pets_child  '_id' in [, , , ]  .pets_grand_child  , limit: null
3000;1;users  .users_owns_pets pets  '_id' in [, , , ]  .children_owns_pets children  '_id' in [, , , ]  .grand_children  .grand2_children '_id' in [, , , ] .grand3_children  .grand4_children  .grand4_children_owns_pets_child pets_child  '_id' in [, , , ]  .pets_grand_child  , limit: null
3000;1;users  .users_owns_pets pets  '_id' in [, , , ]  .children_owns_pets children  '_id' in [, , , ]  .grand_children  .grand2_children  .grand3_children  .grand4_children '_id' in [, , , ] .grand5_children  .grand5_children_owns_pets_child pets_child  '_id' in [, , , ]  .pets_grand_child  , limit: null
3000;1;users '_id' in [, , , ] .users_owns_pets pets  '_id' in [, , , ]  .pets_child '_id' in [, , , ] .children_owns_pets_child children  '_id' in [, , , ]  .children_owns_pets_grand_child pets_grand_child  '_id' in [, , , ]  , limit: null
3000;1;users '_id' in [, , , ] .users_owns_pets pets  '_id' in [, , , ]  .pets_child  .children_owns_pets_child children  '_id' in [, , , ]  .grand_children '_id' in [, , , ] .grand_children_owns_pets_grand_child pets_grand_child  '_id' in [, , , ]  , limit: null
3000;1;users '_id' in [, , , ] .users_owns_pets pets  '_id' in [, , , ]  .pets_child  .children_owns_pets_child children  '_id' in [, , , ]  .grand_children  .grand2_children '_id' in [, , , ] .grand2_children_owns_pets_grand_child pets_grand_child  '_id' in [, , , ]  , limit: null
3000;1;users  .users_owns_pets pets  '_id' in [, , , ]  .pets_child  .children_owns_pets_child children  '_id' in [, , , ]  .grand_children '_id' in [, , , ] .grand2_children  .grand3_children  .grand3_children_owns_pets_grand_child pets_grand_child  '_id' in [, , , ]  , limit: null
3000;1;users '_id' in [, , , ] .users_owns_pets pets  '_id' in [, , , ]  .pets_child  .children_owns_pets_child children  '_id' in [, , , ]  .grand_children  .grand2_children  .grand3_children  .grand4_children  .grand4_children_owns_pets_grand_child pets_grand_child  '_id' in [, , , ]  , limit: null
3000;1;users '_id' in [, , , ] .users_owns_pets pets  '_id' in [, , , ]  .pets_child  .children_owns_pets_child children  '_id' in [, , , ]  .grand_children  .grand2_children  .grand3_children  .grand4_children  .grand5_children  .grand5_children_owns_pets_grand_child pets_grand_child  '_id' in [, , , ]  , limit: null
3000;1;users '_id' in [, , , ] .children '_id' in [, , , ] .children_owns_pets pets  '_id' in [, , , ]  .grand_children_owns_pets grand_children  '_id' in [, , , ]  .grand_children_owns_pets_child pets_child  '_id' in [, , , ]  .pets_grand_child  , limit: null
3000;1;users '_id' in [, , , ] .children '_id' in [, , , ] .children_owns_pets pets  '_id' in [, , , ]  .grand_children_owns_pets grand_children  '_id' in [, , , ]  .grand2_children  .grand2_children_owns_pets_child pets_child  '_id' in [, , , ]  .pets_grand_child  , limit: null
3000;1;users  .children  .children_owns_pets pets  '_id' in [, , , ]  .grand_children_owns_pets grand_children  '_id' in [, , , ]  .grand2_children  .grand3_children  .grand3_children_owns_pets_child pets_child  '_id' in [, , , ]  .pets_grand_child '_id' in [, , , ] , limit: null
3000;1;users  .children  .children_owns_pets pets  '_id' in [, , , ]  .grand_children_owns_pets grand_children  '_id' in [, , , ]  .grand2_children  .grand3_children '_id' in [, , , ] .grand4_children  .grand4_children_owns_pets_child pets_child  '_id' in [, , , ]  .pets_grand_child  , limit: null
3000;1;users  .children  .children_owns_pets pets  '_id' in [, , , ]  .grand_children_owns_pets grand_children  '_id' in [, , , ]  .grand2_children '_id' in [, , , ] .grand3_children  .grand4_children  .grand5_children  .grand5_children_owns_pets_child pets_child  '_id' in [, , , ]  .pets_grand_child  , limit: null
3000;1;users '_id' in [, , , ] .children '_id' in [, , , ] .children_owns_pets pets  '_id' in [, , , ]  .pets_child  .grand_children_owns_pets_child grand_children  '_id' in [, , , ]  .grand_children_owns_pets_grand_child pets_grand_child  '_id' in [, , , ]  , limit: null
3000;1;users '_id' in [, , , ] .children  .children_owns_pets pets  '_id' in [, , , ]  .pets_child '_id' in [, , , ] .grand_children_owns_pets_child grand_children  '_id' in [, , , ]  .grand2_children  .grand2_children_owns_pets_grand_child pets_grand_child  '_id' in [, , , ]  , limit: null
3000;1;users  .children '_id' in [, , , ] .children_owns_pets pets  '_id' in [, , , ]  .pets_child  .grand_children_owns_pets_child grand_children  '_id' in [, , , ]  .grand2_children  .grand3_children  .grand3_children_owns_pets_grand_child pets_grand_child  '_id' in [, ]  , limit: null
3000;1;users '_id' in [, , , ] .children  .children_owns_pets pets  '_id' in [, , , ]  .pets_child  .grand_children_owns_pets_child grand_children  '_id' in [, , , ]  .grand2_children  .grand3_children  .grand4_children  .grand4_children_owns_pets_grand_child pets_grand_child  '_id' in [, , , ]  , limit: null
3000;1;users  .children  .children_owns_pets pets  '_id' in [, , , ]  .pets_child '_id' in [, , , ] .grand_children_owns_pets_child grand_children  '_id' in [, , , ]  .grand2_children  .grand3_children  .grand4_children  .grand5_children  .grand5_children_owns_pets_grand_child pets_grand_child  '_id' in [, , , ]  , limit: null
3000;1;users '_id' in [, , , ] .children '_id' in [, ] .grand_children  .grand_children_owns_pets pets  '_id' in [, , , ]  .grand2_children_owns_pets grand2_children  '_id' in [, , , ]  .grand2_children_owns_pets_child pets_child  '_id' in [, , , ]  .pets_grand_child  , limit: null
3000;1;users  .children '_id' in [, , , ] .grand_children  .grand_children_owns_pets pets  '_id' in [, , , ]  .grand2_children_owns_pets grand2_children  '_id' in [, , , ]  .grand3_children  .grand3_children_owns_pets_child pets_child  '_id' in [, , , ]  .pets_grand_child  , limit: null
3000;1;users '_id' in [, , , ] .children  .grand_children  .grand_children_owns_pets pets  '_id' in [, , , ]  .grand2_children_owns_pets grand2_children  '_id' in [, , , ]  .grand3_children  .grand4_children  .grand4_children_owns_pets_child pets_child  '_id' in [, , , ]  .pets_grand_child  , limit: null
3000;1;users  .children  .grand_children  .grand_children_owns_pets pets  '_id' in [, , , ]  .grand2_children_owns_pets grand2_children  '_id' in [, , , ]  .grand3_children  .grand4_children  .grand5_children  .grand5_children_owns_pets_child pets_child  '_id' in [, , , ]  .pets_grand_child '_id' in [, , , ] , limit: null
3000;1;users '_id' in [, ] .children '_id' in [, , , ] .grand_children  .grand_children_owns_pets pets  '_id' in [, , , ]  .pets_child  .grand2_children_owns_pets_child grand2_children  '_id' in [, , , ]  .grand2_children_owns_pets_grand_child pets_grand_child  '_id' in [, , , ]  , limit: null
3000;1;users  .children  .grand_children '_id' in [, , , ] .grand_children_owns_pets pets  '_id' in [, , , ]  .pets_child  .grand2_children_owns_pets_child grand2_children  '_id' in [, , , ]  .grand3_children  .grand3_children_owns_pets_grand_child pets_grand_child  '_id' in [, , , ]  , limit: null
3000;1;users  .children '_id' in [, , , ] .grand_children  .grand_children_owns_pets pets  '_id' in [, , , ]  .pets_child  .grand2_children_owns_pets_child grand2_children  '_id' in [, , , ]  .grand3_children  .grand4_children  .grand4_children_owns_pets_grand_child pets_grand_child  '_id' in [, , , ]  , limit: null
3000;1;users  .children  .grand_children '_id' in [, , , ] .grand_children_owns_pets pets  '_id' in [, , , ]  .pets_child  .grand2_children_owns_pets_child grand2_children  '_id' in [, , , ]  .grand3_children  .grand4_children  .grand5_children  .grand5_children_owns_pets_grand_child pets_grand_child  '_id' in [, , , ]  , limit: null
3000;1;users  .children '_id' in [, , , ] .grand_children  .grand2_children  .grand2_children_owns_pets pets  '_id' in [, , , ]  .grand3_children_owns_pets grand3_children  '_id' in [, , , ]  .grand3_children_owns_pets_child pets_child  '_id' in [, , , ]  .pets_grand_child  , limit: null
3000;1;users  .children  .grand_children  .grand2_children '_id' in [, , , ] .grand2_children_owns_pets pets  '_id' in [, , , ]  .grand3_children_owns_pets grand3_children  '_id' in [, , , ]  .grand4_children  .grand4_children_owns_pets_child pets_child  '_id' in [, ]  .pets_grand_child  , limit: null
3000;1;users  .children  .grand_children '_id' in [, , , ] .grand2_children  .grand2_children_owns_pets pets  '_id' in [, , , ]  .grand3_children_owns_pets grand3_children  '_id' in [, ]  .grand4_children  .grand5_children  .grand5_children_owns_pets_child pets_child  '_id' in [, , , ]  .pets_grand_child  , limit: null
3000;1;users  .children  .grand_children '_id' in [, , , ] .grand2_children  .grand2_children_owns_pets pets  '_id' in [, , , ]  .pets_child  .grand3_children_owns_pets_child grand3_children  '_id' in [, , , ]  .grand3_children_owns_pets_grand_child pets_grand_child  '_id' in [, , , ]  , limit: null
3000;1;users  .children  .grand_children  .grand2_children '_id' in [, , , ] .grand2_children_owns_pets pets  '_id' in [, , , ]  .pets_child  .grand3_children_owns_pets_child grand3_children  '_id' in [, , , ]  .grand4_children  .grand4_children_owns_pets_grand_child pets_grand_child  '_id' in [, , , ]  , limit: null
3000;1;users  .children  .grand_children '_id' in [, , , ] .grand2_children  .grand2_children_owns_pets pets  '_id' in [, , , ]  .pets_child  .grand3_children_owns_pets_child grand3_children  '_id' in [, , , ]  .grand4_children  .grand5_children  .grand5_children_owns_pets_grand_child pets_grand_child  '_id' in [, , , ]  , limit: null
3000;1;users  .children  .grand_children '_id' in [, , , ] .grand2_children  .grand3_children  .grand3_children_owns_pets pets  '_id' in [, , , ]  .grand4_children_owns_pets grand4_children  '_id' in [, , , ]  .grand4_children_owns_pets_child pets_child  '_id' in [, , , ]  .pets_grand_child  , limit: null
3000;1;users  .children  .grand_children '_id' in [, , , ] .grand2_children  .grand3_children  .grand3_children_owns_pets pets  '_id' in [, , , ]  .grand4_children_owns_pets grand4_children  '_id' in [, , , ]  .grand5_children  .grand5_children_owns_pets_child pets_child  '_id' in [, , , ]  .pets_grand_child  , limit: null
3000;1;users  .children  .grand_children '_id' in [, ] .grand2_children  .grand3_children  .grand3_children_owns_pets pets  '_id' in [, , , ]  .pets_child  .grand4_children_owns_pets_child grand4_children  '_id' in [, , , ]  .grand4_children_owns_pets_grand_child pets_grand_child  '_id' in [, , , ]  , limit: null
3000;1;users  .children  .grand_children '_id' in [, , , ] .grand2_children  .grand3_children  .grand3_children_owns_pets pets  '_id' in [, , , ]  .pets_child  .grand4_children_owns_pets_child grand4_children  '_id' in [, , , ]  .grand5_children  .grand5_children_owns_pets_grand_child pets_grand_child  '_id' in [, , , ]  , limit: null
3000;1;users  .children  .grand_children  .grand2_children  .grand3_children  .grand4_children  .grand4_children_owns_pets pets  '_id' in [, , , ]  .grand5_children_owns_pets grand5_children  '_id' in [, , , ]  .grand5_children_owns_pets_child pets_child  '_id' in [, , , ]  .pets_grand_child '_id' in [, , , ] , limit: null
3000;1;users  .children  .grand_children '_id' in [, , , ] .grand2_children  .grand3_children  .grand4_children  .grand4_children_owns_pets pets  '_id' in [, ]  .pets_child  .grand5_children_owns_pets_child grand5_children  '_id' in [, , , ]  .grand5_children_owns_pets_grand_child pets_grand_child  '_id' in [, , , ]  , limit: null
3000;65;users 'age' in [, , , ] , limit: null
3000;1;users 'name' in [, , , ] .children 'age' in [, , , ] , limit: null
3000;1;users 'age' in [, , , ] .children  .grand_children 'name' in [, , , ] , limit: null
3000;1;users 'name' in [, , , ] .children  .grand_children 'age' in [, , , ] .grand2_children  , limit: null
3000;52;users  .children  .grand_children 'age' in [, , , ] .grand2_children  .grand3_children  , limit: null
3000;64;users  .children  .grand_children  .grand2_children  .grand3_children 'age' in [, , , ] .grand4_children  , limit: null
3000;3;users  .children  .grand_children  .grand2_children  .grand3_children  .grand4_children 'name' in [, , , ] .grand5_children  , limit: null
3000;31;users 'age' in [, ] .users_owns_pets pets    , limit: null
3000;1;users 'name' in [, , , ] .users_owns_pets pets 'nickname' in [, , , ]   .pets_child 'age' in [, , , ] , limit: null
3000;6;users 'age' in [, , , ] .users_owns_pets pets    .pets_child 'age' in [, , , ] .pets_grand_child  , limit: null
3000;1;users 'name' in [, , , ] .children 'age' in [, , , ] .children_owns_pets pets  'animal' in [, ]  , limit: null
3000;1;users  .children 'age' in [, , , ] .children_owns_pets pets 'since' in [, , , ]   .pets_child 'animal' in [, , , ] , limit: null
3000;1;users 'age' in [, , , ] .children  .children_owns_pets pets 'nickname' in [, ]   .pets_child  .pets_grand_child 'animal' in [, , , ] , limit: null
3000;1;users 'name' in [, , , ] .children 'name' in [, , , ] .grand_children  .grand_children_owns_pets pets 'nickname' in [, , , ]   , limit: null
3000;1;users 'name' in [, , , ] .children  .grand_children  .grand_children_owns_pets pets 'since' in [, , , ]   .pets_child 'age' in [, , , ] , limit: null
3000;4;users 'name' in [, , , ] .children  .grand_children  .grand_children_owns_pets pets    .pets_child  .pets_grand_child  , limit: null
3000;1;users 'name' in [, ] .children 'age' in [, , , ] .grand_children  .grand2_children  .grand2_children_owns_pets pets    , limit: null
3000;14;users  .children  .grand_children  .grand2_children  .grand2_children_owns_pets pets    .pets_child 'animal' in [, , , ] , limit: null
3000;17;users  .children  .grand_children  .grand2_children  .grand2_children_owns_pets pets    .pets_child  .pets_grand_child 'animal' in [, , , ] , limit: null
3000;1;users 'name' in [, , , ] .children  .grand_children  .grand2_children  .grand3_children  .grand3_children_owns_pets pets 'nickname' in [, , , ]   , limit: null
3000;66;users  .children  .grand_children  .grand2_children 'age' in [, , , ] .grand3_children  .grand3_children_owns_pets pets    .pets_child  , limit: null
3000;2;users  .children  .grand_children 'name' in [, , , ] .grand2_children  .grand3_children  .grand3_children_owns_pets pets 'since' in [, , , ]   .pets_child  .pets_grand_child  , limit: null
3000;7;users 'age' in [, , , ] .children  .grand_children  .grand2_children  .grand3_children  .grand4_children  .grand4_children_owns_pets pets  'age' in [, , , ]  , limit: null
3000;2;users  .children  .grand_children 'name' in [, , , ] .grand2_children  .grand3_children  .grand4_children  .grand4_children_owns_pets pets    .pets_child  , limit: null
3000;1;users  .children  .grand_children  .grand2_children  .grand3_children  .grand4_children 'name' in [, , , ] .grand4_children_owns_pets pets  'animal' in [, , , ]  .pets_child  .pets_grand_child  , limit: null
3000;59;users  .children  .grand_children  .grand2_children 'age' in [, , , ] .grand3_children  .grand4_children  .grand5_children  .grand5_children_owns_pets pets    , limit: null
3000;10;users  .children  .grand_children  .grand2_children  .grand3_children 'age' in [, , , ] .grand4_children  .grand5_children  .grand5_children_owns_pets pets  'age' in [, , , ]  .pets_child  , limit: null
3000;8;users  .children  .grand_children  .grand2_children 'age' in [, , , ] .grand3_children  .grand4_children  .grand5_children  .grand5_children_owns_pets pets  'age' in [, , , ]  .pets_child  .pets_grand_child  , limit: null
3000;1;pets 'animal' in [, , , ] .users_owns_pets users  'age' in [, , , ]  , limit: null
3000;33;pets 'age' in [, , , ] .pets_child 'age' in [, , , ] .users_owns_pets_child users    , limit: null
3000;30;pets  .pets_child 'age' in [, , , ] .pets_grand_child 'age' in [, , , ] .users_owns_pets_grand_child users    , limit: null
3000;1;pets 'age' in [, ] .users_owns_pets users    .children 'name' in [, , , ] , limit: null
3000;1;pets  .pets_child 'animal' in [, , , ] .users_owns_pets_child users 'nickname' in [, , , ]   .children 'age' in [, , , ] , limit: null
3000;3;pets  .pets_child  .pets_grand_child 'age' in [, , , ] .users_owns_pets_grand_child users    .children 'age' in [, ] , limit: null
3000;1;pets  .users_owns_pets users  'age' in [, , , ]  .children 'name' in [, , , ] .grand_children 'age' in [, , , ] , limit: null
3000;8;pets  .pets_child 'age' in [, , , ] .users_owns_pets_child users    .children  .grand_children 'age' in [, , , ] , limit: null
3000;3;pets  .pets_child  .pets_grand_child  .users_owns_pets_grand_child users  'age' in [, , , ]  .children 'age' in [, , , ] .grand_children  , limit: null
3000;1;pets  .users_owns_pets users    .children 'age' in [, , , ] .grand_children  .grand2_children 'name' in [, , , ] , limit: null
3000;1;pets  .pets_child  .users_owns_pets_child users  'name' in [, , , ]  .children  .grand_children 'name' in [, , , ] .grand2_children  , limit: null
3000;1;pets  .pets_child  .pets_grand_child 'animal' in [, , , ] .users_owns_pets_grand_child users 'since' in [, , , ]   .children  .grand_children  .grand2_children  , limit: null
3000;2;pets  .users_owns_pets users 'since' in [, ]   .children  .grand_children  .grand2_children  .grand3_children 'name' in [, , , ] , limit: null
3000;2;pets  .pets_child  .users_owns_pets_child users  'age' in [, , , ]  .children  .grand_children  .grand2_children 'age' in [, ] .grand3_children  , limit: null
3000;8;pets  .pets_child 'animal' in [, , , ] .pets_grand_child  .users_owns_pets_grand_child users    .children  .grand_children  .grand2_children  .grand3_children  , limit: null
3000;4;pets  .users_owns_pets users  'age' in [, , , ]  .children 'age' in [, , , ] .grand_children  .grand2_children  .grand3_children  .grand4_children  , limit: null
3000;2;pets  .pets_child  .users_owns_pets_child users    .children  .grand_children  .grand2_children  .grand3_children 'name' in [, , , ] .grand4_children  , limit: null
3000;1;pets  .pets_child 'age' in [, ] .pets_grand_child  .users_owns_pets_grand_child users  'name' in [, , , ]  .children  .grand_children  .grand2_children  .grand3_children  .grand4_children  , limit: null
3000;1;pets  .users_owns_pets users 'nickname' in [, , , ]   .children  .grand_children  .grand2_children  .grand3_children  .grand4_children  .grand5_children 'name' in [, , , ] , limit: null
3000;65;pets  .pets_child  .users_owns_pets_child users    .children 'age' in [, , , ] .grand_children  .grand2_children  .grand3_children  .grand4_children  .grand5_children  , limit: null
3000;31;pets 'age' in [, , , ] .pets_child  .pets_grand_child  .users_owns_pets_grand_child users 'since' in [, , , ]   .children  .grand_children  .grand2_children  .grand3_children  .grand4_children  .grand5_children  , limit: null
3000;1;users 'name' in [, , , ] .users_owns_pets pets  'age' in [, , , ]  .children_owns_pets children  'name' in [, , , ]  , limit: null
3000;1;users 'age' in [, , , ] .users_owns_pets pets  'age' in [, , , ]  .children_owns_pets children 'nickname' in [, , , ]   , limit: null
3000;1;users 'name' in [, , , ] .users_owns_pets pets  'animal' in [, , , ]  .children_owns_pets children 'nickname' in [, , , ]   .grand_children 'age' in [, , , ] , limit: null
3000;1;users  .users_owns_pets pets  'animal' in [, ]  .children_owns_pets children 'nickname' in [, , , ]   .grand_children 'age' in [, , , ] .grand2_children 'age' in [, , , ] , limit: null
3000;1;users 'name' in [, , , ] .users_owns_pets pets 'since' in [, , , ]   .children_owns_pets children  'age' in [, ]  .grand_children  .grand2_children  .grand3_children 'name' in [, , , ] , limit: null
3000;1;users  .users_owns_pets pets 'since' in [, , , ]   .children_owns_pets children  'age' in [, , , ]  .grand_children  .grand2_children  .grand3_children  .grand4_children 'name' in [, , , ] , limit: null
3000;1;users 'age' in [, , , ] .users_owns_pets pets 'nickname' in [, , , ]   .children_owns_pets children  'age' in [, , , ]  .grand_children  .grand2_children  .grand3_children  .grand4_children  .grand5_children  , limit: null
3000;1;users 'age' in [, , , ] .users_owns_pets pets  'age' in [, , , ]  .pets_child 'animal' in [, , , ] .children_owns_pets_child children 'nickname' in [, , , ]   , limit: null
3000;1;users 'name' in [, , , ] .users_owns_pets pets 'since' in [, , , ]   .pets_child 'age' in [, , , ] .children_owns_pets_child children 'since' in [, , , ]   , limit: null
3000;1;users  .users_owns_pets pets 'nickname' in [, , , ]   .pets_child 'animal' in [, , , ] .children_owns_pets_child children 'since' in [, , , ]   .grand_children 'name' in [, , , ] , limit: null
3000;1;users  .users_owns_pets pets 'since' in [, , , ]   .pets_child  .children_owns_pets_child children 'nickname' in [, , , ]   .grand_children 'age' in [, , , ] .grand2_children 'age' in [, , , ] , limit: null
3000;1;users  .users_owns_pets pets  'animal' in [, , , ]  .pets_child  .children_owns_pets_child children 'nickname' in [, , , ]   .grand_children  .grand2_children  .grand3_children 'name' in [, , , ] , limit: null
3000;1;users  .users_owns_pets pets 'since' in [, , , ]   .pets_child  .children_owns_pets_child children  'name' in [, , , ]  .grand_children  .grand2_children 'name' in [, , , ] .grand3_children  .grand4_children  , limit: null
3000;1;users 'name' in [, , , ] .users_owns_pets pets 'since' in [, , , ]   .pets_child  .children_owns_pets_child children  'age' in [, , , ]  .grand_children  .grand2_children  .grand3_children  .grand4_children  .grand5_children  , limit: null
3000;1;users  .users_owns_pets pets  'age' in [, , , ]  .pets_child 'age' in [, , , ] .pets_grand_child 'animal' in [, , , ] .children_owns_pets_grand_child children 'since' in [, , , ]   , limit: null
3000;1;users 'age' in [, , , ] .users_owns_pets pets 'since' in [, , , ]   .pets_child 'animal' in [, , , ] .pets_grand_child  .children_owns_pets_grand_child children  'name' in [, , , ]  , limit: null
3000;1;users 'name' in [, , , ] .users_owns_pets pets  'animal' in [, , , ]  .pets_child 'animal' in [, , , ] .pets_grand_child  .children_owns_pets_grand_child children 'nickname' in [, , , ]   .grand_children  , limit: null
3000;1;users  .users_owns_pets pets  'age' in [, , , ]  .pets_child  .pets_grand_child  .children_owns_pets_grand_child children  'age' in [, , , ]  .grand_children  .grand2_children 'name' in [, , , ] , limit: null
3000;1;users  .users_owns_pets pets 'since' in [, , , ]   .pets_child  .pets_grand_child  .children_owns_pets_grand_child children  'age' in [, , , ]  .grand_children  .grand2_children 'name' in [, ] .grand3_children  , limit: null
3000;1;users  .users_owns_pets pets  'animal' in [, , , ]  .pets_child  .pets_grand_child  .children_owns_pets_grand_child children  'age' in [, , , ]  .grand_children  .grand2_children  .grand3_children 'age' in [, , , ] .grand4_children  , limit: null
3000;1;users  .users_owns_pets pets  'animal' in [, , , ]  .pets_child  .pets_grand_child  .children_owns_pets_grand_child children 'since' in [, , , ]   .grand_children  .grand2_children  .grand3_children  .grand4_children  .grand5_children 'age' in [, , , ] , limit: null
3000;1;users 'name' in [, , , ] .children 'age' in [, , , ] .children_owns_pets pets 'since' in [, , , ]   .grand_children_owns_pets grand_children  'name' in [, , , ]  , limit: null
3000;1;users 'age' in [, , , ] .children 'age' in [, , , ] .children_owns_pets pets  'age' in [, , , ]  .grand_children_owns_pets grand_children  'age' in [, , , ]  , limit: null
3000;1;users 'name' in [, , , ] .children 'name' in [, , , ] .children_owns_pets pets  'age' in [, , , ]  .grand_children_owns_pets grand_children  'age' in [, , , ]  , limit: null
3000;1;users 'name' in [, , , ] .children 'name' in [, , , ] .children_owns_pets pets 'since' in [, , , ]   .grand_children_owns_pets grand_children 'nickname' in [, , , ]   .grand2_children  , limit: null
3000;1;users 'age' in [, , , ] .children 'name' in [, , , ] .children_owns_pets pets 'nickname' in [, , , ]   .grand_children_owns_pets grand_children 'since' in [, , , ]   .grand2_children  .grand3_children  , limit: null
3000;1;users  .children  .children_owns_pets pets  'animal' in [, , , ]  .grand_children_owns_pets grand_children 'since' in [, ]   .grand2_children 'name' in [, , , ] .grand3_children  .grand4_children  , limit: null
3000;1;users 'name' in [, , , ] .children  .children_owns_pets pets  'age' in [, , , ]  .pets_child 'animal' in [, , , ] .grand_children_owns_pets_child grand_children 'nickname' in [, , , ]   , limit: null
3000;1;users  .children 'name' in [, , , ] .children_owns_pets pets 'nickname' in [, , , ]   .pets_child 'age' in [, , , ] .grand_children_owns_pets_child grand_children 'nickname' in [, , , ]   , limit: null
3000;1;users  .children 'age' in [, , , ] .children_owns_pets pets 'nickname' in [, , , ]   .pets_child 'age' in [, ] .grand_children_owns_pets_child grand_children  'age' in [, ]  , limit: null
3000;1;users  .children 'name' in [, , , ] .children_owns_pets pets  'animal' in [, , , ]  .pets_child  .grand_children_owns_pets_child grand_children  'name' in [, , , ]  .grand2_children 'age' in [, , , ] , limit: null
3000;1;users  .children  .children_owns_pets pets  'animal' in [, ]  .pets_child 'animal' in [, ] .grand_children_owns_pets_child grand_children  'age' in [, , , ]  .grand2_children  .grand3_children  , limit: null
3000;1;users  .children  .children_owns_pets pets  'age' in [, , , ]  .pets_child  .grand_children_owns_pets_child grand_children  'name' in [, , , ]  .grand2_children  .grand3_children  .grand4_children 'age' in [, , , ] , limit: null
3000;1;users  .children 'age' in [, , , ] .children_owns_pets pets 'since' in [, , , ]   .pets_child  .pets_grand_child 'age' in [, , , ] .grand_children_owns_pets_grand_child grand_children 'since' in [, , , ]   , limit: null
3000;1;users  .children 'age' in [, , , ] .children_owns_pets pets  'animal' in [, , , ]  .pets_child  .pets_grand_child 'age' in [, , , ] .grand_children_owns_pets_grand_child grand_children  'name' in [, ]  , limit: null
3000;1;users  .children  .children_owns_pets pets  'age' in [, ]  .pets_child 'animal' in [, , , ] .pets_grand_child 'animal' in [, , , ] .grand_children_owns_pets_grand_child grand_children  'name' in [, , , ]  , limit: null
3000;1;users  .children  .children_owns_pets pets  'age' in [, , , ]  .pets_child  .pets_grand_child 'animal' in [, , , ] .grand_children_owns_pets_grand_child grand_children 'nickname' in [, , , ]   .grand2_children  , limit: null
3000;1;users  .children  .children_owns_pets pets  'age' in [, , , ]  .pets_child  .pets_grand_child  .grand_children_owns_pets_grand_child grand_children 'since' in [, , , ]   .grand2_children 'age' in [, , , ] .grand3_children  , limit: null
3000;1;users  .children  .children_owns_pets pets  'animal' in [, , , ]  .pets_child 'animal' in [, , , ] .pets_grand_child  .grand_children_owns_pets_grand_child grand_children 'since' in [, , , ]   .grand2_children  .grand3_children  .grand4_children  , limit: null
3000;1;users  .children 'age' in [, , , ] .grand_children 'name' in [, , , ] .grand_children_owns_pets pets  'age' in [, , , ]  .grand2_children_owns_pets grand2_children 'since' in [, , , ]   , limit: null
3000;1;users  .children 'name' in [, , , ] .grand_children 'age' in [, , , ] .grand_children_owns_pets pets  'age' in [, , , ]  .grand2_children_owns_pets grand2_children 'since' in [, , , ]   , limit: null
3000;1;users 'age' in [, , , ] .children  .grand_children 'name' in [, , , ] .grand_children_owns_pets pets  'animal' in [, , , ]  .grand2_children_owns_pets grand2_children 'nickname' in [, , , ]   , limit: null
3000;1;users  .children 'age' in [, , , ] .grand_children 'name' in [, , , ] .grand_children_owns_pets pets  'age' in [, , , ]  .grand2_children_owns_pets grand2_children 'nickname' in [, , , ]   , limit: null
3000;1;users 'age' in [, , , ] .children  .grand_children  .grand_children_owns_pets pets  'age' in [, , , ]  .grand2_children_owns_pets grand2_children  'age' in [, , , ]  .grand3_children 'age' in [, , , ] , limit: null
3000;1;users 'age' in [, , , ] .children 'age' in [, , , ] .grand_children  .grand_children_owns_pets pets  'animal' in [, ]  .pets_child  .grand2_children_owns_pets_child grand2_children  'age' in [, , , ]  , limit: null
3000;1;users 'name' in [, , , ] .children  .grand_children 'age' in [, , , ] .grand_children_owns_pets pets  'animal' in [, , , ]  .pets_child  .grand2_children_owns_pets_child grand2_children  'age' in [, , , ]  , limit: null
3000;1;users  .children 'age' in [, , , ] .grand_children 'name' in [, , , ] .grand_children_owns_pets pets  'age' in [, , , ]  .pets_child  .grand2_children_owns_pets_child grand2_children  'age' in [, , , ]  , limit: null
3000;1;users  .children  .grand_children 'age' in [, , , ] .grand_children_owns_pets pets  'age' in [, , , ]  .pets_child 'animal' in [, , , ] .grand2_children_owns_pets_child grand2_children  'age' in [, , , ]  , limit: null
3000;1;users  .children  .grand_children  .grand_children_owns_pets pets 'nickname' in [, , , ]   .pets_child 'animal' in [, , , ] .grand2_children_owns_pets_child grand2_children 'nickname' in [, , , ]   .grand3_children  , limit: null
3000;1;users 'name' in [, , , ] .children  .grand_children  .grand_children_owns_pets pets  'animal' in [, , , ]  .pets_child  .pets_grand_child  .grand2_children_owns_pets_grand_child grand2_children  'age' in [, , , ]  , limit: null
3000;1;users 'age' in [, , , ] .children  .grand_children  .grand_children_owns_pets pets  'age' in [, ]  .pets_child  .pets_grand_child  .grand2_children_owns_pets_grand_child grand2_children 'since' in [, , , ]   , limit: null
3000;1;users  .children  .grand_children  .grand_children_owns_pets pets 'nickname' in [, , , ]   .pets_child  .pets_grand_child 'animal' in [, , , ] .grand2_children_owns_pets_grand_child grand2_children  'name' in [, , , ]  , limit: null
3000;1;users  .children  .grand_children 'name' in [, , , ] .grand_children_owns_pets pets  'animal' in [, , , ]  .pets_child  .pets_grand_child  .grand2_children_owns_pets_grand_child grand2_children  'age' in [, , , ]  , limit: null
3000;1;users  .children 'age' in [, , , ] .grand_children  .grand_children_owns_pets pets  'age' in [, , , ]  .pets_child  .pets_grand_child  .grand2_children_owns_pets_grand_child grand2_children  'name' in [, , , ]  .grand3_children  , limit: null
3000;1;users 'name' in [, , , ] .children 'name' in [, , , ] .grand_children  .grand2_children  .grand2_children_owns_pets pets  'age' in [, , , ]  .grand3_children_owns_pets grand3_children 'since' in [, ]   , limit: null
3000;1;users  .children  .grand_children 'name' in [, , , ] .grand2_children 'name' in [, , , ] .grand2_children_owns_pets pets  'animal' in [, , , ]  .grand3_children_owns_pets grand3_children  'name' in [, , , ]  , limit: null
3000;1;users  .children  .grand_children 'name' in [, , , ] .grand2_children 'age' in [, , , ] .grand2_children_owns_pets pets 'since' in [, ]   .grand3_children_owns_pets grand3_children 'nickname' in [, ]   , limit: null
3000;1;users  .children  .grand_children 'name' in [, , , ] .grand2_children 'name' in [, , , ] .grand2_children_owns_pets pets 'nickname' in [, , , ]   .grand3_children_owns_pets grand3_children  'name' in [, , , ]  , limit: null
3000;2;users  .children  .grand_children 'name' in [, , , ] .grand2_children  .grand2_children_owns_pets pets  'age' in [, , , ]  .pets_child  .grand3_children_owns_pets_child grand3_children 'since' in [, , , ]   , limit: null
3000;1;users  .children  .grand_children  .grand2_children  .grand2_children_owns_pets pets  'age' in [, , , ]  .pets_child 'animal' in [, ] .grand3_children_owns_pets_child grand3_children 'nickname' in [, , , ]   , limit: null
3000;1;users  .children 'name' in [, , , ] .grand_children  .grand2_children  .grand2_children_owns_pets pets  'age' in [, , , ]  .pets_child  .grand3_children_owns_pets_child grand3_children  'age' in [, , , ]  , limit: null
3000;1;users  .children  .grand_children  .grand2_children 'name' in [, , , ] .grand2_children_owns_pets pets 'nickname' in [, , , ]   .pets_child  .grand3_children_owns_pets_child grand3_children 'since' in [, , , ]   , limit: null
3000;1;users  .children  .grand_children  .grand2_children 'age' in [, , , ] .grand2_children_owns_pets pets  'animal' in [, , , ]  .pets_child  .pets_grand_child  .grand3_children_owns_pets_grand_child grand3_children  'name' in [, , , ]  , limit: null
3000;1;users  .children  .grand_children  .grand2_children  .grand2_children_owns_pets pets  'animal' in [, , , ]  .pets_child  .pets_grand_child 'animal' in [, , , ] .grand3_children_owns_pets_grand_child grand3_children 'since' in [, , , ]   , limit: null
3000;1;users  .children  .grand_children 'name' in [, , , ] .grand2_children  .grand2_children_owns_pets pets 'nickname' in [, , , ]   .pets_child  .pets_grand_child  .grand3_children_owns_pets_grand_child grand3_children  'age' in [, , , ]  , limit: null
3000;1;users  .children  .grand_children 'name' in [, , , ] .grand2_children  .grand2_children_owns_pets pets 'nickname' in [, ]   .pets_child  .pets_grand_child  .grand3_children_owns_pets_grand_child grand3_children 'since' in [, , , ]   , limit: null
3000;1;users  .children  .grand_children 'name' in [, , , ] .grand2_children  .grand3_children  .grand3_children_owns_pets pets 'since' in [, , , ]   .grand4_children_owns_pets grand4_children  'name' in [, , , ]  , limit: null
3000;1;users  .children 'name' in [, , , ] .grand_children  .grand2_children  .grand3_children  .grand3_children_owns_pets pets 'nickname' in [, , , ]   .grand4_children_owns_pets grand4_children  'name' in [, , , ]  , limit: null
3000;1;users  .children  .grand_children 'age' in [, , , ] .grand2_children  .grand3_children  .grand3_children_owns_pets pets 'nickname' in [, , , ]   .grand4_children_owns_pets grand4_children 'nickname' in [, , , ]   , limit: null
3000;1;users  .children 'name' in [, , , ] .grand_children  .grand2_children  .grand3_children  .grand3_children_owns_pets pets 'since' in [, , , ]   .pets_child  .grand4_children_owns_pets_child grand4_children 'since' in [, , , ]   , limit: null
3000;1;users  .children  .grand_children 'name' in [, , , ] .grand2_children  .grand3_children  .grand3_children_owns_pets pets  'animal' in [, , , ]  .pets_child  .grand4_children_owns_pets_child grand4_children  'age' in [, , , ]  , limit: null
3000;1;users  .children  .grand_children  .grand2_children  .grand3_children 'name' in [, , , ] .grand3_children_owns_pets pets 'nickname' in [, , , ]   .pets_child  .grand4_children_owns_pets_child grand4_children  'name' in [, , , ]  , limit: null
3000;1;users  .children 'age' in [, , , ] .grand_children  .grand2_children  .grand3_children  .grand3_children_owns_pets pets 'nickname' in [, , , ]   .pets_child  .pets_grand_child  .grand4_children_owns_pets_grand_child grand4_children 'since' in [, , , ]   , limit: null
3000;1;users  .children  .grand_children  .grand2_children 'name' in [, , , ] .grand3_children  .grand3_children_owns_pets pets  'age' in [, , , ]  .pets_child  .pets_grand_child  .grand4_children_owns_pets_grand_child grand4_children  'age' in [, , , ]  , limit: null
3000;1;users  .children  .grand_children 'name' in [, , , ] .grand2_children  .grand3_children  .grand3_children_owns_pets pets  'animal' in [, , , ]  .pets_child  .pets_grand_child  .grand4_children_owns_pets_grand_child grand4_children  'age' in [, , , ]  , limit: null
3000;1;users  .children 'name' in [, , , ] .grand_children  .grand2_children  .grand3_children  .grand4_children  .grand4_children_owns_pets pets 'since' in [, , , ]   .grand5_children_owns_pets grand5_children  'age' in [, , , ]  , limit: null
3000;1;users 'name' in [, , , ] .children  .grand_children  .grand2_children  .grand3_children  .grand4_children  .grand4_children_owns_pets pets 'since' in [, , , ]   .grand5_children_owns_pets grand5_children  'name' in [, , , ]  , limit: null
3000;1;users 'age' in [, , , ] .children  .grand_children  .grand2_children  .grand3_children  .grand4_children  .grand4_children_owns_pets pets 'since' in [, , , ]   .pets_child  .grand5_children_owns_pets_child grand5_children 'since' in [, , , ]   , limit: null
3000;1;users  .children  .grand_children  .grand2_children 'age' in [, , , ] .grand3_children  .grand4_children  .grand4_children_owns_pets pets  'animal' in [, , , ]  .pets_child  .grand5_children_owns_pets_child grand5_children  'age' in [, , , ]  , limit: null
3000;1;users  .children  .grand_children  .grand2_children 'name' in [, , , ] .grand3_children  .grand4_children  .grand4_children_owns_pets pets 'nickname' in [, , , ]   .pets_child  .pets_grand_child  .grand5_children_owns_pets_grand_child grand5_children  'age' in [, , , ]  , limit: null
3000;1;users 'name' in [, , , ] .children  .grand_children  .grand2_children  .grand3_children  .grand4_children  .grand4_children_owns_pets pets 'since' in [, , , ]   .pets_child  .pets_grand_child  .grand5_children_owns_pets_grand_child grand5_children 'nickname' in [, , , ]   , limit: null
3000;1;users 'age' in [, , , ] .users_owns_pets pets 'nickname' in [, , , ]   .children_owns_pets children  'age' in [, , , ]  .children_owns_pets_child pets_child 'nickname' in [, , , ]   .pets_grand_child 'age' in [, , , ] , limit: null
3000;1;users  .users_owns_pets pets 'nickname' in [, , , ]   .children_owns_pets children 'nickname' in [, , , ]   .grand_children 'name' in [, , , ] .grand_children_owns_pets_child pets_child 'nickname' in [, , , ]   .pets_grand_child 'animal' in [, , , ] , limit: null
3000;1;users  .users_owns_pets pets 'nickname' in [, , , ]   .children_owns_pets children  'age' in [, , , ]  .grand_children 'age' in [, , , ] .grand2_children 'age' in [, , , ] .grand2_children_owns_pets_child pets_child  'age' in [, , , ]  .pets_grand_child  , limit: null
3000;1;users  .users_owns_pets pets 'nickname' in [, , , ]   .children_owns_pets children 'since' in [, , , ]   .grand_children 'name' in [, , , ] .grand2_children  .grand3_children  .grand3_children_owns_pets_child pets_child  'age' in [, , , ]  .pets_grand_child  , limit: null
3000;1;users  .users_owns_pets pets 'since' in [, , , ]   .children_owns_pets children  'age' in [, , , ]  .grand_children  .grand2_children  .grand3_children  .grand4_children 'age' in [, , , ] .grand4_children_owns_pets_child pets_child 'since' in [, , , ]   .pets_grand_child  , limit: null
3000;1;users  .users_owns_pets pets 'since' in [, , , ]   .children_owns_pets children  'age' in [, , , ]  .grand_children 'name' in [, , , ] .grand2_children  .grand3_children  .grand4_children  .grand5_children  .grand5_children_owns_pets_child pets_child 'since' in [, , , ]   .pets_grand_child  , limit: null
3000;1;users 'age' in [, , , ] .users_owns_pets pets 'since' in [, , , ]   .pets_child 'age' in [, , , ] .children_owns_pets_child children  'age' in [, , , ]  .children_owns_pets_grand_child pets_grand_child  'animal' in [, , , ]  , limit: null
3000;1;users 'name' in [, , , ] .users_owns_pets pets  'animal' in [, , , ]  .pets_child  .children_owns_pets_child children 'nickname' in [, , , ]   .grand_children 'name' in [, , , ] .grand_children_owns_pets_grand_child pets_grand_child 'since' in [, , , ]   , limit: null
3000;1;users 'age' in [, , , ] .users_owns_pets pets  'animal' in [, , , ]  .pets_child 'animal' in [, , , ] .children_owns_pets_child children 'since' in [, , , ]   .grand_children  .grand2_children  .grand2_children_owns_pets_grand_child pets_grand_child  'age' in [, , , ]  , limit: null
3000;1;users  .users_owns_pets pets  'age' in [, , , ]  .pets_child  .children_owns_pets_child children  'age' in [, , , ]  .grand_children  .grand2_children  .grand3_children 'name' in [, , , ] .grand3_children_owns_pets_grand_child pets_grand_child 'nickname' in [, , , ]   , limit: null
3000;1;users  .users_owns_pets pets  'age' in [, , , ]  .pets_child  .children_owns_pets_child children  'name' in [, , , ]  .grand_children  .grand2_children  .grand3_children 'name' in [, , , ] .grand4_children  .grand4_children_owns_pets_grand_child pets_grand_child 'nickname' in [, , , ]   , limit: null
3000;1;users  .users_owns_pets pets 'since' in [, , , ]   .pets_child 'age' in [, , , ] .children_owns_pets_child children 'since' in [, , , ]   .grand_children  .grand2_children  .grand3_children  .grand4_children  .grand5_children  .grand5_children_owns_pets_grand_child pets_grand_child 'nickname' in [, , , ]   , limit: null
3000;1;users 'age' in [, , , ] .children 'name' in [, , , ] .children_owns_pets pets  'age' in [, , , ]  .grand_children_owns_pets grand_children 'since' in [, , , ]   .grand_children_owns_pets_child pets_child 'nickname' in [, , , ]   .pets_grand_child  , limit: null
3000;1;users  .children 'age' in [, , , ] .children_owns_pets pets 'since' in [, ]   .grand_children_owns_pets grand_children  'name' in [, , , ]  .grand2_children 'name' in [, , , ] .grand2_children_owns_pets_child pets_child 'since' in [, ]   .pets_grand_child  , limit: null
3000;1;users  .children  .children_owns_pets pets  'animal' in [, , , ]  .grand_children_owns_pets grand_children  'age' in [, , , ]  .grand2_children 'name' in [, , , ] .grand3_children  .grand3_children_owns_pets_child pets_child 'nickname' in [, , , ]   .pets_grand_child  , limit: null
3000;1;users  .children  .children_owns_pets pets  'animal' in [, , , ]  .grand_children_owns_pets grand_children 'nickname' in [, , , ]   .grand2_children 'name' in [, , , ] .grand3_children  .grand4_children  .grand4_children_owns_pets_child pets_child 'since' in [, , , ]   .pets_grand_child  , limit: null
3000;1;users 'name' in [, , , ] .children  .children_owns_pets pets 'nickname' in [, , , ]   .grand_children_owns_pets grand_children 'nickname' in [, , , ]   .grand2_children  .grand3_children  .grand4_children  .grand5_children  .grand5_children_owns_pets_child pets_child 'nickname' in [, , , ]   .pets_grand_child  , limit: null
3000;1;users 'age' in [, , , ] .children  .children_owns_pets pets 'since' in [, , , ]   .pets_child 'age' in [, , , ] .grand_children_owns_pets_child grand_children 'nickname' in [, , , ]   .grand_children_owns_pets_grand_child pets_grand_child  'age' in [, , , ]  , limit: null
3000;1;users  .children  .children_owns_pets pets  'age' in [, , , ]  .pets_child 'animal' in [, ] .grand_children_owns_pets_child grand_children 'since' in [, , , ]   .grand2_children 'name' in [, , , ] .grand2_children_owns_pets_grand_child pets_grand_child  'age' in [, , , ]  , limit: null
3000;1;users 'age' in [, , , ] .children  .children_owns_pets pets  'age' in [, , , ]  .pets_child  .grand_children_owns_pets_child grand_children  'age' in [, , , ]  .grand2_children  .grand3_children  .grand3_children_owns_pets_grand_child pets_grand_child  'animal' in [, , , ]  , limit: null
3000;1;users  .children  .children_owns_pets pets 'nickname' in [, , , ]   .pets_child 'animal' in [, , , ] .grand_children_owns_pets_child grand_children  'name' in [, , , ]  .grand2_children  .grand3_children  .grand4_children  .grand4_children_owns_pets_grand_child pets_grand_child 'since' in [, ]   , limit: null
3000;1;users  .children  .children_owns_pets pets  'animal' in [, ]  .pets_child  .grand_children_owns_pets_child grand_children 'nickname' in [, , , ]   .grand2_children  .grand3_children 'age' in [, , , ] .grand4_children  .grand5_children  .grand5_children_owns_pets_grand_child pets_grand_child  'animal' in [, , , ]  , limit: null
3000;1;users  .children 'age' in [, , , ] .grand_children 'age' in [, , , ] .grand_children_owns_pets pets 'nickname' in [, , , ]   .grand2_children_owns_pets grand2_children 'since' in [, , , ]   .grand2_children_owns_pets_child pets_child  'age' in [, , , ]  .pets_grand_child  , limit: null
3000;1;users  .children 'name' in [, , , ] .grand_children  .grand_children_owns_pets pets 'since' in [, , , ]   .grand2_children_owns_pets grand2_children  'age' in [, , , ]  .grand3_children  .grand3_children_owns_pets_child pets_child  'animal' in [, , , ]  .pets_grand_child  , limit: null
3000;1;users  .children 'name' in [, , , ] .grand_children  .grand_children_owns_pets pets 'since' in [, , , ]   .grand2_children_owns_pets grand2_children  'age' in [, , , ]  .grand3_children  .grand4_children  .grand4_children_owns_pets_child pets_child  'age' in [, , , ]  .pets_grand_child  , limit: null
3000;1;users  .children  .grand_children  .grand_children_owns_pets pets  'animal' in [, , , ]  .grand2_children_owns_pets grand2_children  'age' in [, , , ]  .grand3_children  .grand4_children 'age' in [, , , ] .grand5_children  .grand5_children_owns_pets_child pets_child  'age' in [, , , ]  .pets_grand_child  , limit: null
3000;1;users 'age' in [, , , ] .children  .grand_children  .grand_children_owns_pets pets 'nickname' in [, , , ]   .pets_child 'animal' in [, , , ] .grand2_children_owns_pets_child grand2_children  'name' in [, , , ]  .grand2_children_owns_pets_grand_child pets_grand_child 'nickname' in [, , , ]   , limit: null
3000;1;users  .children  .grand_children  .grand_children_owns_pets pets  'animal' in [, , , ]  .pets_child 'animal' in [, , , ] .grand2_children_owns_pets_child grand2_children  'name' in [, , , ]  .grand3_children  .grand3_children_owns_pets_grand_child pets_grand_child 'since' in [, , , ]   , limit: null
3000;1;users  .children  .grand_children  .grand_children_owns_pets pets  'age' in [, , , ]  .pets_child  .grand2_children_owns_pets_child grand2_children 'since' in [, , , ]   .grand3_children 'age' in [, , , ] .grand4_children  .grand4_children_owns_pets_grand_child pets_grand_child 'nickname' in [, , , ]   , limit: null
3000;1;users  .children  .grand_children  .grand_children_owns_pets pets  'age' in [, , , ]  .pets_child  .grand2_children_owns_pets_child grand2_children  'age' in [, , , ]  .grand3_children  .grand4_children 'name' in [, , , ] .grand5_children  .grand5_children_owns_pets_grand_child pets_grand_child 'since' in [, , , ]   , limit: null
3000;1;users 'name' in [, , , ] .children  .grand_children  .grand2_children  .grand2_children_owns_pets pets 'nickname' in [, , , ]   .grand3_children_owns_pets grand3_children  'age' in [, , , ]  .grand3_children_owns_pets_child pets_child  'animal' in [, , , ]  .pets_grand_child  , limit: null
3000;1;users  .children  .grand_children  .grand2_children  .grand2_children_owns_pets pets 'since' in [, , , ]   .grand3_children_owns_pets grand3_children  'name' in [, , , ]  .grand4_children 'name' in [, , , ] .grand4_children_owns_pets_child pets_child 'nickname' in [, , , ]   .pets_grand_child  , limit: null
3000;1;users  .children  .grand_children  .grand2_children  .grand2_children_owns_pets pets  'animal' in [, , , ]  .grand3_children_owns_pets grand3_children 'since' in [, , , ]   .grand4_children  .grand5_children 'name' in [, , , ] .grand5_children_owns_pets_child pets_child 'nickname' in [, , , ]   .pets_grand_child  , limit: null
3000;1;users  .children  .grand_children  .grand2_children  .grand2_children_owns_pets pets  'age' in [, , , ]  .pets_child 'age' in [, , , ] .grand3_children_owns_pets_child grand3_children  'name' in [, ]  .grand3_children_owns_pets_grand_child pets_grand_child 'nickname' in [, , , ]   , limit: null
3000;1;users 'name' in [, , , ] .children  .grand_children  .grand2_children  .grand2_children_owns_pets pets  'animal' in [, , , ]  .pets_child  .grand3_children_owns_pets_child grand3_children 'since' in [, , , ]   .grand4_children  .grand4_children_owns_pets_grand_child pets_grand_child  'age' in [, ]  , limit: null
3000;1;users  .children  .grand_children 'age' in [, , , ] .grand2_children  .grand2_children_owns_pets pets  'age' in [, , , ]  .pets_child  .grand3_children_owns_pets_child grand3_children  'age' in [, , , ]  .grand4_children  .grand5_children  .grand5_children_owns_pets_grand_child pets_grand_child  'animal' in [, , , ]  , limit: null
3000;1;users  .children 'name' in [, , , ] .grand_children  .grand2_children  .grand3_children  .grand3_children_owns_pets pets 'nickname' in [, , , ]   .grand4_children_owns_pets grand4_children 'nickname' in [, , , ]   .grand4_children_owns_pets_child pets_child  'age' in [, , , ]  .pets_grand_child  , limit: null
3000;1;users  .children  .grand_children  .grand2_children  .grand3_children  .grand3_children_owns_pets pets  'animal' in [, , , ]  .grand4_children_owns_pets grand4_children 'nickname' in [, , , ]   .grand5_children 'age' in [, , , ] .grand5_children_owns_pets_child pets_child 'since' in [, , , ]   .pets_grand_child  , limit: null
3000;1;users  .children  .grand_children  .grand2_children  .grand3_children 'name' in [, , , ] .grand3_children_owns_pets pets  'animal' in [, , , ]  .pets_child  .grand4_children_owns_pets_child grand4_children 'nickname' in [, , , ]   .grand4_children_owns_pets_grand_child pets_grand_child  'age' in [, , , ]  , limit: null
3000;1;users 'age' in [, , , ] .children  .grand_children  .grand2_children  .grand3_children  .grand3_children_owns_pets pets 'since' in [, , , ]   .pets_child  .grand4_children_owns_pets_child grand4_children  'name' in [, , , ]  .grand5_children  .grand5_children_owns_pets_grand_child pets_grand_child  'age' in [, , , ]  , limit: null
3000;1;users  .children  .grand_children  .grand2_children 'name' in [, , , ] .grand3_children  .grand4_children  .grand4_children_owns_pets pets 'nickname' in [, , , ]   .grand5_children_owns_pets grand5_children  'name' in [, , , ]  .grand5_children_owns_pets_child pets_child 'since' in [, ]   .pets_grand_child  , limit: null
3000;1;users  .children  .grand_children  .grand2_children 'name' in [, , , ] .grand3_children  .grand4_children  .grand4_children_owns_pets pets  'animal' in [, ]  .pets_child  .grand5_children_owns_pets_child grand5_children 'since' in [, , , ]   .grand5_children_owns_pets_grand_child pets_grand_child 'since' in [, , , ]   , limit: null
3000;1647;users 'age' > 45.049899999999994 , limit: null
3000;347;users 'age' > 39.049899999999994 .children 'age' > 80.0499 , limit: null
3000;843;users 'age' > 56.049899999999994 .children  .grand_children 'age' > 33.049899999999994 , limit: null
3000;206;users 'age' > 69.0499 .children 'age' > 78.0499 .grand_children  .grand2_children  , limit: null
3000;1088;users  .children  .grand_children 'age' > 61.049899999999994 .grand2_children  .grand3_children  , limit: null
3000;2463;users 'age' > 17.0499 .children  .grand_children  .grand2_children  .grand3_children  .grand4_children  , limit: null
3000;1288;users  .children  .grand_children  .grand2_children  .grand3_children  .grand4_children  .grand5_children 'age' > 56.0999 , limit: null
3000;52;users 'age' > 94.0499 .users_owns_pets pets 'since' > 12.049900000000001   , limit: null
3000;1085;users 'age' > -2.9501000000000004 .users_owns_pets pets  'age' > 6.0499  .pets_child 'age' > 8.049900000000001 , limit: null
3000;56;users  .users_owns_pets pets 'since' > 18.0499   .pets_child 'age' > 10.049900000000001 .pets_grand_child 'age' > 4.0499 , limit: null
3000;36;users 'age' > 86.0499 .children 'age' > -0.9501000000000002 .children_owns_pets pets  'age' > 17.0499  , limit: null
3000;821;users 'age' > -2.9501000000000004 .children 'age' > 44.049899999999994 .children_owns_pets pets 'since' > 10.049900000000001   .pets_child  , limit: null
3000;234;users  .children 'age' > 86.0499 .children_owns_pets pets  'age' > 3.0498999999999996  .pets_child 'age' > 5.0499 .pets_grand_child  , limit: null
3000;1013;users 'age' > -1.9501000000000002 .children 'age' > 66.0499 .grand_children  .grand_children_owns_pets pets    , limit: null
3000;298;users 'age' > 50.049899999999994 .children  .grand_children  .grand_children_owns_pets pets  'age' > 12.049900000000001  .pets_child 'age' > 8.049900000000001 , limit: null
3000;1682;users  .children  .grand_children  .grand_children_owns_pets pets    .pets_child 'age' > 8.049900000000001 .pets_grand_child  , limit: null
3000;318;users  .children  .grand_children 'age' > 44.049899999999994 .grand2_children 'age' > 79.0499 .grand2_children_owns_pets pets    , limit: null
3000;1015;users  .children  .grand_children  .grand2_children  .grand2_children_owns_pets pets 'since' > 7.0499   .pets_child 'age' > 8.049900000000001 , limit: null
3000;3000;users 'age' > -4.9501 .children  .grand_children  .grand2_children  .grand2_children_owns_pets pets    .pets_child  .pets_grand_child  , limit: null
3000;1909;users  .children 'age' > 36.049899999999994 .grand_children  .grand2_children  .grand3_children  .grand3_children_owns_pets pets    , limit: null
3000;178;users  .children 'age' > 93.0499 .grand_children  .grand2_children  .grand3_children  .grand3_children_owns_pets pets    .pets_child  , limit: null
3000;2298;users  .children 'age' > 8.049900000000001 .grand_children  .grand2_children  .grand3_children  .grand3_children_owns_pets pets  'age' > 2.0498999999999996  .pets_child  .pets_grand_child  , limit: null
3000;362;users 'age' > 23.0499 .children  .grand_children  .grand2_children  .grand3_children  .grand4_children  .grand4_children_owns_pets pets  'age' > 16.0499  , limit: null
3000;1160;users  .children  .grand_children  .grand2_children  .grand3_children  .grand4_children 'age' > -2.9501000000000004 .grand4_children_owns_pets pets 'since' > 11.049900000000001   .pets_child  , limit: null
3000;2451;users  .children 'age' > 17.0499 .grand_children  .grand2_children  .grand3_children  .grand4_children  .grand4_children_owns_pets pets    .pets_child  .pets_grand_child  , limit: null
3000;1400;users  .children  .grand_children  .grand2_children  .grand3_children 'age' > 52.049899999999994 .grand4_children  .grand5_children  .grand5_children_owns_pets pets    , limit: null
3000;455;users  .children  .grand_children  .grand2_children 'age' > 82.0499 .grand3_children  .grand4_children  .grand5_children  .grand5_children_owns_pets pets  'age' > 1.0498999999999998  .pets_child  , limit: null
3000;269;users  .children  .grand_children  .grand2_children  .grand3_children  .grand4_children  .grand5_children 'age' > 62.0999 .grand5_children_owns_pets pets 'since' > 14.049900000000001   .pets_child  .pets_grand_child  , limit: null
3000;993;pets 'age' > 11.049900000000001 .users_owns_pets users  'age' > 15.049900000000001  , limit: null
3000;408;pets 'age' > 6.0499 .pets_child 'age' > 15.049900000000001 .users_owns_pets_child users    , limit: null
3000;545;pets  .pets_child 'age' > 3.0498999999999996 .pets_grand_child 'age' > 14.049900000000001 .users_owns_pets_grand_child users  'age' > 8.049900000000001  , limit: null
3000;1671;pets 'age' > 3.0498999999999996 .users_owns_pets users    .children 'age' > 29.0499 , limit: null
3000;897;pets  .pets_child 'age' > 2.0498999999999996 .users_owns_pets_child users  'age' > 54.049899999999994  .children 'age' > 21.0499 , limit: null
3000;227;pets 'age' > 16.0499 .pets_child  .pets_grand_child 'age' > 6.0499 .users_owns_pets_grand_child users  'age' > 24.0499  .children  , limit: null
3000;946;pets 'age' > 10.049900000000001 .users_owns_pets users    .children  .grand_children 'age' > 27.0499 , limit: null
3000;1581;pets 'age' > 1.0498999999999998 .pets_child  .users_owns_pets_child users 'since' > 7.0499   .children 'age' > 4.0499 .grand_children  , limit: null
3000;1639;pets  .pets_child  .pets_grand_child  .users_owns_pets_grand_child users 'since' > 5.0499   .children 'age' > 20.0499 .grand_children  , limit: null
3000;2265;pets 'age' > 4.0499 .users_owns_pets users    .children  .grand_children 'age' > -2.9501000000000004 .grand2_children  , limit: null
3000;758;pets 'age' > 14.049900000000001 .pets_child  .users_owns_pets_child users    .children  .grand_children  .grand2_children  , limit: null
3000;686;pets  .pets_child  .pets_grand_child  .users_owns_pets_grand_child users    .children  .grand_children 'age' > 75.0499 .grand2_children  , limit: null
3000;2032;pets  .users_owns_pets users  'age' > 4.0499  .children  .grand_children  .grand2_children  .grand3_children 'age' > 28.0499 , limit: null
3000;350;pets  .pets_child  .users_owns_pets_child users    .children  .grand_children 'age' > 87.0499 .grand2_children  .grand3_children  , limit: null
3000;512;pets  .pets_child  .pets_grand_child 'age' > 15.049900000000001 .users_owns_pets_grand_child users 'since' > 3.0498999999999996   .children  .grand_children  .grand2_children  .grand3_children  , limit: null
3000;460;pets  .users_owns_pets users    .children 'age' > 84.0499 .grand_children  .grand2_children  .grand3_children  .grand4_children  , limit: null
3000;745;pets  .pets_child  .users_owns_pets_child users 'since' > 6.0499   .children  .grand_children 'age' > 60.049899999999994 .grand2_children  .grand3_children  .grand4_children  , limit: null
3000;1455;pets  .pets_child  .pets_grand_child  .users_owns_pets_grand_child users    .children  .grand_children  .grand2_children  .grand3_children 'age' > 50.049899999999994 .grand4_children  , limit: null
3000;2024;pets  .users_owns_pets users 'since' > 2.0498999999999996   .children  .grand_children  .grand2_children  .grand3_children  .grand4_children  .grand5_children 'age' > 20.0999 , limit: null
3000;758;pets  .pets_child  .users_owns_pets_child users  'age' > 46.049899999999994  .children  .grand_children  .grand2_children 'age' > 52.049899999999994 .grand3_children  .grand4_children  .grand5_children  , limit: null
3000;111;pets  .pets_child  .pets_grand_child 'age' > 11.049900000000001 .users_owns_pets_grand_child users  'age' > 89.0499  .children  .grand_children  .grand2_children  .grand3_children  .grand4_children  .grand5_children  , limit: null
3000;143;users 'age' > 78.0499 .users_owns_pets pets  'age' > 1.0498999999999998  .children_owns_pets children 'since' > 15.049900000000001   , limit: null
3000;391;users 'age' > 42.049899999999994 .users_owns_pets pets 'since' > 13.049900000000001   .children_owns_pets children  'age' > 25.0499  , limit: null
3000;76;users 'age' > 48.049899999999994 .users_owns_pets pets  'age' > 15.049900000000001  .children_owns_pets children 'since' > 12.049900000000001   .grand_children 'age' > 24.0499 , limit: null
3000;311;users 'age' > 32.049899999999994 .users_owns_pets pets 'since' > 8.049900000000001   .children_owns_pets children 'since' > 6.0499   .grand_children 'age' > 57.049899999999994 .grand2_children  , limit: null
3000;667;users  .users_owns_pets pets 'since' > 1.0498999999999998   .children_owns_pets children  'age' > 13.049900000000001  .grand_children  .grand2_children 'age' > 65.0499 .grand3_children 'age' > 14.049900000000001 , limit: null
3000;106;users  .users_owns_pets pets  'age' > 1.0498999999999998  .children_owns_pets children  'age' > 84.0499  .grand_children  .grand2_children  .grand3_children 'age' > 73.0499 .grand4_children  , limit: null
3000;2011;users  .users_owns_pets pets 'since' > 1.0498999999999998   .children_owns_pets children  'age' > 1.0498999999999998  .grand_children  .grand2_children 'age' > 22.0499 .grand3_children  .grand4_children  .grand5_children  , limit: null
3000;2;users 'age' > 60.049899999999994 .users_owns_pets pets  'age' > 18.0499  .pets_child 'age' > 16.0499 .children_owns_pets_child children 'since' > 17.0499   , limit: null
3000;930;users 'age' > 18.0499 .users_owns_pets pets 'since' > 9.049900000000001   .pets_child 'age' > 0.04989999999999993 .children_owns_pets_child children 'since' > 3.0498999999999996   , limit: null
3000;17;users  .users_owns_pets pets  'age' > 7.0499  .pets_child 'age' > 2.0498999999999996 .children_owns_pets_child children  'age' > 82.0499  .grand_children 'age' > 90.0499 , limit: null
3000;1;users  .users_owns_pets pets  'age' > 14.049900000000001  .pets_child 'age' > 17.0499 .children_owns_pets_child children  'age' > 89.0499  .grand_children  .grand2_children 'age' > 83.0499 , limit: null
3000;289;users  .users_owns_pets pets  'age' > 16.0499  .pets_child  .children_owns_pets_child children 'since' > 7.0499   .grand_children  .grand2_children  .grand3_children 'age' > 3.0498999999999996 , limit: null
3000;4;users  .users_owns_pets pets 'since' > 15.049900000000001   .pets_child  .children_owns_pets_child children  'age' > 89.0499  .grand_children 'age' > 93.0499 .grand2_children  .grand3_children  .grand4_children  , limit: null
3000;111;users  .users_owns_pets pets 'since' > 14.049900000000001   .pets_child 'age' > 16.0499 .children_owns_pets_child children  'age' > -3.9501000000000004  .grand_children  .grand2_children  .grand3_children  .grand4_children  .grand5_children  , limit: null
3000;569;users 'age' > 49.049899999999994 .users_owns_pets pets 'since' > 10.049900000000001   .pets_child  .pets_grand_child 'age' > 3.0498999999999996 .children_owns_pets_grand_child children  'age' > -2.9501000000000004  , limit: null
3000;109;users  .users_owns_pets pets 'since' > -0.9501000000000001   .pets_child 'age' > 15.049900000000001 .pets_grand_child 'age' > -0.9501000000000001 .children_owns_pets_grand_child children 'since' > 16.0499   , limit: null
3000;110;users  .users_owns_pets pets  'age' > 11.049900000000001  .pets_child  .pets_grand_child 'age' > -0.9501000000000001 .children_owns_pets_grand_child children  'age' > 85.0499  .grand_children 'age' > 26.0499 , limit: null
3000;304;users  .users_owns_pets pets  'age' > 1.0498999999999998  .pets_child 'age' > 15.049900000000001 .pets_grand_child  .children_owns_pets_grand_child children  'age' > 47.049899999999994  .grand_children  .grand2_children  , limit: null
3000;30;users 'age' > 77.0499 .users_owns_pets pets  'age' > 2.0498999999999996  .pets_child  .pets_grand_child  .children_owns_pets_grand_child children 'since' > 18.0499   .grand_children  .grand2_children  .grand3_children  , limit: null
3000;240;users  .users_owns_pets pets  'age' > 6.0499  .pets_child  .pets_grand_child 'age' > 12.049900000000001 .children_owns_pets_grand_child children  'age' > 66.0499  .grand_children  .grand2_children  .grand3_children  .grand4_children  , limit: null
3000;959;users  .users_owns_pets pets  'age' > -0.9501000000000001  .pets_child  .pets_grand_child  .children_owns_pets_grand_child children  'age' > 25.0499  .grand_children  .grand2_children  .grand3_children  .grand4_children  .grand5_children 'age' > 56.0999 , limit: null
3000;107;users 'age' > 82.0499 .children 'age' > -0.9501000000000002 .children_owns_pets pets  'age' > 1.0498999999999998  .grand_children_owns_pets grand_children  'age' > 73.0499  , limit: null
3000;950;users 'age' > 12.049900000000001 .children 'age' > 40.049899999999994 .children_owns_pets pets  'age' > 6.0499  .grand_children_owns_pets grand_children  'age' > 4.0499  , limit: null
3000;93;users 'age' > 64.0499 .children 'age' > 62.049899999999994 .children_owns_pets pets 'since' > 3.0498999999999996   .grand_children_owns_pets grand_children 'since' > 13.049900000000001   , limit: null
3000;261;users 'age' > 84.0499 .children  .children_owns_pets pets 'since' > 4.0499   .grand_children_owns_pets grand_children  'age' > 17.0499  .grand2_children 'age' > 4.0499 , limit: null
3000;13;users  .children  .children_owns_pets pets  'age' > 17.0499  .grand_children_owns_pets grand_children  'age' > 50.049899999999994  .grand2_children 'age' > 47.049899999999994 .grand3_children 'age' > 87.0499 , limit: null
3000;98;users  .children  .children_owns_pets pets  'age' > 18.0499  .grand_children_owns_pets grand_children 'since' > 6.0499   .grand2_children 'age' > 6.0499 .grand3_children  .grand4_children  , limit: null
3000;1472;users  .children 'age' > 7.0499 .children_owns_pets pets  'age' > 0.04989999999999993  .pets_child 'age' > 2.0498999999999996 .grand_children_owns_pets_child grand_children 'since' > 6.0499   , limit: null
3000;17;users 'age' > 94.0499 .children 'age' > 50.049899999999994 .children_owns_pets pets 'since' > 4.0499   .pets_child  .grand_children_owns_pets_child grand_children 'since' > 14.049900000000001   , limit: null
3000;824;users 'age' > 22.0499 .children 'age' > 53.049899999999994 .children_owns_pets pets  'age' > 1.0498999999999998  .pets_child  .grand_children_owns_pets_child grand_children 'since' > 2.0498999999999996   , limit: null
3000;651;users  .children  .children_owns_pets pets 'since' > 4.0499   .pets_child 'age' > 1.0498999999999998 .grand_children_owns_pets_child grand_children 'since' > 7.0499   .grand2_children 'age' > 45.049899999999994 , limit: null
3000;330;users  .children 'age' > 82.0499 .children_owns_pets pets 'since' > 4.0499   .pets_child  .grand_children_owns_pets_child grand_children  'age' > 12.049900000000001  .grand2_children  .grand3_children  , limit: null
3000;7;users 'age' > 88.0499 .children  .children_owns_pets pets 'since' > 18.0499   .pets_child  .grand_children_owns_pets_child grand_children  'age' > 63.049899999999994  .grand2_children  .grand3_children  .grand4_children  , limit: null
3000;22;users 'age' > 75.0499 .children  .children_owns_pets pets  'age' > 9.049900000000001  .pets_child  .pets_grand_child 'age' > 10.049900000000001 .grand_children_owns_pets_grand_child grand_children 'since' > 16.0499   , limit: null
3000;210;users  .children 'age' > 74.0499 .children_owns_pets pets  'age' > 8.049900000000001  .pets_child  .pets_grand_child 'age' > 0.04989999999999993 .grand_children_owns_pets_grand_child grand_children  'age' > 46.049899999999994  , limit: null
3000;193;users 'age' > 21.0499 .children 'age' > 68.0499 .children_owns_pets pets 'since' > 14.049900000000001   .pets_child  .pets_grand_child  .grand_children_owns_pets_grand_child grand_children  'age' > 13.049900000000001  , limit: null
3000;2353;users  .children  .children_owns_pets pets 'since' > 2.0498999999999996   .pets_child 'age' > -0.9501000000000001 .pets_grand_child  .grand_children_owns_pets_grand_child grand_children 'since' > 1.0498999999999998   .grand2_children  , limit: null
3000;262;users  .children  .children_owns_pets pets 'since' > 10.049900000000001   .pets_child  .pets_grand_child 'age' > 12.049900000000001 .grand_children_owns_pets_grand_child grand_children  'age' > 43.049899999999994  .grand2_children  .grand3_children  , limit: null
3000;940;users  .children  .children_owns_pets pets  'age' > 0.04989999999999993  .pets_child  .pets_grand_child  .grand_children_owns_pets_grand_child grand_children  'age' > 55.049899999999994  .grand2_children  .grand3_children  .grand4_children 'age' > 21.0499 , limit: null
3000;256;users  .children 'age' > -4.9501 .grand_children 'age' > 80.0499 .grand_children_owns_pets pets  'age' > 8.049900000000001  .grand2_children_owns_pets grand2_children 'since' > 2.0498999999999996   , limit: null
3000;7;users 'age' > 55.049899999999994 .children  .grand_children 'age' > 89.0499 .grand_children_owns_pets pets 'since' > 15.049900000000001   .grand2_children_owns_pets grand2_children  'age' > 71.0499  , limit: null
3000;189;users 'age' > 58.049899999999994 .children 'age' > 53.049899999999994 .grand_children  .grand_children_owns_pets pets 'since' > 9.049900000000001   .grand2_children_owns_pets grand2_children 'since' > 6.0499   , limit: null
3000;207;users 'age' > 29.0499 .children 'age' > 21.0499 .grand_children  .grand_children_owns_pets pets  'age' > 16.0499  .grand2_children_owns_pets grand2_children 'since' > 1.0498999999999998   , limit: null
3000;24;users  .children 'age' > 75.0499 .grand_children 'age' > 17.0499 .grand_children_owns_pets pets 'since' > 17.0499   .grand2_children_owns_pets grand2_children 'since' > 11.049900000000001   .grand3_children  , limit: null
3000;254;users 'age' > -1.9501000000000002 .children  .grand_children  .grand_children_owns_pets pets 'since' > 2.0498999999999996   .pets_child 'age' > 1.0498999999999998 .grand2_children_owns_pets_child grand2_children  'age' > 88.0499  , limit: null
3000;52;users 'age' > 94.0499 .children 'age' > 18.0499 .grand_children  .grand_children_owns_pets pets 'since' > 9.049900000000001   .pets_child  .grand2_children_owns_pets_child grand2_children  'age' > 16.0499  , limit: null
3000;104;users  .children  .grand_children 'age' > 6.0499 .grand_children_owns_pets pets  'age' > 3.0498999999999996  .pets_child 'age' > 17.0499 .grand2_children_owns_pets_child grand2_children  'age' > 56.049899999999994  , limit: null
3000;1553;users 'age' > 28.0499 .children  .grand_children  .grand_children_owns_pets pets 'since' > 0.04989999999999993   .pets_child 'age' > 2.0498999999999996 .grand2_children_owns_pets_child grand2_children 'since' > 1.0498999999999998   , limit: null
3000;204;users  .children  .grand_children 'age' > 69.0499 .grand_children_owns_pets pets  'age' > 12.049900000000001  .pets_child  .grand2_children_owns_pets_child grand2_children  'age' > 30.0499  .grand3_children  , limit: null
3000;13;users  .children  .grand_children 'age' > 35.049899999999994 .grand_children_owns_pets pets 'since' > 18.0499   .pets_child  .pets_grand_child  .grand2_children_owns_pets_grand_child grand2_children 'since' > 15.049900000000001   , limit: null
3000;135;users 'age' > 71.0499 .children  .grand_children  .grand_children_owns_pets pets  'age' > 10.049900000000001  .pets_child  .pets_grand_child  .grand2_children_owns_pets_grand_child grand2_children  'age' > 65.0499  , limit: null
3000;298;users 'age' > 81.0499 .children  .grand_children  .grand_children_owns_pets pets 'since' > 6.0499   .pets_child  .pets_grand_child  .grand2_children_owns_pets_grand_child grand2_children 'since' > 3.0498999999999996   , limit: null
3000;27;users 'age' > 39.049899999999994 .children  .grand_children  .grand_children_owns_pets pets 'since' > 16.0499   .pets_child  .pets_grand_child  .grand2_children_owns_pets_grand_child grand2_children 'since' > 17.0499   , limit: null
3000;1245;users  .children  .grand_children  .grand_children_owns_pets pets  'age' > 2.0498999999999996  .pets_child 'age' > 6.0499 .pets_grand_child  .grand2_children_owns_pets_grand_child grand2_children 'since' > 4.0499   .grand3_children  , limit: null
3000;30;users 'age' > 82.0499 .children  .grand_children  .grand2_children 'age' > 46.049899999999994 .grand2_children_owns_pets pets 'since' > 16.0499   .grand3_children_owns_pets grand3_children 'since' > 4.0499   , limit: null
3000;94;users  .children 'age' > 73.0499 .grand_children 'age' > 6.0499 .grand2_children  .grand2_children_owns_pets pets 'since' > 6.0499   .grand3_children_owns_pets grand3_children  'age' > 80.0499  , limit: null
3000;485;users 'age' > -0.9501000000000002 .children  .grand_children  .grand2_children 'age' > 16.0499 .grand2_children_owns_pets pets 'since' > 12.049900000000001   .grand3_children_owns_pets grand3_children 'since' > 9.049900000000001   , limit: null
3000;824;users 'age' > 2.0498999999999996 .children  .grand_children 'age' > 58.049899999999994 .grand2_children  .grand2_children_owns_pets pets 'since' > -0.9501000000000001   .grand3_children_owns_pets grand3_children 'since' > 5.0499   , limit: null
3000;504;users 'age' > 40.049899999999994 .children  .grand_children  .grand2_children  .grand2_children_owns_pets pets 'since' > 1.0498999999999998   .pets_child  .grand3_children_owns_pets_child grand3_children 'since' > 13.049900000000001   , limit: null
3000;59;users  .children  .grand_children 'age' > 63.049899999999994 .grand2_children  .grand2_children_owns_pets pets  'age' > 18.0499  .pets_child  .grand3_children_owns_pets_child grand3_children 'since' > 2.0498999999999996   , limit: null
3000;1164;users  .children  .grand_children  .grand2_children  .grand2_children_owns_pets pets  'age' > -0.9501000000000001  .pets_child 'age' > 10.049900000000001 .grand3_children_owns_pets_child grand3_children 'since' > 2.0498999999999996   , limit: null
3000;428;users 'age' > 68.0499 .children  .grand_children  .grand2_children  .grand2_children_owns_pets pets  'age' > 10.049900000000001  .pets_child  .grand3_children_owns_pets_child grand3_children  'age' > 2.0498999999999996  , limit: null
3000;1173;users  .children 'age' > -1.9501000000000002 .grand_children  .grand2_children  .grand2_children_owns_pets pets  'age' > 6.0499  .pets_child  .pets_grand_child  .grand3_children_owns_pets_grand_child grand3_children  'age' > 38.049899999999994  , limit: null
3000;905;users 'age' > 20.0499 .children  .grand_children  .grand2_children  .grand2_children_owns_pets pets 'since' > 4.0499   .pets_child  .pets_grand_child  .grand3_children_owns_pets_grand_child grand3_children  'age' > 47.049899999999994  , limit: null
3000;76;users  .children  .grand_children  .grand2_children  .grand2_children_owns_pets pets  'age' > 12.049900000000001  .pets_child 'age' > 17.0499 .pets_grand_child  .grand3_children_owns_pets_grand_child grand3_children  'age' > 20.0499  , limit: null
3000;14;users  .children  .grand_children  .grand2_children  .grand2_children_owns_pets pets 'since' > 18.0499   .pets_child 'age' > 1.0498999999999998 .pets_grand_child  .grand3_children_owns_pets_grand_child grand3_children  'age' > 91.0499  , limit: null
3000;32;users 'age' > 64.0499 .children  .grand_children  .grand2_children  .grand3_children  .grand3_children_owns_pets pets 'since' > 18.0499   .grand4_children_owns_pets grand4_children 'since' > 10.049900000000001   , limit: null
3000;62;users  .children  .grand_children  .grand2_children  .grand3_children 'age' > 86.0499 .grand3_children_owns_pets pets  'age' > 9.049900000000001  .grand4_children_owns_pets grand4_children 'since' > 12.049900000000001   , limit: null
3000;126;users  .children  .grand_children  .grand2_children 'age' > 36.049899999999994 .grand3_children  .grand3_children_owns_pets pets 'since' > 10.049900000000001   .grand4_children_owns_pets grand4_children 'since' > 16.0499   , limit: null
3000;584;users  .children 'age' > 3.0498999999999996 .grand_children  .grand2_children  .grand3_children  .grand3_children_owns_pets pets  'age' > 10.049900000000001  .pets_child  .grand4_children_owns_pets_child grand4_children 'since' > 10.049900000000001   , limit: null
3000;71;users  .children 'age' > 84.0499 .grand_children  .grand2_children  .grand3_children  .grand3_children_owns_pets pets  'age' > 11.049900000000001  .pets_child  .grand4_children_owns_pets_child grand4_children 'since' > 10.049900000000001   , limit: null
3000;381;users  .children  .grand_children  .grand2_children  .grand3_children  .grand3_children_owns_pets pets 'since' > 11.049900000000001   .pets_child 'age' > 12.049900000000001 .grand4_children_owns_pets_child grand4_children 'since' > 1.0498999999999998   , limit: null
3000;425;users  .children  .grand_children  .grand2_children  .grand3_children  .grand3_children_owns_pets pets 'since' > 7.0499   .pets_child 'age' > 14.049900000000001 .pets_grand_child  .grand4_children_owns_pets_grand_child grand4_children 'since' > 1.0498999999999998   , limit: null
3000;53;users  .children  .grand_children 'age' > 86.0499 .grand2_children  .grand3_children  .grand3_children_owns_pets pets  'age' > 11.049900000000001  .pets_child  .pets_grand_child  .grand4_children_owns_pets_grand_child grand4_children  'age' > 58.049899999999994  , limit: null
3000;25;users  .children 'age' > 77.0499 .grand_children  .grand2_children  .grand3_children  .grand3_children_owns_pets pets 'since' > 18.0499   .pets_child  .pets_grand_child  .grand4_children_owns_pets_grand_child grand4_children  'age' > 16.0499  , limit: null
3000;191;users  .children  .grand_children  .grand2_children  .grand3_children  .grand4_children 'age' > 33.049899999999994 .grand4_children_owns_pets pets 'since' > 11.049900000000001   .grand5_children_owns_pets grand5_children  'age' > 74.09989999999999  , limit: null
3000;378;users 'age' > 40.049899999999994 .children  .grand_children  .grand2_children  .grand3_children  .grand4_children  .grand4_children_owns_pets pets  'age' > 12.049900000000001  .grand5_children_owns_pets grand5_children 'since' > 7.0499   , limit: null
3000;757;users  .children  .grand_children  .grand2_children 'age' > 63.049899999999994 .grand3_children  .grand4_children  .grand4_children_owns_pets pets 'since' > 5.0499   .pets_child  .grand5_children_owns_pets_child grand5_children 'since' > -0.9501000000000001   , limit: null
3000;160;users  .children 'age' > 87.0499 .grand_children  .grand2_children  .grand3_children  .grand4_children  .grand4_children_owns_pets pets 'since' > 7.0499   .pets_child  .grand5_children_owns_pets_child grand5_children  'age' > 19.0999  , limit: null
3000;146;users  .children 'age' > 87.0499 .grand_children  .grand2_children  .grand3_children  .grand4_children  .grand4_children_owns_pets pets 'since' > 6.0499   .pets_child  .pets_grand_child  .grand5_children_owns_pets_grand_child grand5_children  'age' > 36.0999  , limit: null
3000;2084;users  .children  .grand_children  .grand2_children 'age' > 16.0499 .grand3_children  .grand4_children  .grand4_children_owns_pets pets 'since' > 1.0498999999999998   .pets_child  .pets_grand_child  .grand5_children_owns_pets_grand_child grand5_children 'since' > 0.04989999999999993   , limit: null
3000;85;users 'age' > 75.0499 .users_owns_pets pets 'since' > 4.0499   .children_owns_pets children 'since' > -0.9501000000000001   .children_owns_pets_child pets_child 'since' > 6.0499   .pets_grand_child 'age' > 15.049900000000001 , limit: null
3000;464;users  .users_owns_pets pets 'since' > 9.049900000000001   .children_owns_pets children  'age' > 27.0499  .grand_children 'age' > 16.0499 .grand_children_owns_pets_child pets_child  'age' > 0.04989999999999993  .pets_grand_child 'age' > 9.049900000000001 , limit: null
3000;7;users  .users_owns_pets pets 'since' > 2.0498999999999996   .children_owns_pets children 'since' > 13.049900000000001   .grand_children 'age' > 41.049899999999994 .grand2_children  .grand2_children_owns_pets_child pets_child  'age' > 17.0499  .pets_grand_child 'age' > 17.0499 , limit: null
3000;2406;users  .users_owns_pets pets 'since' > -0.9501000000000001   .children_owns_pets children  'age' > 1.0498999999999998  .grand_children 'age' > 13.049900000000001 .grand2_children  .grand3_children  .grand3_children_owns_pets_child pets_child 'since' > 0.04989999999999993   .pets_grand_child  , limit: null
3000;72;users  .users_owns_pets pets 'since' > 17.0499   .children_owns_pets children 'since' > -0.9501000000000001   .grand_children 'age' > 74.0499 .grand2_children  .grand3_children  .grand4_children  .grand4_children_owns_pets_child pets_child  'age' > 0.04989999999999993  .pets_grand_child  , limit: null
3000;75;users 'age' > 67.0499 .users_owns_pets pets 'since' > 4.0499   .children_owns_pets children 'since' > 2.0498999999999996   .grand_children  .grand2_children  .grand3_children  .grand4_children  .grand5_children  .grand5_children_owns_pets_child pets_child 'since' > 17.0499   .pets_grand_child  , limit: null
3000;10;users 'age' > 49.049899999999994 .users_owns_pets pets  'age' > -0.9501000000000001  .pets_child 'age' > 15.049900000000001 .children_owns_pets_child children 'since' > 3.0498999999999996   .children_owns_pets_grand_child pets_grand_child 'since' > 18.0499   , limit: null
3000;61;users 'age' > 62.049899999999994 .users_owns_pets pets 'since' > 7.0499   .pets_child  .children_owns_pets_child children 'since' > 11.049900000000001   .grand_children 'age' > 14.049900000000001 .grand_children_owns_pets_grand_child pets_grand_child 'since' > 13.049900000000001   , limit: null
3000;17;users 'age' > 87.0499 .users_owns_pets pets  'age' > 1.0498999999999998  .pets_child  .children_owns_pets_child children  'age' > 92.0499  .grand_children  .grand2_children 'age' > 18.0499 .grand2_children_owns_pets_grand_child pets_grand_child  'age' > -0.9501000000000001  , limit: null
3000;5;users  .users_owns_pets pets 'since' > 11.049900000000001   .pets_child  .children_owns_pets_child children 'since' > 18.0499   .grand_children 'age' > 68.0499 .grand2_children  .grand3_children  .grand3_children_owns_pets_grand_child pets_grand_child 'since' > 11.049900000000001   , limit: null
3000;6;users  .users_owns_pets pets 'since' > 15.049900000000001   .pets_child  .children_owns_pets_child children 'since' > 13.049900000000001   .grand_children  .grand2_children  .grand3_children  .grand4_children 'age' > 80.0499 .grand4_children_owns_pets_grand_child pets_grand_child  'age' > 16.0499  , limit: null
3000;39;users  .users_owns_pets pets  'age' > 18.0499  .pets_child 'age' > 13.049900000000001 .children_owns_pets_child children  'age' > 10.049900000000001  .grand_children  .grand2_children  .grand3_children  .grand4_children  .grand5_children  .grand5_children_owns_pets_grand_child pets_grand_child 'since' > 3.0498999999999996   , limit: null
3000;737;users 'age' > 25.0499 .children 'age' > 41.049899999999994 .children_owns_pets pets  'age' > 6.0499  .grand_children_owns_pets grand_children  'age' > -1.9501000000000002  .grand_children_owns_pets_child pets_child 'since' > 2.0498999999999996   .pets_grand_child  , limit: null
3000;13;users 'age' > 4.0499 .children  .children_owns_pets pets 'since' > 16.0499   .grand_children_owns_pets grand_children 'since' > 17.0499   .grand2_children 'age' > 7.0499 .grand2_children_owns_pets_child pets_child  'age' > 13.049900000000001  .pets_grand_child  , limit: null
3000;44;users  .children  .children_owns_pets pets 'since' > 17.0499   .grand_children_owns_pets grand_children  'age' > 2.0498999999999996  .grand2_children  .grand3_children  .grand3_children_owns_pets_child pets_child  'age' > 13.049900000000001  .pets_grand_child 'age' > 8.049900000000001 , limit: null
3000;223;users  .children  .children_owns_pets pets 'since' > 0.04989999999999993   .grand_children_owns_pets grand_children  'age' > 58.049899999999994  .grand2_children  .grand3_children  .grand4_children 'age' > 52.049899999999994 .grand4_children_owns_pets_child pets_child 'since' > 10.049900000000001   .pets_grand_child  , limit: null
3000;100;users  .children  .children_owns_pets pets 'since' > 10.049900000000001   .grand_children_owns_pets grand_children  'age' > 63.049899999999994  .grand2_children  .grand3_children  .grand4_children 'age' > 1.0498999999999998 .grand5_children  .grand5_children_owns_pets_child pets_child  'age' > 15.049900000000001  .pets_grand_child  , limit: null
3000;91;users 'age' > 24.0499 .children  .children_owns_pets pets  'age' > 4.0499  .pets_child 'age' > 15.049900000000001 .grand_children_owns_pets_child grand_children 'since' > 7.0499   .grand_children_owns_pets_grand_child pets_grand_child  'age' > 10.049900000000001  , limit: null
3000;59;users 'age' > -2.9501000000000004 .children 'age' > 32.049899999999994 .children_owns_pets pets  'age' > 6.0499  .pets_child  .grand_children_owns_pets_child grand_children  'age' > 69.0499  .grand2_children  .grand2_children_owns_pets_grand_child pets_grand_child 'since' > 16.0499   , limit: null
3000;18;users  .children 'age' > 87.0499 .children_owns_pets pets 'since' > 10.049900000000001   .pets_child  .grand_children_owns_pets_child grand_children 'since' > 16.0499   .grand2_children  .grand3_children  .grand3_children_owns_pets_grand_child pets_grand_child  'age' > 6.0499  , limit: null
3000;47;users  .children  .children_owns_pets pets  'age' > 16.0499  .pets_child  .grand_children_owns_pets_child grand_children  'age' > 21.0499  .grand2_children  .grand3_children 'age' > 51.049899999999994 .grand4_children  .grand4_children_owns_pets_grand_child pets_grand_child 'since' > 15.049900000000001   , limit: null
3000;120;users  .children 'age' > 28.0499 .children_owns_pets pets 'since' > 17.0499   .pets_child  .grand_children_owns_pets_child grand_children  'age' > 26.0499  .grand2_children  .grand3_children  .grand4_children  .grand5_children  .grand5_children_owns_pets_grand_child pets_grand_child  'age' > 5.0499  , limit: null
3000;21;users  .children 'age' > 69.0499 .grand_children  .grand_children_owns_pets pets  'age' > 14.049900000000001  .grand2_children_owns_pets grand2_children 'since' > 13.049900000000001   .grand2_children_owns_pets_child pets_child  'age' > 6.0499  .pets_grand_child 'age' > 10.049900000000001 , limit: null
3000;8;users  .children  .grand_children 'age' > 93.0499 .grand_children_owns_pets pets 'since' > 16.0499   .grand2_children_owns_pets grand2_children  'age' > 55.049899999999994  .grand3_children  .grand3_children_owns_pets_child pets_child  'age' > 1.0498999999999998  .pets_grand_child  , limit: null
3000;75;users  .children  .grand_children 'age' > 63.049899999999994 .grand_children_owns_pets pets  'age' > 11.049900000000001  .grand2_children_owns_pets grand2_children  'age' > 69.0499  .grand3_children  .grand4_children  .grand4_children_owns_pets_child pets_child  'age' > 7.0499  .pets_grand_child  , limit: null
3000;798;users  .children  .grand_children  .grand_children_owns_pets pets  'age' > 0.04989999999999993  .grand2_children_owns_pets grand2_children 'since' > 9.049900000000001   .grand3_children  .grand4_children 'age' > 37.049899999999994 .grand5_children  .grand5_children_owns_pets_child pets_child  'age' > 2.0498999999999996  .pets_grand_child  , limit: null
3000;185;users  .children 'age' > 71.0499 .grand_children 'age' > 36.049899999999994 .grand_children_owns_pets pets 'since' > 10.049900000000001   .pets_child  .grand2_children_owns_pets_child grand2_children 'since' > -0.9501000000000001   .grand2_children_owns_pets_grand_child pets_grand_child  'age' > 4.0499  , limit: null
3000;1349;users  .children  .grand_children  .grand_children_owns_pets pets  'age' > 3.0498999999999996  .pets_child  .grand2_children_owns_pets_child grand2_children  'age' > 10.049900000000001  .grand3_children 'age' > -2.9501000000000004 .grand3_children_owns_pets_grand_child pets_grand_child 'since' > 6.0499   , limit: null
3000;35;users 'age' > 82.0499 .children  .grand_children  .grand_children_owns_pets pets  'age' > 15.049900000000001  .pets_child  .grand2_children_owns_pets_child grand2_children 'since' > 8.049900000000001   .grand3_children  .grand4_children  .grand4_children_owns_pets_grand_child pets_grand_child  'age' > 7.0499  , limit: null
3000;27;users 'age' > 41.049899999999994 .children  .grand_children  .grand_children_owns_pets pets  'age' > 9.049900000000001  .pets_child  .grand2_children_owns_pets_child grand2_children 'since' > 18.0499   .grand3_children  .grand4_children  .grand5_children  .grand5_children_owns_pets_grand_child pets_grand_child  'age' > 7.0499  , limit: null
3000;770;users 'age' > -3.9501000000000004 .children  .grand_children  .grand2_children  .grand2_children_owns_pets pets  'age' > 4.0499  .grand3_children_owns_pets grand3_children 'since' > 11.049900000000001   .grand3_children_owns_pets_child pets_child 'since' > 3.0498999999999996   .pets_grand_child  , limit: null
3000;84;users  .children  .grand_children 'age' > 65.0499 .grand2_children  .grand2_children_owns_pets pets 'since' > 1.0498999999999998   .grand3_children_owns_pets grand3_children  'age' > 66.0499  .grand4_children  .grand4_children_owns_pets_child pets_child  'age' > 14.049900000000001  .pets_grand_child  , limit: null
3000;62;users 'age' > 50.049899999999994 .children  .grand_children  .grand2_children  .grand2_children_owns_pets pets 'since' > 2.0498999999999996   .grand3_children_owns_pets grand3_children 'since' > -0.9501000000000001   .grand4_children  .grand5_children  .grand5_children_owns_pets_child pets_child  'age' > 18.0499  .pets_grand_child  , limit: null
3000;27;users  .children  .grand_children  .grand2_children  .grand2_children_owns_pets pets 'since' > 5.0499   .pets_child 'age' > 4.0499 .grand3_children_owns_pets_child grand3_children 'since' > 14.049900000000001   .grand3_children_owns_pets_grand_child pets_grand_child  'age' > 18.0499  , limit: null
3000;42;users  .children  .grand_children 'age' > 68.0499 .grand2_children  .grand2_children_owns_pets pets 'since' > -0.9501000000000001   .pets_child  .grand3_children_owns_pets_child grand3_children  'age' > 75.0499  .grand4_children  .grand4_children_owns_pets_grand_child pets_grand_child 'since' > 14.049900000000001   , limit: null
3000;72;users 'age' > 72.0499 .children  .grand_children  .grand2_children  .grand2_children_owns_pets pets 'since' > 12.049900000000001   .pets_child  .grand3_children_owns_pets_child grand3_children 'since' > 7.0499   .grand4_children  .grand5_children  .grand5_children_owns_pets_grand_child pets_grand_child  'age' > 12.049900000000001  , limit: null
3000;45;users  .children  .grand_children  .grand2_children  .grand3_children 'age' > 62.049899999999994 .grand3_children_owns_pets pets 'since' > 17.0499   .grand4_children_owns_pets grand4_children  'age' > 1.0498999999999998  .grand4_children_owns_pets_child pets_child  'age' > 11.049900000000001  .pets_grand_child  , limit: null
3000;1283;users  .children  .grand_children  .grand2_children  .grand3_children 'age' > 34.049899999999994 .grand3_children_owns_pets pets  'age' > 0.04989999999999993  .grand4_children_owns_pets grand4_children  'age' > 24.0499  .grand5_children  .grand5_children_owns_pets_child pets_child  'age' > 1.0498999999999998  .pets_grand_child  , limit: null
3000;248;users  .children  .grand_children  .grand2_children  .grand3_children  .grand3_children_owns_pets pets  'age' > 7.0499  .pets_child 'age' > 13.049900000000001 .grand4_children_owns_pets_child grand4_children 'since' > 7.0499   .grand4_children_owns_pets_grand_child pets_grand_child 'since' > 5.0499   , limit: null
3000;261;users  .children  .grand_children  .grand2_children  .grand3_children  .grand3_children_owns_pets pets 'since' > 9.049900000000001   .pets_child  .grand4_children_owns_pets_child grand4_children  'age' > 76.0499  .grand5_children 'age' > 13.0999 .grand5_children_owns_pets_grand_child pets_grand_child 'since' > 4.0499   , limit: null
3000;82;users  .children  .grand_children  .grand2_children  .grand3_children  .grand4_children 'age' > 17.0499 .grand4_children_owns_pets pets  'age' > 16.0499  .grand5_children_owns_pets grand5_children 'since' > 10.049900000000001   .grand5_children_owns_pets_child pets_child  'age' > 11.049900000000001  .pets_grand_child  , limit: null
3000;40;users  .children  .grand_children  .grand2_children  .grand3_children 'age' > 74.0499 .grand4_children  .grand4_children_owns_pets pets 'since' > 7.0499   .pets_child  .grand5_children_owns_pets_child grand5_children  'age' > 75.09989999999999  .grand5_children_owns_pets_grand_child pets_grand_child 'since' > 10.049900000000001   , limit: null
3000;2;users 'name' = Leon , limit: null
3000;1;users 'name' = Kendrick .children 'age' = 99 , limit: null
3000;1;users 'age' = 0 .children  .grand_children 'age' = 11 , limit: null
3000;1;users 'age' = 91 .children  .grand_children  .grand2_children 'name' = Doyle , limit: null
3000;22;users  .children 'age' = 38 .grand_children  .grand2_children  .grand3_children  , limit: null
3000;27;users  .children  .grand_children  .grand2_children  .grand3_children 'age' = 21 .grand4_children  , limit: null
3000;28;users 'age' = 75 .children  .grand_children  .grand2_children  .grand3_children  .grand4_children  .grand5_children  , limit: null
3000;1;users 'age' = 4 .users_owns_pets pets 'nickname' = termite   , limit: null
3000;1;users 'age' = 26 .users_owns_pets pets  'animal' = striata  .pets_child 'age' = 13 , limit: null
3000;4;users 'age' = 90 .users_owns_pets pets    .pets_child  .pets_grand_child 'age' = 0 , limit: null
3000;1;users 'name' = Patrina .children 'age' = 18 .children_owns_pets pets    , limit: null
3000;1;users 'age' = 65 .children 'name' = Jessia .children_owns_pets pets  'age' = 8  .pets_child  , limit: null
3000;1;users  .children 'age' = 47 .children_owns_pets pets    .pets_child  .pets_grand_child 'animal' = punctatum , limit: null
3000;1;users 'name' = Britt .children 'age' = 2 .grand_children  .grand_children_owns_pets pets 'nickname' = eel   , limit: null
3000;1;users 'name' = Eugenia .children  .grand_children 'name' = Jaymie .grand_children_owns_pets pets  'age' = 17  .pets_child  , limit: null
3000;1;users  .children 'name' = Carl .grand_children  .grand_children_owns_pets pets 'nickname' = woodchuck   .pets_child  .pets_grand_child  , limit: null
3000;2;users 'age' = 83 .children  .grand_children  .grand2_children 'age' = 1 .grand2_children_owns_pets pets    , limit: null
3000;6;users  .children  .grand_children  .grand2_children  .grand2_children_owns_pets pets    .pets_child 'animal' = horridus , limit: null
3000;3;users  .children 'name' = Leonel .grand_children  .grand2_children  .grand2_children_owns_pets pets    .pets_child  .pets_grand_child  , limit: null
3000;36;users  .children 'age' = 13 .grand_children  .grand2_children  .grand3_children  .grand3_children_owns_pets pets    , limit: null
3000;2;users  .children  .grand_children  .grand2_children  .grand3_children 'age' = 93 .grand3_children_owns_pets pets  'age' = 4  .pets_child  , limit: null
3000;3;users 'age' = 80 .children  .grand_children  .grand2_children  .grand3_children  .grand3_children_owns_pets pets 'since' = 1   .pets_child  .pets_grand_child  , limit: null
3000;30;users  .children  .grand_children  .grand2_children  .grand3_children  .grand4_children 'age' = 37 .grand4_children_owns_pets pets    , limit: null
3000;2;users  .children  .grand_children  .grand2_children  .grand3_children  .grand4_children 'name' = Jesse .grand4_children_owns_pets pets    .pets_child  , limit: null
3000;1;users  .children  .grand_children  .grand2_children  .grand3_children  .grand4_children 'age' = 14 .grand4_children_owns_pets pets  'age' = 19  .pets_child  .pets_grand_child  , limit: null
3000;1;users  .children  .grand_children  .grand2_children  .grand3_children  .grand4_children 'age' = 81 .grand5_children  .grand5_children_owns_pets pets  'animal' = virginiana  , limit: null
3000;1;users 'name' = Louis .children  .grand_children  .grand2_children  .grand3_children  .grand4_children  .grand5_children  .grand5_children_owns_pets pets  'animal' = brunnea  .pets_child  , limit: null
3000;2;users  .children  .grand_children  .grand2_children  .grand3_children 'name' = Sung .grand4_children  .grand5_children  .grand5_children_owns_pets pets    .pets_child  .pets_grand_child  , limit: null
3000;2;pets 'animal' = acutus .users_owns_pets users    , limit: null
3000;1;pets 'animal' = komodoensis .pets_child 'animal' = bursarius .users_owns_pets_child users    , limit: null
3000;1;pets 'age' = 17 .pets_child  .pets_grand_child 'animal' = dama .users_owns_pets_grand_child users  'name' = Logan  , limit: null
3000;1;pets 'animal' = triangulumelapsoides .users_owns_pets users  'age' = 85  .children 'name' = Bryon , limit: null
3000;1;pets 'age' = 7 .pets_child 'age' = 1 .users_owns_pets_child users  'age' = 13  .children  , limit: null
3000;1;pets 'animal' = ferus .pets_child  .pets_grand_child 'age' = 3 .users_owns_pets_grand_child users    .children  , limit: null
3000;1;pets 'age' = 2 .users_owns_pets users  'age' = 98  .children  .grand_children 'name' = Alesia , limit: null
3000;1;pets 'animal' = crumenifer .pets_child  .users_owns_pets_child users    .children  .grand_children 'name' = Lawerence , limit: null
3000;150;pets 'age' = 12 .pets_child  .pets_grand_child  .users_owns_pets_grand_child users    .children  .grand_children  , limit: null
3000;1;pets 'age' = 18 .users_owns_pets users  'name' = Floyd  .children  .grand_children 'age' = 46 .grand2_children  , limit: null
3000;1;pets  .pets_child 'age' = 12 .users_owns_pets_child users  'name' = Jeannine  .children  .grand_children  .grand2_children  , limit: null
3000;1;pets  .pets_child  .pets_grand_child  .users_owns_pets_grand_child users    .children 'name' = Vernita .grand_children  .grand2_children  , limit: null
3000;1;pets  .users_owns_pets users 'nickname' = caribou   .children  .grand_children 'name' = Michel .grand2_children  .grand3_children  , limit: null
3000;1;pets  .pets_child  .users_owns_pets_child users 'nickname' = gnat   .children 'name' = Donovan .grand_children  .grand2_children  .grand3_children  , limit: null
3000;141;pets 'age' = 3 .pets_child  .pets_grand_child  .users_owns_pets_grand_child users    .children  .grand_children  .grand2_children  .grand3_children  , limit: null
3000;5;pets  .users_owns_pets users 'since' = 16   .children  .grand_children  .grand2_children  .grand3_children 'age' = 88 .grand4_children  , limit: null
3000;1;pets  .pets_child  .users_owns_pets_child users 'since' = 16   .children  .grand_children 'name' = Hertha .grand2_children  .grand3_children  .grand4_children  , limit: null
3000;1;pets 'animal' = platurus .pets_child  .pets_grand_child  .users_owns_pets_grand_child users  'age' = 40  .children  .grand_children  .grand2_children  .grand3_children  .grand4_children  , limit: null
3000;2;pets  .users_owns_pets users  'age' = 80  .children  .grand_children  .grand2_children  .grand3_children  .grand4_children 'age' = 50 .grand5_children  , limit: null
3000;2;pets  .pets_child  .users_owns_pets_child users  'age' = 30  .children  .grand_children  .grand2_children  .grand3_children  .grand4_children 'age' = 29 .grand5_children  , limit: null
3000;1;pets  .pets_child  .pets_grand_child  .users_owns_pets_grand_child users    .children  .grand_children  .grand2_children  .grand3_children 'name' = Elin .grand4_children  .grand5_children  , limit: null
3000;1;users 'name' = Anastasia .users_owns_pets pets 'since' = 1   .children_owns_pets children  'name' = Charmain  , limit: null
3000;1;users 'age' = 49 .users_owns_pets pets  'age' = 7  .children_owns_pets children 'since' = 8   , limit: null
3000;1;users 'age' = 83 .users_owns_pets pets 'since' = 11   .children_owns_pets children 'since' = 16   .grand_children 'name' = Kathryne , limit: null
3000;1;users 'name' = Creola .users_owns_pets pets  'age' = 19  .children_owns_pets children  'name' = Maximo  .grand_children  .grand2_children 'name' = Luke , limit: null
3000;1;users 'age' = 46 .users_owns_pets pets 'since' = 4   .children_owns_pets children 'since' = 17   .grand_children 'name' = Ione .grand2_children  .grand3_children  , limit: null
3000;1;users 'age' = 4 .users_owns_pets pets  'age' = 6  .children_owns_pets children 'nickname' = moose   .grand_children  .grand2_children  .grand3_children  .grand4_children  , limit: null
3000;1;users 'age' = 50 .users_owns_pets pets 'nickname' = wombat   .children_owns_pets children 'nickname' = grasshopper   .grand_children  .grand2_children  .grand3_children  .grand4_children  .grand5_children  , limit: null
3000;1;users 'name' = Aldo .users_owns_pets pets  'animal' = cerastes  .pets_child 'animal' = nigra .children_owns_pets_child children 'since' = 5   , limit: null
3000;1;users 'age' = 73 .users_owns_pets pets 'since' = 19   .pets_child 'age' = 18 .children_owns_pets_child children 'nickname' = cheetah   , limit: null
3000;1;users  .users_owns_pets pets 'since' = 4   .pets_child 'animal' = oxycephalum .children_owns_pets_child children  'name' = Fanny  .grand_children 'name' = Damien , limit: null
3000;1;users 'age' = 49 .users_owns_pets pets  'animal' = larvatus  .pets_child 'age' = 12 .children_owns_pets_child children  'age' = 95  .grand_children  .grand2_children  , limit: null
3000;1;users  .users_owns_pets pets  'animal' = canadensis  .pets_child  .children_owns_pets_child children 'nickname' = lizard   .grand_children 'age' = 10 .grand2_children  .grand3_children  , limit: null
3000;1;users  .users_owns_pets pets 'nickname' = raccoon   .pets_child  .children_owns_pets_child children 'nickname' = toad   .grand_children  .grand2_children  .grand3_children 'name' = Corey .grand4_children  , limit: null
3000;1;users 'name' = Armanda .users_owns_pets pets  'animal' = salar  .pets_child  .children_owns_pets_child children 'since' = 15   .grand_children  .grand2_children  .grand3_children  .grand4_children  .grand5_children  , limit: null
3000;1;users  .users_owns_pets pets  'animal' = hyaena  .pets_child 'animal' = trochilus .pets_grand_child 'animal' = cristata .children_owns_pets_grand_child children 'nickname' = antelope   , limit: null
3000;1;users  .users_owns_pets pets  'animal' = nasicornis  .pets_child 'age' = 3 .pets_grand_child 'animal' = bottae .children_owns_pets_grand_child children 'nickname' = guinea pig   , limit: null
3000;1;users  .users_owns_pets pets 'nickname' = cockroach   .pets_child 'animal' = rupicapra .pets_grand_child  .children_owns_pets_grand_child children 'nickname' = shark   .grand_children 'name' = Benita , limit: null
3000;1;users  .users_owns_pets pets  'age' = 7  .pets_child  .pets_grand_child  .children_owns_pets_grand_child children  'age' = 22  .grand_children  .grand2_children 'age' = 71 , limit: null
3000;2;users  .users_owns_pets pets 'since' = 17   .pets_child  .pets_grand_child  .children_owns_pets_grand_child children 'since' = 12   .grand_children  .grand2_children 'age' = 37 .grand3_children  , limit: null
3000;1;users 'age' = 97 .users_owns_pets pets  'animal' = candidus  .pets_child  .pets_grand_child  .children_owns_pets_grand_child children 'since' = 10   .grand_children  .grand2_children  .grand3_children  .grand4_children  , limit: null
3000;1;users  .users_owns_pets pets  'age' = 13  .pets_child  .pets_grand_child  .children_owns_pets_grand_child children  'name' = Brenton  .grand_children 'name' = Clemente .grand2_children  .grand3_children  .grand4_children  .grand5_children  , limit: null
3000;1;users 'age' = 69 .children 'name' = Myrna .children_owns_pets pets 'nickname' = squirrel   .grand_children_owns_pets grand_children  'name' = Tyree  , limit: null
3000;1;users 'name' = Willian .children 'name' = Granville .children_owns_pets pets 'since' = 15   .grand_children_owns_pets grand_children  'name' = Ressie  , limit: null
3000;1;users 'name' = Markus .children 'age' = 82 .children_owns_pets pets  'age' = 6  .grand_children_owns_pets grand_children 'since' = 1   , limit: null
3000;1;users 'name' = Bernetta .children  .children_owns_pets pets  'age' = 6  .grand_children_owns_pets grand_children  'age' = 1  .grand2_children 'name' = Omer , limit: null
3000;1;users 'name' = Gene .children  .children_owns_pets pets  'age' = 15  .grand_children_owns_pets grand_children  'age' = 79  .grand2_children  .grand3_children 'age' = 34 , limit: null
3000;1;users  .children  .children_owns_pets pets  'age' = 6  .grand_children_owns_pets grand_children 'since' = 10   .grand2_children  .grand3_children 'name' = Columbus .grand4_children  , limit: null
3000;1;users 'age' = 54 .children  .children_owns_pets pets  'animal' = armatus  .pets_child 'animal' = physalis .grand_children_owns_pets_child grand_children  'name' = Nelson  , limit: null
3000;1;users  .children 'age' = 3 .children_owns_pets pets  'age' = 15  .pets_child 'age' = 16 .grand_children_owns_pets_child grand_children  'age' = 82  , limit: null
3000;1;users 'name' = Curtis .children  .children_owns_pets pets  'age' = 17  .pets_child 'age' = 15 .grand_children_owns_pets_child grand_children  'age' = 19  , limit: null
3000;1;users 'age' = 64 .children  .children_owns_pets pets  'age' = 16  .pets_child  .grand_children_owns_pets_child grand_children 'nickname' = cricket   .grand2_children 'name' = Mickey , limit: null
3000;1;users 'name' = Rachell .children  .children_owns_pets pets  'animal' = chanos  .pets_child  .grand_children_owns_pets_child grand_children 'nickname' = serval   .grand2_children  .grand3_children  , limit: null
3000;1;users  .children  .children_owns_pets pets  'age' = 7  .pets_child  .grand_children_owns_pets_child grand_children  'age' = 25  .grand2_children  .grand3_children  .grand4_children 'name' = Beatriz , limit: null
3000;1;users  .children 'name' = Juliann .children_owns_pets pets  'animal' = mykiss  .pets_child 'animal' = salar .pets_grand_child  .grand_children_owns_pets_grand_child grand_children  'name' = Keesha  , limit: null
3000;1;users 'name' = Elza .children  .children_owns_pets pets 'nickname' = whale   .pets_child  .pets_grand_child 'age' = 19 .grand_children_owns_pets_grand_child grand_children 'nickname' = chinchilla   , limit: null
3000;1;users 'name' = Chase .children  .children_owns_pets pets  'age' = 19  .pets_child  .pets_grand_child 'age' = 1 .grand_children_owns_pets_grand_child grand_children 'nickname' = gerbil   , limit: null
3000;1;users  .children 'name' = Mark .children_owns_pets pets  'age' = 2  .pets_child  .pets_grand_child  .grand_children_owns_pets_grand_child grand_children  'name' = See  .grand2_children  , limit: null
3000;1;users  .children 'age' = 86 .children_owns_pets pets  'animal' = hyaena  .pets_child  .pets_grand_child  .grand_children_owns_pets_grand_child grand_children  'age' = 94  .grand2_children  .grand3_children  , limit: null
3000;1;users  .children  .children_owns_pets pets  'age' = 0  .pets_child  .pets_grand_child  .grand_children_owns_pets_grand_child grand_children 'nickname' = ox   .grand2_children  .grand3_children  .grand4_children 'name' = Martin , limit: null
3000;1;users 'age' = 22 .children 'name' = Ken .grand_children  .grand_children_owns_pets pets 'since' = 4   .grand2_children_owns_pets grand2_children 'since' = 16   , limit: null
3000;1;users 'name' = Edgar .children 'age' = 6 .grand_children  .grand_children_owns_pets pets  'age' = 13  .grand2_children_owns_pets grand2_children  'age' = 79  , limit: null
3000;1;users 'name' = Ernie .children  .grand_children 'age' = 93 .grand_children_owns_pets pets  'animal' = uralensis  .grand2_children_owns_pets grand2_children 'since' = 13   , limit: null
3000;1;users  .children 'name' = Denny .grand_children 'age' = 8 .grand_children_owns_pets pets  'age' = 0  .grand2_children_owns_pets grand2_children  'name' = Miguel  , limit: null
3000;1;users  .children 'name' = Shaunna .grand_children 'name' = Anthony .grand_children_owns_pets pets  'age' = 5  .grand2_children_owns_pets grand2_children  'name' = Tonya  .grand3_children  , limit: null
3000;1;users  .children 'age' = 28 .grand_children 'age' = 94 .grand_children_owns_pets pets 'nickname' = ox   .pets_child  .grand2_children_owns_pets_child grand2_children 'nickname' = fox   , limit: null
3000;1;users  .children  .grand_children 'age' = 62 .grand_children_owns_pets pets  'animal' = tenuis  .pets_child 'animal' = genetta .grand2_children_owns_pets_child grand2_children  'name' = Celestina  , limit: null
3000;1;users 'age' = 58 .children 'age' = 80 .grand_children  .grand_children_owns_pets pets  'animal' = larvata  .pets_child  .grand2_children_owns_pets_child grand2_children  'name' = Trinidad  , limit: null
3000;1;users 'age' = 5 .children  .grand_children 'name' = Roman .grand_children_owns_pets pets 'since' = 8   .pets_child  .grand2_children_owns_pets_child grand2_children 'nickname' = rat   , limit: null
3000;1;users  .children  .grand_children 'name' = Rodrick .grand_children_owns_pets pets 'since' = 4   .pets_child  .grand2_children_owns_pets_child grand2_children 'nickname' = horse   .grand3_children  , limit: null
3000;1;users 'name' = Tyisha .children  .grand_children  .grand_children_owns_pets pets 'nickname' = fly   .pets_child  .pets_grand_child  .grand2_children_owns_pets_grand_child grand2_children 'since' = 11   , limit: null
3000;1;users  .children  .grand_children  .grand_children_owns_pets pets  'animal' = cerastes  .pets_child 'animal' = boylei .pets_grand_child  .grand2_children_owns_pets_grand_child grand2_children  'age' = 86  , limit: null
3000;1;users  .children  .grand_children  .grand_children_owns_pets pets 'since' = 19   .pets_child 'age' = 10 .pets_grand_child  .grand2_children_owns_pets_grand_child grand2_children 'nickname' = deer   , limit: null
3000;1;users  .children  .grand_children  .grand_children_owns_pets pets  'animal' = sandwichensis  .pets_child 'age' = 6 .pets_grand_child  .grand2_children_owns_pets_grand_child grand2_children 'nickname' = serval   , limit: null
3000;1;users  .children  .grand_children 'name' = Joaquin .grand_children_owns_pets pets  'animal' = versicolor  .pets_child  .pets_grand_child  .grand2_children_owns_pets_grand_child grand2_children 'since' = 15   .grand3_children  , limit: null
3000;1;users 'name' = Darius .children  .grand_children  .grand2_children 'age' = 32 .grand2_children_owns_pets pets 'nickname' = hamster   .grand3_children_owns_pets grand3_children  'name' = Ming  , limit: null
3000;1;users  .children  .grand_children 'name' = Lewis .grand2_children 'age' = 54 .grand2_children_owns_pets pets 'nickname' = hound   .grand3_children_owns_pets grand3_children  'name' = Louis  , limit: null
3000;1;users  .children 'name' = Maile .grand_children  .grand2_children 'age' = 14 .grand2_children_owns_pets pets 'nickname' = cockroach   .grand3_children_owns_pets grand3_children  'age' = 95  , limit: null
3000;1;users  .children 'age' = 92 .grand_children 'name' = Woodrow .grand2_children  .grand2_children_owns_pets pets 'nickname' = frog   .grand3_children_owns_pets grand3_children  'name' = Kip  , limit: null
3000;1;users  .children  .grand_children 'age' = 42 .grand2_children  .grand2_children_owns_pets pets 'nickname' = hyena   .pets_child  .grand3_children_owns_pets_child grand3_children 'since' = 15   , limit: null
3000;1;users  .children 'name' = Kandis .grand_children  .grand2_children  .grand2_children_owns_pets pets 'since' = 7   .pets_child  .grand3_children_owns_pets_child grand3_children 'since' = 16   , limit: null
3000;1;users  .children  .grand_children  .grand2_children  .grand2_children_owns_pets pets  'animal' = novaeangliae  .pets_child 'age' = 10 .grand3_children_owns_pets_child grand3_children 'since' = 9   , limit: null
3000;1;users  .children 'name' = Cecila .grand_children  .grand2_children  .grand2_children_owns_pets pets 'since' = 19   .pets_child  .grand3_children_owns_pets_child grand3_children 'nickname' = bear   , limit: null
3000;1;users  .children  .grand_children  .grand2_children  .grand2_children_owns_pets pets  'animal' = textilis  .pets_child 'animal' = maculatus .pets_grand_child  .grand3_children_owns_pets_grand_child grand3_children 'since' = 14   , limit: null
3000;1;users  .children  .grand_children  .grand2_children  .grand2_children_owns_pets pets  'age' = 10  .pets_child  .pets_grand_child 'animal' = brasiliensis .grand3_children_owns_pets_grand_child grand3_children  'age' = 37  , limit: null
3000;1;users  .children  .grand_children  .grand2_children 'name' = Ching .grand2_children_owns_pets pets 'nickname' = hedgehog   .pets_child  .pets_grand_child  .grand3_children_owns_pets_grand_child grand3_children  'name' = Chance  , limit: null
3000;1;users  .children  .grand_children  .grand2_children  .grand2_children_owns_pets pets  'age' = 6  .pets_child 'age' = 11 .pets_grand_child  .grand3_children_owns_pets_grand_child grand3_children  'age' = 91  , limit: null
3000;1;users  .children  .grand_children 'age' = 7 .grand2_children  .grand3_children  .grand3_children_owns_pets pets 'since' = 19   .grand4_children_owns_pets grand4_children 'since' = 8   , limit: null
3000;1;users  .children  .grand_children  .grand2_children 'age' = 89 .grand3_children  .grand3_children_owns_pets pets 'since' = 5   .grand4_children_owns_pets grand4_children 'nickname' = snake   , limit: null
3000;1;users  .children  .grand_children 'age' = 96 .grand2_children  .grand3_children  .grand3_children_owns_pets pets  'animal' = lagopus  .grand4_children_owns_pets grand4_children 'since' = 8   , limit: null
3000;1;users  .children 'age' = 62 .grand_children  .grand2_children  .grand3_children  .grand3_children_owns_pets pets 'nickname' = dinosaur   .pets_child  .grand4_children_owns_pets_child grand4_children  'name' = Sang  , limit: null
3000;1;users  .children 'name' = Reginald .grand_children  .grand2_children  .grand3_children  .grand3_children_owns_pets pets 'since' = 13   .pets_child  .grand4_children_owns_pets_child grand4_children 'nickname' = jellyfish   , limit: null
3000;1;users  .children  .grand_children  .grand2_children  .grand3_children 'name' = Kevin .grand3_children_owns_pets pets 'nickname' = cod   .pets_child  .grand4_children_owns_pets_child grand4_children  'name' = Cory  , limit: null
3000;1;users  .children 'age' = 51 .grand_children  .grand2_children  .grand3_children  .grand3_children_owns_pets pets  'age' = 7  .pets_child  .pets_grand_child  .grand4_children_owns_pets_grand_child grand4_children  'name' = Chun  , limit: null
3000;1;users  .children  .grand_children  .grand2_children  .grand3_children  .grand3_children_owns_pets pets 'since' = 19   .pets_child 'age' = 16 .pets_grand_child  .grand4_children_owns_pets_grand_child grand4_children  'age' = 80  , limit: null
3000;1;users  .children  .grand_children 'name' = Tequila .grand2_children  .grand3_children  .grand3_children_owns_pets pets 'since' = 6   .pets_child  .pets_grand_child  .grand4_children_owns_pets_grand_child grand4_children 'since' = 8   , limit: null
3000;1;users 'age' = 32 .children  .grand_children  .grand2_children  .grand3_children  .grand4_children  .grand4_children_owns_pets pets 'since' = 2   .grand5_children_owns_pets grand5_children  'name' = Wes  , limit: null
3000;1;users 'name' = Chadwick .children  .grand_children  .grand2_children  .grand3_children  .grand4_children  .grand4_children_owns_pets pets  'animal' = acanthias  .grand5_children_owns_pets grand5_children  'name' = Michael  , limit: null
3000;1;users  .children  .grand_children  .grand2_children  .grand3_children  .grand4_children  .grand4_children_owns_pets pets 'since' = 16   .pets_child 'animal' = aestivus .grand5_children_owns_pets_child grand5_children 'since' = 2   , limit: null
3000;1;users  .children  .grand_children  .grand2_children  .grand3_children 'age' = 55 .grand4_children  .grand4_children_owns_pets pets 'nickname' = caribou   .pets_child  .grand5_children_owns_pets_child grand5_children  'name' = Wilton  , limit: null
3000;1;users  .children 'name' = Coy .grand_children  .grand2_children  .grand3_children  .grand4_children  .grand4_children_owns_pets pets  'animal' = temporalis  .pets_child  .pets_grand_child  .grand5_children_owns_pets_grand_child grand5_children 'nickname' = baboon   , limit: null
3000;1;users  .children  .grand_children 'age' = 46 .grand2_children  .grand3_children  .grand4_children  .grand4_children_owns_pets pets  'animal' = lewisi  .pets_child  .pets_grand_child  .grand5_children_owns_pets_grand_child grand5_children 'nickname' = hedgehog   , limit: null
3000;1;users 'name' = Lucy .users_owns_pets pets 'nickname' = gnu   .children_owns_pets children 'nickname' = wombat   .children_owns_pets_child pets_child 'since' = 1   .pets_grand_child 'age' = 18 , limit: null
3000;1;users 'name' = Nellie .users_owns_pets pets 'since' = 17   .children_owns_pets children 'nickname' = sheep   .grand_children  .grand_children_owns_pets_child pets_child 'since' = 10   .pets_grand_child 'animal' = sanguineus , limit: null
3000;1;users  .users_owns_pets pets  'age' = 6  .children_owns_pets children  'age' = 80  .grand_children 'name' = Garry .grand2_children  .grand2_children_owns_pets_child pets_child  'animal' = alpinus  .pets_grand_child 'animal' = tibetanus , limit: null
3000;1;users  .users_owns_pets pets  'age' = 6  .children_owns_pets children 'nickname' = shark   .grand_children  .grand2_children  .grand3_children 'name' = Mckinley .grand3_children_owns_pets_child pets_child  'age' = 16  .pets_grand_child  , limit: null
3000;1;users  .users_owns_pets pets 'nickname' = wasp   .children_owns_pets children  'name' = Sherley  .grand_children  .grand2_children 'name' = Malcolm .grand3_children  .grand4_children  .grand4_children_owns_pets_child pets_child 'since' = 11   .pets_grand_child  , limit: null
3000;1;users 'age' = 1 .users_owns_pets pets 'since' = 7   .children_owns_pets children  'age' = 74  .grand_children  .grand2_children  .grand3_children  .grand4_children  .grand5_children  .grand5_children_owns_pets_child pets_child 'nickname' = turtle   .pets_grand_child  , limit: null
3000;1;users 'name' = Ernest .users_owns_pets pets 'nickname' = frog   .pets_child 'animal' = spilota .children_owns_pets_child children  'age' = 34  .children_owns_pets_grand_child pets_grand_child  'age' = 12  , limit: null
3000;1;users  .users_owns_pets pets 'nickname' = walrus   .pets_child 'age' = 5 .children_owns_pets_child children 'nickname' = ape   .grand_children 'age' = 25 .grand_children_owns_pets_grand_child pets_grand_child 'nickname' = elk   , limit: null
3000;1;users 'age' = 47 .users_owns_pets pets 'since' = 17   .pets_child  .children_owns_pets_child children  'name' = Luke  .grand_children 'age' = 46 .grand2_children  .grand2_children_owns_pets_grand_child pets_grand_child 'since' = 6   , limit: null
3000;1;users 'name' = Zenia .users_owns_pets pets  'age' = 18  .pets_child  .children_owns_pets_child children  'age' = 13  .grand_children  .grand2_children  .grand3_children  .grand3_children_owns_pets_grand_child pets_grand_child  'age' = 2  , limit: null
3000;1;users  .users_owns_pets pets 'since' = 2   .pets_child  .children_owns_pets_child children 'nickname' = ant   .grand_children  .grand2_children  .grand3_children  .grand4_children 'age' = 87 .grand4_children_owns_pets_grand_child pets_grand_child 'nickname' = goldfish   , limit: null
3000;1;users 'age' = 90 .users_owns_pets pets  'animal' = graminea  .pets_child  .children_owns_pets_child children  'age' = 86  .grand_children  .grand2_children  .grand3_children  .grand4_children  .grand5_children  .grand5_children_owns_pets_grand_child pets_grand_child 'nickname' = fox   , limit: null
3000;1;users 'age' = 73 .children 'name' = Celia .children_owns_pets pets 'nickname' = sea lion   .grand_children_owns_pets grand_children  'name' = Nelia  .grand_children_owns_pets_child pets_child 'nickname' = duck   .pets_grand_child  , limit: null
3000;1;users  .children 'age' = 22 .children_owns_pets pets  'animal' = vitreolus  .grand_children_owns_pets grand_children 'since' = 7   .grand2_children  .grand2_children_owns_pets_child pets_child 'since' = 19   .pets_grand_child 'age' = 0 , limit: null
3000;1;users 'name' = Jackie .children  .children_owns_pets pets 'nickname' = deer   .grand_children_owns_pets grand_children 'nickname' = dog   .grand2_children  .grand3_children  .grand3_children_owns_pets_child pets_child  'animal' = aura  .pets_grand_child  , limit: null
3000;1;users  .children  .children_owns_pets pets 'nickname' = wolf   .grand_children_owns_pets grand_children  'name' = Marcelino  .grand2_children  .grand3_children  .grand4_children  .grand4_children_owns_pets_child pets_child 'since' = 6   .pets_grand_child 'animal' = striata , limit: null
3000;1;users  .children  .children_owns_pets pets  'animal' = ammodytes  .grand_children_owns_pets grand_children 'nickname' = sea lion   .grand2_children  .grand3_children 'name' = Stanford .grand4_children  .grand5_children  .grand5_children_owns_pets_child pets_child  'animal' = taurus  .pets_grand_child  , limit: null
3000;1;users 'name' = Lucila .children  .children_owns_pets pets  'age' = 1  .pets_child 'animal' = undulatas .grand_children_owns_pets_child grand_children 'nickname' = wombat   .grand_children_owns_pets_grand_child pets_grand_child  'age' = 1  , limit: null
3000;1;users  .children 'name' = Galen .children_owns_pets pets  'animal' = stenolepis  .pets_child  .grand_children_owns_pets_child grand_children 'nickname' = rabbit   .grand2_children 'name' = Alita .grand2_children_owns_pets_grand_child pets_grand_child 'nickname' = woodchuck   , limit: null
3000;1;users  .children 'name' = Penni .children_owns_pets pets  'animal' = pictus  .pets_child  .grand_children_owns_pets_child grand_children 'since' = 8   .grand2_children  .grand3_children  .grand3_children_owns_pets_grand_child pets_grand_child  'animal' = gangeticus  , limit: null
3000;1;users  .children  .children_owns_pets pets  'age' = 10  .pets_child 'animal' = pardusorientalis .grand_children_owns_pets_child grand_children 'since' = 16   .grand2_children  .grand3_children  .grand4_children  .grand4_children_owns_pets_grand_child pets_grand_child 'nickname' = horse   , limit: null
3000;1;users  .children  .children_owns_pets pets  'age' = 10  .pets_child 'age' = 10 .grand_children_owns_pets_child grand_children  'age' = 77  .grand2_children  .grand3_children  .grand4_children  .grand5_children  .grand5_children_owns_pets_grand_child pets_grand_child 'nickname' = koala   , limit: null
3000;1;users  .children 'name' = Mercedez .grand_children  .grand_children_owns_pets pets  'animal' = tigristigris  .grand2_children_owns_pets grand2_children  'age' = 59  .grand2_children_owns_pets_child pets_child 'since' = 19   .pets_grand_child 'age' = 16 , limit: null
3000;1;users  .children 'name' = Maryann .grand_children  .grand_children_owns_pets pets  'age' = 4  .grand2_children_owns_pets grand2_children  'age' = 61  .grand3_children  .grand3_children_owns_pets_child pets_child  'age' = 7  .pets_grand_child  , limit: null
3000;1;users  .children 'age' = 31 .grand_children  .grand_children_owns_pets pets 'since' = 0   .grand2_children_owns_pets grand2_children 'nickname' = toad   .grand3_children  .grand4_children  .grand4_children_owns_pets_child pets_child  'animal' = punctatum  .pets_grand_child  , limit: null
3000;1;users 'name' = Elba .children  .grand_children  .grand_children_owns_pets pets 'since' = 0   .grand2_children_owns_pets grand2_children 'since' = 11   .grand3_children  .grand4_children  .grand5_children  .grand5_children_owns_pets_child pets_child  'animal' = tenuis  .pets_grand_child  , limit: null
3000;1;users 'age' = 79 .children 'age' = 77 .grand_children  .grand_children_owns_pets pets  'animal' = sowerbyi  .pets_child  .grand2_children_owns_pets_child grand2_children 'since' = 16   .grand2_children_owns_pets_grand_child pets_grand_child  'animal' = pensylvanicus  , limit: null
3000;1;users  .children 'name' = Emmanuel .grand_children  .grand_children_owns_pets pets  'animal' = paradisi  .pets_child  .grand2_children_owns_pets_child grand2_children 'since' = 9   .grand3_children  .grand3_children_owns_pets_grand_child pets_grand_child  'age' = 17  , limit: null
3000;1;users 'name' = Michel .children  .grand_children  .grand_children_owns_pets pets 'nickname' = porpoise   .pets_child  .grand2_children_owns_pets_child grand2_children 'nickname' = chimpanzee   .grand3_children  .grand4_children  .grand4_children_owns_pets_grand_child pets_grand_child  'animal' = solandri  , limit: null
3000;1;users  .children  .grand_children  .grand_children_owns_pets pets 'nickname' = hyena   .pets_child  .grand2_children_owns_pets_child grand2_children  'age' = 98  .grand3_children  .grand4_children  .grand5_children 'age' = 57 .grand5_children_owns_pets_grand_child pets_grand_child  'animal' = mandarinia  , limit: null
3000;1;users  .children 'age' = 24 .grand_children  .grand2_children  .grand2_children_owns_pets pets  'animal' = alba  .grand3_children_owns_pets grand3_children 'nickname' = herring   .grand3_children_owns_pets_child pets_child  'age' = 4  .pets_grand_child  , limit: null
3000;1;users  .children  .grand_children  .grand2_children  .grand2_children_owns_pets pets  'age' = 0  .grand3_children_owns_pets grand3_children 'nickname' = crow   .grand4_children 'age' = 46 .grand4_children_owns_pets_child pets_child  'age' = 2  .pets_grand_child  , limit: null
3000;1;users  .children  .grand_children  .grand2_children  .grand2_children_owns_pets pets  'age' = 4  .grand3_children_owns_pets grand3_children  'name' = Johnny  .grand4_children  .grand5_children  .grand5_children_owns_pets_child pets_child  'age' = 4  .pets_grand_child 'age' = 3 , limit: null
3000;1;users  .children 'age' = 26 .grand_children  .grand2_children  .grand2_children_owns_pets pets  'animal' = erithacus  .pets_child  .grand3_children_owns_pets_child grand3_children  'name' = Alejandra  .grand3_children_owns_pets_grand_child pets_grand_child  'animal' = gentilis  , limit: null
3000;1;users 'name' = Sam .children  .grand_children  .grand2_children  .grand2_children_owns_pets pets  'animal' = undulatas  .pets_child  .grand3_children_owns_pets_child grand3_children 'since' = 6   .grand4_children  .grand4_children_owns_pets_grand_child pets_grand_child  'age' = 17  , limit: null
3000;1;users  .children  .grand_children  .grand2_children  .grand2_children_owns_pets pets  'animal' = rosmarus  .pets_child 'age' = 5 .grand3_children_owns_pets_child grand3_children  'age' = 48  .grand4_children  .grand5_children  .grand5_children_owns_pets_grand_child pets_grand_child 'since' = 15   , limit: null
3000;1;users  .children 'age' = 2 .grand_children  .grand2_children  .grand3_children  .grand3_children_owns_pets pets  'age' = 9  .grand4_children_owns_pets grand4_children 'since' = 7   .grand4_children_owns_pets_child pets_child 'nickname' = cricket   .pets_grand_child  , limit: null
3000;1;users  .children  .grand_children 'age' = 53 .grand2_children  .grand3_children  .grand3_children_owns_pets pets 'nickname' = moose   .grand4_children_owns_pets grand4_children  'age' = 83  .grand5_children  .grand5_children_owns_pets_child pets_child 'since' = 13   .pets_grand_child  , limit: null
3000;1;users  .children 'name' = Meridith .grand_children  .grand2_children  .grand3_children  .grand3_children_owns_pets pets 'nickname' = goat   .pets_child  .grand4_children_owns_pets_child grand4_children 'since' = 10   .grand4_children_owns_pets_grand_child pets_grand_child 'since' = 0   , limit: null
3000;1;users  .children  .grand_children  .grand2_children  .grand3_children  .grand3_children_owns_pets pets  'age' = 8  .pets_child 'animal' = tangalunga .grand4_children_owns_pets_child grand4_children 'nickname' = gerbil   .grand5_children  .grand5_children_owns_pets_grand_child pets_grand_child 'nickname' = mallard   , limit: null
3000;1;users 'name' = Nathanial .children  .grand_children  .grand2_children  .grand3_children  .grand4_children  .grand4_children_owns_pets pets  'age' = 9  .grand5_children_owns_pets grand5_children  'name' = Yasmine  .grand5_children_owns_pets_child pets_child  'age' = 10  .pets_grand_child  , limit: null
3000;1;users  .children  .grand_children 'age' = 1 .grand2_children  .grand3_children  .grand4_children  .grand4_children_owns_pets pets 'nickname' = zebra   .pets_child  .grand5_children_owns_pets_child grand5_children 'since' = 12   .grand5_children_owns_pets_grand_child pets_grand_child  'animal' = anguineus  , limit: null
3000;1;users '_id' = ba59e6b8-ab9d-48f5-a3d3-7a6c782ea292 , limit: null
3000;1;users '_id' = 5a7190db-523a-4b7c-90a4-0504659278d2 .children '_id' = 24e2d03f-cd30-44f5-940f-900743d6b650 , limit: null
3000;1;users  .children '_id' = 6a80c06d-6933-4ff7-848a-02d21feceb8b .grand_children '_id' = f3b22250-7164-4e61-a04a-9bfe4183af86 , limit: null
3000;1;users '_id' = dc4ecfec-f30e-4391-be83-b052743ea19d .children '_id' = b0304918-13e4-4b87-ac15-fc42659b891d .grand_children  .grand2_children  , limit: null
3000;1;users  .children  .grand_children  .grand2_children '_id' = 2717dff1-61ae-40cc-b448-315b8f0b78ca .grand3_children  , limit: null
3000;1;users  .children  .grand_children '_id' = 5af06930-495d-4316-98db-9b463e63e6e4 .grand2_children  .grand3_children  .grand4_children  , limit: null
3000;1;users  .children  .grand_children  .grand2_children '_id' = a9a078dd-f7c2-4547-9ff2-3ba5f40d06bc .grand3_children  .grand4_children  .grand5_children  , limit: null
3000;1;users '_id' = 6e3b6de7-343d-4754-b1df-e26d2e48e5fa .users_owns_pets pets    , limit: null
3000;1;users '_id' = 0ee8cb5a-043a-4649-94db-1ba055e682a7 .users_owns_pets pets    .pets_child '_id' = 3df2f90d-06c2-4e83-8b56-628f9ad649fb , limit: null
3000;1;users  .users_owns_pets pets    .pets_child '_id' = 12ce7442-d7fd-4039-abfb-abc7521ffc95 .pets_grand_child '_id' = 51606fdb-a36a-4000-9e70-7917801b9e25 , limit: null
3000;1;users '_id' = 27b319e1-2bed-4d1f-839f-32edbcbdbc8d .children '_id' = 60f5fd81-c76a-487e-b7d5-d929d9e73d38 .children_owns_pets pets    , limit: null
3000;1;users  .children '_id' = 81affd86-68e6-460a-8c84-1ba6994e3740 .children_owns_pets pets  '_id' = 8c0463e0-b750-4c88-825e-2b08923947fa  .pets_child '_id' = d97f2bb6-3670-4913-811c-e824736744fa , limit: null
3000;1;users  .children '_id' = 238b87d4-0f5d-49f9-b167-dca600d7adff .children_owns_pets pets    .pets_child '_id' = fdd0edd7-f011-4382-880f-eca25480ddb2 .pets_grand_child  , limit: null
3000;1;users '_id' = 6625719d-ebeb-45a2-a64a-b28f2361ba45 .children '_id' = 6a33b0e0-c9e5-4ad9-9deb-77642f3fe4b6 .grand_children  .grand_children_owns_pets pets    , limit: null
3000;1;users '_id' = 091c47d0-c056-406b-afa9-814ee6370710 .children  .grand_children  .grand_children_owns_pets pets  '_id' = 1f3abc67-9ec3-42ad-8714-bb772091249b  .pets_child '_id' = a8fb0835-b40a-45ac-9635-091acf635378 , limit: null
3000;1;users  .children '_id' = b5346bc9-aa7c-4b90-87f2-b260ea2ef5fb .grand_children  .grand_children_owns_pets pets    .pets_child  .pets_grand_child  , limit: null
3000;1;users '_id' = cfbc4edf-1991-4d3a-ac65-28ddac2fadfc .children  .grand_children  .grand2_children '_id' = 720250c2-d2fd-4274-9dfc-2d0d14c0d046 .grand2_children_owns_pets pets  '_id' = 87023cb4-4a82-4f73-b478-50a730dd42ae  , limit: null
3000;1;users  .children '_id' = 6ab879aa-34c9-4414-bd04-feb017796503 .grand_children  .grand2_children  .grand2_children_owns_pets pets  '_id' = 115a8603-36ef-4c2a-8441-45573e7a15f9  .pets_child  , limit: null
3000;1;users  .children  .grand_children  .grand2_children  .grand2_children_owns_pets pets  '_id' = dcb8d7c0-0a42-413f-a9ce-f68cb050c2c5  .pets_child '_id' = d7168afc-ef08-4c15-a0f6-69cb74430700 .pets_grand_child  , limit: null
3000;1;users  .children '_id' = 29866311-be48-465b-b32c-2ed48094fa24 .grand_children  .grand2_children  .grand3_children  .grand3_children_owns_pets pets    , limit: null
3000;1;users  .children  .grand_children  .grand2_children  .grand3_children  .grand3_children_owns_pets pets  '_id' = ad81f5e0-a87e-41a7-a969-0a97ec280d53  .pets_child '_id' = 496f8605-8549-4603-8cb4-b3e225471459 , limit: null
3000;1;users  .children  .grand_children  .grand2_children  .grand3_children '_id' = d2eae9e1-5d77-4c4c-a420-b78152f709e5 .grand3_children_owns_pets pets    .pets_child  .pets_grand_child  , limit: null
3000;1;users  .children  .grand_children '_id' = a383985f-4ab4-4d3a-89be-1a605cf2cf49 .grand2_children  .grand3_children  .grand4_children  .grand4_children_owns_pets pets  '_id' = 8f71474b-67b0-4939-bedb-e73e11b73484  , limit: null
3000;1;users  .children  .grand_children  .grand2_children  .grand3_children  .grand4_children  .grand4_children_owns_pets pets  '_id' = fea999f2-420c-4428-b986-d06d6c6faaa5  .pets_child '_id' = 02c850a5-6d0c-4b94-aaad-eac03b531a97 , limit: null
3000;1;users  .children  .grand_children  .grand2_children  .grand3_children  .grand4_children '_id' = 29bcfaee-4d6f-42c2-aaa5-af66717f4cdf .grand4_children_owns_pets pets  '_id' = 5cf895a6-1d7a-440a-ba24-35dd98a98e56  .pets_child  .pets_grand_child  , limit: null
3000;1;users  .children  .grand_children  .grand2_children  .grand3_children '_id' = f99f366f-448a-4b50-891a-a6db6adbab09 .grand4_children  .grand5_children  .grand5_children_owns_pets pets    , limit: null
3000;1;users  .children  .grand_children  .grand2_children '_id' = 5a71c2f5-1d9f-43b9-a044-8e7754cc30be .grand3_children  .grand4_children  .grand5_children  .grand5_children_owns_pets pets  '_id' = ffb11ad8-e5db-4832-b98e-fc66e4f6b58e  .pets_child  , limit: null
3000;1;users  .children  .grand_children '_id' = 2f19b73d-90a4-4c43-94ae-6e24c69e4cd5 .grand2_children  .grand3_children  .grand4_children  .grand5_children  .grand5_children_owns_pets pets  '_id' = de0992f9-ec14-422c-bb1c-3eb4fbc82ef3  .pets_child  .pets_grand_child  , limit: null
3000;1;pets '_id' = 5b89fced-0f44-48c1-85d6-071789bedf43 .users_owns_pets users    , limit: null
3000;1;pets '_id' = 27afec79-938c-48b8-b28e-88809829305e .pets_child '_id' = ad1fceee-3747-4aa8-941e-c4eb472311ae .users_owns_pets_child users    , limit: null
3000;1;pets '_id' = 091c479d-2386-4ab6-92b9-7be876cf9842 .pets_child '_id' = 58cae16a-ef18-48ab-a86d-b23c600d8cb7 .pets_grand_child  .users_owns_pets_grand_child users  '_id' = 22cb7d25-66b9-49d0-bbc1-8516913b8a7f  , limit: null
3000;1;pets '_id' = 6187771d-100e-4ed8-a6c7-b2011f159c74 .users_owns_pets users  '_id' = 52f49fd9-f565-49dd-9d13-2e63ab11c0a0  .children '_id' = 9cb4875d-d01e-4eca-a7fb-6be0fef6274f , limit: null
3000;1;pets '_id' = 9a7a8942-75af-4134-af54-ced49a57c245 .pets_child '_id' = 47f2de76-f33f-4ee0-b6f9-ac40dc39ea3d .users_owns_pets_child users    .children  , limit: null
3000;1;pets  .pets_child '_id' = 5d620028-4bd3-4060-90ef-f18ee96db7f7 .pets_grand_child '_id' = 27892039-b13d-458b-b881-e060077ee46a .users_owns_pets_grand_child users  '_id' = b5099e36-4c34-4efd-9de1-62cefa318147  .children  , limit: null
3000;1;pets '_id' = 63edd5ff-a9c1-4da6-829d-6b574531fd65 .users_owns_pets users  '_id' = 15a14020-bbc9-4261-b430-f31ed771151a  .children  .grand_children '_id' = d131ee07-473a-48e0-b258-3f22b9cc0398 , limit: null
3000;1;pets  .pets_child  .users_owns_pets_child users    .children '_id' = 31c5c789-3580-4521-b3e9-1cf4428eb3fb .grand_children '_id' = d3d90215-4ce0-43c4-b364-1257248d5094 , limit: null
3000;1;pets '_id' = 0d5058c1-8e47-4d15-9d46-f85b6201cc06 .pets_child  .pets_grand_child  .users_owns_pets_grand_child users    .children  .grand_children  , limit: null
3000;1;pets  .users_owns_pets users    .children '_id' = 0adc7e81-935b-4ff6-a808-f0e01e3cf2c6 .grand_children  .grand2_children '_id' = c3e773f8-5dba-4854-bafd-f8f76169506f , limit: null
3000;1;pets  .pets_child  .users_owns_pets_child users  '_id' = ad0b8039-d610-4793-ae41-c65e8eaee0eb  .children '_id' = e5eb4fc1-73c4-4380-8a98-675d5c8030c7 .grand_children  .grand2_children  , limit: null
3000;1;pets  .pets_child  .pets_grand_child  .users_owns_pets_grand_child users    .children  .grand_children '_id' = 10ccf0c9-1fcc-4e15-a01a-508416159d4f .grand2_children  , limit: null
3000;1;pets  .users_owns_pets users    .children  .grand_children  .grand2_children '_id' = ee0a813e-6526-48d9-8a9e-408eecd62dc5 .grand3_children  , limit: null
3000;1;pets  .pets_child '_id' = da18044c-9154-40dd-818b-5ede9ca965ba .users_owns_pets_child users  '_id' = 2b8e6ec3-0876-48a9-810d-923e47b1d401  .children  .grand_children  .grand2_children  .grand3_children  , limit: null
3000;1;pets  .pets_child '_id' = 2526d30f-c6ab-4631-9a4b-878bc55ab7e7 .pets_grand_child  .users_owns_pets_grand_child users  '_id' = 917f9484-c3ee-4ed1-96d7-68bd86f0b21d  .children  .grand_children  .grand2_children  .grand3_children  , limit: null
3000;1;pets  .users_owns_pets users    .children '_id' = a90b30ca-6cbf-4bdb-814b-cf5d61102c41 .grand_children  .grand2_children  .grand3_children  .grand4_children  , limit: null
3000;1;pets  .pets_child  .users_owns_pets_child users  '_id' = 0484c053-5c06-4e73-9797-285bd40b3cb3  .children  .grand_children  .grand2_children  .grand3_children  .grand4_children '_id' = aefb1319-c85d-4fe4-9ab4-74885d960d75 , limit: null
3000;1;pets  .pets_child  .pets_grand_child '_id' = a8548d97-93c4-45e1-95cf-2d949e27b6c4 .users_owns_pets_grand_child users    .children  .grand_children  .grand2_children  .grand3_children  .grand4_children  , limit: null
3000;1;pets '_id' = a2bef0ca-afa4-473a-aa8e-5ca0b49d26af .users_owns_pets users    .children  .grand_children  .grand2_children  .grand3_children  .grand4_children  .grand5_children  , limit: null
3000;1;pets  .pets_child  .users_owns_pets_child users    .children '_id' = 7657ae77-f7d8-44b8-bd5e-d66c6c45189d .grand_children  .grand2_children  .grand3_children  .grand4_children  .grand5_children  , limit: null
3000;1;pets '_id' = 163318d1-cad1-406e-acf0-391e0785e2ff .pets_child  .pets_grand_child  .users_owns_pets_grand_child users    .children  .grand_children  .grand2_children  .grand3_children  .grand4_children  .grand5_children  , limit: null
3000;1;users '_id' = 6606450b-60d7-4bb8-8cde-a9888993b4ea .users_owns_pets pets  '_id' = 2ce9d882-a3b1-4652-885b-4fe045cfceeb  .children_owns_pets children  '_id' = 20209984-19c8-4930-b71e-72072f40bcd9  , limit: null
3000;1;users '_id' = 1e70e443-d4a4-4475-8dc1-d3b16dee8879 .users_owns_pets pets  '_id' = 4ccd8bf2-1c5f-491b-b80e-2719ff490022  .children_owns_pets children  '_id' = d7deffcc-f0c3-4317-bbc0-9cd03e0a02fd  , limit: null
3000;1;users '_id' = 45edc765-ebab-4bfc-b823-6dbf14e97184 .users_owns_pets pets  '_id' = 882e5d68-bac1-41f6-8671-f2ea479ae742  .children_owns_pets children  '_id' = f0237a11-3b9d-4012-9eb6-528c3a944b5b  .grand_children '_id' = b82e7d8f-acd3-48f7-8e5c-9f6a2bc1dd52 , limit: null
3000;1;users '_id' = b6c2a745-854e-4b0f-b03e-104c90a13536 .users_owns_pets pets  '_id' = f7f6ce2b-9b5e-499d-9518-e63f16fc4628  .children_owns_pets children  '_id' = 8a84ae16-23d9-4d8c-b5ba-63a591b629f9  .grand_children '_id' = b682509d-6a4e-4ab1-ac18-a2edd3d90a36 .grand2_children  , limit: null
3000;1;users '_id' = c89060fd-496f-4f7a-b7fd-94b884b6bf22 .users_owns_pets pets  '_id' = e62cc734-14b7-4643-8f74-a0929e5135cb  .children_owns_pets children  '_id' = 82c35994-de2b-4c72-af53-69bcf554bbeb  .grand_children  .grand2_children  .grand3_children '_id' = e0a1d417-49c4-4a23-a16f-45e09d84fc35 , limit: null
3000;1;users  .users_owns_pets pets  '_id' = 09bd2791-0d37-42d7-9e96-83ad82446c3c  .children_owns_pets children  '_id' = 31c5c789-3580-4521-b3e9-1cf4428eb3fb  .grand_children  .grand2_children  .grand3_children '_id' = a9c1affb-e8bd-4f25-ba8d-1e1cd59e5ddd .grand4_children  , limit: null
3000;1;users  .users_owns_pets pets  '_id' = 0869f0ac-1fdc-409a-9bc0-1c5ffbb8d63b  .children_owns_pets children  '_id' = be5a2b2a-1013-490c-a19a-98e4cad00281  .grand_children  .grand2_children '_id' = da181387-f9cd-4c83-bd11-433643549c44 .grand3_children  .grand4_children  .grand5_children  , limit: null
3000;1;users '_id' = 43d48896-6a6f-4cbe-9734-af8cf107fde2 .users_owns_pets pets  '_id' = 4796ba2d-f034-485b-8186-cfd0bfc0d169  .pets_child '_id' = 54601dba-96d8-4ee0-a3b5-8e30c864fd99 .children_owns_pets_child children  '_id' = 8466f1d1-969f-439d-94d6-2aaf5454e2ed  , limit: null
3000;1;users '_id' = b7b75717-48d9-4b55-8fd8-1aa5716343cd .users_owns_pets pets  '_id' = b2f44611-1d57-4817-98f7-c8f7b4277437  .pets_child '_id' = 9508b26a-04fc-4839-a4b6-718e420716a6 .children_owns_pets_child children  '_id' = 1921477c-3387-456a-98e6-4679697d2b6e  , limit: null
3000;1;users  .users_owns_pets pets  '_id' = 811dd888-e253-4f3c-b07a-65433bbed631  .pets_child '_id' = 75c4e3d6-51d5-4497-8564-0724b7f8e38b .children_owns_pets_child children  '_id' = 692b2501-5534-4bba-8bd7-d566b5416306  .grand_children '_id' = 36b7dad8-1766-4244-8ffb-ad57f436847a , limit: null
3000;1;users  .users_owns_pets pets  '_id' = c961322a-aa27-4f7d-a688-0b18e0dac647  .pets_child  .children_owns_pets_child children  '_id' = dd190c6b-21c3-4a36-ba0e-bf2b1512dbc0  .grand_children '_id' = dde3c57b-c0df-4fb4-8669-5ad619f9de0f .grand2_children '_id' = 294d9acf-8a27-43d0-a5be-96d7d8010e37 , limit: null
3000;1;users  .users_owns_pets pets  '_id' = 849f18ca-a6ab-42c5-932e-0ba949fefb9b  .pets_child  .children_owns_pets_child children  '_id' = 196d7b2c-2f8b-4eab-82df-c2d2ca4295c6  .grand_children  .grand2_children '_id' = ab688423-d442-4ae9-96fd-21d46364fc80 .grand3_children  , limit: null
3000;1;users  .users_owns_pets pets  '_id' = 92ff32c9-77da-49d4-b0fc-079570bc10a7  .pets_child  .children_owns_pets_child children  '_id' = 0a78c24b-7bd6-4555-95d0-898830719fec  .grand_children '_id' = 3a2b4dbf-7359-4d5c-9bfa-d4a3d489fb2b .grand2_children  .grand3_children  .grand4_children  , limit: null
3000;1;users  .users_owns_pets pets  '_id' = f4d9e6e6-285c-4ffc-ad00-2b367e4fb1d2  .pets_child  .children_owns_pets_child children  '_id' = d18508ce-e559-4f3c-b847-c2ada584a71b  .grand_children  .grand2_children  .grand3_children  .grand4_children  .grand5_children '_id' = e1fd5de7-163d-4018-bf3a-a5a4a06531b3 , limit: null
3000;1;users  .users_owns_pets pets  '_id' = 2557037b-e3d9-45bb-921d-9d7f46ee4e48  .pets_child '_id' = 6082d2a0-1d0d-4427-8f48-bc392dc765b9 .pets_grand_child '_id' = 64794b67-989c-4ad1-9985-e959007502b5 .children_owns_pets_grand_child children  '_id' = e4ce5498-21de-4134-8140-03d57d0c795e  , limit: null
3000;1;users  .users_owns_pets pets  '_id' = 3c4f9a92-a84c-490d-abf0-db8e0ef821c6  .pets_child '_id' = 4f03b624-1d0d-427d-b3db-9006a6150df7 .pets_grand_child '_id' = 4883ad33-5e0e-4bae-a3bc-cfa09d7bca79 .children_owns_pets_grand_child children  '_id' = acc2e7c9-fd7d-4b8a-9570-975f05a22817  , limit: null
3000;1;users  .users_owns_pets pets  '_id' = 568fb1e6-3d43-4f96-812d-34808683313b  .pets_child  .pets_grand_child '_id' = bfd9fc45-dd03-4c74-8513-66d37b9362d6 .children_owns_pets_grand_child children  '_id' = f93f6227-3742-45a4-96f6-7ab976fff4fc  .grand_children '_id' = 2a8839a2-8a09-46ae-bbce-8ee7ef3e85ad , limit: null
3000;1;users  .users_owns_pets pets  '_id' = 2126b87f-7fed-4701-baf9-1aafadf8bc55  .pets_child  .pets_grand_child  .children_owns_pets_grand_child children  '_id' = ed7d1ffb-9870-44b7-b07b-4332e69e3413  .grand_children '_id' = a728677e-b5ff-45c5-9722-e61328e73866 .grand2_children  , limit: null
3000;1;users '_id' = 34998a15-fbe2-40e6-b635-e9872e994fef .users_owns_pets pets  '_id' = 1b9f97cb-8ad5-4a14-9335-ca7acf5c72c0  .pets_child  .pets_grand_child  .children_owns_pets_grand_child children  '_id' = fa2b2b79-d6d2-4189-87ed-1a7e6bc6ca89  .grand_children  .grand2_children  .grand3_children  , limit: null
3000;1;users  .users_owns_pets pets  '_id' = 686a0e96-758b-49b6-9a40-f4be112f7c20  .pets_child '_id' = 9d649bc0-0696-4b86-80b8-ab987bab30af .pets_grand_child  .children_owns_pets_grand_child children  '_id' = 9170a8b8-97cd-45bc-99d0-46ad51354001  .grand_children  .grand2_children  .grand3_children  .grand4_children  , limit: null
3000;1;users  .users_owns_pets pets  '_id' = b8d0fdd0-70be-4cfa-82d4-065f325c85b6  .pets_child  .pets_grand_child  .children_owns_pets_grand_child children  '_id' = 29acf882-0bf3-421c-bab8-bcee683ee5a5  .grand_children  .grand2_children  .grand3_children  .grand4_children '_id' = 3cb3e6c6-fe84-4f7e-b8a3-747e60b59f38 .grand5_children  , limit: null
3000;1;users '_id' = 733847e6-262e-4f7d-885b-89ddf8237eb5 .children '_id' = e2c5b502-5add-4b56-8bb4-68700d4a2bdb .children_owns_pets pets  '_id' = 8ddba824-b7d3-48ac-bfbe-274b225752d7  .grand_children_owns_pets grand_children  '_id' = 379334ef-17d1-48c9-befb-0fc1d1c17aaf  , limit: null
3000;1;users '_id' = e06c0c8d-591d-4257-a4f1-0cc503973fbc .children '_id' = 6de8d9c2-0319-45cc-9a49-d38472627823 .children_owns_pets pets  '_id' = 5cf895a6-1d7a-440a-ba24-35dd98a98e56  .grand_children_owns_pets grand_children  '_id' = a9196977-eaed-4ac4-9448-d55ed956b3ed  , limit: null
3000;1;users '_id' = 9f8f7638-937d-440d-97a2-f951f72fe89b .children '_id' = 74c8fa20-cd19-4c0a-8b17-fa31a3164ba0 .children_owns_pets pets  '_id' = 04dc1db1-72d1-4f0d-8f5a-aacab8a11611  .grand_children_owns_pets grand_children  '_id' = a6565e73-64c0-452e-990a-1caaa2f15705  , limit: null
3000;1;users '_id' = 88d1d4af-b18d-4751-a6b5-4343a47a31f8 .children '_id' = e5ff3571-74ea-4bce-b406-a701eda36e70 .children_owns_pets pets  '_id' = 66014600-dca4-4b2b-adf1-8c18333ed6b8  .grand_children_owns_pets grand_children  '_id' = 3d7d6247-51c3-46a5-81ec-e61439887b2d  .grand2_children  , limit: null
3000;1;users '_id' = 62ca371f-caed-4f3f-a4a0-e84e8e8af80e .children  .children_owns_pets pets  '_id' = 7842eb7b-158e-4322-9819-29d72251daa8  .grand_children_owns_pets grand_children  '_id' = 6783f563-b60a-4d8d-be8f-778214a7f5d4  .grand2_children '_id' = 42bb544a-043b-4265-84fc-e794a3c2bb7e .grand3_children  , limit: null
3000;1;users  .children '_id' = c0fba4a6-13bb-4965-b11b-433b701c324e .children_owns_pets pets  '_id' = 8406618a-1e20-4c7f-ba8f-955a1fe1cc92  .grand_children_owns_pets grand_children  '_id' = 4b503f9b-2022-4fe2-8eff-827d84538d0a  .grand2_children  .grand3_children  .grand4_children  , limit: null
3000;1;users '_id' = 098a224e-af3d-44dc-99d5-bd854c182967 .children  .children_owns_pets pets  '_id' = 4807ec05-c22c-4698-b656-ec5714cadf36  .pets_child '_id' = bd604eb2-b85e-4d85-9f39-f59c70626854 .grand_children_owns_pets_child grand_children  '_id' = 968b7727-e52b-486d-9f2d-5021c621a51e  , limit: null
3000;1;users  .children '_id' = d84c0062-688d-49cd-bc2f-bdb6f39dea17 .children_owns_pets pets  '_id' = 9a7a8942-75af-4134-af54-ced49a57c245  .pets_child '_id' = 47f2de76-f33f-4ee0-b6f9-ac40dc39ea3d .grand_children_owns_pets_child grand_children  '_id' = 253bcffb-6c10-41bd-bb7a-18f74794eedd  , limit: null
3000;1;users  .children '_id' = c679a91a-469c-44ab-a1b8-b6038ecd83bf .children_owns_pets pets  '_id' = ff59a84b-fed8-4b6c-8662-cc03da785a0f  .pets_child '_id' = 002f0f3e-02e0-42c0-a08d-365e02736889 .grand_children_owns_pets_child grand_children  '_id' = 99fb5158-abfe-43eb-a310-285e537868f7  , limit: null
3000;1;users '_id' = 1c34e054-fa90-4ffe-9939-c593803cdf82 .children '_id' = aec8b9c9-0022-480a-abab-e7fd65fe5474 .children_owns_pets pets  '_id' = 28d60870-b0bf-423b-95bf-b066a728e1b4  .pets_child  .grand_children_owns_pets_child grand_children  '_id' = 51732cf8-97e7-4b08-a822-cc6617188268  .grand2_children  , limit: null
3000;1;users  .children  .children_owns_pets pets  '_id' = a583280a-cafe-4ba9-8b2c-aab408ecd06d  .pets_child  .grand_children_owns_pets_child grand_children  '_id' = 6a468f12-a54f-4931-853b-6ae2a57e09a5  .grand2_children '_id' = f4ef1cbd-88c7-4c9c-9de6-8621fa4ee13d .grand3_children  , limit: null
3000;1;users  .children '_id' = 4061b7d6-20a0-464d-8917-411ea6b19e01 .children_owns_pets pets  '_id' = 840e4a71-51fa-4b6d-86d0-b58ec34ceed0  .pets_child  .grand_children_owns_pets_child grand_children  '_id' = 7d27d67f-8115-4c0f-8a58-8453e1d2abf2  .grand2_children  .grand3_children  .grand4_children  , limit: null
3000;1;users '_id' = db31466a-35ba-487d-8eb8-a0e19d55e764 .children '_id' = 3d1894c3-58e7-42cf-82aa-9cdd79ece8b0 .children_owns_pets pets  '_id' = 32597746-a7c5-4e15-8019-46008c6443bd  .pets_child  .pets_grand_child  .grand_children_owns_pets_grand_child grand_children  '_id' = 71cc7df4-191c-4ee9-94bb-edcfb556ec09  , limit: null
3000;1;users  .children '_id' = e706f9e9-25fe-47d8-a7eb-a0d2b7de9b75 .children_owns_pets pets  '_id' = 4a1659cb-24d9-4ebd-8a8e-afc711ffbaf4  .pets_child '_id' = 01b7f143-6552-424a-a44c-47c2aadb5a96 .pets_grand_child  .grand_children_owns_pets_grand_child grand_children  '_id' = 75c55ef9-5c33-4ade-8e25-99b7cfc88217  , limit: null
3000;1;users  .children  .children_owns_pets pets  '_id' = 27478d06-cdd1-4737-a9cc-f0dc74d732f2  .pets_child '_id' = f2be1220-0db3-4060-a318-a83747a848d0 .pets_grand_child '_id' = 1d0c7234-e630-45ea-bcdc-52d3cd4e9a4f .grand_children_owns_pets_grand_child grand_children  '_id' = 00ca0d06-beda-4301-8517-e439d92fa48d  , limit: null
3000;1;users  .children '_id' = f553c238-2d16-463c-a1bd-61c2656849ba .children_owns_pets pets  '_id' = d44ee1c0-a857-4171-86b7-2d15b64f805d  .pets_child  .pets_grand_child  .grand_children_owns_pets_grand_child grand_children  '_id' = eb01f525-bfb8-4898-8d4f-72187cef4859  .grand2_children  , limit: null
3000;1;users  .children  .children_owns_pets pets  '_id' = f32d3c94-1822-4304-830f-dc96e66c51d6  .pets_child  .pets_grand_child  .grand_children_owns_pets_grand_child grand_children  '_id' = 5a6125d4-d922-4ad8-822f-6f1147671442  .grand2_children  .grand3_children '_id' = faedbf01-b5e9-43b4-b44d-04b8efef8f72 , limit: null
3000;1;users  .children '_id' = 37f10027-044f-4341-ac41-3d51b9e6aeef .children_owns_pets pets  '_id' = cfee0edf-a15f-4c16-85d1-2a200eecf13e  .pets_child  .pets_grand_child  .grand_children_owns_pets_grand_child grand_children  '_id' = e4533d0d-a85c-4328-a6a7-82a7431c2238  .grand2_children  .grand3_children  .grand4_children  , limit: null
3000;1;users '_id' = 75b9c654-121d-4498-934c-f8eb795e5831 .children  .grand_children '_id' = f946dc5d-6a28-4ef4-9f8e-220b3973df72 .grand_children_owns_pets pets  '_id' = 6d634d87-9376-4af2-ba88-37645ed9e546  .grand2_children_owns_pets grand2_children  '_id' = b0fa3369-2449-404c-b27a-14125c382857  , limit: null
3000;1;users  .children '_id' = 4f0047e3-668f-424b-b89e-1e5da126cbf0 .grand_children '_id' = 148a9669-5a1d-4a6e-8f4d-8c6f7d7020ec .grand_children_owns_pets pets  '_id' = 13696ce5-8f3d-468a-9494-eb935578321f  .grand2_children_owns_pets grand2_children  '_id' = 6753e115-2f3c-4d57-94c0-70594147cb30  , limit: null
3000;1;users '_id' = 07c82feb-3b2c-4020-8e04-3ab54e592e7f .children  .grand_children '_id' = b78ac94f-f3ec-4030-a212-902417aa99c4 .grand_children_owns_pets pets  '_id' = 6128ebc9-eae2-4845-b51f-84a11477b11c  .grand2_children_owns_pets grand2_children  '_id' = c3ed59bb-390f-44cb-8a89-3013a2c37c2b  , limit: null
3000;1;users '_id' = 357884ad-2163-4a1c-828a-d5a6a6fc80b6 .children '_id' = dfd96022-1a56-4eb4-aef1-b7ee4c79cfa0 .grand_children  .grand_children_owns_pets pets  '_id' = 70d92ec7-5247-40be-87d2-c1600317ab5e  .grand2_children_owns_pets grand2_children  '_id' = 8eba120f-22a9-448a-9bea-75c470baaff2  , limit: null
3000;1;users '_id' = 43fb08b8-1190-4990-a2eb-a68aa3c99605 .children  .grand_children '_id' = 3ae933eb-c65b-4e27-b8dc-0455a857d41f .grand_children_owns_pets pets  '_id' = c9e888cf-3d42-49b4-83ba-85ba438f0d08  .grand2_children_owns_pets grand2_children  '_id' = 1de1109d-ecfc-49ff-83f0-6da2f2b32d3b  .grand3_children  , limit: null
3000;1;users '_id' = 1d49ec58-4174-4f62-bb38-3edd33bb0e57 .children  .grand_children '_id' = 1424ff08-a6e6-463c-bee6-b2da94874c87 .grand_children_owns_pets pets  '_id' = 01765753-e599-4cfe-b2f6-e6aafd0496e3  .pets_child  .grand2_children_owns_pets_child grand2_children  '_id' = 2b257ed1-ec5f-4dff-b4be-e642034802d4  , limit: null
3000;1;users '_id' = 1033ffb2-b11d-473d-920c-dc9116a457d9 .children  .grand_children  .grand_children_owns_pets pets  '_id' = 4e320b57-316c-4345-bc6b-a90e49c34315  .pets_child '_id' = c88a693d-7a1f-4bdc-804a-093739325537 .grand2_children_owns_pets_child grand2_children  '_id' = 19eced22-d040-4db9-aa03-0ac378aa3378  , limit: null
3000;1;users '_id' = c773fa39-bb6f-4a87-8898-3198e1c6be7c .children  .grand_children '_id' = 454c708d-e0ca-460e-805e-679cbedef372 .grand_children_owns_pets pets  '_id' = 059e3160-e82c-4c58-b651-6fa12d547bae  .pets_child  .grand2_children_owns_pets_child grand2_children  '_id' = 21f05048-0db2-41ea-b0c6-35c78accfbfc  , limit: null
3000;1;users '_id' = 8c429431-d48a-4df4-9939-4393aa644150 .children  .grand_children '_id' = 91ea07e9-52e4-4e66-9c82-b2af1bdce3a7 .grand_children_owns_pets pets  '_id' = 009cae39-7a68-4a4d-b011-a183df691162  .pets_child  .grand2_children_owns_pets_child grand2_children  '_id' = 4343913c-0d39-4f48-bcae-cd660c85dc80  , limit: null
3000;1;users  .children '_id' = b9d96c3c-65d2-4825-9b5e-ac947b901cce .grand_children  .grand_children_owns_pets pets  '_id' = 0e6977bc-36d9-41ee-9f52-09bbb26a4fce  .pets_child  .grand2_children_owns_pets_child grand2_children  '_id' = a14b186b-9825-4d68-a38f-f346a2ef6122  .grand3_children  , limit: null
3000;1;users  .children '_id' = 5f8bf667-fe61-4132-b2d6-b5b3e380d9d7 .grand_children  .grand_children_owns_pets pets  '_id' = e45257a0-b55e-4696-90d0-4bf70dc27d02  .pets_child  .pets_grand_child  .grand2_children_owns_pets_grand_child grand2_children  '_id' = b520c5e8-0f0f-4094-ae01-2df8f9137757  , limit: null
3000;1;users  .children  .grand_children  .grand_children_owns_pets pets  '_id' = 51a724d9-46be-4a25-a7d0-a2daf52df7d1  .pets_child  .pets_grand_child '_id' = 0c600c57-77d2-428b-89ff-64ec456c0b44 .grand2_children_owns_pets_grand_child grand2_children  '_id' = 0f5d92f1-435b-4095-98b6-e630789fcb29  , limit: null
3000;1;users '_id' = 75b9c654-121d-4498-934c-f8eb795e5831 .children  .grand_children  .grand_children_owns_pets pets  '_id' = 6d634d87-9376-4af2-ba88-37645ed9e546  .pets_child  .pets_grand_child  .grand2_children_owns_pets_grand_child grand2_children  '_id' = 1973ba15-349f-4d1d-8374-015e9eb1056e  , limit: null
3000;1;users  .children '_id' = 069fcc17-766c-4b41-b993-de5a651f6344 .grand_children  .grand_children_owns_pets pets  '_id' = 19088f51-da99-4ad5-874f-6c16374065b6  .pets_child  .pets_grand_child  .grand2_children_owns_pets_grand_child grand2_children  '_id' = e3de7aa1-d8fa-4a4c-8373-c804a405167f  , limit: null
3000;1;users  .children  .grand_children  .grand_children_owns_pets pets  '_id' = a2f9ec03-1bbf-4e60-9d48-daa35f8fa950  .pets_child '_id' = eaf07aa9-f1c3-47d1-8c60-745f09438532 .pets_grand_child  .grand2_children_owns_pets_grand_child grand2_children  '_id' = 5063bbb2-f5e1-4eec-baf6-44b0a894395b  .grand3_children  , limit: null
3000;1;users  .children '_id' = 3c6935ea-f5e2-4e31-be78-f6aec7d31a19 .grand_children  .grand2_children '_id' = 15d8d089-e9e7-475a-b4f7-4bb5fcf84d14 .grand2_children_owns_pets pets  '_id' = 824dcbd0-a725-4944-b169-817ef2cdbb6b  .grand3_children_owns_pets grand3_children  '_id' = 57ca8ed7-db97-46c1-bf9b-704993721b5d  , limit: null
3000;1;users  .children '_id' = cc259c09-a2b8-4b1b-89f6-4391091f057e .grand_children  .grand2_children '_id' = 33c1f3ac-41ee-47bc-879c-6b860507932c .grand2_children_owns_pets pets  '_id' = 9b03cd38-8a22-4d29-85d9-006fa16bdaaf  .grand3_children_owns_pets grand3_children  '_id' = 43e171b6-6119-4e4b-85d1-c2eb0732fa4f  , limit: null
3000;1;users  .children '_id' = aa969217-7f78-4863-83d6-8a5e7aad11f1 .grand_children '_id' = 58db0642-bbeb-4329-a224-c39ebf8e0de3 .grand2_children  .grand2_children_owns_pets pets  '_id' = 1328eefb-1cbd-4095-8ddf-4aef6fea3b35  .grand3_children_owns_pets grand3_children  '_id' = 8f29a02d-0fbb-47ea-a3c9-74d9dd4c0e00  , limit: null
3000;1;users  .children  .grand_children '_id' = 1e185323-9ab5-49da-a3a0-57a4adc9afe5 .grand2_children '_id' = 420f8bd5-a504-45fb-979f-71e466741bec .grand2_children_owns_pets pets  '_id' = e31d9fff-590b-47d1-9b7a-8400b08cf3c5  .grand3_children_owns_pets grand3_children  '_id' = 45de76cb-348a-486d-8e94-d3144ef55443  , limit: null
3000;1;users  .children '_id' = 12e651fa-f89d-47dd-9b30-5f70ad0006d0 .grand_children  .grand2_children  .grand2_children_owns_pets pets  '_id' = 4df72feb-dfdd-4c73-a951-6fcdb07c27e6  .pets_child  .grand3_children_owns_pets_child grand3_children  '_id' = 2bb0c672-b9ae-4ead-818c-cdf9f7c72de4  , limit: null
3000;1;users  .children  .grand_children  .grand2_children '_id' = 03ca46bf-4d4b-451f-a0f2-216ccb6ae489 .grand2_children_owns_pets pets  '_id' = 8114ae49-8abc-4640-b737-9d78a4335d23  .pets_child  .grand3_children_owns_pets_child grand3_children  '_id' = 40756873-bca4-486d-bdfc-2841887c91dd  , limit: null
3000;1;users  .children '_id' = c354792f-2229-462d-b73c-2c3c9968d753 .grand_children  .grand2_children  .grand2_children_owns_pets pets  '_id' = 16ba1c24-7ceb-4ea6-8e2c-0b539fef10bf  .pets_child  .grand3_children_owns_pets_child grand3_children  '_id' = 21df1b61-d8fc-407a-93e6-47ebc07a0d08  , limit: null
3000;1;users  .children  .grand_children  .grand2_children '_id' = 9cc5e255-2454-408c-86df-922f72706548 .grand2_children_owns_pets pets  '_id' = c9335bc0-fd21-412a-8650-992c49f6ecb6  .pets_child  .grand3_children_owns_pets_child grand3_children  '_id' = 3b910d60-e446-43db-a104-057375b32541  , limit: null
3000;1;users '_id' = 52a4fa5c-9c5d-47c5-a9f9-eb5ec1675eca .children  .grand_children  .grand2_children  .grand2_children_owns_pets pets  '_id' = 8f374ef4-01ee-409a-8ad0-ea51d66da1b6  .pets_child  .pets_grand_child  .grand3_children_owns_pets_grand_child grand3_children  '_id' = 77481fcb-d476-433c-8cc1-92d1c4f9bdbc  , limit: null
3000;1;users  .children  .grand_children  .grand2_children '_id' = e1b8398c-848d-4884-817e-29f42cb99147 .grand2_children_owns_pets pets  '_id' = 2e590754-bf4b-4170-aaef-af62b3b71e42  .pets_child  .pets_grand_child  .grand3_children_owns_pets_grand_child grand3_children  '_id' = d808dcaa-6cba-40cf-9db5-529ad711d92a  , limit: null
3000;1;users  .children  .grand_children  .grand2_children '_id' = 7526974a-7d19-4808-b710-c9134d6aec4e .grand2_children_owns_pets pets  '_id' = 62a9edd8-81b9-4926-b381-40622c5afdae  .pets_child  .pets_grand_child  .grand3_children_owns_pets_grand_child grand3_children  '_id' = 52aed19d-e147-4bba-9649-23b28599439e  , limit: null
3000;1;users  .children  .grand_children  .grand2_children '_id' = 7ee493f4-e047-47c5-9eef-cbda1bf11a78 .grand2_children_owns_pets pets  '_id' = 62ed7955-2b57-4f11-8fb3-f828c4834d27  .pets_child  .pets_grand_child  .grand3_children_owns_pets_grand_child grand3_children  '_id' = 159bd5e8-a5d2-48f3-b7c0-998313878b64  , limit: null
3000;1;users  .children '_id' = cfbff35a-67bf-4ab3-ad07-4aa15247cc63 .grand_children  .grand2_children  .grand3_children  .grand3_children_owns_pets pets  '_id' = 099474f8-42ad-413e-8e19-5e4eaacb6e15  .grand4_children_owns_pets grand4_children  '_id' = f3c15cfc-5b19-4b79-bfd6-34763dfcc599  , limit: null
3000;1;users  .children  .grand_children '_id' = 3443e5ac-c7e2-4144-ba4d-4b1e18f187b3 .grand2_children  .grand3_children  .grand3_children_owns_pets pets  '_id' = 81aec6ae-79bc-4b63-bb44-78a8fad4d33b  .grand4_children_owns_pets grand4_children  '_id' = 41128cb5-7cf1-497f-8cf7-358234a5b157  , limit: null
3000;1;users  .children '_id' = e362ad65-25a0-47e7-ae8f-f4cfa8d5619d .grand_children  .grand2_children  .grand3_children  .grand3_children_owns_pets pets  '_id' = 0b3de588-da75-4775-ab49-4d1b2ca8bf69  .grand4_children_owns_pets grand4_children  '_id' = be603246-a375-469c-b6d5-83f6db7e4285  , limit: null
3000;1;users  .children  .grand_children  .grand2_children '_id' = ed1a6ada-aea9-42eb-8f7d-e76206c77770 .grand3_children  .grand3_children_owns_pets pets  '_id' = 4a7e1af6-dc82-48e0-8f3f-50c991f32f4d  .pets_child  .grand4_children_owns_pets_child grand4_children  '_id' = 98b8f9f6-1cf1-4ea2-8d3d-cee16f67ef04  , limit: null
3000;1;users  .children '_id' = 931fe9da-cdd1-4049-9598-9f96b87366b8 .grand_children  .grand2_children  .grand3_children  .grand3_children_owns_pets pets  '_id' = 1c26c84c-d808-4ae5-bd39-a6a54c333856  .pets_child  .grand4_children_owns_pets_child grand4_children  '_id' = 4d3c2202-a3c5-4644-a0d0-3e1cfe5e6d3a  , limit: null
3000;1;users  .children  .grand_children  .grand2_children  .grand3_children  .grand3_children_owns_pets pets  '_id' = ed031306-3d51-4495-9d94-d7d73f82c61c  .pets_child '_id' = 644864b0-8f78-4c92-ad6a-8d3674c6c4a2 .grand4_children_owns_pets_child grand4_children  '_id' = c64f7798-5d2f-43a0-9c25-70ab1dc25cdf  , limit: null
3000;1;users  .children '_id' = 787f5e7b-f315-4ff1-8781-9a6f5af9d4ef .grand_children  .grand2_children  .grand3_children  .grand3_children_owns_pets pets  '_id' = 24a36812-9bdb-4d7e-a074-e8f4fc26a82d  .pets_child  .pets_grand_child  .grand4_children_owns_pets_grand_child grand4_children  '_id' = d3004f3d-6673-449c-960c-4e2ef29b3f3d  , limit: null
3000;1;users  .children  .grand_children  .grand2_children  .grand3_children  .grand3_children_owns_pets pets  '_id' = 8acfe55d-15fb-4b2a-9417-1842c6f264cf  .pets_child  .pets_grand_child '_id' = c4386b8a-a1b7-4247-ab6a-0e3b87073bac .grand4_children_owns_pets_grand_child grand4_children  '_id' = a42836a1-4c73-421c-9d8a-c9daf1243d3b  , limit: null
3000;1;users  .children  .grand_children  .grand2_children  .grand3_children  .grand3_children_owns_pets pets  '_id' = e54dd2ce-acd2-4dd1-a508-4f93e364c193  .pets_child  .pets_grand_child '_id' = b6c19b6b-76cf-443f-97cf-520554dc3e16 .grand4_children_owns_pets_grand_child grand4_children  '_id' = 708be406-1762-464a-a5ba-0eb0ca3e02b2  , limit: null
3000;1;users  .children  .grand_children '_id' = e46fd1e0-2c13-41e0-92b6-4866e6a2da6d .grand2_children  .grand3_children  .grand4_children  .grand4_children_owns_pets pets  '_id' = 538f53ab-8d90-4e14-a06f-fffb01339d7c  .grand5_children_owns_pets grand5_children  '_id' = fa66a5e9-748c-4037-b61a-d9f9460c930b  , limit: null
3000;1;users  .children '_id' = 595eb253-fb00-4cc0-ae27-592e69640f9b .grand_children  .grand2_children  .grand3_children  .grand4_children  .grand4_children_owns_pets pets  '_id' = e9cfd8be-3dd0-49e0-88cf-4772dd82f705  .grand5_children_owns_pets grand5_children  '_id' = 26a4e77a-b1e1-4729-8f56-5f558aa2d13e  , limit: null
3000;1;users  .children  .grand_children  .grand2_children  .grand3_children '_id' = 6542e6d2-a839-4493-b714-31d871427cff .grand4_children  .grand4_children_owns_pets pets  '_id' = 86979c5c-20ac-4865-83fd-01d0711ae7dc  .pets_child  .grand5_children_owns_pets_child grand5_children  '_id' = c79c4ff0-cc64-492c-acda-ddca9466452e  , limit: null
3000;1;users  .children  .grand_children  .grand2_children  .grand3_children '_id' = 86154a0f-0909-4371-9c57-73abcfbc25a2 .grand4_children  .grand4_children_owns_pets pets  '_id' = 6646bfd0-e6ed-4633-a3a6-e9798970b1bb  .pets_child  .grand5_children_owns_pets_child grand5_children  '_id' = 3359b632-d33b-4536-89fd-8e5dd983784f  , limit: null
3000;1;users  .children '_id' = 062b13dd-222f-4d42-b404-24c3f5843e89 .grand_children  .grand2_children  .grand3_children  .grand4_children  .grand4_children_owns_pets pets  '_id' = e6723d43-c49d-4999-86f3-04845c0cb7aa  .pets_child  .pets_grand_child  .grand5_children_owns_pets_grand_child grand5_children  '_id' = 889ad4b8-d127-4a7e-b50f-cbcca7dd3d07  , limit: null
3000;1;users  .children  .grand_children  .grand2_children  .grand3_children  .grand4_children '_id' = 0fb27cb7-2f84-4bfa-a8c4-25947c897a77 .grand4_children_owns_pets pets  '_id' = 9a2559a4-55ac-4c6b-873d-a6afb96c0789  .pets_child  .pets_grand_child  .grand5_children_owns_pets_grand_child grand5_children  '_id' = f5978cf7-1a0a-42cb-804d-b89f690d3537  , limit: null
3000;1;users '_id' = f12e7185-9932-4f94-956e-09c203f6ac17 .users_owns_pets pets  '_id' = 01bd792c-1e30-46d2-9ed2-a48da311f08e  .children_owns_pets children  '_id' = ed550bc0-3341-4528-b32f-d192f2b157fd  .children_owns_pets_child pets_child  '_id' = d42acfe5-711c-405a-b1c2-dc16722b0013  .pets_grand_child '_id' = 44ff0047-b41a-45a4-b405-50bf2e6f5a22 , limit: null
3000;1;users  .users_owns_pets pets  '_id' = f6d19c9b-a624-42f5-b478-136080070ed1  .children_owns_pets children  '_id' = e3076259-d49a-41ef-adba-025271f72698  .grand_children '_id' = 002f9be3-fb38-49fb-8dad-3e54708bd148 .grand_children_owns_pets_child pets_child  '_id' = 913c70e7-85b7-4d6e-a16c-137610d7f6f1  .pets_grand_child '_id' = 7e1b7c51-af3f-4ddd-8440-5a189469f3d0 , limit: null
3000;1;users '_id' = a6d3addc-5b30-46c2-8e46-8f608357ce11 .users_owns_pets pets  '_id' = 82de86fc-c5aa-4bec-8f84-ce4eee96a2a4  .children_owns_pets children  '_id' = 3b0595f2-8a99-4c98-a09a-0053091dfb6e  .grand_children '_id' = 0be6af81-b3e6-4b5b-9bd7-b74a53872e21 .grand2_children  .grand2_children_owns_pets_child pets_child  '_id' = 458c623b-b592-4113-9bf7-9a757c46a8de  .pets_grand_child  , limit: null
3000;1;users '_id' = c6180d10-747f-4d89-beb8-83f081bfe892 .users_owns_pets pets  '_id' = e17f7899-c7c4-41f2-8215-36522323dffd  .children_owns_pets children  '_id' = cd10dc25-fac1-481c-a31a-1db9e8a7e49b  .grand_children  .grand2_children  .grand3_children  .grand3_children_owns_pets_child pets_child  '_id' = a7fb1c6c-dc54-485a-9b86-842b2b299d5a  .pets_grand_child  , limit: null
3000;1;users  .users_owns_pets pets  '_id' = 6cd90b58-8ac5-4df7-ac59-6d7b911018cd  .children_owns_pets children  '_id' = 53d7a99d-6354-4402-94ac-e9f933a42917  .grand_children  .grand2_children  .grand3_children  .grand4_children '_id' = 6c5a8389-ee54-4159-ab4a-704cfd8b929e .grand4_children_owns_pets_child pets_child  '_id' = ae3a716f-9c95-4839-a7c9-4d96f19e0ea9  .pets_grand_child  , limit: null
3000;1;users '_id' = a0bb55d5-dc68-449c-a7ea-6414e49c25e6 .users_owns_pets pets  '_id' = d9347f56-d0b3-4a18-a649-d1c2ea7991b2  .children_owns_pets children  '_id' = 89888f89-c2bb-45ce-a6e5-69063202edae  .grand_children  .grand2_children  .grand3_children  .grand4_children  .grand5_children  .grand5_children_owns_pets_child pets_child  '_id' = 5f00fbfc-46b2-4102-9d26-0982eb6be7bf  .pets_grand_child  , limit: null
3000;1;users '_id' = f30761de-6c06-4131-93ce-995f8efca32c .users_owns_pets pets  '_id' = d53fd49f-baa0-49cd-9122-daf7ccca1a72  .pets_child '_id' = 2398ff63-235a-448c-b0a6-e39466f9cd03 .children_owns_pets_child children  '_id' = ddbb36aa-76ee-4538-ad2d-de6316ca2528  .children_owns_pets_grand_child pets_grand_child  '_id' = d38f1c6e-f4b3-4907-87b3-064e8d2b6b16  , limit: null
3000;1;users  .users_owns_pets pets  '_id' = c3447260-5f04-4302-aedd-9be4e63c5c87  .pets_child '_id' = be4237fb-0257-437f-abef-82ab8948c1df .children_owns_pets_child children  '_id' = be1a11b1-dd1a-4341-8e89-84a4779ad3b1  .grand_children '_id' = 229ea840-c662-4928-a76b-63bfcd43ce55 .grand_children_owns_pets_grand_child pets_grand_child  '_id' = 93b70b72-c5c0-4156-b0ba-bdddf8048701  , limit: null
3000;1;users  .users_owns_pets pets  '_id' = dae41ddb-c91c-4aee-a458-ebe893b1717a  .pets_child  .children_owns_pets_child children  '_id' = 37276706-33cb-4e3a-b75d-d52a172afa8d  .grand_children '_id' = f32b4f60-0603-4827-a104-2ae2372ee8de .grand2_children '_id' = 0d83e367-ec3e-43fb-955b-a65a6443e0dc .grand2_children_owns_pets_grand_child pets_grand_child  '_id' = 58d77c9c-81be-421e-9f93-178a1f9341d6  , limit: null
3000;1;users  .users_owns_pets pets  '_id' = 9e242eee-4cd1-4f51-9092-2abd07f63323  .pets_child '_id' = 1e308c6b-2f0b-47d9-99a8-f8567882498f .children_owns_pets_child children  '_id' = 833faa7e-102d-499e-a104-a2374fa60a38  .grand_children  .grand2_children  .grand3_children  .grand3_children_owns_pets_grand_child pets_grand_child  '_id' = cac61eb9-65ff-4c55-8760-c1c7bc6fbbde  , limit: null
3000;1;users  .users_owns_pets pets  '_id' = 27afec79-938c-48b8-b28e-88809829305e  .pets_child  .children_owns_pets_child children  '_id' = 8e6aad55-bc3b-41db-842f-5061a0151ea1  .grand_children  .grand2_children  .grand3_children  .grand4_children '_id' = 2438f4c8-d383-401f-bf6f-7732e90c82eb .grand4_children_owns_pets_grand_child pets_grand_child  '_id' = 0d95b712-bd9b-4156-9246-46d71438b33c  , limit: null
3000;1;users  .users_owns_pets pets  '_id' = a08d423a-3e27-485c-9923-13451683028d  .pets_child  .children_owns_pets_child children  '_id' = 8d34c5ce-db8c-401a-bcb6-e66e13baaf1b  .grand_children  .grand2_children  .grand3_children '_id' = 954b2989-f0f8-4ad7-abe4-108accef8625 .grand4_children  .grand5_children  .grand5_children_owns_pets_grand_child pets_grand_child  '_id' = ba69d239-4cd5-4214-8d90-7d3ff14e81b2  , limit: null
3000;1;users '_id' = 48d8c588-a4be-4336-93c1-f620a71773c4 .children  .children_owns_pets pets  '_id' = ab0c1357-c72c-4997-8d89-9faeafbff3b9  .grand_children_owns_pets grand_children  '_id' = 55074709-f9cc-4785-9330-5370758ea9c0  .grand_children_owns_pets_child pets_child  '_id' = 22f28bec-f4e1-4410-b825-4a6e7cc14965  .pets_grand_child '_id' = 728331ed-2d38-4997-ad54-0d5058f4b4f9 , limit: null
3000;1;users  .children '_id' = 0179409a-0520-49c5-94b2-a66ff3ffb6de .children_owns_pets pets  '_id' = 9913b116-d73a-434e-b05a-f4dd7af3d787  .grand_children_owns_pets grand_children  '_id' = dc0f919c-2634-4559-88e4-c7bd7e5aa03c  .grand2_children  .grand2_children_owns_pets_child pets_child  '_id' = 70306f25-f186-4ac0-96ba-e3e76ddccc12  .pets_grand_child '_id' = f7c0dc5b-66f9-412a-b23f-d30183246693 , limit: null
3000;1;users  .children  .children_owns_pets pets  '_id' = d4235322-5b5d-4d3f-8321-5db627ea04ff  .grand_children_owns_pets grand_children  '_id' = 2aa85421-52a7-4407-9ee3-079f6a261145  .grand2_children  .grand3_children '_id' = 0bcd672a-3322-41ff-9ea9-0cf646a5defd .grand3_children_owns_pets_child pets_child  '_id' = 85ad12e0-a953-4d93-ad3f-cf613da402af  .pets_grand_child  , limit: null
3000;1;users  .children  .children_owns_pets pets  '_id' = 5bc68b41-cb70-45f7-9649-897fdf36b974  .grand_children_owns_pets grand_children  '_id' = 1eac998d-2c91-4884-a3ab-20100be64310  .grand2_children  .grand3_children  .grand4_children  .grand4_children_owns_pets_child pets_child  '_id' = f404bab8-5afa-40e9-843d-33c07cf1314e  .pets_grand_child '_id' = a5579a09-9934-43c5-a2de-0a0d2fb37285 , limit: null
3000;1;users  .children  .children_owns_pets pets  '_id' = 0a7b05a7-1a3b-422d-95ee-a2f8f661a299  .grand_children_owns_pets grand_children  '_id' = 6c53c58c-1533-425c-b6e2-7fa2d7a0eef6  .grand2_children  .grand3_children  .grand4_children '_id' = 52122433-18a2-4d16-a10d-6eb4a074bd8e .grand5_children  .grand5_children_owns_pets_child pets_child  '_id' = 46234c53-ad49-4b0f-92d6-6fe9f2885b17  .pets_grand_child  , limit: null
3000;1;users  .children '_id' = 8ed3490d-e831-41fe-ab3f-97aa57c49d0b .children_owns_pets pets  '_id' = 77400f09-bc77-439d-9015-cf62667547f8  .pets_child '_id' = 8393cead-3ed2-43bf-bdf3-3df06d331f7a .grand_children_owns_pets_child grand_children  '_id' = 91e5ff20-a53d-43f2-bdda-ea2c1bd38034  .grand_children_owns_pets_grand_child pets_grand_child  '_id' = fb1ccc49-830b-493e-8a50-f9852d1de027  , limit: null
3000;1;users '_id' = 1c042a01-9529-4852-99f0-dd7c068ba024 .children '_id' = f89d5627-ab3d-49e7-ade8-c330fd538d09 .children_owns_pets pets  '_id' = 22dce435-72fb-4fa7-9fec-ec43f943b5c6  .pets_child  .grand_children_owns_pets_child grand_children  '_id' = 38fe2363-9525-4e53-b821-1ac98249a44c  .grand2_children  .grand2_children_owns_pets_grand_child pets_grand_child  '_id' = 2b481b26-afb4-4cc1-85ad-8e58acea0609  , limit: null
3000;1;users  .children  .children_owns_pets pets  '_id' = 2a029374-a9e4-49ac-9e63-e0ba2e660c14  .pets_child  .grand_children_owns_pets_child grand_children  '_id' = 6dc9a97e-cb8e-4378-a4db-eb057f6e04ff  .grand2_children  .grand3_children '_id' = a5a7ab5b-fcca-4ae1-82bc-b5606f3b45a5 .grand3_children_owns_pets_grand_child pets_grand_child  '_id' = e0ec0192-de66-40b6-ab5c-4848248f09b3  , limit: null
3000;1;users  .children  .children_owns_pets pets  '_id' = 212065a0-5842-42cf-956e-b4fb5755622d  .pets_child  .grand_children_owns_pets_child grand_children  '_id' = e97c6b33-10fd-49b3-8212-dac5387c7632  .grand2_children  .grand3_children '_id' = cebc4450-3aec-4d61-9405-ff4a5f8d1ab3 .grand4_children  .grand4_children_owns_pets_grand_child pets_grand_child  '_id' = be919c1f-49a9-460c-a593-837917a3db57  , limit: null
3000;1;users '_id' = 49507588-8aee-4795-8b62-809e789ac0a4 .children  .children_owns_pets pets  '_id' = 733785d2-71c1-428c-aff6-95753ec721c3  .pets_child  .grand_children_owns_pets_child grand_children  '_id' = d10bbe20-87d0-4ad0-851a-86148e2b1527  .grand2_children  .grand3_children  .grand4_children  .grand5_children  .grand5_children_owns_pets_grand_child pets_grand_child  '_id' = ac75c8f9-ac92-4529-a8e3-79d7a075a1ad  , limit: null
3000;1;users '_id' = f8003137-1b64-4400-afd5-40dfaff3e52f .children  .grand_children  .grand_children_owns_pets pets  '_id' = e15d12f0-b140-4eee-87c5-5492d25abb35  .grand2_children_owns_pets grand2_children  '_id' = 546a42a1-3fe6-4ea5-b0a8-cdb873924272  .grand2_children_owns_pets_child pets_child  '_id' = 931273fb-367b-44e7-8796-ffe1097a34fc  .pets_grand_child '_id' = c3704a94-ddbd-498f-89db-bf948092c420 , limit: null
3000;1;users '_id' = 6db99733-9323-4dad-b97a-b445351bdb89 .children  .grand_children  .grand_children_owns_pets pets  '_id' = 97f0f86f-2d2d-4391-ab3d-a3fdc7853c21  .grand2_children_owns_pets grand2_children  '_id' = 8ab078a3-fcbd-4d91-9119-78e29efdb75e  .grand3_children  .grand3_children_owns_pets_child pets_child  '_id' = 154552a5-7982-4e61-81aa-f4ba8ed906c3  .pets_grand_child  , limit: null
3000;1;users  .children  .grand_children  .grand_children_owns_pets pets  '_id' = 0bf51965-eadb-4d42-9967-bf2625a8f9f8  .grand2_children_owns_pets grand2_children  '_id' = 69ecf9ab-d0c6-4473-9c61-048f2e68a00d  .grand3_children  .grand4_children  .grand4_children_owns_pets_child pets_child  '_id' = e764702d-1826-4b36-9c37-eaf83c6a5314  .pets_grand_child '_id' = ec3f6281-fffa-478b-a486-887696ea5b41 , limit: null
3000;1;users  .children  .grand_children  .grand_children_owns_pets pets  '_id' = 56226b1e-7b6b-4eaf-9a91-dcf944590966  .grand2_children_owns_pets grand2_children  '_id' = 2cf5ed35-28ab-4ed5-9ee8-c311362098db  .grand3_children  .grand4_children '_id' = 02652570-da6b-4ebb-979b-cd60bb5a0f64 .grand5_children  .grand5_children_owns_pets_child pets_child  '_id' = 936ce023-f4e0-42df-90e7-33150dab3d2d  .pets_grand_child  , limit: null
3000;1;users '_id' = ef41570e-0a42-476a-abdc-ab15ed6acd8a .children  .grand_children  .grand_children_owns_pets pets  '_id' = 9640968b-0b57-4efd-a877-e94a7c9d4905  .pets_child '_id' = a77c83fe-4bfd-4026-adc9-cddf82fb8d30 .grand2_children_owns_pets_child grand2_children  '_id' = d9f1f4c2-9d41-4cf0-b9f6-000c9aee3bfb  .grand2_children_owns_pets_grand_child pets_grand_child  '_id' = 1dfa0d4e-cfa5-4eab-a85a-cc494690b51c  , limit: null
3000;1;users '_id' = 8b817b8b-b8fb-4a0e-b65d-c1a1d6947a5f .children  .grand_children  .grand_children_owns_pets pets  '_id' = eb7f60b9-d476-46cc-be03-7702b3910a08  .pets_child  .grand2_children_owns_pets_child grand2_children  '_id' = 2faa8c21-f1db-428b-a10d-4e4ca1b0b041  .grand3_children  .grand3_children_owns_pets_grand_child pets_grand_child  '_id' = ad4306fd-2e13-4e92-ac3b-07d69f27af9e  , limit: null
3000;1;users  .children  .grand_children  .grand_children_owns_pets pets  '_id' = 68188f1f-505f-4b96-815d-6fb545908cf3  .pets_child '_id' = b06a8580-5bb5-4602-877f-9c73f11031b9 .grand2_children_owns_pets_child grand2_children  '_id' = 7675e867-2c10-4120-9e2b-df51e62f7240  .grand3_children  .grand4_children  .grand4_children_owns_pets_grand_child pets_grand_child  '_id' = 6e477f5f-adb6-406c-9c9f-4cee69624ddb  , limit: null
3000;1;users  .children  .grand_children  .grand_children_owns_pets pets  '_id' = df3a62de-5d65-4c39-a30b-ba8f2f4cd9aa  .pets_child '_id' = 154552a5-7982-4e61-81aa-f4ba8ed906c3 .grand2_children_owns_pets_child grand2_children  '_id' = 93722ddc-8f4a-49d8-b95b-fb9c8b7c3a3e  .grand3_children  .grand4_children  .grand5_children  .grand5_children_owns_pets_grand_child pets_grand_child  '_id' = beb49a23-1c53-4632-8596-d249db25832b  , limit: null
3000;1;users  .children '_id' = 0d408f09-6a0b-44ea-b1fb-d9c4a48eb131 .grand_children  .grand2_children  .grand2_children_owns_pets pets  '_id' = 26a38c20-e6fb-4554-9eba-f460de260ad6  .grand3_children_owns_pets grand3_children  '_id' = e307e05d-bbd5-45ff-902e-30bef53b9e7c  .grand3_children_owns_pets_child pets_child  '_id' = 2bd69be8-2344-4f6a-8e18-de555fded8d3  .pets_grand_child  , limit: null
3000;1;users  .children  .grand_children  .grand2_children  .grand2_children_owns_pets pets  '_id' = 8c350dfd-f4c5-4627-9b2c-31b7c125a94c  .grand3_children_owns_pets grand3_children  '_id' = a72f5a00-e220-403e-9b7a-61be52a7066e  .grand4_children '_id' = fa6a6ef1-e873-480f-91ef-108963220db9 .grand4_children_owns_pets_child pets_child  '_id' = dbb65d89-ee54-4021-becc-7c948efee01c  .pets_grand_child  , limit: null
3000;1;users  .children  .grand_children  .grand2_children '_id' = 0e9284e6-4ad3-4915-93e2-1a27304bca94 .grand2_children_owns_pets pets  '_id' = 69073d11-ba58-4830-8f41-327eceda3882  .grand3_children_owns_pets grand3_children  '_id' = ee1090ff-9bb5-49a0-8adc-9a11f0cfa8c2  .grand4_children  .grand5_children  .grand5_children_owns_pets_child pets_child  '_id' = aee218ec-c4f4-49a4-a5f4-8cacdb1c0e5d  .pets_grand_child  , limit: null
3000;1;users  .children  .grand_children '_id' = 65a791ae-dd84-422c-acf4-fa4ec55c838f .grand2_children  .grand2_children_owns_pets pets  '_id' = df6c2aec-fe00-402c-a08e-3e2fde19419b  .pets_child  .grand3_children_owns_pets_child grand3_children  '_id' = 8a0e7463-0a48-4bc2-bad9-009c3d27807e  .grand3_children_owns_pets_grand_child pets_grand_child  '_id' = bebe416e-fa4a-4bda-b294-979a9ffebb63  , limit: null
3000;1;users  .children  .grand_children '_id' = c89521ee-ef23-487a-b3a9-11384b569ab2 .grand2_children  .grand2_children_owns_pets pets  '_id' = 58fb4682-bbf3-4293-ace6-54ec46651eef  .pets_child  .grand3_children_owns_pets_child grand3_children  '_id' = 164fa8f6-3d4f-45af-9fb7-9ce8ac9edba2  .grand4_children  .grand4_children_owns_pets_grand_child pets_grand_child  '_id' = 377f7b0d-6837-4b72-939b-0a771c472538  , limit: null
3000;1;users  .children  .grand_children  .grand2_children  .grand2_children_owns_pets pets  '_id' = 48b7dbad-c8bd-41a9-bb93-f5f940b989a2  .pets_child '_id' = 53480a3e-cfa6-4249-8421-59b65d10b92e .grand3_children_owns_pets_child grand3_children  '_id' = 4cb20e63-4267-417c-8d04-330a3676ca8e  .grand4_children  .grand5_children  .grand5_children_owns_pets_grand_child pets_grand_child  '_id' = fc7441f6-2614-4a71-9eb2-b0a8d5d06606  , limit: null
3000;1;users  .children  .grand_children  .grand2_children  .grand3_children  .grand3_children_owns_pets pets  '_id' = 3766f8d2-ce2e-4488-a5bf-079b2a850549  .grand4_children_owns_pets grand4_children  '_id' = b845c21c-73cb-4938-9381-27d5571c8095  .grand4_children_owns_pets_child pets_child  '_id' = ac04d93b-2f75-4d1b-8e79-34861cea07ee  .pets_grand_child '_id' = ca1b5d78-22b6-40b1-bff8-c4b83668ea15 , limit: null
3000;1;users  .children  .grand_children '_id' = f049ad29-3a76-49b6-b749-8f7d98d5f949 .grand2_children  .grand3_children  .grand3_children_owns_pets pets  '_id' = 3e0c7521-8482-45cc-a968-cc8784cccc20  .grand4_children_owns_pets grand4_children  '_id' = cd314e95-c376-4339-95cc-fa34ef6ad180  .grand5_children  .grand5_children_owns_pets_child pets_child  '_id' = 9c0e4a8d-eb8c-4f17-9eef-7c22549f689c  .pets_grand_child  , limit: null
3000;1;users  .children  .grand_children  .grand2_children '_id' = 68069206-16df-4de7-abe9-595b572e0338 .grand3_children  .grand3_children_owns_pets pets  '_id' = 59c78094-d8f0-467a-aa99-7b777956f4d8  .pets_child  .grand4_children_owns_pets_child grand4_children  '_id' = 46857468-12f7-43a0-9a08-2f019757d4ab  .grand4_children_owns_pets_grand_child pets_grand_child  '_id' = 3b455f24-8064-45cb-b77b-9a164f6a4dde  , limit: null
3000;1;users  .children  .grand_children  .grand2_children  .grand3_children  .grand3_children_owns_pets pets  '_id' = fa71480a-658b-4826-b70a-9c6202b4d9da  .pets_child '_id' = 2a7e48a3-20c6-4279-95e1-4c87531f4398 .grand4_children_owns_pets_child grand4_children  '_id' = 867fba29-b932-4d76-b5f0-459e1d6f63a9  .grand5_children  .grand5_children_owns_pets_grand_child pets_grand_child  '_id' = aee349e9-a20f-45d2-a868-ae9a8c43c3c5  , limit: null
3000;1;users '_id' = 4d866466-403c-4cbf-a5b9-bc31b35b17bd .children  .grand_children  .grand2_children  .grand3_children  .grand4_children  .grand4_children_owns_pets pets  '_id' = 0be4e1aa-f8c3-4b1f-943e-62388e165189  .grand5_children_owns_pets grand5_children  '_id' = ae5efa7a-7702-4bd6-be02-cb60f7d8ed90  .grand5_children_owns_pets_child pets_child  '_id' = 00da284b-77a3-48c7-bb3a-384ffc28caea  .pets_grand_child  , limit: null
3000;1;users  .children  .grand_children  .grand2_children '_id' = df61a70e-8510-41ee-9d06-7a8556569009 .grand3_children  .grand4_children  .grand4_children_owns_pets pets  '_id' = f107e981-e401-4d15-8127-76655b6e4b1a  .pets_child  .grand5_children_owns_pets_child grand5_children  '_id' = d785cac1-cc96-4466-9ea2-388f0b52b705  .grand5_children_owns_pets_grand_child pets_grand_child  '_id' = b9fc8904-a051-436f-9ece-a886b29e6880  , limit: null
3000;8;users '_id' in [, , , , , , , , , , , , , , , ] , limit: null
3000;2;users '_id' in [, , , , , , , , , , , , , , , ] .children '_id' in [, , , , , , , , , , , , , , , ] , limit: null
3000;4;users '_id' in [, , , , , , , , , , , , , , , ] .children  .grand_children '_id' in [, , , , , , , , , , , , , , , ] , limit: null
3000;1;users '_id' in [, , , , , , , , , , , , , ] .children  .grand_children  .grand2_children '_id' in [, , , , , , , , , , , , , , , ] , limit: null
3000;8;users '_id' in [, , , , , , , , , , , , , , , ] .children  .grand_children  .grand2_children  .grand3_children  , limit: null
3000;7;users  .children '_id' in [, , , , , , , , , , , , , ] .grand_children  .grand2_children  .grand3_children  .grand4_children  , limit: null
3000;7;users  .children  .grand_children  .grand2_children '_id' in [, , , , , , , , , , , , , ] .grand3_children  .grand4_children  .grand5_children  , limit: null
3000;3;users '_id' in [, , , , , , , , , , , , , , , ] .users_owns_pets pets  '_id' in [, , , , , , , , , , , , , ]  , limit: null
3000;1;users '_id' in [, , , , , , , , , , , , , , , ] .users_owns_pets pets  '_id' in [, , , , , , , , , , , , , ]  .pets_child '_id' in [, , , , , , , , , , , , , , , ] , limit: null
3000;1;users  .users_owns_pets pets  '_id' in [, , , , , , , , , , , , , , , ]  .pets_child '_id' in [, , , , , , , , , , , , , , , ] .pets_grand_child '_id' in [, , , , , , , , , , , , , , , ] , limit: null
3000;3;users '_id' in [, , , , , , , , , , , , , , , ] .children '_id' in [, , , , , , , , , , , , , , , ] .children_owns_pets pets    , limit: null
3000;3;users  .children '_id' in [, , , , , , , , , , , , , , , ] .children_owns_pets pets    .pets_child '_id' in [, , , , , , , , , , , , , ] , limit: null
3000;1;users '_id' in [, , , , , , , , , , , , , , , ] .children  .children_owns_pets pets  '_id' in [, , , , , , , , , , , , , , , ]  .pets_child '_id' in [, , , , , , , , , , , , , , , ] .pets_grand_child  , limit: null
3000;2;users  .children '_id' in [, , , , , , , , , , , , , ] .grand_children '_id' in [, , , , , , , , , , , , , , , ] .grand_children_owns_pets pets  '_id' in [, , , , , , , , , , , , , , , ]  , limit: null
3000;1;users  .children '_id' in [, , , , , , , , , , , , , ] .grand_children '_id' in [, , , , , , , , , , , , , , , ] .grand_children_owns_pets pets  '_id' in [, , , , , , , , , , , , , , , ]  .pets_child  , limit: null
3000;2;users  .children '_id' in [, , , , , , , , , , , , , ] .grand_children  .grand_children_owns_pets pets  '_id' in [, , , , , , , , , , , , , ]  .pets_child  .pets_grand_child  , limit: null
3000;2;users  .children '_id' in [, , , , , , , , , , , , , ] .grand_children  .grand2_children '_id' in [, , , , , , , , , , , , , , , ] .grand2_children_owns_pets pets    , limit: null
3000;8;users  .children  .grand_children  .grand2_children '_id' in [, , , , , , , , , , , , , , , ] .grand2_children_owns_pets pets    .pets_child  , limit: null
3000;8;users  .children  .grand_children '_id' in [, , , , , , , , , , , , , , , ] .grand2_children  .grand2_children_owns_pets pets    .pets_child  .pets_grand_child  , limit: null
3000;3;users  .children  .grand_children  .grand2_children  .grand3_children '_id' in [, , , , , , , , , , , , , , , ] .grand3_children_owns_pets pets  '_id' in [, , , , , , , , , , , , , ]  , limit: null
3000;8;users  .children  .grand_children  .grand2_children  .grand3_children '_id' in [, , , , , , , , , , , , , , , ] .grand3_children_owns_pets pets    .pets_child  , limit: null
3000;5;users  .children  .grand_children  .grand2_children  .grand3_children  .grand3_children_owns_pets pets  '_id' in [, , , , , , , , , , , , , , , ]  .pets_child  .pets_grand_child '_id' in [, , , , , , , , , , , , , , , ] , limit: null
3000;3;users '_id' in [, , , , , , , , , , , , , , , ] .children  .grand_children  .grand2_children  .grand3_children  .grand4_children  .grand4_children_owns_pets pets  '_id' in [, , , , , , , , , , , , , , , ]  , limit: null
3000;2;users  .children  .grand_children  .grand2_children  .grand3_children  .grand4_children  .grand4_children_owns_pets pets  '_id' in [, , , , , , , , , , , , , , , ]  .pets_child '_id' in [, , , , , , , , , , , , , , , ] , limit: null
3000;8;users  .children  .grand_children  .grand2_children  .grand3_children  .grand4_children  .grand4_children_owns_pets pets    .pets_child  .pets_grand_child '_id' in [, , , , , , , , , , , , , , , ] , limit: null
3000;8;users '_id' in [, , , , , , , , , , , , , , , ] .children  .grand_children  .grand2_children  .grand3_children  .grand4_children  .grand5_children  .grand5_children_owns_pets pets    , limit: null
3000;2;users '_id' in [, , , , , , , , , , , , , , , ] .children  .grand_children  .grand2_children  .grand3_children  .grand4_children  .grand5_children  .grand5_children_owns_pets pets  '_id' in [, , , , , , , , , , , , , , , ]  .pets_child  , limit: null
3000;8;users  .children  .grand_children  .grand2_children  .grand3_children  .grand4_children  .grand5_children  .grand5_children_owns_pets pets    .pets_child  .pets_grand_child '_id' in [, , , , , , , , , , , , , , , ] , limit: null
3000;8;pets '_id' in [, , , , , , , , , , , , , , , ] .users_owns_pets users    , limit: null
3000;2;pets '_id' in [, , , , , , , , , , , , , , , ] .pets_child '_id' in [, , , , , , , , , , , , , , , ] .users_owns_pets_child users    , limit: null
3000;1;pets  .pets_child '_id' in [, , , , , , , , , , , , , , , ] .pets_grand_child '_id' in [, , , , , , , , , , , , , ] .users_owns_pets_grand_child users    , limit: null
3000;1;pets '_id' in [, , , , , , , , , , , , , , , ] .users_owns_pets users  '_id' in [, , , , , , , , , , , , , , , ]  .children '_id' in [, , , , , , , , , , , , , , , ] , limit: null
3000;1;pets '_id' in [, , , , , , , , , , , , , , , ] .pets_child  .users_owns_pets_child users    .children '_id' in [, , , , , , , , , , , , , , , ] , limit: null
3000;2;pets '_id' in [, , , , , , , , , , , , , ] .pets_child  .pets_grand_child  .users_owns_pets_grand_child users  '_id' in [, , , , , , , , , , , , , , , ]  .children '_id' in [, , , , , , , , , , , , , , , ] , limit: null
3000;3;pets  .users_owns_pets users    .children '_id' in [, , , , , , , , , , , , , , , ] .grand_children '_id' in [, , , , , , , , , , , , , ] , limit: null
3000;3;pets '_id' in [, , , , , , , , , , , , , , , ] .pets_child  .users_owns_pets_child users    .children  .grand_children '_id' in [, , , , , , , , , , , , , , , ] , limit: null
3000;7;pets  .pets_child  .pets_grand_child  .users_owns_pets_grand_child users    .children  .grand_children '_id' in [, , , , , , , , , , , , , ] , limit: null
3000;2;pets  .users_owns_pets users  '_id' in [, , , , , , , , , , , , , ]  .children '_id' in [, , , , , , , , , , , , , , , ] .grand_children  .grand2_children '_id' in [, , , , , , , , , , , , , ] , limit: null
3000;1;pets '_id' in [, , , , , , , , , , , , , , , ] .pets_child  .users_owns_pets_child users  '_id' in [, , , , , , , , , , , , , , , ]  .children  .grand_children  .grand2_children  , limit: null
3000;2;pets  .pets_child  .pets_grand_child  .users_owns_pets_grand_child users  '_id' in [, , , , , , , , , , , , , ]  .children  .grand_children  .grand2_children '_id' in [, , , , , , , , , , , , , ] , limit: null
3000;2;pets  .users_owns_pets users  '_id' in [, , , , , , , , , , , , , , , ]  .children '_id' in [, , , , , , , , , , , , , , , ] .grand_children  .grand2_children  .grand3_children  , limit: null
3000;8;pets  .pets_child '_id' in [, , , , , , , , , , , , , , , ] .users_owns_pets_child users    .children  .grand_children  .grand2_children  .grand3_children  , limit: null
3000;1;pets '_id' in [, , , , , , , , , , , , , , , ] .pets_child  .pets_grand_child  .users_owns_pets_grand_child users  '_id' in [, , , , , , , , , , , , , , , ]  .children  .grand_children  .grand2_children  .grand3_children  , limit: null
3000;8;pets  .users_owns_pets users    .children  .grand_children  .grand2_children  .grand3_children '_id' in [, , , , , , , , , , , , , , , ] .grand4_children  , limit: null
3000;8;pets  .pets_child  .users_owns_pets_child users    .children '_id' in [, , , , , , , , , , , , , , , ] .grand_children  .grand2_children  .grand3_children  .grand4_children  , limit: null
3000;7;pets  .pets_child  .pets_grand_child '_id' in [, , , , , , , , , , , , , ] .users_owns_pets_grand_child users    .children  .grand_children  .grand2_children  .grand3_children  .grand4_children  , limit: null
3000;8;pets  .users_owns_pets users    .children  .grand_children  .grand2_children  .grand3_children  .grand4_children '_id' in [, , , , , , , , , , , , , , , ] .grand5_children  , limit: null
3000;3;pets  .pets_child  .users_owns_pets_child users  '_id' in [, , , , , , , , , , , , , , , ]  .children  .grand_children  .grand2_children  .grand3_children  .grand4_children  .grand5_children '_id' in [, , , , , , , , , , , , , , , ] , limit: null
3000;8;pets '_id' in [, , , , , , , , , , , , , , , ] .pets_child  .pets_grand_child  .users_owns_pets_grand_child users    .children  .grand_children  .grand2_children  .grand3_children  .grand4_children  .grand5_children  , limit: null
3000;1;users '_id' in [, , , , , , , , , , , , , ] .users_owns_pets pets  '_id' in [, , , , , , , , , , , , , , , ]  .children_owns_pets children  '_id' in [, , , , , , , , , , , , , , , ]  , limit: null
3000;1;users '_id' in [, , , , , , , , , , , , , ] .users_owns_pets pets  '_id' in [, , , , , , , , , , , , , , , ]  .children_owns_pets children  '_id' in [, , , , , , , , , , , , , , , ]  , limit: null
3000;1;users '_id' in [, , , , , , , , , , , , , , , ] .users_owns_pets pets  '_id' in [, , , , , , , , , , , , , , , ]  .children_owns_pets children  '_id' in [, , , , , , , , , , , , , , , ]  .grand_children '_id' in [, , , , , , , , , , , , , ] , limit: null
3000;2;users '_id' in [, , , , , , , , , , , , , , , ] .users_owns_pets pets  '_id' in [, , , , , , , , , , , , , , , ]  .children_owns_pets children  '_id' in [, , , , , , , , , , , , , , , ]  .grand_children  .grand2_children '_id' in [, , , , , , , , , , , , , , , ] , limit: null
3000;2;users '_id' in [, , , , , , , , , , , , , ] .users_owns_pets pets  '_id' in [, , , , , , , , , , , , , , , ]  .children_owns_pets children  '_id' in [, , , , , , , , , , , , , ]  .grand_children '_id' in [, , , , , , , , , , , , , , , ] .grand2_children  .grand3_children  , limit: null
3000;3;users  .users_owns_pets pets  '_id' in [, , , , , , , , , , , , , , , ]  .children_owns_pets children  '_id' in [, , , , , , , , , , , , , , , ]  .grand_children  .grand2_children  .grand3_children '_id' in [, , , , , , , , , , , , , ] .grand4_children  , limit: null
3000;2;users  .users_owns_pets pets  '_id' in [, , , , , , , , , , , , , ]  .children_owns_pets children  '_id' in [, , , , , , , , , , , , , , , ]  .grand_children  .grand2_children  .grand3_children '_id' in [, , , , , , , , , , , , , ] .grand4_children  .grand5_children  , limit: null
3000;1;users '_id' in [, , , , , , , , , , , , , ] .users_owns_pets pets  '_id' in [, , , , , , , , , , , , , , , ]  .pets_child '_id' in [, , , , , , , , , , , , , , , ] .children_owns_pets_child children  '_id' in [, , , , , , , , , , , , , , , ]  , limit: null
3000;1;users '_id' in [, , , , , , , , , , , , , , , ] .users_owns_pets pets  '_id' in [, , , , , , , , , , , , , , , ]  .pets_child '_id' in [, , , , , , , , , , , , , , , ] .children_owns_pets_child children  '_id' in [, , , , , , , , , , , , , , , ]  , limit: null
3000;1;users '_id' in [, , , , , , , , , , , , , , , ] .users_owns_pets pets  '_id' in [, , , , , , , , , , , , , , , ]  .pets_child  .children_owns_pets_child children  '_id' in [, , , , , , , , , , , , , , , ]  .grand_children '_id' in [, , , , , , , , , , , , , , , ] , limit: null
3000;1;users  .users_owns_pets pets  '_id' in [, , , , , , , , , , , , , , , ]  .pets_child '_id' in [, , , , , , , , , , , , , ] .children_owns_pets_child children  '_id' in [, , , , , , , , , , , , , , , ]  .grand_children '_id' in [, , , , , , , , , , , , , , , ] .grand2_children  , limit: null
3000;1;users  .users_owns_pets pets  '_id' in [, , , , , , , , , , , , , , , ]  .pets_child '_id' in [, , , , , , , , , , , , , , , ] .children_owns_pets_child children  '_id' in [, , , , , , , , , , , , , , , ]  .grand_children  .grand2_children  .grand3_children  , limit: null
3000;1;users  .users_owns_pets pets  '_id' in [, , , , , , , , , , , , , , , ]  .pets_child '_id' in [, , , , , , , , , , , , , , , ] .children_owns_pets_child children  '_id' in [, , , , , , , , , , , , , , , ]  .grand_children  .grand2_children  .grand3_children  .grand4_children  , limit: null
3000;1;users  .users_owns_pets pets  '_id' in [, , , , , , , , , , , , , , , ]  .pets_child '_id' in [, , , , , , , , , , , , , ] .children_owns_pets_child children  '_id' in [, , , , , , , , , , , , , , , ]  .grand_children  .grand2_children  .grand3_children  .grand4_children  .grand5_children  , limit: null
3000;1;users '_id' in [, , , , , , , , , , , , , , , ] .users_owns_pets pets  '_id' in [, , , , , , , , , , , , , , , ]  .pets_child '_id' in [, , , , , , , , , , , , , , , ] .pets_grand_child  .children_owns_pets_grand_child children  '_id' in [, , , , , , , , , , , , , ]  , limit: null
3000;1;users  .users_owns_pets pets  '_id' in [, , , , , , , , , , , , , , , ]  .pets_child '_id' in [, , , , , , , , , , , , , ] .pets_grand_child '_id' in [, , , , , , , , , , , , , , , ] .children_owns_pets_grand_child children  '_id' in [, , , , , , , , , , , , , ]  , limit: null
3000;1;users  .users_owns_pets pets  '_id' in [, , , , , , , , , , , , , ]  .pets_child  .pets_grand_child '_id' in [, , , , , , , , , , , , , ] .children_owns_pets_grand_child children  '_id' in [, , , , , , , , , , , , , , , ]  .grand_children '_id' in [, , , , , , , , , , , , , , , ] , limit: null
3000;1;users  .users_owns_pets pets  '_id' in [, , , , , , , , , , , , , ]  .pets_child  .pets_grand_child  .children_owns_pets_grand_child children  '_id' in [, , , , , , , , , , , , , , , ]  .grand_children '_id' in [, , , , , , , , , , , , , , , ] .grand2_children  , limit: null
3000;1;users  .users_owns_pets pets  '_id' in [, , , , , , , , , , , , , ]  .pets_child  .pets_grand_child '_id' in [, , , , , , , , , , , , , ] .children_owns_pets_grand_child children  '_id' in [, , , , , , , , , , , , , ]  .grand_children  .grand2_children  .grand3_children  , limit: null
3000;2;users  .users_owns_pets pets  '_id' in [, , , , , , , , , , , , , , , ]  .pets_child  .pets_grand_child  .children_owns_pets_grand_child children  '_id' in [, , , , , , , , , , , , , , , ]  .grand_children  .grand2_children '_id' in [, , , , , , , , , , , , , , , ] .grand3_children  .grand4_children  , limit: null
3000;2;users  .users_owns_pets pets  '_id' in [, , , , , , , , , , , , , , , ]  .pets_child  .pets_grand_child  .children_owns_pets_grand_child children  '_id' in [, , , , , , , , , , , , , , , ]  .grand_children  .grand2_children  .grand3_children  .grand4_children  .grand5_children '_id' in [, , , , , , , , , , , , , , , ] , limit: null
3000;1;users '_id' in [, , , , , , , , , , , , , , , ] .children '_id' in [, , , , , , , , , , , , , ] .children_owns_pets pets  '_id' in [, , , , , , , , , , , , , , , ]  .grand_children_owns_pets grand_children  '_id' in [, , , , , , , , , , , , , ]  , limit: null
3000;1;users '_id' in [, , , , , , , , , , , , , , , ] .children '_id' in [, , , , , , , , , , , , , , , ] .children_owns_pets pets  '_id' in [, , , , , , , , , , , , , ]  .grand_children_owns_pets grand_children  '_id' in [, , , , , , , , , , , , , , , ]  , limit: null
3000;1;users '_id' in [, , , , , , , , , , , , , , , ] .children '_id' in [, , , , , , , , , , , , , , , ] .children_owns_pets pets  '_id' in [, , , , , , , , , , , , , , , ]  .grand_children_owns_pets grand_children  '_id' in [, , , , , , , , , , , , , , , ]  , limit: null
3000;1;users  .children '_id' in [, , , , , , , , , , , , , , , ] .children_owns_pets pets  '_id' in [, , , , , , , , , , , , , ]  .grand_children_owns_pets grand_children  '_id' in [, , , , , , , , , , , , , ]  .grand2_children '_id' in [, , , , , , , , , , , , , , , ] , limit: null
3000;1;users  .children  .children_owns_pets pets  '_id' in [, , , , , , , , , , , , , , , ]  .grand_children_owns_pets grand_children  '_id' in [, , , , , , , , , , , , , , , ]  .grand2_children '_id' in [, , , , , , , , , , , , , , , ] .grand3_children '_id' in [, , , , , , , , , , , , , , , ] , limit: null
3000;1;users  .children  .children_owns_pets pets  '_id' in [, , , , , , , , , , , , , , , ]  .grand_children_owns_pets grand_children  '_id' in [, , , , , , , , , , , , , , , ]  .grand2_children  .grand3_children '_id' in [, , , , , , , , , , , , , , , ] .grand4_children  , limit: null
3000;1;users '_id' in [, , , , , , , , , , , , , , , ] .children  .children_owns_pets pets  '_id' in [, , , , , , , , , , , , , ]  .pets_child '_id' in [, , , , , , , , , , , , , , , ] .grand_children_owns_pets_child grand_children  '_id' in [, , , , , , , , , , , , , ]  , limit: null
3000;1;users '_id' in [, , , , , , , , , , , , , , , ] .children '_id' in [, , , , , , , , , , , , , , , ] .children_owns_pets pets  '_id' in [, , , , , , , , , , , , , , , ]  .pets_child  .grand_children_owns_pets_child grand_children  '_id' in [, , , , , , , , , , , , , , , ]  , limit: null
3000;2;users '_id' in [, , , , , , , , , , , , , , , ] .children '_id' in [, , , , , , , , , , , , , ] .children_owns_pets pets  '_id' in [, , , , , , , , , , , , , , , ]  .pets_child  .grand_children_owns_pets_child grand_children  '_id' in [, , , , , , , , , , , , , , , ]  , limit: null
3000;1;users  .children  .children_owns_pets pets  '_id' in [, , , , , , , , , , , , , ]  .pets_child '_id' in [, , , , , , , , , , , , , ] .grand_children_owns_pets_child grand_children  '_id' in [, , , , , , , , , , , , , , , ]  .grand2_children '_id' in [, , , , , , , , , , , , , ] , limit: null
3000;2;users  .children '_id' in [, , , , , , , , , , , , , , , ] .children_owns_pets pets  '_id' in [, , , , , , , , , , , , , , , ]  .pets_child  .grand_children_owns_pets_child grand_children  '_id' in [, , , , , , , , , , , , , , , ]  .grand2_children  .grand3_children  , limit: null
3000;2;users '_id' in [, , , , , , , , , , , , , , , ] .children  .children_owns_pets pets  '_id' in [, , , , , , , , , , , , , , , ]  .pets_child  .grand_children_owns_pets_child grand_children  '_id' in [, , , , , , , , , , , , , , , ]  .grand2_children  .grand3_children  .grand4_children  , limit: null
3000;1;users '_id' in [, , , , , , , , , , , , , ] .children  .children_owns_pets pets  '_id' in [, , , , , , , , , , , , , ]  .pets_child '_id' in [, , , , , , , , , , , , , ] .pets_grand_child  .grand_children_owns_pets_grand_child grand_children  '_id' in [, , , , , , , , , , , , , , , ]  , limit: null
3000;2;users '_id' in [, , , , , , , , , , , , , , , ] .children '_id' in [, , , , , , , , , , , , , , , ] .children_owns_pets pets  '_id' in [, , , , , , , , , , , , , , , ]  .pets_child  .pets_grand_child  .grand_children_owns_pets_grand_child grand_children  '_id' in [, , , , , , , , , , , , , ]  , limit: null
3000;1;users  .children  .children_owns_pets pets  '_id' in [, , , , , , , , , , , , , , , ]  .pets_child '_id' in [, , , , , , , , , , , , , , , ] .pets_grand_child '_id' in [, , , , , , , , , , , , , , , ] .grand_children_owns_pets_grand_child grand_children  '_id' in [, , , , , , , , , , , , , , , ]  , limit: null
3000;1;users '_id' in [, , , , , , , , , , , , , ] .children  .children_owns_pets pets  '_id' in [, , , , , , , , , , , , , ]  .pets_child  .pets_grand_child  .grand_children_owns_pets_grand_child grand_children  '_id' in [, , , , , , , , , , , , , , , ]  .grand2_children  , limit: null
3000;1;users  .children  .children_owns_pets pets  '_id' in [, , , , , , , , , , , , , , , ]  .pets_child '_id' in [, , , , , , , , , , , , , , , ] .pets_grand_child  .grand_children_owns_pets_grand_child grand_children  '_id' in [, , , , , , , , , , , , , , , ]  .grand2_children  .grand3_children  , limit: null
3000;1;users  .children  .children_owns_pets pets  '_id' in [, , , , , , , , , , , , , , , ]  .pets_child  .pets_grand_child  .grand_children_owns_pets_grand_child grand_children  '_id' in [, , , , , , , , , , , , , , , ]  .grand2_children '_id' in [, , , , , , , , , , , , , , , ] .grand3_children  .grand4_children  , limit: null
3000;1;users  .children '_id' in [, , , , , , , , , , , , , ] .grand_children '_id' in [, , , , , , , , , , , , , , , ] .grand_children_owns_pets pets  '_id' in [, , , , , , , , , , , , , ]  .grand2_children_owns_pets grand2_children  '_id' in [, , , , , , , , , , , , , , , ]  , limit: null
3000;1;users  .children '_id' in [, , , , , , , , , , , , , ] .grand_children '_id' in [, , , , , , , , , , , , , , , ] .grand_children_owns_pets pets  '_id' in [, , , , , , , , , , , , , , , ]  .grand2_children_owns_pets grand2_children  '_id' in [, , , , , , , , , , , , , , , ]  , limit: null
3000;1;users '_id' in [, , , , , , , , , , , , , , , ] .children  .grand_children '_id' in [, , , , , , , , , , , , , , , ] .grand_children_owns_pets pets  '_id' in [, , , , , , , , , , , , , , , ]  .grand2_children_owns_pets grand2_children  '_id' in [, , , , , , , , , , , , , , , ]  , limit: null
3000;1;users  .children '_id' in [, , , , , , , , , , , , , , , ] .grand_children '_id' in [, , , , , , , , , , , , , , , ] .grand_children_owns_pets pets  '_id' in [, , , , , , , , , , , , , , , ]  .grand2_children_owns_pets grand2_children  '_id' in [, , , , , , , , , , , , , ]  , limit: null
3000;1;users '_id' in [, , , , , , , , , , , , , , , ] .children  .grand_children  .grand_children_owns_pets pets  '_id' in [, , , , , , , , , , , , , ]  .grand2_children_owns_pets grand2_children  '_id' in [, , , , , , , , , , , , , , , ]  .grand3_children '_id' in [, , , , , , , , , , , , , , , ] , limit: null
3000;2;users  .children '_id' in [, , , , , , , , , , , , , , , ] .grand_children '_id' in [, , , , , , , , , , , , , , , ] .grand_children_owns_pets pets  '_id' in [, , , , , , , , , , , , , , , ]  .pets_child  .grand2_children_owns_pets_child grand2_children  '_id' in [, , , , , , , , , , , , , ]  , limit: null
3000;1;users '_id' in [, , , , , , , , , , , , , ] .children  .grand_children  .grand_children_owns_pets pets  '_id' in [, , , , , , , , , , , , , , , ]  .pets_child '_id' in [, , , , , , , , , , , , , , , ] .grand2_children_owns_pets_child grand2_children  '_id' in [, , , , , , , , , , , , , , , ]  , limit: null
3000;1;users  .children '_id' in [, , , , , , , , , , , , , ] .grand_children '_id' in [, , , , , , , , , , , , , , , ] .grand_children_owns_pets pets  '_id' in [, , , , , , , , , , , , , , , ]  .pets_child  .grand2_children_owns_pets_child grand2_children  '_id' in [, , , , , , , , , , , , , , , ]  , limit: null
3000;2;users '_id' in [, , , , , , , , , , , , , , , ] .children  .grand_children '_id' in [, , , , , , , , , , , , , , , ] .grand_children_owns_pets pets  '_id' in [, , , , , , , , , , , , , , , ]  .pets_child  .grand2_children_owns_pets_child grand2_children  '_id' in [, , , , , , , , , , , , , , , ]  , limit: null
3000;1;users '_id' in [, , , , , , , , , , , , , , , ] .children  .grand_children  .grand_children_owns_pets pets  '_id' in [, , , , , , , , , , , , , , , ]  .pets_child  .grand2_children_owns_pets_child grand2_children  '_id' in [, , , , , , , , , , , , , , , ]  .grand3_children  , limit: null
3000;1;users  .children  .grand_children  .grand_children_owns_pets pets  '_id' in [, , , , , , , , , , , , , , , ]  .pets_child '_id' in [, , , , , , , , , , , , , ] .pets_grand_child  .grand2_children_owns_pets_grand_child grand2_children  '_id' in [, , , , , , , , , , , , , , , ]  , limit: null
3000;2;users  .children  .grand_children  .grand_children_owns_pets pets  '_id' in [, , , , , , , , , , , , , , , ]  .pets_child '_id' in [, , , , , , , , , , , , , , , ] .pets_grand_child  .grand2_children_owns_pets_grand_child grand2_children  '_id' in [, , , , , , , , , , , , , , , ]  , limit: null
3000;1;users  .children  .grand_children  .grand_children_owns_pets pets  '_id' in [, , , , , , , , , , , , , , , ]  .pets_child '_id' in [, , , , , , , , , , , , , , , ] .pets_grand_child  .grand2_children_owns_pets_grand_child grand2_children  '_id' in [, , , , , , , , , , , , , , , ]  , limit: null
3000;1;users  .children  .grand_children  .grand_children_owns_pets pets  '_id' in [, , , , , , , , , , , , , , , ]  .pets_child  .pets_grand_child '_id' in [, , , , , , , , , , , , , , , ] .grand2_children_owns_pets_grand_child grand2_children  '_id' in [, , , , , , , , , , , , , ]  , limit: null
3000;1;users  .children '_id' in [, , , , , , , , , , , , , , , ] .grand_children  .grand_children_owns_pets pets  '_id' in [, , , , , , , , , , , , , , , ]  .pets_child  .pets_grand_child  .grand2_children_owns_pets_grand_child grand2_children  '_id' in [, , , , , , , , , , , , , , , ]  .grand3_children  , limit: null
3000;1;users  .children '_id' in [, , , , , , , , , , , , , , , ] .grand_children  .grand2_children '_id' in [, , , , , , , , , , , , , , , ] .grand2_children_owns_pets pets  '_id' in [, , , , , , , , , , , , , ]  .grand3_children_owns_pets grand3_children  '_id' in [, , , , , , , , , , , , , , , ]  , limit: null
3000;1;users  .children '_id' in [, , , , , , , , , , , , , , , ] .grand_children '_id' in [, , , , , , , , , , , , , , , ] .grand2_children  .grand2_children_owns_pets pets  '_id' in [, , , , , , , , , , , , , ]  .grand3_children_owns_pets grand3_children  '_id' in [, , , , , , , , , , , , , ]  , limit: null
3000;1;users '_id' in [, , , , , , , , , , , , , ] .children '_id' in [, , , , , , , , , , , , , , , ] .grand_children  .grand2_children  .grand2_children_owns_pets pets  '_id' in [, , , , , , , , , , , , , , , ]  .grand3_children_owns_pets grand3_children  '_id' in [, , , , , , , , , , , , , , , ]  , limit: null
3000;1;users '_id' in [, , , , , , , , , , , , , , , ] .children '_id' in [, , , , , , , , , , , , , , , ] .grand_children  .grand2_children  .grand2_children_owns_pets pets  '_id' in [, , , , , , , , , , , , , , , ]  .grand3_children_owns_pets grand3_children  '_id' in [, , , , , , , , , , , , , , , ]  , limit: null
3000;1;users  .children  .grand_children  .grand2_children  .grand2_children_owns_pets pets  '_id' in [, , , , , , , , , , , , , , , ]  .pets_child '_id' in [, , , , , , , , , , , , , , , ] .grand3_children_owns_pets_child grand3_children  '_id' in [, , , , , , , , , , , , , , , ]  , limit: null
3000;2;users  .children  .grand_children  .grand2_children '_id' in [, , , , , , , , , , , , , ] .grand2_children_owns_pets pets  '_id' in [, , , , , , , , , , , , , ]  .pets_child  .grand3_children_owns_pets_child grand3_children  '_id' in [, , , , , , , , , , , , , , , ]  , limit: null
3000;1;users  .children  .grand_children  .grand2_children '_id' in [, , , , , , , , , , , , , , , ] .grand2_children_owns_pets pets  '_id' in [, , , , , , , , , , , , , , , ]  .pets_child  .grand3_children_owns_pets_child grand3_children  '_id' in [, , , , , , , , , , , , , , , ]  , limit: null
3000;1;users '_id' in [, , , , , , , , , , , , , , , ] .children  .grand_children  .grand2_children  .grand2_children_owns_pets pets  '_id' in [, , , , , , , , , , , , , ]  .pets_child  .grand3_children_owns_pets_child grand3_children  '_id' in [, , , , , , , , , , , , , , , ]  , limit: null
3000;1;users  .children  .grand_children  .grand2_children  .grand2_children_owns_pets pets  '_id' in [, , , , , , , , , , , , , , , ]  .pets_child '_id' in [, , , , , , , , , , , , , , , ] .pets_grand_child  .grand3_children_owns_pets_grand_child grand3_children  '_id' in [, , , , , , , , , , , , , , , ]  , limit: null
3000;1;users '_id' in [, , , , , , , , , , , , , , , ] .children  .grand_children  .grand2_children  .grand2_children_owns_pets pets  '_id' in [, , , , , , , , , , , , , ]  .pets_child  .pets_grand_child  .grand3_children_owns_pets_grand_child grand3_children  '_id' in [, , , , , , , , , , , , , , , ]  , limit: null
3000;1;users  .children  .grand_children  .grand2_children '_id' in [, , , , , , , , , , , , , , , ] .grand2_children_owns_pets pets  '_id' in [, , , , , , , , , , , , , , , ]  .pets_child  .pets_grand_child  .grand3_children_owns_pets_grand_child grand3_children  '_id' in [, , , , , , , , , , , , , , , ]  , limit: null
3000;1;users '_id' in [, , , , , , , , , , , , , , , ] .children  .grand_children  .grand2_children  .grand2_children_owns_pets pets  '_id' in [, , , , , , , , , , , , , , , ]  .pets_child  .pets_grand_child  .grand3_children_owns_pets_grand_child grand3_children  '_id' in [, , , , , , , , , , , , , , , ]  , limit: null
3000;2;users '_id' in [, , , , , , , , , , , , , , , ] .children  .grand_children  .grand2_children  .grand3_children  .grand3_children_owns_pets pets  '_id' in [, , , , , , , , , , , , , , , ]  .grand4_children_owns_pets grand4_children  '_id' in [, , , , , , , , , , , , , ]  , limit: null
3000;1;users  .children '_id' in [, , , , , , , , , , , , , ] .grand_children  .grand2_children  .grand3_children  .grand3_children_owns_pets pets  '_id' in [, , , , , , , , , , , , , ]  .grand4_children_owns_pets grand4_children  '_id' in [, , , , , , , , , , , , , ]  , limit: null
3000;2;users  .children '_id' in [, , , , , , , , , , , , , , , ] .grand_children  .grand2_children  .grand3_children  .grand3_children_owns_pets pets  '_id' in [, , , , , , , , , , , , , ]  .grand4_children_owns_pets grand4_children  '_id' in [, , , , , , , , , , , , , ]  , limit: null
3000;1;users  .children  .grand_children '_id' in [, , , , , , , , , , , , , , , ] .grand2_children  .grand3_children  .grand3_children_owns_pets pets  '_id' in [, , , , , , , , , , , , , , , ]  .pets_child  .grand4_children_owns_pets_child grand4_children  '_id' in [, , , , , , , , , , , , , , , ]  , limit: null
3000;1;users  .children '_id' in [, , , , , , , , , , , , , ] .grand_children  .grand2_children  .grand3_children  .grand3_children_owns_pets pets  '_id' in [, , , , , , , , , , , , , ]  .pets_child  .grand4_children_owns_pets_child grand4_children  '_id' in [, , , , , , , , , , , , , , , ]  , limit: null
3000;2;users '_id' in [, , , , , , , , , , , , , , , ] .children  .grand_children  .grand2_children  .grand3_children  .grand3_children_owns_pets pets  '_id' in [, , , , , , , , , , , , , , , ]  .pets_child  .grand4_children_owns_pets_child grand4_children  '_id' in [, , , , , , , , , , , , , , , ]  , limit: null
3000;1;users '_id' in [, , , , , , , , , , , , , ] .children  .grand_children  .grand2_children  .grand3_children  .grand3_children_owns_pets pets  '_id' in [, , , , , , , , , , , , , ]  .pets_child  .pets_grand_child  .grand4_children_owns_pets_grand_child grand4_children  '_id' in [, , , , , , , , , , , , , ]  , limit: null
3000;1;users  .children  .grand_children  .grand2_children  .grand3_children  .grand3_children_owns_pets pets  '_id' in [, , , , , , , , , , , , , , , ]  .pets_child  .pets_grand_child '_id' in [, , , , , , , , , , , , , , , ] .grand4_children_owns_pets_grand_child grand4_children  '_id' in [, , , , , , , , , , , , , , , ]  , limit: null
3000;1;users  .children  .grand_children  .grand2_children  .grand3_children '_id' in [, , , , , , , , , , , , , , , ] .grand3_children_owns_pets pets  '_id' in [, , , , , , , , , , , , , , , ]  .pets_child  .pets_grand_child  .grand4_children_owns_pets_grand_child grand4_children  '_id' in [, , , , , , , , , , , , , , , ]  , limit: null
3000;2;users  .children '_id' in [, , , , , , , , , , , , , ] .grand_children  .grand2_children  .grand3_children  .grand4_children  .grand4_children_owns_pets pets  '_id' in [, , , , , , , , , , , , , , , ]  .grand5_children_owns_pets grand5_children  '_id' in [, , , , , , , , , , , , , , , ]  , limit: null
3000;2;users  .children  .grand_children  .grand2_children '_id' in [, , , , , , , , , , , , , , , ] .grand3_children  .grand4_children  .grand4_children_owns_pets pets  '_id' in [, , , , , , , , , , , , , , , ]  .grand5_children_owns_pets grand5_children  '_id' in [, , , , , , , , , , , , , , , ]  , limit: null
3000;1;users  .children  .grand_children  .grand2_children '_id' in [, , , , , , , , , , , , , ] .grand3_children  .grand4_children  .grand4_children_owns_pets pets  '_id' in [, , , , , , , , , , , , , ]  .pets_child  .grand5_children_owns_pets_child grand5_children  '_id' in [, , , , , , , , , , , , , , , ]  , limit: null
3000;1;users  .children  .grand_children '_id' in [, , , , , , , , , , , , , , , ] .grand2_children  .grand3_children  .grand4_children  .grand4_children_owns_pets pets  '_id' in [, , , , , , , , , , , , , , , ]  .pets_child  .grand5_children_owns_pets_child grand5_children  '_id' in [, , , , , , , , , , , , , , , ]  , limit: null
3000;1;users  .children '_id' in [, , , , , , , , , , , , , , , ] .grand_children  .grand2_children  .grand3_children  .grand4_children  .grand4_children_owns_pets pets  '_id' in [, , , , , , , , , , , , , , , ]  .pets_child  .pets_grand_child  .grand5_children_owns_pets_grand_child grand5_children  '_id' in [, , , , , , , , , , , , , , , ]  , limit: null
3000;1;users  .children  .grand_children '_id' in [, , , , , , , , , , , , , , , ] .grand2_children  .grand3_children  .grand4_children  .grand4_children_owns_pets pets  '_id' in [, , , , , , , , , , , , , , , ]  .pets_child  .pets_grand_child  .grand5_children_owns_pets_grand_child grand5_children  '_id' in [, , , , , , , , , , , , , , , ]  , limit: null
3000;1;users '_id' in [, , , , , , , , , , , , , , , ] .users_owns_pets pets  '_id' in [, , , , , , , , , , , , , , , ]  .children_owns_pets children  '_id' in [, , , , , , , , , , , , , , , ]  .children_owns_pets_child pets_child  '_id' in [, , , , , , , , , , , , , , , ]  .pets_grand_child '_id' in [, , , , , , , , , , , , , , , ] , limit: null
3000;1;users  .users_owns_pets pets  '_id' in [, , , , , , , , , , , , , , , ]  .children_owns_pets children  '_id' in [, , , , , , , , , , , , , , , ]  .grand_children '_id' in [, , , , , , , , , , , , , , , ] .grand_children_owns_pets_child pets_child  '_id' in [, , , , , , , , , , , , , , , ]  .pets_grand_child '_id' in [, , , , , , , , , , , , , , , ] , limit: null
3000;1;users '_id' in [, , , , , , , , , , , , , ] .users_owns_pets pets  '_id' in [, , , , , , , , , , , , , , , ]  .children_owns_pets children  '_id' in [, , , , , , , , , , , , , , , ]  .grand_children '_id' in [, , , , , , , , , , , , , ] .grand2_children  .grand2_children_owns_pets_child pets_child  '_id' in [, , , , , , , , , , , , , , , ]  .pets_grand_child  , limit: null
3000;1;users  .users_owns_pets pets  '_id' in [, , , , , , , , , , , , , , , ]  .children_owns_pets children  '_id' in [, , , , , , , , , , , , , , , ]  .grand_children '_id' in [, , , , , , , , , , , , , , , ] .grand2_children  .grand3_children  .grand3_children_owns_pets_child pets_child  '_id' in [, , , , , , , , , , , , , , , ]  .pets_grand_child  , limit: null
3000;1;users  .users_owns_pets pets  '_id' in [, , , , , , , , , , , , , , , ]  .children_owns_pets children  '_id' in [, , , , , , , , , , , , , , , ]  .grand_children  .grand2_children  .grand3_children  .grand4_children '_id' in [, , , , , , , , , , , , , , , ] .grand4_children_owns_pets_child pets_child  '_id' in [, , , , , , , , , , , , , ]  .pets_grand_child  , limit: null
3000;1;users  .users_owns_pets pets  '_id' in [, , , , , , , , , , , , , ]  .children_owns_pets children  '_id' in [, , , , , , , , , , , , , ]  .grand_children  .grand2_children '_id' in [, , , , , , , , , , , , , , , ] .grand3_children  .grand4_children  .grand5_children  .grand5_children_owns_pets_child pets_child  '_id' in [, , , , , , , , , , , , , , , ]  .pets_grand_child  , limit: null
3000;1;users '_id' in [, , , , , , , , , , , , , , , ] .users_owns_pets pets  '_id' in [, , , , , , , , , , , , , , , ]  .pets_child '_id' in [, , , , , , , , , , , , , ] .children_owns_pets_child children  '_id' in [, , , , , , , , , , , , , , , ]  .children_owns_pets_grand_child pets_grand_child  '_id' in [, , , , , , , , , , , , , ]  , limit: null
3000;1;users '_id' in [, , , , , , , , , , , , , , , ] .users_owns_pets pets  '_id' in [, , , , , , , , , , , , , , , ]  .pets_child '_id' in [, , , , , , , , , , , , , , , ] .children_owns_pets_child children  '_id' in [, , , , , , , , , , , , , , , ]  .grand_children  .grand_children_owns_pets_grand_child pets_grand_child  '_id' in [, , , , , , , , , , , , , , , ]  , limit: null
3000;1;users  .users_owns_pets pets  '_id' in [, , , , , , , , , , , , , ]  .pets_child '_id' in [, , , , , , , , , , , , , ] .children_owns_pets_child children  '_id' in [, , , , , , , , , , , , , , , ]  .grand_children  .grand2_children '_id' in [, , , , , , , , , , , , , , , ] .grand2_children_owns_pets_grand_child pets_grand_child  '_id' in [, , , , , , , , , , , , , , , ]  , limit: null
3000;1;users  .users_owns_pets pets  '_id' in [, , , , , , , , , , , , , ]  .pets_child  .children_owns_pets_child children  '_id' in [, , , , , , , , , , , , , , , ]  .grand_children '_id' in [, , , , , , , , , , , , , ] .grand2_children  .grand3_children  .grand3_children_owns_pets_grand_child pets_grand_child  '_id' in [, , , , , , , , , , , , , , , ]  , limit: null
3000;1;users  .users_owns_pets pets  '_id' in [, , , , , , , , , , , , , , , ]  .pets_child  .children_owns_pets_child children  '_id' in [, , , , , , , , , , , , , ]  .grand_children  .grand2_children '_id' in [, , , , , , , , , , , , , , , ] .grand3_children  .grand4_children  .grand4_children_owns_pets_grand_child pets_grand_child  '_id' in [, , , , , , , , , , , , , , , ]  , limit: null
3000;1;users  .users_owns_pets pets  '_id' in [, , , , , , , , , , , , , , , ]  .pets_child  .children_owns_pets_child children  '_id' in [, , , , , , , , , , , , , , , ]  .grand_children  .grand2_children  .grand3_children  .grand4_children '_id' in [, , , , , , , , , , , , , , , ] .grand5_children  .grand5_children_owns_pets_grand_child pets_grand_child  '_id' in [, , , , , , , , , , , , , , , ]  , limit: null
3000;1;users  .children '_id' in [, , , , , , , , , , , , , ] .children_owns_pets pets  '_id' in [, , , , , , , , , , , , , , , ]  .grand_children_owns_pets grand_children  '_id' in [, , , , , , , , , , , , , ]  .grand_children_owns_pets_child pets_child  '_id' in [, , , , , , , , , , , , , , , ]  .pets_grand_child '_id' in [, , , , , , , , , , , , , , , ] , limit: null
3000;1;users  .children  .children_owns_pets pets  '_id' in [, , , , , , , , , , , , , , , ]  .grand_children_owns_pets grand_children  '_id' in [, , , , , , , , , , , , , , , ]  .grand2_children '_id' in [, , , , , , , , , , , , , , , ] .grand2_children_owns_pets_child pets_child  '_id' in [, , , , , , , , , , , , , ]  .pets_grand_child '_id' in [, , , , , , , , , , , , , ] , limit: null
3000;1;users  .children  .children_owns_pets pets  '_id' in [, , , , , , , , , , , , , , , ]  .grand_children_owns_pets grand_children  '_id' in [, , , , , , , , , , , , , , , ]  .grand2_children  .grand3_children  .grand3_children_owns_pets_child pets_child  '_id' in [, , , , , , , , , , , , , , , ]  .pets_grand_child '_id' in [, , , , , , , , , , , , , , , ] , limit: null
3000;1;users '_id' in [, , , , , , , , , , , , , , , ] .children  .children_owns_pets pets  '_id' in [, , , , , , , , , , , , , ]  .grand_children_owns_pets grand_children  '_id' in [, , , , , , , , , , , , , , , ]  .grand2_children  .grand3_children  .grand4_children  .grand4_children_owns_pets_child pets_child  '_id' in [, , , , , , , , , , , , , ]  .pets_grand_child  , limit: null
3000;1;users  .children  .children_owns_pets pets  '_id' in [, , , , , , , , , , , , , ]  .grand_children_owns_pets grand_children  '_id' in [, , , , , , , , , , , , , , , ]  .grand2_children  .grand3_children  .grand4_children  .grand5_children '_id' in [, , , , , , , , , , , , , , , ] .grand5_children_owns_pets_child pets_child  '_id' in [, , , , , , , , , , , , , , , ]  .pets_grand_child  , limit: null
3000;1;users '_id' in [, , , , , , , , , , , , , , , ] .children '_id' in [, , , , , , , , , , , , , , , ] .children_owns_pets pets  '_id' in [, , , , , , , , , , , , , , , ]  .pets_child  .grand_children_owns_pets_child grand_children  '_id' in [, , , , , , , , , , , , , , , ]  .grand_children_owns_pets_grand_child pets_grand_child  '_id' in [, , , , , , , , , , , , , ]  , limit: null
3000;1;users  .children  .children_owns_pets pets  '_id' in [, , , , , , , , , , , , , ]  .pets_child '_id' in [, , , , , , , , , , , , , , , ] .grand_children_owns_pets_child grand_children  '_id' in [, , , , , , , , , , , , , , , ]  .grand2_children '_id' in [, , , , , , , , , , , , , , , ] .grand2_children_owns_pets_grand_child pets_grand_child  '_id' in [, , , , , , , , , , , , , , , ]  , limit: null
3000;1;users  .children  .children_owns_pets pets  '_id' in [, , , , , , , , , , , , , , , ]  .pets_child '_id' in [, , , , , , , , , , , , , , , ] .grand_children_owns_pets_child grand_children  '_id' in [, , , , , , , , , , , , , , , ]  .grand2_children  .grand3_children  .grand3_children_owns_pets_grand_child pets_grand_child  '_id' in [, , , , , , , , , , , , , , , ]  , limit: null
3000;1;users '_id' in [, , , , , , , , , , , , , ] .children  .children_owns_pets pets  '_id' in [, , , , , , , , , , , , , , , ]  .pets_child  .grand_children_owns_pets_child grand_children  '_id' in [, , , , , , , , , , , , , , , ]  .grand2_children  .grand3_children  .grand4_children  .grand4_children_owns_pets_grand_child pets_grand_child  '_id' in [, , , , , , , , , , , , , , , ]  , limit: null
3000;1;users  .children  .children_owns_pets pets  '_id' in [, , , , , , , , , , , , , , , ]  .pets_child  .grand_children_owns_pets_child grand_children  '_id' in [, , , , , , , , , , , , , , , ]  .grand2_children  .grand3_children  .grand4_children  .grand5_children '_id' in [, , , , , , , , , , , , , , , ] .grand5_children_owns_pets_grand_child pets_grand_child  '_id' in [, , , , , , , , , , , , , , , ]  , limit: null
3000;1;users '_id' in [, , , , , , , , , , , , , , , ] .children  .grand_children '_id' in [, , , , , , , , , , , , , , , ] .grand_children_owns_pets pets  '_id' in [, , , , , , , , , , , , , , , ]  .grand2_children_owns_pets grand2_children  '_id' in [, , , , , , , , , , , , , , , ]  .grand2_children_owns_pets_child pets_child  '_id' in [, , , , , , , , , , , , , , , ]  .pets_grand_child  , limit: null
3000;1;users  .children  .grand_children  .grand_children_owns_pets pets  '_id' in [, , , , , , , , , , , , , , , ]  .grand2_children_owns_pets grand2_children  '_id' in [, , , , , , , , , , , , , , , ]  .grand3_children  .grand3_children_owns_pets_child pets_child  '_id' in [, , , , , , , , , , , , , , , ]  .pets_grand_child '_id' in [, , , , , , , , , , , , , , , ] , limit: null
3000;1;users  .children  .grand_children  .grand_children_owns_pets pets  '_id' in [, , , , , , , , , , , , , ]  .grand2_children_owns_pets grand2_children  '_id' in [, , , , , , , , , , , , , , , ]  .grand3_children  .grand4_children  .grand4_children_owns_pets_child pets_child  '_id' in [, , , , , , , , , , , , , ]  .pets_grand_child '_id' in [, , , , , , , , , , , , , , , ] , limit: null
3000;1;users  .children  .grand_children  .grand_children_owns_pets pets  '_id' in [, , , , , , , , , , , , , ]  .grand2_children_owns_pets grand2_children  '_id' in [, , , , , , , , , , , , , , , ]  .grand3_children '_id' in [, , , , , , , , , , , , , , , ] .grand4_children  .grand5_children  .grand5_children_owns_pets_child pets_child  '_id' in [, , , , , , , , , , , , , , , ]  .pets_grand_child  , limit: null
3000;1;users  .children '_id' in [, , , , , , , , , , , , , , , ] .grand_children  .grand_children_owns_pets pets  '_id' in [, , , , , , , , , , , , , , , ]  .pets_child '_id' in [, , , , , , , , , , , , , , , ] .grand2_children_owns_pets_child grand2_children  '_id' in [, , , , , , , , , , , , , , , ]  .grand2_children_owns_pets_grand_child pets_grand_child  '_id' in [, , , , , , , , , , , , , ]  , limit: null
3000;1;users '_id' in [, , , , , , , , , , , , , , , ] .children  .grand_children  .grand_children_owns_pets pets  '_id' in [, , , , , , , , , , , , , , , ]  .pets_child  .grand2_children_owns_pets_child grand2_children  '_id' in [, , , , , , , , , , , , , , , ]  .grand3_children  .grand3_children_owns_pets_grand_child pets_grand_child  '_id' in [, , , , , , , , , , , , , , , ]  , limit: null
3000;1;users  .children  .grand_children  .grand_children_owns_pets pets  '_id' in [, , , , , , , , , , , , , , , ]  .pets_child  .grand2_children_owns_pets_child grand2_children  '_id' in [, , , , , , , , , , , , , , , ]  .grand3_children '_id' in [, , , , , , , , , , , , , ] .grand4_children  .grand4_children_owns_pets_grand_child pets_grand_child  '_id' in [, , , , , , , , , , , , , ]  , limit: null
3000;1;users  .children  .grand_children '_id' in [, , , , , , , , , , , , , , , ] .grand_children_owns_pets pets  '_id' in [, , , , , , , , , , , , , , , ]  .pets_child  .grand2_children_owns_pets_child grand2_children  '_id' in [, , , , , , , , , , , , , , , ]  .grand3_children  .grand4_children  .grand5_children  .grand5_children_owns_pets_grand_child pets_grand_child  '_id' in [, , , , , , , , , , , , , , , ]  , limit: null
3000;1;users  .children '_id' in [, , , , , , , , , , , , , , , ] .grand_children  .grand2_children  .grand2_children_owns_pets pets  '_id' in [, , , , , , , , , , , , , ]  .grand3_children_owns_pets grand3_children  '_id' in [, , , , , , , , , , , , , ]  .grand3_children_owns_pets_child pets_child  '_id' in [, , , , , , , , , , , , , , , ]  .pets_grand_child  , limit: null
3000;1;users  .children  .grand_children  .grand2_children  .grand2_children_owns_pets pets  '_id' in [, , , , , , , , , , , , , , , ]  .grand3_children_owns_pets grand3_children  '_id' in [, , , , , , , , , , , , , , , ]  .grand4_children '_id' in [, , , , , , , , , , , , , , , ] .grand4_children_owns_pets_child pets_child  '_id' in [, , , , , , , , , , , , , ]  .pets_grand_child  , limit: null
3000;1;users '_id' in [, , , , , , , , , , , , , , , ] .children  .grand_children  .grand2_children  .grand2_children_owns_pets pets  '_id' in [, , , , , , , , , , , , , , , ]  .grand3_children_owns_pets grand3_children  '_id' in [, , , , , , , , , , , , , , , ]  .grand4_children  .grand5_children  .grand5_children_owns_pets_child pets_child  '_id' in [, , , , , , , , , , , , , , , ]  .pets_grand_child  , limit: null
3000;1;users  .children '_id' in [, , , , , , , , , , , , , , , ] .grand_children  .grand2_children  .grand2_children_owns_pets pets  '_id' in [, , , , , , , , , , , , , ]  .pets_child  .grand3_children_owns_pets_child grand3_children  '_id' in [, , , , , , , , , , , , , ]  .grand3_children_owns_pets_grand_child pets_grand_child  '_id' in [, , , , , , , , , , , , , ]  , limit: null
3000;1;users '_id' in [, , , , , , , , , , , , , , , ] .children  .grand_children  .grand2_children  .grand2_children_owns_pets pets  '_id' in [, , , , , , , , , , , , , , , ]  .pets_child  .grand3_children_owns_pets_child grand3_children  '_id' in [, , , , , , , , , , , , , ]  .grand4_children  .grand4_children_owns_pets_grand_child pets_grand_child  '_id' in [, , , , , , , , , , , , , , , ]  , limit: null
3000;1;users  .children  .grand_children  .grand2_children  .grand2_children_owns_pets pets  '_id' in [, , , , , , , , , , , , , , , ]  .pets_child  .grand3_children_owns_pets_child grand3_children  '_id' in [, , , , , , , , , , , , , ]  .grand4_children  .grand5_children '_id' in [, , , , , , , , , , , , , , , ] .grand5_children_owns_pets_grand_child pets_grand_child  '_id' in [, , , , , , , , , , , , , , , ]  , limit: null
3000;1;users  .children '_id' in [, , , , , , , , , , , , , , , ] .grand_children  .grand2_children  .grand3_children  .grand3_children_owns_pets pets  '_id' in [, , , , , , , , , , , , , , , ]  .grand4_children_owns_pets grand4_children  '_id' in [, , , , , , , , , , , , , ]  .grand4_children_owns_pets_child pets_child  '_id' in [, , , , , , , , , , , , , , , ]  .pets_grand_child  , limit: null
3000;1;users  .children  .grand_children  .grand2_children '_id' in [, , , , , , , , , , , , , ] .grand3_children  .grand3_children_owns_pets pets  '_id' in [, , , , , , , , , , , , , , , ]  .grand4_children_owns_pets grand4_children  '_id' in [, , , , , , , , , , , , , ]  .grand5_children  .grand5_children_owns_pets_child pets_child  '_id' in [, , , , , , , , , , , , , , , ]  .pets_grand_child  , limit: null
3000;1;users  .children  .grand_children  .grand2_children  .grand3_children  .grand3_children_owns_pets pets  '_id' in [, , , , , , , , , , , , , , , ]  .pets_child '_id' in [, , , , , , , , , , , , , ] .grand4_children_owns_pets_child grand4_children  '_id' in [, , , , , , , , , , , , , , , ]  .grand4_children_owns_pets_grand_child pets_grand_child  '_id' in [, , , , , , , , , , , , , , , ]  , limit: null
3000;2;users  .children  .grand_children  .grand2_children '_id' in [, , , , , , , , , , , , , , , ] .grand3_children  .grand3_children_owns_pets pets  '_id' in [, , , , , , , , , , , , , , , ]  .pets_child  .grand4_children_owns_pets_child grand4_children  '_id' in [, , , , , , , , , , , , , , , ]  .grand5_children  .grand5_children_owns_pets_grand_child pets_grand_child  '_id' in [, , , , , , , , , , , , , , , ]  , limit: null
3000;2;users  .children  .grand_children  .grand2_children  .grand3_children '_id' in [, , , , , , , , , , , , , , , ] .grand4_children  .grand4_children_owns_pets pets  '_id' in [, , , , , , , , , , , , , , , ]  .grand5_children_owns_pets grand5_children  '_id' in [, , , , , , , , , , , , , ]  .grand5_children_owns_pets_child pets_child  '_id' in [, , , , , , , , , , , , , ]  .pets_grand_child  , limit: null
3000;1;users '_id' in [, , , , , , , , , , , , , , , ] .children  .grand_children  .grand2_children  .grand3_children  .grand4_children  .grand4_children_owns_pets pets  '_id' in [, , , , , , , , , , , , , , , ]  .pets_child  .grand5_children_owns_pets_child grand5_children  '_id' in [, , , , , , , , , , , , , , , ]  .grand5_children_owns_pets_grand_child pets_grand_child  '_id' in [, , , , , , , , , , , , , , , ]  , limit: null
3000;200;users 'age' in [, , , , , , , , , , , , , ] , limit: null
3000;14;users 'age' in [, , , , , , , , , , , , , ] .children 'age' in [, , , , , , , , , , , , , ] , limit: null
3000;3;users 'name' in [, , , , , , , , , , , , , , , ] .children  .grand_children 'name' in [, , , , , , , , , , , , , , , ] , limit: null
3000;2;users 'name' in [, , , , , , , , , , , , , , , ] .children  .grand_children 'age' in [, , , , , , , , , , , ] .grand2_children  , limit: null
3000;192;users  .children 'age' in [, , , , , , , , , , , ] .grand_children  .grand2_children  .grand3_children  , limit: null
3000;215;users  .children  .grand_children  .grand2_children  .grand3_children 'age' in [, , , , , , , , , , , , , ] .grand4_children  , limit: null
3000;208;users  .children  .grand_children  .grand2_children  .grand3_children  .grand4_children 'age' in [, , , , , , , , , , , , , ] .grand5_children  , limit: null
3000;242;users 'age' in [, , , , , , , , , , , , , , , ] .users_owns_pets pets    , limit: null
3000;3;users 'name' in [, , , , , , , , , , , , , ] .users_owns_pets pets 'since' in [, , , , , , , ]   .pets_child 'age' in [, , , , , , , ] , limit: null
3000;2;users 'age' in [, , , , , , , , , , , , , ] .users_owns_pets pets  'animal' in [, , , , , , , , , , , , , , , ]  .pets_child 'age' in [, , , , , , , , , ] .pets_grand_child  , limit: null
3000;5;users 'age' in [, , , , , , , , , , , , , , , ] .children 'name' in [, , , , , , , , , , , , , , , ] .children_owns_pets pets    , limit: null
3000;1;users 'age' in [, , , , , , , , , , , , , ] .children  .children_owns_pets pets  'animal' in [, , , , , , , , , , , , , , , ]  .pets_child 'animal' in [, , , , , , , , , , , , , , , ] , limit: null
3000;1;users  .children 'name' in [, , , , , , , , , , , , , ] .children_owns_pets pets 'nickname' in [, , , , , , , , , , , , , ]   .pets_child 'age' in [, , , , , , , , , ] .pets_grand_child  , limit: null
3000;2;users 'age' in [, , , , , , , , , , , , , ] .children 'name' in [, , , , , , , , , , , , , , , ] .grand_children  .grand_children_owns_pets pets 'nickname' in [, , , , , , , , , , , , , , , ]   , limit: null
3000;3;users  .children  .grand_children 'age' in [, , , , , , , , , , , , , ] .grand_children_owns_pets pets  'age' in [, , , , , , , , , ]  .pets_child 'animal' in [, , , , , , , , , , , , , ] , limit: null
3000;41;users  .children  .grand_children  .grand_children_owns_pets pets    .pets_child 'animal' in [, , , , , , , , , , , , , , , ] .pets_grand_child  , limit: null
3000;11;users 'age' in [, , , , , , , , , , , ] .children 'age' in [, , , , , , , , , , , , , ] .grand_children  .grand2_children  .grand2_children_owns_pets pets    , limit: null
3000;2;users  .children  .grand_children 'name' in [, , , , , , , , , , , , , , , ] .grand2_children  .grand2_children_owns_pets pets  'age' in [, , , , , , , ]  .pets_child  , limit: null
3000;209;users  .children  .grand_children 'age' in [, , , , , , , , , , , , , ] .grand2_children  .grand2_children_owns_pets pets    .pets_child  .pets_grand_child  , limit: null
3000;16;users 'name' in [, , , , , , , , , , , , , , , ] .children  .grand_children  .grand2_children  .grand3_children  .grand3_children_owns_pets pets    , limit: null
3000;3;users  .children  .grand_children  .grand2_children 'age' in [, , , , , , , , , , , ] .grand3_children  .grand3_children_owns_pets pets  'animal' in [, , , , , , , , , , , , , , , ]  .pets_child  , limit: null
3000;7;users  .children  .grand_children  .grand2_children  .grand3_children 'name' in [, , , , , , , , , , , , , , , ] .grand3_children_owns_pets pets  'age' in [, , , , , , , ]  .pets_child  .pets_grand_child  , limit: null
3000;13;users  .children  .grand_children  .grand2_children  .grand3_children 'name' in [, , , , , , , , , , , , , ] .grand4_children  .grand4_children_owns_pets pets    , limit: null
3000;2;users  .children  .grand_children  .grand2_children 'name' in [, , , , , , , , , , , , , ] .grand3_children  .grand4_children  .grand4_children_owns_pets pets  'animal' in [, , , , , , , , , , , , , , , ]  .pets_child  , limit: null
3000;10;users  .children  .grand_children  .grand2_children  .grand3_children  .grand4_children  .grand4_children_owns_pets pets  'age' in [, , , , , , , ]  .pets_child 'animal' in [, , , , , , , , , , , , , , , ] .pets_grand_child  , limit: null
3000;185;users  .children  .grand_children  .grand2_children  .grand3_children  .grand4_children 'age' in [, , , , , , , , , , , ] .grand5_children  .grand5_children_owns_pets pets    , limit: null
3000;5;users  .children  .grand_children 'age' in [, , , , , , , , , , , ] .grand2_children  .grand3_children  .grand4_children  .grand5_children  .grand5_children_owns_pets pets  'animal' in [, , , , , , , , , , , , , , , ]  .pets_child  , limit: null
3000;39;users  .children  .grand_children  .grand2_children  .grand3_children  .grand4_children  .grand5_children  .grand5_children_owns_pets pets    .pets_child 'animal' in [, , , , , , , , , , , , , , , ] .pets_grand_child  , limit: null
3000;609;pets 'age' in [, , , , , , , ] .users_owns_pets users    , limit: null
3000;2;pets 'animal' in [, , , , , , , , , , , , , , , ] .pets_child 'animal' in [, , , , , , , , , , , , , , , ] .users_owns_pets_child users  'age' in [, , , , , , , , , , , , , ]  , limit: null
3000;2;pets 'age' in [, , , , , , , , , ] .pets_child 'animal' in [, , , , , , , , , , , , , , , ] .pets_grand_child  .users_owns_pets_grand_child users 'nickname' in [, , , , , , , , , , , , , , , ]   , limit: null
3000;48;pets 'age' in [, , , , , , , ] .users_owns_pets users    .children 'age' in [, , , , , , , , , , , , , ] , limit: null
3000;157;pets 'age' in [, , , , , , , , , ] .pets_child 'age' in [, , , , , , , ] .users_owns_pets_child users    .children  , limit: null
3000;3;pets 'animal' in [, , , , , , , , , , , , , , , ] .pets_child  .pets_grand_child  .users_owns_pets_grand_child users 'since' in [, , , , , , , ]   .children 'age' in [, , , , , , , , , , , , , ] , limit: null
3000;7;pets 'age' in [, , , , , , , ] .users_owns_pets users    .children  .grand_children 'name' in [, , , , , , , , , , , , , , , ] , limit: null
3000;3;pets  .pets_child 'animal' in [, , , , , , , , , , , , , ] .users_owns_pets_child users    .children  .grand_children 'age' in [, , , , , , , , , , , , , ] , limit: null
3000;42;pets  .pets_child 'animal' in [, , , , , , , , , , , , , , , ] .pets_grand_child  .users_owns_pets_grand_child users    .children  .grand_children  , limit: null
3000;3;pets  .users_owns_pets users 'nickname' in [, , , , , , , , , , , , , , , ]   .children 'age' in [, , , , , , , , , , , , , ] .grand_children  .grand2_children 'age' in [, , , , , , , , , , , ] , limit: null
3000;3;pets  .pets_child 'animal' in [, , , , , , , , , , , , , ] .users_owns_pets_child users  'name' in [, , , , , , , , , , , , , , , ]  .children  .grand_children  .grand2_children  , limit: null
3000;39;pets 'animal' in [, , , , , , , , , , , , , , , ] .pets_child  .pets_grand_child  .users_owns_pets_grand_child users    .children  .grand_children  .grand2_children  , limit: null
3000;28;pets  .users_owns_pets users 'since' in [, , , , , , , ]   .children  .grand_children  .grand2_children 'age' in [, , , , , , , , , , , ] .grand3_children  , limit: null
3000;2;pets  .pets_child  .users_owns_pets_child users  'name' in [, , , , , , , , , , , , , , , ]  .children  .grand_children  .grand2_children  .grand3_children 'name' in [, , , , , , , , , , , , , , , ] , limit: null
3000;4;pets 'animal' in [, , , , , , , , , , , , , ] .pets_child  .pets_grand_child  .users_owns_pets_grand_child users 'nickname' in [, , , , , , , , , , , , , ]   .children  .grand_children  .grand2_children  .grand3_children  , limit: null
3000;4;pets  .users_owns_pets users  'age' in [, , , , , , , , , , , , , ]  .children  .grand_children  .grand2_children  .grand3_children 'name' in [, , , , , , , , , , , , , , , ] .grand4_children  , limit: null
3000;18;pets  .pets_child  .users_owns_pets_child users    .children  .grand_children 'name' in [, , , , , , , , , , , , , , , ] .grand2_children  .grand3_children  .grand4_children  , limit: null
3000;1;pets  .pets_child  .pets_grand_child  .users_owns_pets_grand_child users  'name' in [, , , , , , , , , , , , , , , ]  .children  .grand_children 'name' in [, , , , , , , , , , , , , ] .grand2_children  .grand3_children  .grand4_children  , limit: null
3000;172;pets 'age' in [, , , , , , , , , ] .users_owns_pets users 'since' in [, , , , , , , , , ]   .children  .grand_children  .grand2_children  .grand3_children  .grand4_children  .grand5_children  , limit: null
3000;248;pets  .pets_child  .users_owns_pets_child users    .children 'age' in [, , , , , , , , , , , , , , , ] .grand_children  .grand2_children  .grand3_children  .grand4_children  .grand5_children  , limit: null
3000;13;pets  .pets_child  .pets_grand_child  .users_owns_pets_grand_child users    .children  .grand_children  .grand2_children 'name' in [, , , , , , , , , , , , , , , ] .grand3_children  .grand4_children  .grand5_children  , limit: null
3000;1;users 'age' in [, , , , , , , , , , , , , ] .users_owns_pets pets  'animal' in [, , , , , , , , , , , , , ]  .children_owns_pets children  'age' in [, , , , , , , , , , , , , ]  , limit: null
3000;1;users 'name' in [, , , , , , , , , , , , , , , ] .users_owns_pets pets  'animal' in [, , , , , , , , , , , , , ]  .children_owns_pets children  'name' in [, , , , , , , , , , , , , , , ]  , limit: null
3000;1;users 'name' in [, , , , , , , , , , , , , ] .users_owns_pets pets  'animal' in [, , , , , , , , , , , , , , , ]  .children_owns_pets children  'name' in [, , , , , , , , , , , , , ]  .grand_children 'name' in [, , , , , , , , , , , , , , , ] , limit: null
3000;1;users 'name' in [, , , , , , , , , , , , , , , ] .users_owns_pets pets  'animal' in [, , , , , , , , , , , , , , , ]  .children_owns_pets children 'since' in [, , , , , , , , , ]   .grand_children 'age' in [, , , , , , , , , , , ] .grand2_children  , limit: null
3000;2;users  .users_owns_pets pets  'animal' in [, , , , , , , , , , , , , , , ]  .children_owns_pets children  'age' in [, , , , , , , , , , , ]  .grand_children 'age' in [, , , , , , , , , , , , , ] .grand2_children 'age' in [, , , , , , , , , , , , , ] .grand3_children  , limit: null
3000;3;users  .users_owns_pets pets  'age' in [, , , , , , , , , ]  .children_owns_pets children 'nickname' in [, , , , , , , , , , , , , ]   .grand_children  .grand2_children 'age' in [, , , , , , , , , , , , , ] .grand3_children  .grand4_children  , limit: null
3000;1;users  .users_owns_pets pets 'nickname' in [, , , , , , , , , , , , , ]   .children_owns_pets children 'nickname' in [, , , , , , , , , , , , , , , ]   .grand_children  .grand2_children 'name' in [, , , , , , , , , , , , , , , ] .grand3_children  .grand4_children  .grand5_children  , limit: null
3000;1;users 'age' in [, , , , , , , , , , , ] .users_owns_pets pets 'since' in [, , , , , , , , , ]   .pets_child 'animal' in [, , , , , , , , , , , , , ] .children_owns_pets_child children 'since' in [, , , , , , , , , ]   , limit: null
3000;1;users 'age' in [, , , , , , , , , , , , , , , ] .users_owns_pets pets 'since' in [, , , , , , , , , ]   .pets_child 'age' in [, , , , , , , , , ] .children_owns_pets_child children  'age' in [, , , , , , , , , , , , , ]  , limit: null
3000;1;users  .users_owns_pets pets  'animal' in [, , , , , , , , , , , , , , , ]  .pets_child 'age' in [, , , , , , , , , ] .children_owns_pets_child children  'name' in [, , , , , , , , , , , , , , , ]  .grand_children 'age' in [, , , , , , , , , , , , , ] , limit: null
3000;1;users  .users_owns_pets pets 'since' in [, , , , , , , ]   .pets_child 'age' in [, , , , , , , ] .children_owns_pets_child children  'age' in [, , , , , , , , , , , ]  .grand_children  .grand2_children 'age' in [, , , , , , , , , , , , , ] , limit: null
3000;1;users  .users_owns_pets pets 'nickname' in [, , , , , , , , , , , , , ]   .pets_child  .children_owns_pets_child children 'nickname' in [, , , , , , , , , , , , , ]   .grand_children  .grand2_children  .grand3_children 'name' in [, , , , , , , , , , , , , , , ] , limit: null
3000;1;users 'name' in [, , , , , , , , , , , , , , , ] .users_owns_pets pets  'animal' in [, , , , , , , , , , , , , ]  .pets_child  .children_owns_pets_child children 'nickname' in [, , , , , , , , , , , , , ]   .grand_children  .grand2_children  .grand3_children  .grand4_children  , limit: null
3000;1;users 'age' in [, , , , , , , , , , , , , ] .users_owns_pets pets 'nickname' in [, , , , , , , , , , , , , , , ]   .pets_child  .children_owns_pets_child children 'since' in [, , , , , , , ]   .grand_children  .grand2_children  .grand3_children  .grand4_children  .grand5_children  , limit: null
3000;1;users 'name' in [, , , , , , , , , , , , , , , ] .users_owns_pets pets  'age' in [, , , , , , , , , ]  .pets_child  .pets_grand_child 'animal' in [, , , , , , , , , , , , , , , ] .children_owns_pets_grand_child children 'since' in [, , , , , ]   , limit: null
3000;2;users  .users_owns_pets pets  'animal' in [, , , , , , , , , , , , , , , ]  .pets_child 'age' in [, , , , , , , , , ] .pets_grand_child 'age' in [, , , , , , , , , ] .children_owns_pets_grand_child children 'since' in [, , , , , ]   , limit: null
3000;1;users 'age' in [, , , , , , , , , , , , , ] .users_owns_pets pets 'nickname' in [, , , , , , , , , , , , , ]   .pets_child  .pets_grand_child  .children_owns_pets_grand_child children 'nickname' in [, , , , , , , , , , , , , , , ]   .grand_children 'age' in [, , , , , , , , , , , , , ] , limit: null
3000;1;users  .users_owns_pets pets  'animal' in [, , , , , , , , , , , , , , , ]  .pets_child  .pets_grand_child 'animal' in [, , , , , , , , , , , , , , , ] .children_owns_pets_grand_child children  'age' in [, , , , , , , , , , , ]  .grand_children  .grand2_children  , limit: null
3000;1;users  .users_owns_pets pets  'age' in [, , , , , , , , , ]  .pets_child 'animal' in [, , , , , , , , , , , , , , , ] .pets_grand_child  .children_owns_pets_grand_child children 'nickname' in [, , , , , , , , , , , , , ]   .grand_children  .grand2_children  .grand3_children  , limit: null
3000;1;users  .users_owns_pets pets 'nickname' in [, , , , , , , , , , , , , ]   .pets_child 'animal' in [, , , , , , , , , , , , , , , ] .pets_grand_child  .children_owns_pets_grand_child children  'age' in [, , , , , , , , , , , ]  .grand_children  .grand2_children  .grand3_children  .grand4_children  , limit: null
3000;12;users  .users_owns_pets pets  'age' in [, , , , , , , ]  .pets_child 'age' in [, , , , , , , ] .pets_grand_child  .children_owns_pets_grand_child children  'age' in [, , , , , , , , , , , , , , , ]  .grand_children  .grand2_children  .grand3_children  .grand4_children  .grand5_children  , limit: null
3000;1;users 'age' in [, , , , , , , , , , , ] .children 'age' in [, , , , , , , , , , , , , ] .children_owns_pets pets  'animal' in [, , , , , , , , , , , , , , , ]  .grand_children_owns_pets grand_children  'age' in [, , , , , , , , , , , , , ]  , limit: null
3000;1;users 'name' in [, , , , , , , , , , , , , ] .children 'name' in [, , , , , , , , , , , , , , , ] .children_owns_pets pets 'nickname' in [, , , , , , , , , , , ]   .grand_children_owns_pets grand_children 'nickname' in [, , , , , , , , , , , ]   , limit: null
3000;1;users 'age' in [, , , , , , , , , , , , , ] .children 'name' in [, , , , , , , , , , , , , ] .children_owns_pets pets  'age' in [, , , , , , , , , ]  .grand_children_owns_pets grand_children  'age' in [, , , , , , , , , , , , , ]  , limit: null
3000;1;users 'age' in [, , , , , , , , , , , , , ] .children 'name' in [, , , , , , , , , , , , , , , ] .children_owns_pets pets  'animal' in [, , , , , , , , , , , , , ]  .grand_children_owns_pets grand_children  'name' in [, , , , , , , , , , , , , , , ]  .grand2_children  , limit: null
3000;1;users  .children 'name' in [, , , , , , , , , , , , , , , ] .children_owns_pets pets 'since' in [, , , , , , , ]   .grand_children_owns_pets grand_children  'name' in [, , , , , , , , , , , , , , , ]  .grand2_children  .grand3_children 'name' in [, , , , , , , , , , , , , , , ] , limit: null
3000;1;users  .children  .children_owns_pets pets  'age' in [, , , , , , , ]  .grand_children_owns_pets grand_children 'nickname' in [, , , , , , , , , , , , , , , ]   .grand2_children 'name' in [, , , , , , , , , , , , , ] .grand3_children  .grand4_children  , limit: null
3000;2;users 'age' in [, , , , , , , , , , , ] .children 'name' in [, , , , , , , , , , , , , ] .children_owns_pets pets  'animal' in [, , , , , , , , , , , , , , , ]  .pets_child  .grand_children_owns_pets_child grand_children 'since' in [, , , , , , , , , ]   , limit: null
3000;1;users 'age' in [, , , , , , , , , , , , , ] .children  .children_owns_pets pets  'age' in [, , , , , , , , , ]  .pets_child 'age' in [, , , , , , , , , ] .grand_children_owns_pets_child grand_children 'nickname' in [, , , , , , , , , , , , , , , ]   , limit: null
3000;1;users  .children 'name' in [, , , , , , , , , , , , , ] .children_owns_pets pets 'nickname' in [, , , , , , , , , , , , , ]   .pets_child 'animal' in [, , , , , , , , , , , , , , , ] .grand_children_owns_pets_child grand_children 'since' in [, , , , , , , ]   , limit: null
3000;1;users 'age' in [, , , , , , , , , , , , , ] .children 'name' in [, , , , , , , , , , , , , , , ] .children_owns_pets pets  'age' in [, , , , , , , ]  .pets_child  .grand_children_owns_pets_child grand_children  'age' in [, , , , , , , , , , , , , ]  .grand2_children  , limit: null
3000;1;users 'age' in [, , , , , , , , , , , , , ] .children  .children_owns_pets pets 'nickname' in [, , , , , , , , , , , , , ]   .pets_child  .grand_children_owns_pets_child grand_children  'name' in [, , , , , , , , , , , , , , , ]  .grand2_children  .grand3_children  , limit: null
3000;1;users  .children  .children_owns_pets pets 'nickname' in [, , , , , , , , , , , ]   .pets_child  .grand_children_owns_pets_child grand_children  'name' in [, , , , , , , , , , , , , , , ]  .grand2_children 'name' in [, , , , , , , , , , , , , , , ] .grand3_children  .grand4_children  , limit: null
3000;1;users  .children 'age' in [, , , , , , , , , , , , , ] .children_owns_pets pets  'age' in [, , , , , , , , , ]  .pets_child 'age' in [, , , , , ] .pets_grand_child  .grand_children_owns_pets_grand_child grand_children  'name' in [, , , , , , , , , , , , , , , ]  , limit: null
3000;7;users  .children  .children_owns_pets pets 'since' in [, , , , , , , ]   .pets_child 'age' in [, , , , , , , , , ] .pets_grand_child 'age' in [, , , , , , , ] .grand_children_owns_pets_grand_child grand_children 'since' in [, , , , , , , ]   , limit: null
3000;3;users  .children  .children_owns_pets pets  'animal' in [, , , , , , , , , , , , , ]  .pets_child 'animal' in [, , , , , , , , , , , , , , , ] .pets_grand_child 'age' in [, , , , , , , ] .grand_children_owns_pets_grand_child grand_children 'since' in [, , , , , , , , , ]   , limit: null
3000;1;users  .children  .children_owns_pets pets 'since' in [, , , , , , , ]   .pets_child  .pets_grand_child 'age' in [, , , , , , , ] .grand_children_owns_pets_grand_child grand_children  'name' in [, , , , , , , , , , , , , , , ]  .grand2_children  , limit: null
3000;1;users  .children  .children_owns_pets pets  'animal' in [, , , , , , , , , , , , , ]  .pets_child  .pets_grand_child 'age' in [, , , , , , , ] .grand_children_owns_pets_grand_child grand_children  'age' in [, , , , , , , , , , , ]  .grand2_children  .grand3_children  , limit: null
3000;3;users  .children  .children_owns_pets pets 'since' in [, , , , , , , , , ]   .pets_child  .pets_grand_child  .grand_children_owns_pets_grand_child grand_children  'age' in [, , , , , , , , , , , , , , , ]  .grand2_children 'name' in [, , , , , , , , , , , , , , , ] .grand3_children  .grand4_children  , limit: null
3000;1;users 'name' in [, , , , , , , , , , , , , , , ] .children  .grand_children 'name' in [, , , , , , , , , , , , , , , ] .grand_children_owns_pets pets  'animal' in [, , , , , , , , , , , , , , , ]  .grand2_children_owns_pets grand2_children  'name' in [, , , , , , , , , , , , , ]  , limit: null
3000;1;users 'name' in [, , , , , , , , , , , , , , , ] .children 'name' in [, , , , , , , , , , , , , ] .grand_children  .grand_children_owns_pets pets  'age' in [, , , , , , , , , ]  .grand2_children_owns_pets grand2_children  'age' in [, , , , , , , , , , , , , ]  , limit: null
3000;1;users 'age' in [, , , , , , , , , , , , , ] .children 'age' in [, , , , , , , , , , , ] .grand_children  .grand_children_owns_pets pets  'animal' in [, , , , , , , , , , , , , , , ]  .grand2_children_owns_pets grand2_children  'age' in [, , , , , , , , , , , , , ]  , limit: null
3000;1;users  .children 'age' in [, , , , , , , , , , , ] .grand_children 'name' in [, , , , , , , , , , , , , ] .grand_children_owns_pets pets  'age' in [, , , , , , , , , , , ]  .grand2_children_owns_pets grand2_children  'age' in [, , , , , , , , , , , ]  , limit: null
3000;1;users  .children 'name' in [, , , , , , , , , , , , , ] .grand_children 'age' in [, , , , , , , , , , , , , ] .grand_children_owns_pets pets 'since' in [, , , , , , , , , ]   .grand2_children_owns_pets grand2_children  'name' in [, , , , , , , , , , , , , ]  .grand3_children  , limit: null
3000;1;users 'name' in [, , , , , , , , , , , , , , , ] .children 'name' in [, , , , , , , , , , , , , , , ] .grand_children  .grand_children_owns_pets pets  'age' in [, , , , , , , ]  .pets_child  .grand2_children_owns_pets_child grand2_children  'age' in [, , , , , , , , , , , , , , , ]  , limit: null
3000;1;users  .children  .grand_children 'name' in [, , , , , , , , , , , , , , , ] .grand_children_owns_pets pets 'since' in [, , , , , , , , , ]   .pets_child 'age' in [, , , , , , , , , ] .grand2_children_owns_pets_child grand2_children  'age' in [, , , , , , , , , , , , , ]  , limit: null
3000;1;users  .children 'name' in [, , , , , , , , , , , , , , , ] .grand_children  .grand_children_owns_pets pets 'nickname' in [, , , , , , , , , , , ]   .pets_child 'animal' in [, , , , , , , , , , , , , , , ] .grand2_children_owns_pets_child grand2_children 'since' in [, , , , , , , ]   , limit: null
3000;2;users  .children 'name' in [, , , , , , , , , , , , , , , ] .grand_children  .grand_children_owns_pets pets 'since' in [, , , , , , , ]   .pets_child 'age' in [, , , , , , , , , ] .grand2_children_owns_pets_child grand2_children 'nickname' in [, , , , , , , , , , , ]   , limit: null
3000;1;users 'age' in [, , , , , , , , , , , , , ] .children  .grand_children  .grand_children_owns_pets pets  'age' in [, , , , , , , ]  .pets_child  .grand2_children_owns_pets_child grand2_children  'name' in [, , , , , , , , , , , , , , , ]  .grand3_children  , limit: null
3000;3;users  .children 'name' in [, , , , , , , , , , , , , ] .grand_children  .grand_children_owns_pets pets  'age' in [, , , , , , , , , ]  .pets_child  .pets_grand_child  .grand2_children_owns_pets_grand_child grand2_children 'nickname' in [, , , , , , , , , , , , , ]   , limit: null
3000;3;users  .children  .grand_children  .grand_children_owns_pets pets 'nickname' in [, , , , , , , , , , , , , , , ]   .pets_child 'age' in [, , , , , , , ] .pets_grand_child  .grand2_children_owns_pets_grand_child grand2_children  'age' in [, , , , , , , , , , , , , ]  , limit: null
3000;4;users  .children  .grand_children  .grand_children_owns_pets pets  'animal' in [, , , , , , , , , , , , , , , ]  .pets_child  .pets_grand_child 'animal' in [, , , , , , , , , , , , , , , ] .grand2_children_owns_pets_grand_child grand2_children  'age' in [, , , , , , , , , , , , , ]  , limit: null
3000;3;users  .children 'name' in [, , , , , , , , , , , , , ] .grand_children  .grand_children_owns_pets pets  'age' in [, , , , , , , ]  .pets_child  .pets_grand_child  .grand2_children_owns_pets_grand_child grand2_children 'since' in [, , , , , , , , , ]   , limit: null
3000;3;users 'name' in [, , , , , , , , , , , , , , , ] .children  .grand_children  .grand_children_owns_pets pets 'since' in [, , , , , , , , , ]   .pets_child  .pets_grand_child  .grand2_children_owns_pets_grand_child grand2_children 'nickname' in [, , , , , , , , , , , , , , , ]   .grand3_children  , limit: null
3000;1;users  .children 'name' in [, , , , , , , , , , , , , , , ] .grand_children 'age' in [, , , , , , , , , , , , , ] .grand2_children  .grand2_children_owns_pets pets  'animal' in [, , , , , , , , , , , , , , , ]  .grand3_children_owns_pets grand3_children 'nickname' in [, , , , , , , , , , , , , ]   , limit: null
3000;1;users  .children  .grand_children 'name' in [, , , , , , , , , , , , , , , ] .grand2_children 'name' in [, , , , , , , , , , , , , , , ] .grand2_children_owns_pets pets  'age' in [, , , , , , , , , ]  .grand3_children_owns_pets grand3_children  'age' in [, , , , , , , , , , , , , , , ]  , limit: null
3000;1;users 'age' in [, , , , , , , , , , , , , ] .children  .grand_children 'age' in [, , , , , , , , , , , , , ] .grand2_children  .grand2_children_owns_pets pets 'nickname' in [, , , , , , , , , , , , , ]   .grand3_children_owns_pets grand3_children  'age' in [, , , , , , , , , , , , , ]  , limit: null
3000;1;users 'age' in [, , , , , , , , , , , , , , , ] .children 'name' in [, , , , , , , , , , , , , , , ] .grand_children  .grand2_children  .grand2_children_owns_pets pets  'age' in [, , , , , ]  .grand3_children_owns_pets grand3_children  'name' in [, , , , , , , , , , , , , , , ]  , limit: null
3000;3;users 'name' in [, , , , , , , , , , , , , , , ] .children  .grand_children  .grand2_children  .grand2_children_owns_pets pets 'nickname' in [, , , , , , , , , , , , , ]   .pets_child  .grand3_children_owns_pets_child grand3_children  'age' in [, , , , , , , , , , , , , , , ]  , limit: null
3000;2;users  .children 'age' in [, , , , , , , , , , , ] .grand_children  .grand2_children  .grand2_children_owns_pets pets 'since' in [, , , , , , , ]   .pets_child  .grand3_children_owns_pets_child grand3_children  'name' in [, , , , , , , , , , , , , , , ]  , limit: null
3000;4;users  .children  .grand_children  .grand2_children  .grand2_children_owns_pets pets  'animal' in [, , , , , , , , , , , , , ]  .pets_child 'animal' in [, , , , , , , , , , , , , , , ] .grand3_children_owns_pets_child grand3_children 'since' in [, , , , , , , ]   , limit: null
3000;2;users  .children  .grand_children  .grand2_children 'age' in [, , , , , , , , , , , , , ] .grand2_children_owns_pets pets 'since' in [, , , , , , , , , ]   .pets_child  .grand3_children_owns_pets_child grand3_children 'nickname' in [, , , , , , , , , , , , , ]   , limit: null
3000;1;users 'name' in [, , , , , , , , , , , , , , , ] .children  .grand_children  .grand2_children  .grand2_children_owns_pets pets 'since' in [, , , , , , , , , ]   .pets_child  .pets_grand_child  .grand3_children_owns_pets_grand_child grand3_children  'age' in [, , , , , , , , , , , ]  , limit: null
3000;9;users 'age' in [, , , , , , , , , , , , , ] .children  .grand_children  .grand2_children  .grand2_children_owns_pets pets  'age' in [, , , , , , , ]  .pets_child  .pets_grand_child  .grand3_children_owns_pets_grand_child grand3_children 'since' in [, , , , , , , , , ]   , limit: null
3000;2;users  .children  .grand_children  .grand2_children 'age' in [, , , , , , , , , , , , , ] .grand2_children_owns_pets pets  'animal' in [, , , , , , , , , , , , , ]  .pets_child  .pets_grand_child  .grand3_children_owns_pets_grand_child grand3_children 'nickname' in [, , , , , , , , , , , ]   , limit: null
3000;1;users  .children  .grand_children  .grand2_children  .grand2_children_owns_pets pets 'since' in [, , , , , ]   .pets_child  .pets_grand_child 'animal' in [, , , , , , , , , , , , , , , ] .grand3_children_owns_pets_grand_child grand3_children 'nickname' in [, , , , , , , , , , , ]   , limit: null
3000;3;users  .children  .grand_children  .grand2_children 'name' in [, , , , , , , , , , , , , , , ] .grand3_children  .grand3_children_owns_pets pets 'since' in [, , , , , , , , , ]   .grand4_children_owns_pets grand4_children  'age' in [, , , , , , , , , , , , , ]  , limit: null
3000;1;users  .children 'name' in [, , , , , , , , , , , , , , , ] .grand_children  .grand2_children  .grand3_children  .grand3_children_owns_pets pets  'animal' in [, , , , , , , , , , , , , ]  .grand4_children_owns_pets grand4_children 'since' in [, , , , , , , ]   , limit: null
3000;1;users 'age' in [, , , , , , , , , , , , , ] .children  .grand_children  .grand2_children  .grand3_children  .grand3_children_owns_pets pets 'nickname' in [, , , , , , , , , , , , , , , ]   .grand4_children_owns_pets grand4_children 'nickname' in [, , , , , , , , , , , , , ]   , limit: null
3000;1;users  .children  .grand_children  .grand2_children  .grand3_children 'name' in [, , , , , , , , , , , , , ] .grand3_children_owns_pets pets 'since' in [, , , , , ]   .pets_child  .grand4_children_owns_pets_child grand4_children  'age' in [, , , , , , , , , , , , , ]  , limit: null
3000;1;users  .children  .grand_children  .grand2_children 'name' in [, , , , , , , , , , , , , ] .grand3_children  .grand3_children_owns_pets pets  'animal' in [, , , , , , , , , , , , , , , ]  .pets_child  .grand4_children_owns_pets_child grand4_children 'since' in [, , , , , ]   , limit: null
3000;6;users  .children  .grand_children  .grand2_children 'age' in [, , , , , , , , , , , , , ] .grand3_children  .grand3_children_owns_pets pets 'since' in [, , , , , , , , , ]   .pets_child  .grand4_children_owns_pets_child grand4_children  'age' in [, , , , , , , , , , , , , ]  , limit: null
3000;5;users  .children 'age' in [, , , , , , , , , , , ] .grand_children  .grand2_children  .grand3_children  .grand3_children_owns_pets pets 'since' in [, , , , , , , ]   .pets_child  .pets_grand_child  .grand4_children_owns_pets_grand_child grand4_children  'age' in [, , , , , , , , , , , ]  , limit: null
3000;1;users  .children  .grand_children  .grand2_children  .grand3_children  .grand3_children_owns_pets pets 'since' in [, , , , , , , ]   .pets_child 'animal' in [, , , , , , , , , , , , , , , ] .pets_grand_child  .grand4_children_owns_pets_grand_child grand4_children  'age' in [, , , , , , , , , , , , , ]  , limit: null
3000;1;users  .children  .grand_children  .grand2_children  .grand3_children  .grand3_children_owns_pets pets  'animal' in [, , , , , , , , , , , , , ]  .pets_child 'animal' in [, , , , , , , , , , , , , ] .pets_grand_child  .grand4_children_owns_pets_grand_child grand4_children  'age' in [, , , , , , , , , , , , , , , ]  , limit: null
3000;1;users  .children  .grand_children  .grand2_children  .grand3_children  .grand4_children 'age' in [, , , , , , , , , , , , , ] .grand4_children_owns_pets pets  'animal' in [, , , , , , , , , , , , , , , ]  .grand5_children_owns_pets grand5_children  'name' in [, , , , , , , , , , , , , , , ]  , limit: null
3000;1;users  .children  .grand_children  .grand2_children 'name' in [, , , , , , , , , , , , , , , ] .grand3_children  .grand4_children  .grand4_children_owns_pets pets 'since' in [, , , , , , , ]   .grand5_children_owns_pets grand5_children 'since' in [, , , , , , , , , ]   , limit: null
3000;12;users 'age' in [, , , , , , , , , , , ] .children  .grand_children  .grand2_children  .grand3_children  .grand4_children  .grand4_children_owns_pets pets 'since' in [, , , , , , , , , ]   .pets_child  .grand5_children_owns_pets_child grand5_children 'since' in [, , , , , , , , , ]   , limit: null
3000;3;users  .children  .grand_children  .grand2_children  .grand3_children 'age' in [, , , , , , , , , , , , , ] .grand4_children  .grand4_children_owns_pets pets 'since' in [, , , , , , , , , ]   .pets_child  .grand5_children_owns_pets_child grand5_children 'nickname' in [, , , , , , , , , , , , , , , ]   , limit: null
3000;1;users  .children  .grand_children  .grand2_children  .grand3_children  .grand4_children  .grand4_children_owns_pets pets  'animal' in [, , , , , , , , , , , , , ]  .pets_child  .pets_grand_child 'animal' in [, , , , , , , , , , , , , , , ] .grand5_children_owns_pets_grand_child grand5_children 'since' in [, , , , , , , ]   , limit: null
3000;1;users 'age' in [, , , , , , , , , , , ] .children  .grand_children  .grand2_children  .grand3_children  .grand4_children  .grand4_children_owns_pets pets 'nickname' in [, , , , , , , , , ]   .pets_child  .pets_grand_child  .grand5_children_owns_pets_grand_child grand5_children  'name' in [, , , , , , , , , , , , , , , ]  , limit: null
3000;1;users 'name' in [, , , , , , , , , , , , , , , ] .users_owns_pets pets  'animal' in [, , , , , , , , , , , , , , , ]  .children_owns_pets children  'age' in [, , , , , , , , , , , ]  .children_owns_pets_child pets_child 'nickname' in [, , , , , , , , , , , , , ]   .pets_grand_child 'age' in [, , , , , , , , , ] , limit: null
3000;1;users  .users_owns_pets pets 'nickname' in [, , , , , , , , , , , ]   .children_owns_pets children 'nickname' in [, , , , , , , , , , , , , ]   .grand_children 'name' in [, , , , , , , , , , , , , ] .grand_children_owns_pets_child pets_child 'nickname' in [, , , , , , , , , , , ]   .pets_grand_child 'age' in [, , , , , , , , , ] , limit: null
3000;1;users 'name' in [, , , , , , , , , , , , , , , ] .users_owns_pets pets 'since' in [, , , , , , , , , ]   .children_owns_pets children 'nickname' in [, , , , , , , , , , , , , , , ]   .grand_children  .grand2_children 'age' in [, , , , , , , , , , , , , , , ] .grand2_children_owns_pets_child pets_child  'animal' in [, , , , , , , , , , , , , , , ]  .pets_grand_child  , limit: null
3000;1;users 'name' in [, , , , , , , , , , , , , , , ] .users_owns_pets pets 'since' in [, , , , , , , , , ]   .children_owns_pets children 'since' in [, , , , , , , , , ]   .grand_children  .grand2_children  .grand3_children  .grand3_children_owns_pets_child pets_child 'nickname' in [, , , , , , , , , , , , , , , ]   .pets_grand_child  , limit: null
3000;1;users  .users_owns_pets pets 'nickname' in [, , , , , , , , , , , , , , , ]   .children_owns_pets children  'name' in [, , , , , , , , , , , , , , , ]  .grand_children 'age' in [, , , , , , , , , , , , , ] .grand2_children  .grand3_children  .grand4_children  .grand4_children_owns_pets_child pets_child  'age' in [, , , , , , , , , ]  .pets_grand_child  , limit: null
3000;1;users  .users_owns_pets pets 'since' in [, , , , , , , ]   .children_owns_pets children  'age' in [, , , , , , , , , , , , , ]  .grand_children  .grand2_children  .grand3_children 'name' in [, , , , , , , , , , , , , , , ] .grand4_children  .grand5_children  .grand5_children_owns_pets_child pets_child  'age' in [, , , , , , , ]  .pets_grand_child  , limit: null
3000;1;users 'name' in [, , , , , , , , , , , , , , , ] .users_owns_pets pets  'age' in [, , , , , , , ]  .pets_child 'animal' in [, , , , , , , , , , , , , , , ] .children_owns_pets_child children 'since' in [, , , , , , , , , ]   .children_owns_pets_grand_child pets_grand_child  'animal' in [, , , , , , , , , , , , , , , ]  , limit: null
3000;1;users 'name' in [, , , , , , , , , , , , , , , ] .users_owns_pets pets  'age' in [, , , , , , , ]  .pets_child 'age' in [, , , , , , , , , ] .children_owns_pets_child children 'nickname' in [, , , , , , , , , , , , , , , ]   .grand_children  .grand_children_owns_pets_grand_child pets_grand_child  'animal' in [, , , , , , , , , , , , , ]  , limit: null
3000;1;users 'name' in [, , , , , , , , , , , , , ] .users_owns_pets pets 'since' in [, , , , , , , , , ]   .pets_child  .children_owns_pets_child children 'since' in [, , , , , , , , , ]   .grand_children 'name' in [, , , , , , , , , , , , , , , ] .grand2_children  .grand2_children_owns_pets_grand_child pets_grand_child  'age' in [, , , , , , , , , ]  , limit: null
3000;1;users  .users_owns_pets pets  'animal' in [, , , , , , , , , , , , , , , ]  .pets_child  .children_owns_pets_child children  'age' in [, , , , , , , , , , , , , ]  .grand_children  .grand2_children  .grand3_children 'age' in [, , , , , , , , , , , ] .grand3_children_owns_pets_grand_child pets_grand_child 'nickname' in [, , , , , , , , , , , , , , , ]   , limit: null
3000;1;users  .users_owns_pets pets 'nickname' in [, , , , , , , , , , , , , ]   .pets_child  .children_owns_pets_child children 'since' in [, , , , , , , , , ]   .grand_children 'name' in [, , , , , , , , , , , , , , , ] .grand2_children  .grand3_children  .grand4_children  .grand4_children_owns_pets_grand_child pets_grand_child  'animal' in [, , , , , , , , , , , , , , , ]  , limit: null
3000;1;users 'name' in [, , , , , , , , , , , , , , , ] .users_owns_pets pets  'animal' in [, , , , , , , , , , , , , , , ]  .pets_child  .children_owns_pets_child children  'name' in [, , , , , , , , , , , , , , , ]  .grand_children  .grand2_children  .grand3_children  .grand4_children  .grand5_children  .grand5_children_owns_pets_grand_child pets_grand_child  'age' in [, , , , , , , ]  , limit: null
3000;1;users 'name' in [, , , , , , , , , , , , , ] .children 'age' in [, , , , , , , , , , , ] .children_owns_pets pets  'animal' in [, , , , , , , , , , , , , , , ]  .grand_children_owns_pets grand_children  'name' in [, , , , , , , , , , , , , , , ]  .grand_children_owns_pets_child pets_child 'nickname' in [, , , , , , , , , , , , , , , ]   .pets_grand_child  , limit: null
3000;1;users  .children 'age' in [, , , , , , , , , , , , , ] .children_owns_pets pets 'nickname' in [, , , , , , , , , , , , , , , ]   .grand_children_owns_pets grand_children 'nickname' in [, , , , , , , , , , , , , ]   .grand2_children  .grand2_children_owns_pets_child pets_child  'animal' in [, , , , , , , , , , , , , ]  .pets_grand_child 'animal' in [, , , , , , , , , , , , , ] , limit: null
3000;3;users  .children 'age' in [, , , , , , , , , , , ] .children_owns_pets pets 'since' in [, , , , , , , , , ]   .grand_children_owns_pets grand_children 'nickname' in [, , , , , , , , , , , , , , , ]   .grand2_children  .grand3_children  .grand3_children_owns_pets_child pets_child  'age' in [, , , , , , , ]  .pets_grand_child  , limit: null
3000;2;users  .children  .children_owns_pets pets 'nickname' in [, , , , , , , , , , , , , ]   .grand_children_owns_pets grand_children  'age' in [, , , , , , , , , , , , , ]  .grand2_children  .grand3_children  .grand4_children 'name' in [, , , , , , , , , , , , , ] .grand4_children_owns_pets_child pets_child  'animal' in [, , , , , , , , , , , , , ]  .pets_grand_child  , limit: null
3000;1;users  .children  .children_owns_pets pets 'since' in [, , , , , , , ]   .grand_children_owns_pets grand_children  'name' in [, , , , , , , , , , , , , , , ]  .grand2_children  .grand3_children 'name' in [, , , , , , , , , , , , , , , ] .grand4_children  .grand5_children  .grand5_children_owns_pets_child pets_child 'nickname' in [, , , , , , , , , , , ]   .pets_grand_child  , limit: null
3000;1;users  .children 'name' in [, , , , , , , , , , , , , , , ] .children_owns_pets pets  'animal' in [, , , , , , , , , , , , , , , ]  .pets_child 'animal' in [, , , , , , , , , , , , , , , ] .grand_children_owns_pets_child grand_children  'age' in [, , , , , , , , , , , , , ]  .grand_children_owns_pets_grand_child pets_grand_child  'age' in [, , , , , , , , , ]  , limit: null
3000;1;users 'name' in [, , , , , , , , , , , , , , , ] .children  .children_owns_pets pets 'since' in [, , , , , , , , , ]   .pets_child  .grand_children_owns_pets_child grand_children  'name' in [, , , , , , , , , , , , , , , ]  .grand2_children 'name' in [, , , , , , , , , , , , , , , ] .grand2_children_owns_pets_grand_child pets_grand_child  'age' in [, , , , , , , , , ]  , limit: null
3000;1;users 'age' in [, , , , , , , , , , , , , ] .children  .children_owns_pets pets 'since' in [, , , , , ]   .pets_child  .grand_children_owns_pets_child grand_children 'nickname' in [, , , , , , , , , , , , , ]   .grand2_children  .grand3_children  .grand3_children_owns_pets_grand_child pets_grand_child 'nickname' in [, , , , , , , , , , , , , ]   , limit: null
3000;1;users  .children  .children_owns_pets pets  'animal' in [, , , , , , , , , , , , , , , ]  .pets_child  .grand_children_owns_pets_child grand_children  'name' in [, , , , , , , , , , , , , , , ]  .grand2_children  .grand3_children  .grand4_children 'name' in [, , , , , , , , , , , , , , , ] .grand4_children_owns_pets_grand_child pets_grand_child 'nickname' in [, , , , , , , , , , , , , ]   , limit: null
3000;1;users  .children  .children_owns_pets pets 'since' in [, , , , , , , ]   .pets_child  .grand_children_owns_pets_child grand_children  'age' in [, , , , , , , , , , , , , , , ]  .grand2_children  .grand3_children  .grand4_children 'name' in [, , , , , , , , , , , , , , , ] .grand5_children  .grand5_children_owns_pets_grand_child pets_grand_child 'since' in [, , , , , , , , , ]   , limit: null
3000;1;users 'name' in [, , , , , , , , , , , , , , , ] .children  .grand_children 'name' in [, , , , , , , , , , , , , ] .grand_children_owns_pets pets  'animal' in [, , , , , , , , , , , , , , , ]  .grand2_children_owns_pets grand2_children  'age' in [, , , , , , , , , , , , , ]  .grand2_children_owns_pets_child pets_child  'animal' in [, , , , , , , , , , , , , , , ]  .pets_grand_child  , limit: null
3000;1;users  .children  .grand_children 'name' in [, , , , , , , , , , , , , , , ] .grand_children_owns_pets pets 'nickname' in [, , , , , , , , , , , , , ]   .grand2_children_owns_pets grand2_children  'age' in [, , , , , , , , , , , ]  .grand3_children  .grand3_children_owns_pets_child pets_child 'nickname' in [, , , , , , , , , , , , , ]   .pets_grand_child  , limit: null
3000;1;users  .children  .grand_children  .grand_children_owns_pets pets 'since' in [, , , , , , , ]   .grand2_children_owns_pets grand2_children  'name' in [, , , , , , , , , , , , , , , ]  .grand3_children  .grand4_children  .grand4_children_owns_pets_child pets_child 'nickname' in [, , , , , , , , , , , ]   .pets_grand_child 'animal' in [, , , , , , , , , , , , , , , ] , limit: null
3000;1;users  .children  .grand_children  .grand_children_owns_pets pets  'age' in [, , , , , , , , , ]  .grand2_children_owns_pets grand2_children 'since' in [, , , , , , , , , ]   .grand3_children  .grand4_children 'name' in [, , , , , , , , , , , , , , , ] .grand5_children  .grand5_children_owns_pets_child pets_child  'age' in [, , , , , , , , , ]  .pets_grand_child  , limit: null
3000;1;users 'name' in [, , , , , , , , , , , , , , , ] .children  .grand_children 'name' in [, , , , , , , , , , , , , ] .grand_children_owns_pets pets  'animal' in [, , , , , , , , , , , , , , , ]  .pets_child  .grand2_children_owns_pets_child grand2_children 'since' in [, , , , , , , , , ]   .grand2_children_owns_pets_grand_child pets_grand_child  'age' in [, , , , , , , ]  , limit: null
3000;1;users  .children  .grand_children  .grand_children_owns_pets pets 'since' in [, , , , , ]   .pets_child  .grand2_children_owns_pets_child grand2_children 'nickname' in [, , , , , , , , , , , , , , , ]   .grand3_children 'age' in [, , , , , , , , , , , , , ] .grand3_children_owns_pets_grand_child pets_grand_child  'age' in [, , , , , , , ]  , limit: null
3000;1;users  .children 'age' in [, , , , , , , , , , , , , ] .grand_children  .grand_children_owns_pets pets 'nickname' in [, , , , , , , , , , , , , ]   .pets_child  .grand2_children_owns_pets_child grand2_children  'age' in [, , , , , , , , , , , , , , , ]  .grand3_children  .grand4_children  .grand4_children_owns_pets_grand_child pets_grand_child 'since' in [, , , , , , , , , ]   , limit: null
3000;1;users  .children  .grand_children  .grand_children_owns_pets pets  'animal' in [, , , , , , , , , , , , , ]  .pets_child 'age' in [, , , , , , , ] .grand2_children_owns_pets_child grand2_children 'since' in [, , , , , , , , , ]   .grand3_children  .grand4_children  .grand5_children  .grand5_children_owns_pets_grand_child pets_grand_child  'age' in [, , , , , , , , , ]  , limit: null
3000;1;users  .children  .grand_children  .grand2_children 'age' in [, , , , , , , , , , , ] .grand2_children_owns_pets pets  'animal' in [, , , , , , , , , , , , , ]  .grand3_children_owns_pets grand3_children  'name' in [, , , , , , , , , , , , , ]  .grand3_children_owns_pets_child pets_child 'nickname' in [, , , , , , , , , ]   .pets_grand_child  , limit: null
3000;1;users  .children  .grand_children  .grand2_children  .grand2_children_owns_pets pets 'nickname' in [, , , , , , , , , , , , , , , ]   .grand3_children_owns_pets grand3_children 'since' in [, , , , , , , , , ]   .grand4_children 'name' in [, , , , , , , , , , , , , , , ] .grand4_children_owns_pets_child pets_child  'age' in [, , , , , , , ]  .pets_grand_child  , limit: null
3000;1;users  .children  .grand_children  .grand2_children  .grand2_children_owns_pets pets 'nickname' in [, , , , , , , , , , , ]   .grand3_children_owns_pets grand3_children 'nickname' in [, , , , , , , , , , , , , , , ]   .grand4_children  .grand5_children  .grand5_children_owns_pets_child pets_child  'animal' in [, , , , , , , , , , , , , , , ]  .pets_grand_child 'animal' in [, , , , , , , , , , , , , ] , limit: null
3000;1;users 'age' in [, , , , , , , , , , , , , ] .children  .grand_children  .grand2_children  .grand2_children_owns_pets pets 'since' in [, , , , , , , , , ]   .pets_child  .grand3_children_owns_pets_child grand3_children  'age' in [, , , , , , , , , , , ]  .grand3_children_owns_pets_grand_child pets_grand_child  'age' in [, , , , , , , , , ]  , limit: null
3000;1;users  .children  .grand_children 'age' in [, , , , , , , , , , , , , , , ] .grand2_children  .grand2_children_owns_pets pets  'age' in [, , , , , , , , , ]  .pets_child  .grand3_children_owns_pets_child grand3_children  'name' in [, , , , , , , , , , , , , ]  .grand4_children  .grand4_children_owns_pets_grand_child pets_grand_child 'nickname' in [, , , , , , , , , , , , , ]   , limit: null
3000;9;users  .children  .grand_children  .grand2_children  .grand2_children_owns_pets pets  'age' in [, , , , , , , , , ]  .pets_child 'age' in [, , , , , , , ] .grand3_children_owns_pets_child grand3_children 'since' in [, , , , , , , ]   .grand4_children  .grand5_children  .grand5_children_owns_pets_grand_child pets_grand_child 'since' in [, , , , , , , , , ]   , limit: null
3000;1;users  .children  .grand_children  .grand2_children  .grand3_children 'name' in [, , , , , , , , , , , , , , , ] .grand3_children_owns_pets pets  'animal' in [, , , , , , , , , , , , , , , ]  .grand4_children_owns_pets grand4_children  'name' in [, , , , , , , , , , , , , , , ]  .grand4_children_owns_pets_child pets_child  'age' in [, , , , , , , ]  .pets_grand_child  , limit: null
3000;1;users  .children  .grand_children  .grand2_children 'age' in [, , , , , , , , , , , ] .grand3_children  .grand3_children_owns_pets pets 'since' in [, , , , , , , ]   .grand4_children_owns_pets grand4_children 'since' in [, , , , , , , ]   .grand5_children  .grand5_children_owns_pets_child pets_child 'nickname' in [, , , , , , , , , , , ]   .pets_grand_child  , limit: null
3000;1;users  .children  .grand_children  .grand2_children  .grand3_children 'age' in [, , , , , , , , , , , ] .grand3_children_owns_pets pets  'age' in [, , , , , , , , , ]  .pets_child  .grand4_children_owns_pets_child grand4_children  'name' in [, , , , , , , , , , , , , ]  .grand4_children_owns_pets_grand_child pets_grand_child 'nickname' in [, , , , , , , , , , , , , ]   , limit: null
3000;1;users  .children  .grand_children 'name' in [, , , , , , , , , , , , , , , ] .grand2_children  .grand3_children  .grand3_children_owns_pets pets  'animal' in [, , , , , , , , , , , , , ]  .pets_child  .grand4_children_owns_pets_child grand4_children  'name' in [, , , , , , , , , , , , , ]  .grand5_children  .grand5_children_owns_pets_grand_child pets_grand_child 'since' in [, , , , , , , , , ]   , limit: null
3000;2;users  .children 'age' in [, , , , , , , , , , , , , ] .grand_children  .grand2_children  .grand3_children  .grand4_children  .grand4_children_owns_pets pets 'since' in [, , , , , , , , , ]   .grand5_children_owns_pets grand5_children 'nickname' in [, , , , , , , , , , , , , ]   .grand5_children_owns_pets_child pets_child 'nickname' in [, , , , , , , , , , , , , , , ]   .pets_grand_child  , limit: null
3000;1;users  .children 'age' in [, , , , , , , , , , , , , ] .grand_children  .grand2_children  .grand3_children  .grand4_children  .grand4_children_owns_pets pets 'since' in [, , , , , , , , , ]   .pets_child  .grand5_children_owns_pets_child grand5_children 'nickname' in [, , , , , , , , , , , ]   .grand5_children_owns_pets_grand_child pets_grand_child 'nickname' in [, , , , , , , , , , , , , ]   , limit: null
3000;2298;users 'age' > 23.2499 , limit: null
3000;404;users 'age' > 61.2499 .children 'age' > 65.2499 , limit: null
3000;2027;users 'age' > 32.2499 .children  .grand_children 'age' > -3.7501 , limit: null
3000;621;users  .children 'age' > 58.2499 .grand_children  .grand2_children 'age' > 49.2499 , limit: null
3000;3000;users  .children  .grand_children 'age' > -23.7501 .grand2_children  .grand3_children  , limit: null
3000;3000;users  .children 'age' > -4.7501 .grand_children  .grand2_children  .grand3_children  .grand4_children  , limit: null
3000;1664;users  .children  .grand_children  .grand2_children 'age' > 43.2499 .grand3_children  .grand4_children  .grand5_children  , limit: null
3000;450;users 'age' > 67.2499 .users_owns_pets pets 'since' > 10.2499   , limit: null
3000;1512;users 'age' > 47.2499 .users_owns_pets pets    .pets_child 'age' > 0.2499 , limit: null
3000;2392;users 'age' > 20.2499 .users_owns_pets pets 'since' > -3.7501   .pets_child 'age' > -3.7501 .pets_grand_child  , limit: null
3000;397;users 'age' > 49.2499 .children 'age' > 40.2499 .children_owns_pets pets 'since' > 11.2499   , limit: null
3000;2447;users  .children 'age' > 4.2499 .children_owns_pets pets 'since' > 0.2499   .pets_child 'age' > 1.2499 , limit: null
3000;646;users 'age' > 38.2499 .children  .children_owns_pets pets    .pets_child 'age' > 12.2499 .pets_grand_child  , limit: null
3000;573;users 'age' > 69.2499 .children  .grand_children 'age' > -18.7501 .grand_children_owns_pets pets 'since' > 7.2499   , limit: null
3000;515;users  .children 'age' > 43.2499 .grand_children  .grand_children_owns_pets pets    .pets_child 'age' > 13.2499 , limit: null
3000;562;users 'age' > 57.2499 .children  .grand_children  .grand_children_owns_pets pets  'age' > 10.2499  .pets_child  .pets_grand_child  , limit: null
3000;1040;users  .children  .grand_children 'age' > -1.7501 .grand2_children 'age' > -2.7501 .grand2_children_owns_pets pets  'age' > 12.2499  , limit: null
3000;1365;users  .children  .grand_children  .grand2_children  .grand2_children_owns_pets pets  'age' > -3.7501  .pets_child 'age' > 10.2499 , limit: null
3000;3000;users  .children  .grand_children  .grand2_children 'age' > -2.7501 .grand2_children_owns_pets pets    .pets_child  .pets_grand_child  , limit: null
3000;2354;users  .children  .grand_children 'age' > 20.2499 .grand2_children  .grand3_children  .grand3_children_owns_pets pets  'age' > -0.7501  , limit: null
3000;915;users 'age' > 51.2499 .children  .grand_children  .grand2_children  .grand3_children  .grand3_children_owns_pets pets 'since' > 7.2499   .pets_child  , limit: null
3000;1257;users 'age' > -8.7501 .children  .grand_children  .grand2_children  .grand3_children  .grand3_children_owns_pets pets 'since' > 11.2499   .pets_child  .pets_grand_child  , limit: null
3000;2175;users  .children 'age' > 26.2499 .grand_children  .grand2_children  .grand3_children  .grand4_children  .grand4_children_owns_pets pets    , limit: null
3000;2127;users  .children  .grand_children  .grand2_children 'age' > 27.2499 .grand3_children  .grand4_children  .grand4_children_owns_pets pets    .pets_child  , limit: null
3000;1456;users  .children  .grand_children 'age' > 18.2499 .grand2_children  .grand3_children  .grand4_children  .grand4_children_owns_pets pets  'age' > 7.2499  .pets_child  .pets_grand_child  , limit: null
3000;1942;users  .children  .grand_children  .grand2_children  .grand3_children 'age' > -1.7501 .grand4_children  .grand5_children  .grand5_children_owns_pets pets  'age' > 6.2499  , limit: null
3000;2101;users  .children  .grand_children  .grand2_children 'age' > 28.2499 .grand3_children  .grand4_children  .grand5_children  .grand5_children_owns_pets pets  'age' > -4.7501  .pets_child  , limit: null
3000;754;users  .children  .grand_children  .grand2_children  .grand3_children 'age' > 66.2499 .grand4_children  .grand5_children  .grand5_children_owns_pets pets  'age' > 4.2499  .pets_child  .pets_grand_child  , limit: null
3000;2265;pets 'age' > 4.2499 .users_owns_pets users    , limit: null
3000;1345;pets 'age' > 3.2499 .pets_child 'age' > 8.2499 .users_owns_pets_child users    , limit: null
3000;803;pets  .pets_child 'age' > 12.2499 .pets_grand_child 'age' > 2.2499 .users_owns_pets_grand_child users 'since' > 1.2499   , limit: null
3000;698;pets 'age' > 13.2499 .users_owns_pets users    .children 'age' > 20.2499 , limit: null
3000;813;pets 'age' > -1.7501 .pets_child  .users_owns_pets_child users  'age' > 25.2499  .children 'age' > 63.2499 , limit: null
3000;1042;pets 'age' > 6.2499 .pets_child  .pets_grand_child  .users_owns_pets_grand_child users 'since' > 4.2499   .children 'age' > 26.2499 , limit: null
3000;489;pets  .users_owns_pets users 'since' > 1.2499   .children 'age' > 63.2499 .grand_children 'age' > 48.2499 , limit: null
3000;763;pets 'age' > -2.7501 .pets_child 'age' > 14.2499 .users_owns_pets_child users    .children  .grand_children  , limit: null
3000;3000;pets  .pets_child  .pets_grand_child  .users_owns_pets_grand_child users    .children  .grand_children 'age' > -15.7501 , limit: null
3000;1942;pets 'age' > 6.2499 .users_owns_pets users    .children  .grand_children 'age' > -3.7501 .grand2_children  , limit: null
3000;2155;pets  .pets_child  .users_owns_pets_child users 'since' > 5.2499   .children 'age' > -19.7501 .grand_children  .grand2_children  , limit: null
3000;1346;pets  .pets_child  .pets_grand_child 'age' > -2.7501 .users_owns_pets_grand_child users 'since' > 10.2499   .children  .grand_children  .grand2_children  , limit: null
3000;888;pets 'age' > 13.2499 .users_owns_pets users    .children  .grand_children  .grand2_children  .grand3_children  , limit: null
3000;2890;pets  .pets_child  .users_owns_pets_child users 'since' > -2.7501   .children  .grand_children  .grand2_children 'age' > 3.2499 .grand3_children  , limit: null
3000;2422;pets  .pets_child  .pets_grand_child 'age' > 3.2499 .users_owns_pets_grand_child users    .children  .grand_children  .grand2_children  .grand3_children  , limit: null
3000;2866;pets  .users_owns_pets users    .children 'age' > 3.2499 .grand_children  .grand2_children  .grand3_children  .grand4_children  , limit: null
3000;874;pets  .pets_child  .users_owns_pets_child users 'since' > 10.2499   .children 'age' > 37.2499 .grand_children  .grand2_children  .grand3_children  .grand4_children  , limit: null
3000;1048;pets  .pets_child 'age' > 3.2499 .pets_grand_child  .users_owns_pets_grand_child users  'age' > 57.2499  .children  .grand_children  .grand2_children  .grand3_children  .grand4_children  , limit: null
3000;1112;pets  .users_owns_pets users 'since' > 3.2499   .children  .grand_children  .grand2_children  .grand3_children  .grand4_children  .grand5_children 'age' > 53.4999 , limit: null
3000;2905;pets  .pets_child  .users_owns_pets_child users    .children  .grand_children  .grand2_children  .grand3_children  .grand4_children  .grand5_children 'age' > 2.4999 , limit: null
3000;2239;pets  .pets_child  .pets_grand_child 'age' > -1.7501 .users_owns_pets_grand_child users 'since' > 4.2499   .children  .grand_children  .grand2_children  .grand3_children  .grand4_children  .grand5_children  , limit: null
3000;2570;users 'age' > -12.7501 .users_owns_pets pets  'age' > -1.7501  .children_owns_pets children  'age' > 13.2499  , limit: null
3000;1448;users 'age' > 7.2499 .users_owns_pets pets 'since' > 2.2499   .children_owns_pets children 'since' > 7.2499   , limit: null
3000;1279;users 'age' > -1.7501 .users_owns_pets pets 'since' > -4.7501   .children_owns_pets children 'since' > 7.2499   .grand_children 'age' > 28.2499 , limit: null
3000;2634;users  .users_owns_pets pets  'age' > -3.7501  .children_owns_pets children 'since' > -2.7501   .grand_children 'age' > 11.2499 .grand2_children 'age' > -19.7501 , limit: null
3000;1149;users  .users_owns_pets pets 'since' > 0.2499   .children_owns_pets children  'age' > 19.2499  .grand_children 'age' > 18.2499 .grand2_children 'age' > 36.2499 .grand3_children  , limit: null
3000;528;users  .users_owns_pets pets  'age' > -1.7501  .children_owns_pets children  'age' > 74.2499  .grand_children  .grand2_children 'age' > 28.2499 .grand3_children  .grand4_children  , limit: null
3000;2005;users  .users_owns_pets pets  'age' > 0.2499  .children_owns_pets children  'age' > 4.2499  .grand_children  .grand2_children 'age' > 24.2499 .grand3_children  .grand4_children  .grand5_children  , limit: null
3000;454;users 'age' > -24.7501 .users_owns_pets pets  'age' > 7.2499  .pets_child 'age' > 14.2499 .children_owns_pets_child children 'since' > 0.2499   , limit: null
3000;142;users 'age' > 65.2499 .users_owns_pets pets  'age' > -3.7501  .pets_child 'age' > 7.2499 .children_owns_pets_child children 'since' > 14.2499   , limit: null
3000;2033;users 'age' > -22.7501 .users_owns_pets pets 'since' > -0.7501   .pets_child  .children_owns_pets_child children  'age' > 8.2499  .grand_children 'age' > 23.2499 , limit: null
3000;1035;users  .users_owns_pets pets  'age' > 0.2499  .pets_child  .children_owns_pets_child children  'age' > -24.7501  .grand_children 'age' > 7.2499 .grand2_children 'age' > 60.2499 , limit: null
3000;1058;users  .users_owns_pets pets  'age' > -2.7501  .pets_child  .children_owns_pets_child children 'since' > -3.7501   .grand_children 'age' > 62.2499 .grand2_children  .grand3_children  , limit: null
3000;926;users  .users_owns_pets pets 'since' > 6.2499   .pets_child  .children_owns_pets_child children 'since' > 8.2499   .grand_children 'age' > 11.2499 .grand2_children  .grand3_children  .grand4_children  , limit: null
3000;661;users  .users_owns_pets pets  'age' > 3.2499  .pets_child  .children_owns_pets_child children 'since' > -1.7501   .grand_children  .grand2_children  .grand3_children  .grand4_children  .grand5_children 'age' > 70.4999 , limit: null
3000;234;users 'age' > 63.2499 .users_owns_pets pets 'since' > 7.2499   .pets_child  .pets_grand_child 'age' > 11.2499 .children_owns_pets_grand_child children  'age' > 14.2499  , limit: null
3000;187;users 'age' > 72.2499 .users_owns_pets pets  'age' > 2.2499  .pets_child 'age' > 12.2499 .pets_grand_child  .children_owns_pets_grand_child children 'since' > 5.2499   , limit: null
3000;422;users  .users_owns_pets pets  'age' > 8.2499  .pets_child  .pets_grand_child 'age' > -2.7501 .children_owns_pets_grand_child children 'since' > 6.2499   .grand_children 'age' > 60.2499 , limit: null
3000;582;users  .users_owns_pets pets 'since' > 11.2499   .pets_child  .pets_grand_child  .children_owns_pets_grand_child children  'age' > 16.2499  .grand_children  .grand2_children 'age' > 38.2499 , limit: null
3000;1062;users  .users_owns_pets pets  'age' > 5.2499  .pets_child  .pets_grand_child  .children_owns_pets_grand_child children 'since' > 3.2499   .grand_children 'age' > 36.2499 .grand2_children  .grand3_children  , limit: null
3000;2274;users  .users_owns_pets pets 'since' > 4.2499   .pets_child  .pets_grand_child 'age' > -2.7501 .children_owns_pets_grand_child children 'since' > -2.7501   .grand_children  .grand2_children  .grand3_children  .grand4_children  , limit: null
3000;3000;users  .users_owns_pets pets 'since' > -4.7501   .pets_child  .pets_grand_child  .children_owns_pets_grand_child children 'since' > -4.7501   .grand_children  .grand2_children 'age' > -13.7501 .grand3_children  .grand4_children  .grand5_children  , limit: null
3000;2526;users 'age' > -6.7501 .children 'age' > -6.7501 .children_owns_pets pets  'age' > 2.2499  .grand_children_owns_pets grand_children  'age' > 0.2499  , limit: null
3000;1021;users 'age' > -15.7501 .children 'age' > 47.2499 .children_owns_pets pets  'age' > 6.2499  .grand_children_owns_pets grand_children  'age' > -11.7501  , limit: null
3000;425;users 'age' > 71.2499 .children 'age' > -23.7501 .children_owns_pets pets  'age' > 0.2499  .grand_children_owns_pets grand_children 'since' > 9.2499   , limit: null
3000;758;users  .children 'age' > -20.7501 .children_owns_pets pets  'age' > 14.2499  .grand_children_owns_pets grand_children  'age' > -23.7501  .grand2_children 'age' > -2.7501 , limit: null
3000;823;users 'age' > 13.2499 .children 'age' > -6.7501 .children_owns_pets pets 'since' > 13.2499   .grand_children_owns_pets grand_children  'age' > -16.7501  .grand2_children  .grand3_children  , limit: null
3000;1267;users  .children 'age' > 23.2499 .children_owns_pets pets  'age' > 3.2499  .grand_children_owns_pets grand_children 'since' > 5.2499   .grand2_children  .grand3_children  .grand4_children  , limit: null
3000;349;users 'age' > 59.2499 .children  .children_owns_pets pets 'since' > 9.2499   .pets_child 'age' > 8.2499 .grand_children_owns_pets_child grand_children 'since' > -4.7501   , limit: null
3000;1196;users 'age' > 4.2499 .children  .children_owns_pets pets 'since' > 11.2499   .pets_child 'age' > -3.7501 .grand_children_owns_pets_child grand_children  'age' > 0.2499  , limit: null
3000;331;users 'age' > 1.2499 .children  .children_owns_pets pets 'since' > 9.2499   .pets_child 'age' > 11.2499 .grand_children_owns_pets_child grand_children  'age' > 46.2499  , limit: null
3000;1665;users 'age' > 16.2499 .children  .children_owns_pets pets  'age' > -2.7501  .pets_child  .grand_children_owns_pets_child grand_children 'since' > -0.7501   .grand2_children 'age' > 31.2499 , limit: null
3000;464;users 'age' > 66.2499 .children  .children_owns_pets pets 'since' > 2.2499   .pets_child  .grand_children_owns_pets_child grand_children 'since' > 8.2499   .grand2_children  .grand3_children  , limit: null
3000;1592;users  .children  .children_owns_pets pets  'age' > 6.2499  .pets_child  .grand_children_owns_pets_child grand_children  'age' > 17.2499  .grand2_children 'age' > -11.7501 .grand3_children  .grand4_children  , limit: null
3000;52;users 'age' > 66.2499 .children 'age' > 64.2499 .children_owns_pets pets 'since' > 9.2499   .pets_child  .pets_grand_child  .grand_children_owns_pets_grand_child grand_children  'age' > 70.2499  , limit: null
3000;212;users 'age' > 55.2499 .children  .children_owns_pets pets  'age' > 13.2499  .pets_child  .pets_grand_child 'age' > 6.2499 .grand_children_owns_pets_grand_child grand_children 'since' > 3.2499   , limit: null
3000;711;users 'age' > 60.2499 .children 'age' > -8.7501 .children_owns_pets pets 'since' > 7.2499   .pets_child  .pets_grand_child  .grand_children_owns_pets_grand_child grand_children  'age' > -13.7501  , limit: null
3000;1075;users 'age' > 62.2499 .children  .children_owns_pets pets  'age' > 0.2499  .pets_child  .pets_grand_child  .grand_children_owns_pets_grand_child grand_children  'age' > -21.7501  .grand2_children  , limit: null
3000;190;users 'age' > 54.2499 .children  .children_owns_pets pets  'age' > 6.2499  .pets_child  .pets_grand_child  .grand_children_owns_pets_grand_child grand_children 'since' > 14.2499   .grand2_children  .grand3_children  , limit: null
3000;605;users 'age' > 24.2499 .children  .children_owns_pets pets 'since' > 13.2499   .pets_child  .pets_grand_child  .grand_children_owns_pets_grand_child grand_children 'since' > 2.2499   .grand2_children  .grand3_children  .grand4_children  , limit: null
3000;3000;users 'age' > -17.7501 .children  .grand_children 'age' > -16.7501 .grand_children_owns_pets pets 'since' > -4.7501   .grand2_children_owns_pets grand2_children  'age' > -11.7501  , limit: null
3000;997;users  .children 'age' > -17.7501 .grand_children 'age' > 38.2499 .grand_children_owns_pets pets  'age' > 7.2499  .grand2_children_owns_pets grand2_children  'age' > 5.2499  , limit: null
3000;306;users 'age' > 44.2499 .children 'age' > 13.2499 .grand_children  .grand_children_owns_pets pets  'age' > 8.2499  .grand2_children_owns_pets grand2_children 'since' > 11.2499   , limit: null
3000;282;users 'age' > 37.2499 .children  .grand_children 'age' > 57.2499 .grand_children_owns_pets pets  'age' > 11.2499  .grand2_children_owns_pets grand2_children  'age' > -23.7501  , limit: null
3000;682;users  .children 'age' > 45.2499 .grand_children  .grand_children_owns_pets pets  'age' > 4.2499  .grand2_children_owns_pets grand2_children 'since' > 8.2499   .grand3_children 'age' > -6.7501 , limit: null
3000;1369;users 'age' > 15.2499 .children  .grand_children 'age' > 0.2499 .grand_children_owns_pets pets 'since' > 8.2499   .pets_child  .grand2_children_owns_pets_child grand2_children 'since' > -0.7501   , limit: null
3000;2757;users 'age' > -21.7501 .children 'age' > 2.2499 .grand_children  .grand_children_owns_pets pets 'since' > -4.7501   .pets_child  .grand2_children_owns_pets_child grand2_children  'age' > 4.2499  , limit: null
3000;748;users 'age' > -20.7501 .children  .grand_children  .grand_children_owns_pets pets 'since' > 4.2499   .pets_child 'age' > 7.2499 .grand2_children_owns_pets_child grand2_children 'since' > 8.2499   , limit: null
3000;440;users  .children 'age' > 61.2499 .grand_children  .grand_children_owns_pets pets 'since' > 8.2499   .pets_child 'age' > 2.2499 .grand2_children_owns_pets_child grand2_children 'since' > 3.2499   , limit: null
3000;387;users 'age' > 28.2499 .children  .grand_children  .grand_children_owns_pets pets 'since' > 9.2499   .pets_child  .grand2_children_owns_pets_child grand2_children  'age' > 64.2499  .grand3_children  , limit: null
3000;2705;users  .children  .grand_children 'age' > -8.7501 .grand_children_owns_pets pets 'since' > 1.2499   .pets_child  .pets_grand_child  .grand2_children_owns_pets_grand_child grand2_children 'since' > -3.7501   , limit: null
3000;1348;users  .children  .grand_children  .grand_children_owns_pets pets  'age' > 6.2499  .pets_child  .pets_grand_child 'age' > -0.7501 .grand2_children_owns_pets_grand_child grand2_children  'age' > 29.2499  , limit: null
3000;141;users 'age' > 60.2499 .children  .grand_children  .grand_children_owns_pets pets 'since' > 13.2499   .pets_child  .pets_grand_child  .grand2_children_owns_pets_grand_child grand2_children 'since' > 11.2499   , limit: null
3000;947;users  .children  .grand_children 'age' > 54.2499 .grand_children_owns_pets pets  'age' > 4.2499  .pets_child  .pets_grand_child  .grand2_children_owns_pets_grand_child grand2_children 'since' > 0.2499   , limit: null
3000;1145;users 'age' > 22.2499 .children  .grand_children  .grand_children_owns_pets pets  'age' > 4.2499  .pets_child  .pets_grand_child  .grand2_children_owns_pets_grand_child grand2_children  'age' > 32.2499  .grand3_children  , limit: null
3000;1656;users 'age' > -3.7501 .children  .grand_children 'age' > -3.7501 .grand2_children  .grand2_children_owns_pets pets 'since' > -4.7501   .grand3_children_owns_pets grand3_children  'age' > 44.2499  , limit: null
3000;619;users 'age' > -24.7501 .children  .grand_children 'age' > -13.7501 .grand2_children  .grand2_children_owns_pets pets  'age' > 9.2499  .grand3_children_owns_pets grand3_children 'since' > 11.2499   , limit: null
3000;670;users  .children 'age' > -17.7501 .grand_children  .grand2_children 'age' > 57.2499 .grand2_children_owns_pets pets 'since' > 2.2499   .grand3_children_owns_pets grand3_children 'since' > 7.2499   , limit: null
3000;524;users 'age' > 6.2499 .children  .grand_children  .grand2_children 'age' > -12.7501 .grand2_children_owns_pets pets 'since' > 9.2499   .grand3_children_owns_pets grand3_children 'since' > 12.2499   , limit: null
3000;1345;users  .children  .grand_children  .grand2_children  .grand2_children_owns_pets pets 'since' > 5.2499   .pets_child 'age' > 4.2499 .grand3_children_owns_pets_child grand3_children  'age' > 16.2499  , limit: null
3000;1564;users 'age' > -24.7501 .children  .grand_children  .grand2_children  .grand2_children_owns_pets pets  'age' > -2.7501  .pets_child  .grand3_children_owns_pets_child grand3_children 'since' > 9.2499   , limit: null
3000;1951;users  .children 'age' > 31.2499 .grand_children  .grand2_children  .grand2_children_owns_pets pets  'age' > -3.7501  .pets_child  .grand3_children_owns_pets_child grand3_children 'since' > 0.2499   , limit: null
3000;1080;users  .children  .grand_children  .grand2_children 'age' > -7.7501 .grand2_children_owns_pets pets  'age' > 9.2499  .pets_child  .grand3_children_owns_pets_child grand3_children 'since' > 5.2499   , limit: null
3000;892;users 'age' > 50.2499 .children  .grand_children  .grand2_children  .grand2_children_owns_pets pets 'since' > -4.7501   .pets_child  .pets_grand_child  .grand3_children_owns_pets_grand_child grand3_children  'age' > 39.2499  , limit: null
3000;1653;users  .children  .grand_children  .grand2_children  .grand2_children_owns_pets pets 'since' > 1.2499   .pets_child  .pets_grand_child 'age' > 7.2499 .grand3_children_owns_pets_grand_child grand3_children  'age' > -18.7501  , limit: null
3000;1865;users  .children  .grand_children  .grand2_children  .grand2_children_owns_pets pets 'since' > 2.2499   .pets_child  .pets_grand_child 'age' > 4.2499 .grand3_children_owns_pets_grand_child grand3_children  'age' > 3.2499  , limit: null
3000;1167;users  .children  .grand_children  .grand2_children  .grand2_children_owns_pets pets 'since' > 8.2499   .pets_child 'age' > -4.7501 .pets_grand_child  .grand3_children_owns_pets_grand_child grand3_children 'since' > 5.2499   , limit: null
3000;667;users  .children 'age' > 39.2499 .grand_children  .grand2_children  .grand3_children  .grand3_children_owns_pets pets 'since' > 12.2499   .grand4_children_owns_pets grand4_children  'age' > -9.7501  , limit: null
3000;1795;users  .children  .grand_children 'age' > -3.7501 .grand2_children  .grand3_children  .grand3_children_owns_pets pets  'age' > 7.2499  .grand4_children_owns_pets grand4_children 'since' > -0.7501   , limit: null
3000;1745;users  .children  .grand_children 'age' > 37.2499 .grand2_children  .grand3_children  .grand3_children_owns_pets pets  'age' > 0.2499  .grand4_children_owns_pets grand4_children  'age' > -19.7501  , limit: null
3000;411;users 'age' > 20.2499 .children  .grand_children  .grand2_children  .grand3_children  .grand3_children_owns_pets pets 'since' > 12.2499   .pets_child  .grand4_children_owns_pets_child grand4_children  'age' > 52.2499  , limit: null
3000;2112;users  .children  .grand_children  .grand2_children  .grand3_children 'age' > 29.2499 .grand3_children_owns_pets pets  'age' > -1.7501  .pets_child  .grand4_children_owns_pets_child grand4_children  'age' > -19.7501  , limit: null
3000;1049;users  .children  .grand_children 'age' > 15.2499 .grand2_children  .grand3_children  .grand3_children_owns_pets pets 'since' > 11.2499   .pets_child  .grand4_children_owns_pets_child grand4_children 'since' > -0.7501   , limit: null
3000;1042;users  .children  .grand_children  .grand2_children  .grand3_children  .grand3_children_owns_pets pets 'since' > 4.2499   .pets_child 'age' > -4.7501 .pets_grand_child  .grand4_children_owns_pets_grand_child grand4_children  'age' > 54.2499  , limit: null
3000;1622;users  .children  .grand_children 'age' > -16.7501 .grand2_children  .grand3_children  .grand3_children_owns_pets pets 'since' > 1.2499   .pets_child  .pets_grand_child  .grand4_children_owns_pets_grand_child grand4_children 'since' > 7.2499   , limit: null
3000;802;users  .children  .grand_children  .grand2_children  .grand3_children  .grand3_children_owns_pets pets  'age' > 0.2499  .pets_child  .pets_grand_child 'age' > -2.7501 .grand4_children_owns_pets_grand_child grand4_children  'age' > 71.2499  , limit: null
3000;2835;users  .children  .grand_children  .grand2_children  .grand3_children  .grand4_children 'age' > -21.7501 .grand4_children_owns_pets pets 'since' > 0.2499   .grand5_children_owns_pets grand5_children  'age' > -6.5001  , limit: null
3000;587;users  .children  .grand_children  .grand2_children  .grand3_children 'age' > 70.2499 .grand4_children  .grand4_children_owns_pets pets  'age' > 4.2499  .grand5_children_owns_pets grand5_children 'since' > 1.2499   , limit: null
3000;986;users  .children  .grand_children  .grand2_children  .grand3_children 'age' > 30.2499 .grand4_children  .grand4_children_owns_pets pets 'since' > 9.2499   .pets_child  .grand5_children_owns_pets_child grand5_children  'age' > -17.5001  , limit: null
3000;607;users  .children  .grand_children  .grand2_children  .grand3_children  .grand4_children 'age' > 47.2499 .grand4_children_owns_pets pets  'age' > 10.2499  .pets_child  .grand5_children_owns_pets_child grand5_children  'age' > 12.4999  , limit: null
3000;1153;users  .children  .grand_children  .grand2_children  .grand3_children  .grand4_children  .grand4_children_owns_pets pets 'since' > 10.2499   .pets_child 'age' > 1.2499 .pets_grand_child  .grand5_children_owns_pets_grand_child grand5_children  'age' > -16.5001  , limit: null
3000;1821;users 'age' > 36.2499 .children  .grand_children  .grand2_children  .grand3_children  .grand4_children  .grand4_children_owns_pets pets 'since' > 0.2499   .pets_child  .pets_grand_child  .grand5_children_owns_pets_grand_child grand5_children  'age' > -8.5001  , limit: null
3000;577;users 'age' > 52.2499 .users_owns_pets pets 'since' > 6.2499   .children_owns_pets children 'since' > -2.7501   .children_owns_pets_child pets_child  'age' > 5.2499  .pets_grand_child 'age' > 2.2499 , limit: null
3000;554;users 'age' > 2.2499 .users_owns_pets pets  'age' > 14.2499  .children_owns_pets children 'since' > 0.2499   .grand_children  .grand_children_owns_pets_child pets_child 'since' > 3.2499   .pets_grand_child 'age' > -1.7501 , limit: null
3000;1113;users 'age' > -3.7501 .users_owns_pets pets  'age' > 8.2499  .children_owns_pets children  'age' > 15.2499  .grand_children 'age' > 18.2499 .grand2_children  .grand2_children_owns_pets_child pets_child 'since' > -4.7501   .pets_grand_child  , limit: null
3000;1762;users  .users_owns_pets pets  'age' > -1.7501  .children_owns_pets children  'age' > -19.7501  .grand_children  .grand2_children  .grand3_children 'age' > 27.2499 .grand3_children_owns_pets_child pets_child 'since' > 3.2499   .pets_grand_child  , limit: null
3000;1013;users  .users_owns_pets pets  'age' > 5.2499  .children_owns_pets children 'since' > -0.7501   .grand_children  .grand2_children 'age' > 34.2499 .grand3_children  .grand4_children  .grand4_children_owns_pets_child pets_child 'since' > 4.2499   .pets_grand_child  , limit: null
3000;348;users  .users_owns_pets pets 'since' > 8.2499   .children_owns_pets children 'since' > 12.2499   .grand_children  .grand2_children  .grand3_children  .grand4_children  .grand5_children 'age' > 11.4999 .grand5_children_owns_pets_child pets_child 'since' > 6.2499   .pets_grand_child  , limit: null
3000;525;users 'age' > -8.7501 .users_owns_pets pets  'age' > -3.7501  .pets_child 'age' > 14.2499 .children_owns_pets_child children 'since' > 2.2499   .children_owns_pets_grand_child pets_grand_child  'age' > 3.2499  , limit: null
3000;198;users  .users_owns_pets pets 'since' > 7.2499   .pets_child 'age' > 14.2499 .children_owns_pets_child children 'since' > -2.7501   .grand_children 'age' > 25.2499 .grand_children_owns_pets_grand_child pets_grand_child  'age' > 8.2499  , limit: null
3000;514;users  .users_owns_pets pets  'age' > 3.2499  .pets_child  .children_owns_pets_child children 'since' > -1.7501   .grand_children 'age' > -3.7501 .grand2_children 'age' > 26.2499 .grand2_children_owns_pets_grand_child pets_grand_child  'age' > 13.2499  , limit: null
3000;217;users  .users_owns_pets pets 'since' > 13.2499   .pets_child  .children_owns_pets_child children 'since' > 9.2499   .grand_children  .grand2_children  .grand3_children 'age' > 45.2499 .grand3_children_owns_pets_grand_child pets_grand_child 'since' > 1.2499   , limit: null
3000;202;users 'age' > 17.2499 .users_owns_pets pets 'since' > 13.2499   .pets_child  .children_owns_pets_child children 'since' > 6.2499   .grand_children  .grand2_children  .grand3_children  .grand4_children  .grand4_children_owns_pets_grand_child pets_grand_child 'since' > 11.2499   , limit: null
3000;399;users  .users_owns_pets pets  'age' > -4.7501  .pets_child  .children_owns_pets_child children  'age' > 44.2499  .grand_children 'age' > 65.2499 .grand2_children  .grand3_children  .grand4_children  .grand5_children  .grand5_children_owns_pets_grand_child pets_grand_child  'age' > 4.2499  , limit: null
3000;232;users 'age' > 17.2499 .children  .children_owns_pets pets 'since' > -2.7501   .grand_children_owns_pets grand_children  'age' > 35.2499  .grand_children_owns_pets_child pets_child 'since' > 14.2499   .pets_grand_child 'age' > 6.2499 , limit: null
3000;1610;users  .children 'age' > 17.2499 .children_owns_pets pets 'since' > -3.7501   .grand_children_owns_pets grand_children 'since' > -0.7501   .grand2_children  .grand2_children_owns_pets_child pets_child 'since' > 6.2499   .pets_grand_child 'age' > -4.7501 , limit: null
3000;483;users  .children  .children_owns_pets pets 'since' > -0.7501   .grand_children_owns_pets grand_children  'age' > 57.2499  .grand2_children 'age' > 34.2499 .grand3_children  .grand3_children_owns_pets_child pets_child  'age' > 7.2499  .pets_grand_child  , limit: null
3000;581;users  .children  .children_owns_pets pets  'age' > 4.2499  .grand_children_owns_pets grand_children  'age' > 2.2499  .grand2_children  .grand3_children 'age' > -23.7501 .grand4_children  .grand4_children_owns_pets_child pets_child 'since' > 14.2499   .pets_grand_child  , limit: null
3000;56;users  .children  .children_owns_pets pets  'age' > 12.2499  .grand_children_owns_pets grand_children  'age' > 55.2499  .grand2_children 'age' > 58.2499 .grand3_children  .grand4_children  .grand5_children  .grand5_children_owns_pets_child pets_child 'since' > 13.2499   .pets_grand_child  , limit: null
3000;285;users 'age' > -2.7501 .children  .children_owns_pets pets 'since' > 12.2499   .pets_child 'age' > 0.2499 .grand_children_owns_pets_child grand_children 'since' > 9.2499   .grand_children_owns_pets_grand_child pets_grand_child 'since' > 8.2499   , limit: null
3000;357;users 'age' > 23.2499 .children  .children_owns_pets pets  'age' > 1.2499  .pets_child  .grand_children_owns_pets_child grand_children 'since' > 9.2499   .grand2_children 'age' > 14.2499 .grand2_children_owns_pets_grand_child pets_grand_child  'age' > 11.2499  , limit: null
3000;497;users  .children  .children_owns_pets pets 'since' > 14.2499   .pets_child 'age' > 7.2499 .grand_children_owns_pets_child grand_children  'age' > -10.7501  .grand2_children  .grand3_children  .grand3_children_owns_pets_grand_child pets_grand_child  'age' > -1.7501  , limit: null
3000;418;users  .children 'age' > 14.2499 .children_owns_pets pets  'age' > 13.2499  .pets_child  .grand_children_owns_pets_child grand_children 'since' > 8.2499   .grand2_children  .grand3_children  .grand4_children  .grand4_children_owns_pets_grand_child pets_grand_child  'age' > -1.7501  , limit: null
3000;874;users 'age' > -20.7501 .children  .children_owns_pets pets 'since' > 12.2499   .pets_child  .grand_children_owns_pets_child grand_children 'since' > -0.7501   .grand2_children  .grand3_children  .grand4_children  .grand5_children  .grand5_children_owns_pets_grand_child pets_grand_child 'since' > 3.2499   , limit: null
3000;45;users 'age' > 36.2499 .children 'age' > 12.2499 .grand_children  .grand_children_owns_pets pets 'since' > 14.2499   .grand2_children_owns_pets grand2_children 'since' > 11.2499   .grand2_children_owns_pets_child pets_child  'age' > 14.2499  .pets_grand_child  , limit: null
3000;1571;users 'age' > 14.2499 .children  .grand_children  .grand_children_owns_pets pets  'age' > 4.2499  .grand2_children_owns_pets grand2_children 'since' > -0.7501   .grand3_children  .grand3_children_owns_pets_child pets_child  'age' > 3.2499  .pets_grand_child  , limit: null
3000;1050;users  .children  .grand_children  .grand_children_owns_pets pets 'since' > 0.2499   .grand2_children_owns_pets grand2_children 'since' > 2.2499   .grand3_children  .grand4_children 'age' > 22.2499 .grand4_children_owns_pets_child pets_child 'since' > 8.2499   .pets_grand_child  , limit: null
3000;3000;users  .children  .grand_children 'age' > -11.7501 .grand_children_owns_pets pets  'age' > -4.7501  .grand2_children_owns_pets grand2_children  'age' > -10.7501  .grand3_children  .grand4_children  .grand5_children  .grand5_children_owns_pets_child pets_child  'age' > -3.7501  .pets_grand_child  , limit: null
3000;244;users  .children  .grand_children 'age' > 31.2499 .grand_children_owns_pets pets  'age' > 14.2499  .pets_child 'age' > 5.2499 .grand2_children_owns_pets_child grand2_children  'age' > -5.7501  .grand2_children_owns_pets_grand_child pets_grand_child 'since' > 5.2499   , limit: null
3000;467;users  .children  .grand_children  .grand_children_owns_pets pets 'since' > 0.2499   .pets_child  .grand2_children_owns_pets_child grand2_children 'since' > 14.2499   .grand3_children 'age' > 36.2499 .grand3_children_owns_pets_grand_child pets_grand_child  'age' > -4.7501  , limit: null
3000;207;users  .children  .grand_children 'age' > -13.7501 .grand_children_owns_pets pets 'since' > 11.2499   .pets_child  .grand2_children_owns_pets_child grand2_children  'age' > 68.2499  .grand3_children  .grand4_children  .grand4_children_owns_pets_grand_child pets_grand_child 'since' > 8.2499   , limit: null
3000;311;users  .children  .grand_children  .grand_children_owns_pets pets  'age' > 12.2499  .pets_child 'age' > 2.2499 .grand2_children_owns_pets_child grand2_children 'since' > 12.2499   .grand3_children  .grand4_children  .grand5_children  .grand5_children_owns_pets_grand_child pets_grand_child  'age' > -3.7501  , limit: null
3000;1418;users  .children 'age' > 28.2499 .grand_children  .grand2_children  .grand2_children_owns_pets pets 'since' > -1.7501   .grand3_children_owns_pets grand3_children 'since' > 6.2499   .grand3_children_owns_pets_child pets_child  'age' > -4.7501  .pets_grand_child  , limit: null
3000;602;users  .children  .grand_children 'age' > 5.2499 .grand2_children  .grand2_children_owns_pets pets 'since' > 4.2499   .grand3_children_owns_pets grand3_children 'since' > 10.2499   .grand4_children  .grand4_children_owns_pets_child pets_child  'age' > 7.2499  .pets_grand_child  , limit: null
3000;306;users  .children 'age' > 53.2499 .grand_children  .grand2_children  .grand2_children_owns_pets pets 'since' > 6.2499   .grand3_children_owns_pets grand3_children 'since' > 13.2499   .grand4_children  .grand5_children  .grand5_children_owns_pets_child pets_child  'age' > -4.7501  .pets_grand_child  , limit: null
3000;760;users  .children 'age' > -22.7501 .grand_children  .grand2_children  .grand2_children_owns_pets pets 'since' > -2.7501   .pets_child  .grand3_children_owns_pets_child grand3_children 'since' > 14.2499   .grand3_children_owns_pets_grand_child pets_grand_child 'since' > -2.7501   , limit: null
3000;547;users 'age' > 57.2499 .children  .grand_children  .grand2_children  .grand2_children_owns_pets pets 'since' > 8.2499   .pets_child  .grand3_children_owns_pets_child grand3_children  'age' > 24.2499  .grand4_children  .grand4_children_owns_pets_grand_child pets_grand_child 'since' > -3.7501   , limit: null
3000;3000;users  .children  .grand_children  .grand2_children  .grand2_children_owns_pets pets  'age' > -2.7501  .pets_child  .grand3_children_owns_pets_child grand3_children 'since' > -2.7501   .grand4_children  .grand5_children 'age' > -17.5001 .grand5_children_owns_pets_grand_child pets_grand_child  'age' > -1.7501  , limit: null
3000;1813;users 'age' > -8.7501 .children  .grand_children  .grand2_children  .grand3_children  .grand3_children_owns_pets pets  'age' > -3.7501  .grand4_children_owns_pets grand4_children  'age' > -19.7501  .grand4_children_owns_pets_child pets_child 'since' > 7.2499   .pets_grand_child  , limit: null
3000;1301;users  .children  .grand_children  .grand2_children  .grand3_children 'age' > -3.7501 .grand3_children_owns_pets pets 'since' > 8.2499   .grand4_children_owns_pets grand4_children  'age' > -7.7501  .grand5_children  .grand5_children_owns_pets_child pets_child  'age' > 4.2499  .pets_grand_child  , limit: null
3000;546;users  .children  .grand_children  .grand2_children  .grand3_children  .grand3_children_owns_pets pets  'age' > 8.2499  .pets_child 'age' > -1.7501 .grand4_children_owns_pets_child grand4_children  'age' > 65.2499  .grand4_children_owns_pets_grand_child pets_grand_child  'age' > 0.2499  , limit: null
3000;1188;users  .children 'age' > 25.2499 .grand_children  .grand2_children  .grand3_children  .grand3_children_owns_pets pets 'since' > -1.7501   .pets_child  .grand4_children_owns_pets_child grand4_children  'age' > 44.2499  .grand5_children  .grand5_children_owns_pets_grand_child pets_grand_child 'since' > -1.7501   , limit: null
3000;230;users  .children  .grand_children 'age' > 49.2499 .grand2_children  .grand3_children  .grand4_children  .grand4_children_owns_pets pets 'since' > 14.2499   .grand5_children_owns_pets grand5_children 'since' > -3.7501   .grand5_children_owns_pets_child pets_child 'since' > 6.2499   .pets_grand_child  , limit: null
3000;79;users  .children  .grand_children  .grand2_children  .grand3_children  .grand4_children  .grand4_children_owns_pets pets  'age' > 14.2499  .pets_child 'age' > -2.7501 .grand5_children_owns_pets_child grand5_children  'age' > 71.4999  .grand5_children_owns_pets_grand_child pets_grand_child 'since' > 12.2499   , limit: null
3000;31;users 'age' = 4 , limit: null
3000;1;users 'name' = Trista .children 'age' = 58 , limit: null
3000;1;users 'age' = 44 .children 'age' = 82 .grand_children  , limit: null
3000;1;users  .children  .grand_children 'name' = Alison .grand2_children 'name' = Elmo , limit: null
3000;31;users 'age' = 17 .children  .grand_children  .grand2_children  .grand3_children  , limit: null
3000;1;users  .children  .grand_children  .grand2_children  .grand3_children 'name' = Agatha .grand4_children  , limit: null
3000;33;users  .children 'age' = 50 .grand_children  .grand2_children  .grand3_children  .grand4_children  .grand5_children  , limit: null
3000;2;users 'age' = 18 .users_owns_pets pets  'age' = 13  , limit: null
3000;1;users 'name' = Hyman .users_owns_pets pets 'since' = 11   .pets_child 'animal' = maximusborneensis , limit: null
3000;1;users 'name' = Carey .users_owns_pets pets  'age' = 3  .pets_child 'animal' = delupus .pets_grand_child  , limit: null
3000;1;users 'name' = Susann .children 'name' = Lucrecia .children_owns_pets pets  'age' = 4  , limit: null
3000;3;users 'age' = 99 .children  .children_owns_pets pets    .pets_child 'age' = 5 , limit: null
3000;1;users 'age' = 58 .children  .children_owns_pets pets 'since' = 15   .pets_child 'animal' = viperus .pets_grand_child  , limit: null
3000;1;users  .children 'age' = 29 .grand_children 'name' = Alec .grand_children_owns_pets pets 'nickname' = beaver   , limit: null
3000;1;users  .children  .grand_children 'age' = 56 .grand_children_owns_pets pets  'age' = 9  .pets_child 'age' = 11 , limit: null
3000;2;users  .children  .grand_children 'age' = 64 .grand_children_owns_pets pets  'age' = 14  .pets_child  .pets_grand_child  , limit: null
3000;1;users  .children 'name' = Guy .grand_children 'age' = 86 .grand2_children  .grand2_children_owns_pets pets    , limit: null
3000;1;users  .children 'name' = Denver .grand_children  .grand2_children  .grand2_children_owns_pets pets 'since' = 8   .pets_child  , limit: null
3000;6;users  .children  .grand_children  .grand2_children  .grand2_children_owns_pets pets    .pets_child 'animal' = ornata .pets_grand_child  , limit: null
3000;31;users  .children  .grand_children  .grand2_children  .grand3_children 'age' = 70 .grand3_children_owns_pets pets    , limit: null
3000;1;users  .children  .grand_children  .grand2_children  .grand3_children 'name' = Kalyn .grand3_children_owns_pets pets 'nickname' = llama   .pets_child  , limit: null
3000;4;users 'name' = Dylan .children  .grand_children  .grand2_children  .grand3_children  .grand3_children_owns_pets pets    .pets_child  .pets_grand_child  , limit: null
3000;31;users 'age' = 76 .children  .grand_children  .grand2_children  .grand3_children  .grand4_children  .grand4_children_owns_pets pets    , limit: null
3000;151;users  .children  .grand_children  .grand2_children  .grand3_children  .grand4_children  .grand4_children_owns_pets pets    .pets_child 'age' = 9 , limit: null
3000;1;users  .children  .grand_children  .grand2_children  .grand3_children  .grand4_children 'name' = Iris .grand4_children_owns_pets pets    .pets_child  .pets_grand_child  , limit: null
3000;3;users  .children  .grand_children 'name' = Lemuel .grand2_children  .grand3_children  .grand4_children  .grand5_children  .grand5_children_owns_pets pets    , limit: null
3000;5;users  .children  .grand_children  .grand2_children  .grand3_children  .grand4_children  .grand5_children  .grand5_children_owns_pets pets    .pets_child 'animal' = temporaria , limit: null
3000;2;users  .children  .grand_children  .grand2_children 'name' = Rashad .grand3_children  .grand4_children  .grand5_children  .grand5_children_owns_pets pets    .pets_child  .pets_grand_child  , limit: null
3000;1;pets 'animal' = cuniculus .users_owns_pets users  'name' = Pura  , limit: null
3000;1;pets 'age' = 13 .pets_child 'age' = 3 .users_owns_pets_child users 'nickname' = pug   , limit: null
3000;1;pets  .pets_child 'animal' = holbrooki .pets_grand_child 'age' = 7 .users_owns_pets_grand_child users 'nickname' = porpoise   , limit: null
3000;1;pets 'animal' = bairdi .users_owns_pets users    .children 'age' = 29 , limit: null
3000;1;pets 'age' = 17 .pets_child 'age' = 16 .users_owns_pets_child users 'since' = 8   .children  , limit: null
3000;1;pets  .pets_child 'animal' = fasciatus .pets_grand_child  .users_owns_pets_grand_child users    .children 'age' = 35 , limit: null
3000;1;pets  .users_owns_pets users    .children 'age' = 29 .grand_children 'name' = Rolland , limit: null
3000;1;pets  .pets_child 'animal' = alba .users_owns_pets_child users    .children 'name' = Mable .grand_children  , limit: null
3000;151;pets  .pets_child 'age' = 9 .pets_grand_child  .users_owns_pets_grand_child users    .children  .grand_children  , limit: null
3000;1;pets 'animal' = albicilla .users_owns_pets users 'since' = 5   .children  .grand_children  .grand2_children 'name' = Alphonse , limit: null
3000;35;pets  .pets_child  .users_owns_pets_child users    .children  .grand_children  .grand2_children 'age' = 71 , limit: null
3000;154;pets  .pets_child  .pets_grand_child 'age' = 3 .users_owns_pets_grand_child users    .children  .grand_children  .grand2_children  , limit: null
3000;1;pets  .users_owns_pets users    .children  .grand_children  .grand2_children  .grand3_children 'name' = Isadora , limit: null
3000;9;pets  .pets_child 'age' = 3 .users_owns_pets_child users 'since' = 11   .children  .grand_children  .grand2_children  .grand3_children  , limit: null
3000;1;pets  .pets_child  .pets_grand_child  .users_owns_pets_grand_child users    .children  .grand_children  .grand2_children 'name' = Coreen .grand3_children  , limit: null
3000;147;pets 'age' = 7 .users_owns_pets users    .children  .grand_children  .grand2_children  .grand3_children  .grand4_children  , limit: null
3000;26;pets  .pets_child  .users_owns_pets_child users    .children  .grand_children 'age' = 94 .grand2_children  .grand3_children  .grand4_children  , limit: null
3000;3;pets  .pets_child  .pets_grand_child  .users_owns_pets_grand_child users    .children 'name' = Kurtis .grand_children  .grand2_children  .grand3_children  .grand4_children  , limit: null
3000;24;pets  .users_owns_pets users    .children  .grand_children 'age' = 35 .grand2_children  .grand3_children  .grand4_children  .grand5_children  , limit: null
3000;11;pets 'age' = 2 .pets_child  .users_owns_pets_child users 'since' = 4   .children  .grand_children  .grand2_children  .grand3_children  .grand4_children  .grand5_children  , limit: null
3000;8;pets  .pets_child 'age' = 6 .pets_grand_child  .users_owns_pets_grand_child users 'since' = 16   .children  .grand_children  .grand2_children  .grand3_children  .grand4_children  .grand5_children  , limit: null
3000;1;users 'age' = 99 .users_owns_pets pets 'since' = 1   .children_owns_pets children 'since' = 16   , limit: null
3000;1;users 'age' = 2 .users_owns_pets pets  'age' = 16  .children_owns_pets children  'age' = 3  , limit: null
3000;1;users 'name' = Gene .users_owns_pets pets  'age' = 15  .children_owns_pets children 'since' = 7   .grand_children 'age' = 31 , limit: null
3000;1;users 'name' = Maile .users_owns_pets pets  'animal' = californicus  .children_owns_pets children 'nickname' = hyena   .grand_children 'name' = Donnie .grand2_children  , limit: null
3000;1;users  .users_owns_pets pets 'since' = 9   .children_owns_pets children 'nickname' = yak   .grand_children 'name' = Josiah .grand2_children 'age' = 72 .grand3_children  , limit: null
3000;1;users  .users_owns_pets pets 'nickname' = muskrat   .children_owns_pets children  'name' = Frank  .grand_children 'age' = 46 .grand2_children  .grand3_children  .grand4_children  , limit: null
3000;1;users  .users_owns_pets pets  'animal' = philomelos  .children_owns_pets children 'nickname' = mule   .grand_children 'name' = Anthony .grand2_children  .grand3_children  .grand4_children  .grand5_children  , limit: null
3000;1;users 'age' = 72 .users_owns_pets pets 'nickname' = crocodile   .pets_child 'animal' = various .children_owns_pets_child children  'age' = 79  , limit: null
3000;1;users 'name' = Raleigh .users_owns_pets pets  'age' = 1  .pets_child 'age' = 13 .children_owns_pets_child children 'since' = 16   , limit: null
3000;1;users 'name' = Stephane .users_owns_pets pets  'animal' = rex  .pets_child 'animal' = radiata .children_owns_pets_child children 'since' = 15   .grand_children  , limit: null
3000;1;users  .users_owns_pets pets 'since' = 6   .pets_child  .children_owns_pets_child children 'since' = 18   .grand_children 'name' = Milo .grand2_children 'age' = 55 , limit: null
3000;1;users 'name' = Trudy .users_owns_pets pets 'since' = 2   .pets_child  .children_owns_pets_child children  'age' = 62  .grand_children  .grand2_children  .grand3_children  , limit: null
3000;1;users  .users_owns_pets pets 'since' = 1   .pets_child  .children_owns_pets_child children  'name' = Glen  .grand_children  .grand2_children  .grand3_children  .grand4_children 'name' = Tawnya , limit: null
3000;1;users 'age' = 89 .users_owns_pets pets 'since' = 13   .pets_child  .children_owns_pets_child children  'name' = Nick  .grand_children  .grand2_children  .grand3_children  .grand4_children  .grand5_children  , limit: null
3000;1;users 'name' = Marcelo .users_owns_pets pets 'nickname' = eel   .pets_child 'animal' = serval .pets_grand_child  .children_owns_pets_grand_child children  'age' = 85  , limit: null
3000;1;users 'name' = Hildegarde .users_owns_pets pets 'nickname' = rabbit   .pets_child 'age' = 18 .pets_grand_child  .children_owns_pets_grand_child children  'age' = 65  , limit: null
3000;1;users  .users_owns_pets pets 'since' = 16   .pets_child 'age' = 9 .pets_grand_child  .children_owns_pets_grand_child children  'name' = Paris  .grand_children 'age' = 15 , limit: null
3000;1;users  .users_owns_pets pets 'since' = 1   .pets_child  .pets_grand_child  .children_owns_pets_grand_child children  'age' = 14  .grand_children  .grand2_children 'age' = 22 , limit: null
3000;1;users  .users_owns_pets pets  'animal' = spatula  .pets_child 'animal' = davidianus .pets_grand_child  .children_owns_pets_grand_child children 'since' = 10   .grand_children  .grand2_children  .grand3_children  , limit: null
3000;1;users  .users_owns_pets pets 'nickname' = salmon   .pets_child  .pets_grand_child 'age' = 3 .children_owns_pets_grand_child children  'name' = Carroll  .grand_children  .grand2_children  .grand3_children  .grand4_children  , limit: null
3000;1;users  .users_owns_pets pets  'age' = 17  .pets_child  .pets_grand_child  .children_owns_pets_grand_child children 'nickname' = serval   .grand_children  .grand2_children  .grand3_children  .grand4_children 'age' = 90 .grand5_children  , limit: null
3000;1;users 'age' = 74 .children 'age' = 22 .children_owns_pets pets 'since' = 15   .grand_children_owns_pets grand_children 'since' = 10   , limit: null
3000;1;users 'name' = Logan .children 'age' = 26 .children_owns_pets pets 'nickname' = buffalo   .grand_children_owns_pets grand_children 'nickname' = panda   , limit: null
3000;1;users 'age' = 48 .children 'age' = 23 .children_owns_pets pets  'animal' = brassicae  .grand_children_owns_pets grand_children 'nickname' = leopard   , limit: null
3000;1;users  .children 'age' = 45 .children_owns_pets pets 'since' = 0   .grand_children_owns_pets grand_children  'name' = William  .grand2_children 'name' = Norine , limit: null
3000;1;users  .children  .children_owns_pets pets 'nickname' = hippopotamus   .grand_children_owns_pets grand_children  'name' = Cathrine  .grand2_children 'age' = 48 .grand3_children 'age' = 71 , limit: null
3000;1;users  .children 'name' = Fausto .children_owns_pets pets  'animal' = kingii  .grand_children_owns_pets grand_children  'age' = 44  .grand2_children  .grand3_children  .grand4_children  , limit: null
3000;1;users  .children 'age' = 86 .children_owns_pets pets 'since' = 14   .pets_child 'animal' = brassicae .grand_children_owns_pets_child grand_children  'age' = 62  , limit: null
3000;1;users  .children 'age' = 46 .children_owns_pets pets 'nickname' = pig   .pets_child 'age' = 12 .grand_children_owns_pets_child grand_children  'name' = Shelton  , limit: null
3000;1;users  .children 'age' = 1 .children_owns_pets pets  'animal' = prima  .pets_child 'animal' = pictus .grand_children_owns_pets_child grand_children  'age' = 79  , limit: null
3000;1;users  .children 'age' = 89 .children_owns_pets pets 'nickname' = panda   .pets_child 'animal' = cooperii .grand_children_owns_pets_child grand_children 'nickname' = elephant   .grand2_children  , limit: null
3000;1;users 'age' = 99 .children  .children_owns_pets pets  'age' = 3  .pets_child  .grand_children_owns_pets_child grand_children  'name' = Lurline  .grand2_children  .grand3_children  , limit: null
3000;1;users  .children 'name' = Joni .children_owns_pets pets  'age' = 10  .pets_child  .grand_children_owns_pets_child grand_children  'name' = Marshall  .grand2_children  .grand3_children  .grand4_children  , limit: null
3000;1;users 'name' = Luna .children  .children_owns_pets pets  'animal' = tragocamelus  .pets_child  .pets_grand_child 'age' = 5 .grand_children_owns_pets_grand_child grand_children 'nickname' = porpoise   , limit: null
3000;1;users  .children 'name' = Lindsay .children_owns_pets pets 'nickname' = hound   .pets_child 'animal' = guttata .pets_grand_child  .grand_children_owns_pets_grand_child grand_children  'age' = 96  , limit: null
3000;1;users 'name' = Joslyn .children  .children_owns_pets pets  'age' = 2  .pets_child  .pets_grand_child 'animal' = gouldiae .grand_children_owns_pets_grand_child grand_children 'since' = 19   , limit: null
3000;1;users  .children 'name' = Roberta .children_owns_pets pets  'animal' = swallow  .pets_child  .pets_grand_child  .grand_children_owns_pets_grand_child grand_children 'since' = 13   .grand2_children  , limit: null
3000;1;users  .children  .children_owns_pets pets 'nickname' = muskrat   .pets_child  .pets_grand_child  .grand_children_owns_pets_grand_child grand_children  'age' = 13  .grand2_children 'age' = 76 .grand3_children  , limit: null
3000;1;users  .children  .children_owns_pets pets 'since' = 14   .pets_child 'age' = 18 .pets_grand_child  .grand_children_owns_pets_grand_child grand_children  'name' = Willy  .grand2_children  .grand3_children  .grand4_children  , limit: null
3000;1;users 'name' = Slyvia .children 'name' = Toi .grand_children  .grand_children_owns_pets pets  'age' = 17  .grand2_children_owns_pets grand2_children  'name' = Sharyn  , limit: null
3000;1;users 'name' = Latasha .children 'age' = 36 .grand_children  .grand_children_owns_pets pets 'nickname' = wasp   .grand2_children_owns_pets grand2_children 'nickname' = chinchilla   , limit: null
3000;1;users  .children 'age' = 95 .grand_children 'age' = 92 .grand_children_owns_pets pets 'nickname' = salmon   .grand2_children_owns_pets grand2_children 'nickname' = cat   , limit: null
3000;1;users 'age' = 77 .children  .grand_children 'age' = 91 .grand_children_owns_pets pets  'age' = 12  .grand2_children_owns_pets grand2_children  'age' = 56  , limit: null
3000;1;users 'name' = Eric .children  .grand_children  .grand_children_owns_pets pets 'nickname' = muskrat   .grand2_children_owns_pets grand2_children  'name' = Tabatha  .grand3_children 'age' = 40 , limit: null
3000;1;users  .children 'name' = Catharine .grand_children  .grand_children_owns_pets pets 'nickname' = grasshopper   .pets_child 'age' = 7 .grand2_children_owns_pets_child grand2_children 'since' = 7   , limit: null
3000;1;users 'name' = Samuel .children 'name' = Reiko .grand_children  .grand_children_owns_pets pets  'age' = 5  .pets_child  .grand2_children_owns_pets_child grand2_children 'since' = 18   , limit: null
3000;1;users  .children 'age' = 39 .grand_children 'age' = 89 .grand_children_owns_pets pets  'animal' = mandarinus  .pets_child  .grand2_children_owns_pets_child grand2_children 'since' = 11   , limit: null
3000;1;users 'age' = 95 .children  .grand_children 'age' = 62 .grand_children_owns_pets pets 'nickname' = hamster   .pets_child  .grand2_children_owns_pets_child grand2_children  'name' = Tonja  , limit: null
3000;1;users  .children  .grand_children  .grand_children_owns_pets pets  'age' = 7  .pets_child 'age' = 2 .grand2_children_owns_pets_child grand2_children 'nickname' = cattle   .grand3_children  , limit: null
3000;1;users  .children 'age' = 23 .grand_children  .grand_children_owns_pets pets  'animal' = rufus  .pets_child  .pets_grand_child  .grand2_children_owns_pets_grand_child grand2_children  'name' = Brain  , limit: null
3000;1;users  .children 'age' = 82 .grand_children  .grand_children_owns_pets pets  'age' = 6  .pets_child  .pets_grand_child  .grand2_children_owns_pets_grand_child grand2_children 'nickname' = clam   , limit: null
3000;1;users  .children  .grand_children 'name' = Earle .grand_children_owns_pets pets 'since' = 17   .pets_child  .pets_grand_child  .grand2_children_owns_pets_grand_child grand2_children 'nickname' = ferret   , limit: null
3000;1;users  .children  .grand_children  .grand_children_owns_pets pets 'since' = 0   .pets_child 'animal' = aspis .pets_grand_child  .grand2_children_owns_pets_grand_child grand2_children  'age' = 52  , limit: null
3000;1;users  .children 'name' = Ward .grand_children  .grand_children_owns_pets pets 'since' = 4   .pets_child  .pets_grand_child  .grand2_children_owns_pets_grand_child grand2_children  'age' = 66  .grand3_children  , limit: null
3000;1;users 'age' = 48 .children 'name' = Huey .grand_children  .grand2_children  .grand2_children_owns_pets pets  'age' = 12  .grand3_children_owns_pets grand3_children  'name' = Erlene  , limit: null
3000;1;users  .children 'age' = 90 .grand_children  .grand2_children 'name' = Lahoma .grand2_children_owns_pets pets  'animal' = gorilladiehli  .grand3_children_owns_pets grand3_children 'since' = 11   , limit: null
3000;1;users  .children  .grand_children 'name' = Ressie .grand2_children 'name' = Taylor .grand2_children_owns_pets pets 'since' = 10   .grand3_children_owns_pets grand3_children 'since' = 9   , limit: null
3000;1;users 'age' = 14 .children 'name' = Miquel .grand_children  .grand2_children  .grand2_children_owns_pets pets  'animal' = physalis  .grand3_children_owns_pets grand3_children  'age' = 46  , limit: null
3000;1;users  .children 'age' = 35 .grand_children  .grand2_children  .grand2_children_owns_pets pets 'since' = 4   .pets_child  .grand3_children_owns_pets_child grand3_children  'name' = Damon  , limit: null
3000;1;users 'name' = Marcia .children  .grand_children  .grand2_children  .grand2_children_owns_pets pets  'age' = 16  .pets_child  .grand3_children_owns_pets_child grand3_children 'nickname' = clam   , limit: null
3000;1;users  .children  .grand_children  .grand2_children 'name' = Meghann .grand2_children_owns_pets pets 'since' = 3   .pets_child  .grand3_children_owns_pets_child grand3_children 'since' = 16   , limit: null
3000;1;users  .children  .grand_children 'age' = 65 .grand2_children  .grand2_children_owns_pets pets  'animal' = pennanti  .pets_child  .grand3_children_owns_pets_child grand3_children  'age' = 49  , limit: null
3000;1;users  .children 'age' = 3 .grand_children  .grand2_children  .grand2_children_owns_pets pets 'nickname' = kangaroo   .pets_child  .pets_grand_child  .grand3_children_owns_pets_grand_child grand3_children 'since' = 16   , limit: null
3000;1;users 'name' = Peggie .children  .grand_children  .grand2_children  .grand2_children_owns_pets pets 'since' = 8   .pets_child  .pets_grand_child  .grand3_children_owns_pets_grand_child grand3_children 'since' = 1   , limit: null
3000;1;users  .children  .grand_children  .grand2_children  .grand2_children_owns_pets pets  'animal' = nasomaculatus  .pets_child  .pets_grand_child 'age' = 16 .grand3_children_owns_pets_grand_child grand3_children  'name' = Royal  , limit: null
3000;1;users  .children  .grand_children  .grand2_children 'age' = 76 .grand2_children_owns_pets pets 'nickname' = ox   .pets_child  .pets_grand_child  .grand3_children_owns_pets_grand_child grand3_children  'age' = 23  , limit: null
3000;1;users  .children  .grand_children  .grand2_children 'age' = 34 .grand3_children  .grand3_children_owns_pets pets 'nickname' = prairie dog   .grand4_children_owns_pets grand4_children  'age' = 49  , limit: null
3000;1;users  .children  .grand_children  .grand2_children  .grand3_children 'name' = Nathanael .grand3_children_owns_pets pets  'animal' = bottae  .grand4_children_owns_pets grand4_children 'since' = 2   , limit: null
3000;1;users  .children 'name' = Xiomara .grand_children  .grand2_children  .grand3_children  .grand3_children_owns_pets pets  'animal' = marcianus  .grand4_children_owns_pets grand4_children 'nickname' = sheep   , limit: null
3000;1;users  .children  .grand_children  .grand2_children 'name' = Thu .grand3_children  .grand3_children_owns_pets pets 'since' = 4   .pets_child  .grand4_children_owns_pets_child grand4_children  'age' = 29  , limit: null
3000;1;users  .children  .grand_children  .grand2_children  .grand3_children  .grand3_children_owns_pets pets  'animal' = flavoiridis  .pets_child 'age' = 9 .grand4_children_owns_pets_child grand4_children  'name' = Rod  , limit: null
3000;1;users 'age' = 51 .children  .grand_children  .grand2_children  .grand3_children  .grand3_children_owns_pets pets  'animal' = rustica  .pets_child  .grand4_children_owns_pets_child grand4_children 'since' = 11   , limit: null
3000;1;users  .children 'name' = Les .grand_children  .grand2_children  .grand3_children  .grand3_children_owns_pets pets 'since' = 19   .pets_child  .pets_grand_child  .grand4_children_owns_pets_grand_child grand4_children  'name' = Alexander  , limit: null
3000;1;users  .children  .grand_children  .grand2_children  .grand3_children  .grand3_children_owns_pets pets 'nickname' = grasshopper   .pets_child 'animal' = humilis .pets_grand_child  .grand4_children_owns_pets_grand_child grand4_children 'since' = 3   , limit: null
3000;1;users  .children  .grand_children 'age' = 26 .grand2_children  .grand3_children  .grand3_children_owns_pets pets 'since' = 11   .pets_child  .pets_grand_child  .grand4_children_owns_pets_grand_child grand4_children 'since' = 7   , limit: null
3000;1;users  .children  .grand_children  .grand2_children  .grand3_children  .grand4_children 'name' = Luciano .grand4_children_owns_pets pets 'nickname' = eagle   .grand5_children_owns_pets grand5_children 'nickname' = porcupine   , limit: null
3000;1;users  .children 'name' = Antoine .grand_children  .grand2_children  .grand3_children  .grand4_children  .grand4_children_owns_pets pets  'age' = 16  .grand5_children_owns_pets grand5_children 'since' = 17   , limit: null
3000;1;users  .children  .grand_children  .grand2_children  .grand3_children  .grand4_children  .grand4_children_owns_pets pets  'animal' = cecropia  .pets_child 'age' = 14 .grand5_children_owns_pets_child grand5_children 'since' = 13   , limit: null
3000;1;users  .children  .grand_children  .grand2_children 'age' = 71 .grand3_children  .grand4_children  .grand4_children_owns_pets pets 'nickname' = ape   .pets_child  .grand5_children_owns_pets_child grand5_children 'since' = 13   , limit: null
3000;1;users  .children  .grand_children  .grand2_children  .grand3_children 'name' = Freeman .grand4_children  .grand4_children_owns_pets pets 'nickname' = cheetah   .pets_child  .pets_grand_child  .grand5_children_owns_pets_grand_child grand5_children  'age' = 39  , limit: null
3000;1;users  .children 'age' = 6 .grand_children  .grand2_children  .grand3_children  .grand4_children  .grand4_children_owns_pets pets  'age' = 17  .pets_child  .pets_grand_child  .grand5_children_owns_pets_grand_child grand5_children  'age' = 28  , limit: null
3000;1;users 'name' = Catarina .users_owns_pets pets 'since' = 12   .children_owns_pets children  'age' = 44  .children_owns_pets_child pets_child 'nickname' = hare   .pets_grand_child 'age' = 3 , limit: null
3000;1;users 'name' = Adalberto .users_owns_pets pets 'nickname' = cod   .children_owns_pets children 'nickname' = rat   .grand_children  .grand_children_owns_pets_child pets_child  'animal' = sinensis  .pets_grand_child 'animal' = lectularius , limit: null
3000;1;users  .users_owns_pets pets 'nickname' = mouse   .children_owns_pets children 'nickname' = cod   .grand_children  .grand2_children 'name' = Fritz .grand2_children_owns_pets_child pets_child 'since' = 16   .pets_grand_child 'animal' = iberia , limit: null
3000;1;users  .users_owns_pets pets  'age' = 12  .children_owns_pets children  'name' = Katherin  .grand_children 'name' = Velvet .grand2_children  .grand3_children  .grand3_children_owns_pets_child pets_child  'animal' = alleghaniensis  .pets_grand_child  , limit: null
3000;1;users 'age' = 40 .users_owns_pets pets  'age' = 8  .children_owns_pets children 'since' = 10   .grand_children  .grand2_children  .grand3_children  .grand4_children  .grand4_children_owns_pets_child pets_child 'since' = 0   .pets_grand_child  , limit: null
3000;1;users  .users_owns_pets pets 'nickname' = wallaby   .children_owns_pets children 'since' = 8   .grand_children  .grand2_children  .grand3_children  .grand4_children 'age' = 15 .grand5_children  .grand5_children_owns_pets_child pets_child  'animal' = gulo  .pets_grand_child  , limit: null
3000;1;users 'age' = 95 .users_owns_pets pets  'age' = 8  .pets_child 'age' = 10 .children_owns_pets_child children 'since' = 17   .children_owns_pets_grand_child pets_grand_child 'nickname' = buffalo   , limit: null
3000;1;users 'name' = Ernie .users_owns_pets pets  'animal' = mississippiensis  .pets_child 'animal' = moilensis .children_owns_pets_child children  'name' = Tory  .grand_children  .grand_children_owns_pets_grand_child pets_grand_child 'nickname' = muskrat   , limit: null
3000;1;users  .users_owns_pets pets  'age' = 10  .pets_child 'animal' = euryxanthus .children_owns_pets_child children 'nickname' = giraffe   .grand_children  .grand2_children 'age' = 10 .grand2_children_owns_pets_grand_child pets_grand_child  'animal' = platyrhincus  , limit: null
3000;1;users  .users_owns_pets pets  'age' = 7  .pets_child 'animal' = hortulana .children_owns_pets_child children 'nickname' = monkey   .grand_children  .grand2_children  .grand3_children  .grand3_children_owns_pets_grand_child pets_grand_child 'since' = 13   , limit: null
3000;1;users  .users_owns_pets pets 'nickname' = eel   .pets_child 'age' = 14 .children_owns_pets_child children  'age' = 3  .grand_children  .grand2_children  .grand3_children  .grand4_children  .grand4_children_owns_pets_grand_child pets_grand_child 'nickname' = cockroach   , limit: null
3000;1;users  .users_owns_pets pets  'animal' = crinitus  .pets_child  .children_owns_pets_child children  'age' = 59  .grand_children  .grand2_children 'name' = Chance .grand3_children  .grand4_children  .grand5_children  .grand5_children_owns_pets_grand_child pets_grand_child 'since' = 16   , limit: null
3000;1;users  .children 'name' = Alfonso .children_owns_pets pets  'age' = 1  .grand_children_owns_pets grand_children  'age' = 78  .grand_children_owns_pets_child pets_child 'since' = 8   .pets_grand_child 'animal' = populator , limit: null
3000;1;users 'name' = Keri .children  .children_owns_pets pets 'nickname' = hamster   .grand_children_owns_pets grand_children 'since' = 3   .grand2_children 'age' = 16 .grand2_children_owns_pets_child pets_child  'animal' = maculatus  .pets_grand_child  , limit: null
3000;1;users  .children  .children_owns_pets pets  'animal' = oxycephalum  .grand_children_owns_pets grand_children 'nickname' = hamster   .grand2_children  .grand3_children  .grand3_children_owns_pets_child pets_child  'age' = 10  .pets_grand_child 'animal' = philippinensis , limit: null
3000;1;users  .children 'age' = 70 .children_owns_pets pets 'since' = 17   .grand_children_owns_pets grand_children  'age' = 58  .grand2_children  .grand3_children  .grand4_children  .grand4_children_owns_pets_child pets_child  'age' = 8  .pets_grand_child  , limit: null
3000;1;users  .children  .children_owns_pets pets 'since' = 19   .grand_children_owns_pets grand_children  'age' = 4  .grand2_children  .grand3_children  .grand4_children  .grand5_children  .grand5_children_owns_pets_child pets_child 'since' = 17   .pets_grand_child 'animal' = dendrophila , limit: null
3000;1;users 'age' = 96 .children  .children_owns_pets pets  'animal' = liberiensis  .pets_child 'age' = 8 .grand_children_owns_pets_child grand_children  'age' = 13  .grand_children_owns_pets_grand_child pets_grand_child 'nickname' = armadillo   , limit: null
3000;1;users  .children  .children_owns_pets pets 'since' = 13   .pets_child 'age' = 16 .grand_children_owns_pets_child grand_children  'name' = Jettie  .grand2_children 'age' = 0 .grand2_children_owns_pets_grand_child pets_grand_child 'nickname' = moose   , limit: null
3000;1;users  .children  .children_owns_pets pets  'animal' = hemioliopterus  .pets_child  .grand_children_owns_pets_child grand_children  'name' = Reatha  .grand2_children  .grand3_children 'name' = Rosaline .grand3_children_owns_pets_grand_child pets_grand_child  'age' = 10  , limit: null
3000;1;users  .children  .children_owns_pets pets  'animal' = hypophthalmus  .pets_child  .grand_children_owns_pets_child grand_children 'since' = 18   .grand2_children 'name' = Leigh .grand3_children  .grand4_children  .grand4_children_owns_pets_grand_child pets_grand_child  'age' = 2  , limit: null
3000;1;users  .children 'age' = 91 .children_owns_pets pets 'since' = 4   .pets_child  .grand_children_owns_pets_child grand_children  'age' = 58  .grand2_children  .grand3_children  .grand4_children  .grand5_children  .grand5_children_owns_pets_grand_child pets_grand_child 'since' = 17   , limit: null
3000;1;users  .children 'age' = 28 .grand_children  .grand_children_owns_pets pets  'age' = 15  .grand2_children_owns_pets grand2_children  'name' = Brad  .grand2_children_owns_pets_child pets_child 'nickname' = macaw   .pets_grand_child 'age' = 0 , limit: null
3000;1;users  .children 'name' = Hilario .grand_children  .grand_children_owns_pets pets 'nickname' = panda   .grand2_children_owns_pets grand2_children 'nickname' = rabbit   .grand3_children  .grand3_children_owns_pets_child pets_child  'animal' = carcharias  .pets_grand_child  , limit: null
3000;1;users  .children  .grand_children  .grand_children_owns_pets pets  'age' = 16  .grand2_children_owns_pets grand2_children 'since' = 9   .grand3_children  .grand4_children  .grand4_children_owns_pets_child pets_child 'nickname' = coyote   .pets_grand_child 'age' = 13 , limit: null
3000;1;users  .children 'name' = Yvette .grand_children  .grand_children_owns_pets pets  'age' = 1  .grand2_children_owns_pets grand2_children  'name' = Shaunna  .grand3_children  .grand4_children  .grand5_children  .grand5_children_owns_pets_child pets_child 'nickname' = chimpanzee   .pets_grand_child  , limit: null
3000;1;users  .children 'age' = 12 .grand_children  .grand_children_owns_pets pets 'nickname' = wombat   .pets_child 'animal' = urarachnoides .grand2_children_owns_pets_child grand2_children  'name' = Halina  .grand2_children_owns_pets_grand_child pets_grand_child  'age' = 7  , limit: null
3000;1;users  .children 'age' = 47 .grand_children  .grand_children_owns_pets pets  'animal' = haje  .pets_child  .grand2_children_owns_pets_child grand2_children  'name' = Mandy  .grand3_children  .grand3_children_owns_pets_grand_child pets_grand_child  'age' = 3  , limit: null
3000;1;users  .children  .grand_children 'name' = Bernard .grand_children_owns_pets pets 'since' = 3   .pets_child  .grand2_children_owns_pets_child grand2_children 'nickname' = caribou   .grand3_children  .grand4_children  .grand4_children_owns_pets_grand_child pets_grand_child 'since' = 4   , limit: null
3000;1;users 'age' = 44 .children  .grand_children  .grand_children_owns_pets pets 'nickname' = salmon   .pets_child  .grand2_children_owns_pets_child grand2_children  'age' = 30  .grand3_children  .grand4_children  .grand5_children  .grand5_children_owns_pets_grand_child pets_grand_child 'nickname' = squirrel   , limit: null
3000;1;users 'name' = Cari .children  .grand_children  .grand2_children  .grand2_children_owns_pets pets 'since' = 14   .grand3_children_owns_pets grand3_children 'nickname' = moose   .grand3_children_owns_pets_child pets_child  'age' = 14  .pets_grand_child  , limit: null
3000;1;users  .children  .grand_children  .grand2_children  .grand2_children_owns_pets pets  'age' = 14  .grand3_children_owns_pets grand3_children  'age' = 6  .grand4_children  .grand4_children_owns_pets_child pets_child 'nickname' = cattle   .pets_grand_child 'animal' = midas , limit: null
3000;1;users  .children  .grand_children  .grand2_children  .grand2_children_owns_pets pets 'nickname' = dolphin   .grand3_children_owns_pets grand3_children 'nickname' = woodchuck   .grand4_children 'name' = Robbi .grand5_children  .grand5_children_owns_pets_child pets_child 'nickname' = elephant   .pets_grand_child  , limit: null
3000;1;users  .children 'age' = 39 .grand_children  .grand2_children  .grand2_children_owns_pets pets 'nickname' = worm   .pets_child  .grand3_children_owns_pets_child grand3_children  'name' = Donella  .grand3_children_owns_pets_grand_child pets_grand_child 'nickname' = crocodile   , limit: null
3000;1;users  .children  .grand_children  .grand2_children  .grand2_children_owns_pets pets 'since' = 14   .pets_child 'animal' = lagotis .grand3_children_owns_pets_child grand3_children  'age' = 95  .grand4_children  .grand4_children_owns_pets_grand_child pets_grand_child  'animal' = genetta  , limit: null
3000;1;users  .children  .grand_children  .grand2_children 'age' = 53 .grand2_children_owns_pets pets 'nickname' = mammoth   .pets_child  .grand3_children_owns_pets_child grand3_children 'since' = 17   .grand4_children  .grand5_children  .grand5_children_owns_pets_grand_child pets_grand_child 'since' = 10   , limit: null
3000;1;users  .children 'age' = 1 .grand_children  .grand2_children  .grand3_children  .grand3_children_owns_pets pets 'since' = 17   .grand4_children_owns_pets grand4_children  'age' = 62  .grand4_children_owns_pets_child pets_child  'age' = 3  .pets_grand_child  , limit: null
3000;1;users  .children  .grand_children  .grand2_children  .grand3_children 'name' = Zada .grand3_children_owns_pets pets 'since' = 8   .grand4_children_owns_pets grand4_children  'name' = Elvis  .grand5_children  .grand5_children_owns_pets_child pets_child  'animal' = monax  .pets_grand_child  , limit: null
3000;1;users  .children  .grand_children  .grand2_children  .grand3_children  .grand3_children_owns_pets pets  'age' = 8  .pets_child 'age' = 8 .grand4_children_owns_pets_child grand4_children 'nickname' = deer   .grand4_children_owns_pets_grand_child pets_grand_child  'age' = 10  , limit: null
3000;1;users  .children  .grand_children  .grand2_children 'age' = 38 .grand3_children  .grand3_children_owns_pets pets 'nickname' = hare   .pets_child  .grand4_children_owns_pets_child grand4_children  'name' = Octavio  .grand5_children  .grand5_children_owns_pets_grand_child pets_grand_child  'animal' = pacos  , limit: null
3000;1;users 'name' = Barrie .children  .grand_children  .grand2_children  .grand3_children  .grand4_children  .grand4_children_owns_pets pets 'since' = 5   .grand5_children_owns_pets grand5_children 'nickname' = fish   .grand5_children_owns_pets_child pets_child 'since' = 18   .pets_grand_child  , limit: null
3000;1;users  .children  .grand_children  .grand2_children  .grand3_children  .grand4_children 'name' = Terry .grand4_children_owns_pets pets  'animal' = fulica  .pets_child  .grand5_children_owns_pets_child grand5_children  'name' = Terri  .grand5_children_owns_pets_grand_child pets_grand_child  'animal' = mexicanus  , limit: null
3000;1;users '_id' = 5a22b1c8-f938-410f-a809-c337735a71eb , limit: null
3000;1;users '_id' = db0b315e-4a79-46dd-b979-c40aa88e16f1 .children '_id' = c9b67a6b-c785-4f3e-9865-e1caebb9544d , limit: null
3000;1;users '_id' = f6ca8c48-a426-4d6f-9493-9dd65a64bb42 .children  .grand_children '_id' = e489a5af-3a91-4e0d-b009-b3a9c6e8621d , limit: null
3000;1;users  .children '_id' = 95640479-22f4-4a3b-9271-827f4f661840 .grand_children '_id' = 09c1ebfc-16cf-4f6b-82be-708688352e58 .grand2_children  , limit: null
3000;1;users '_id' = b8ab09b2-702e-4be3-a053-ad8d1c186068 .children  .grand_children  .grand2_children  .grand3_children  , limit: null
3000;1;users  .children  .grand_children  .grand2_children  .grand3_children  .grand4_children '_id' = 919b86b6-83f7-43e8-b3e8-b5fdac0e5c9b , limit: null
3000;1;users '_id' = a9ceb083-0fd1-4da6-9137-cbcfa98e57ab .children  .grand_children  .grand2_children  .grand3_children  .grand4_children  .grand5_children  , limit: null
3000;1;users '_id' = fe94de73-6b32-43e0-9e6c-2f3f6442df85 .users_owns_pets pets    , limit: null
3000;1;users '_id' = 4258bfd3-5ca3-4de1-934f-8f0c10b2ebe2 .users_owns_pets pets  '_id' = 3391d5c5-0b00-44f9-834e-9fc691f49a45  .pets_child '_id' = 6e340d73-9ba0-4532-a39b-8ed786c3afc9 , limit: null
3000;1;users  .users_owns_pets pets  '_id' = 47d3a5fe-b9d2-4f9a-9d09-bc70452cfe66  .pets_child '_id' = 670efffa-b48f-459d-ae72-1938ddbfa055 .pets_grand_child '_id' = 2f2217a3-13e4-46aa-bd86-c5bd473fa190 , limit: null
3000;1;users '_id' = 3f021888-a199-4003-a6ae-88aa66958892 .children '_id' = e3a96121-f384-42a7-810c-002126e9d050 .children_owns_pets pets    , limit: null
3000;1;users '_id' = f26a43c6-1287-4d3d-aa1c-2422f4ca4710 .children '_id' = bffde199-1fb5-46c0-b253-3bb181b71090 .children_owns_pets pets  '_id' = 25c4ab39-6096-4571-80ea-4900b1c79ec3  .pets_child  , limit: null
3000;1;users '_id' = 8e89982e-c9f2-415a-ab0e-6fdd82539b37 .children  .children_owns_pets pets  '_id' = 2360b9b2-169e-4778-8f92-e5b1a98b6555  .pets_child '_id' = b80f9d9b-9966-4849-a83b-32e5ac00b8c8 .pets_grand_child  , limit: null
3000;1;users '_id' = fbf0baef-69a7-4454-98d8-b2cb8df7ac69 .children '_id' = 31627221-2313-42f9-b43d-f470608eb465 .grand_children  .grand_children_owns_pets pets    , limit: null
3000;1;users '_id' = f965d656-cbca-4c99-8194-e1cf01bf08fd .children '_id' = cbb1df44-e58b-4523-ac20-a11c8361eb63 .grand_children  .grand_children_owns_pets pets  '_id' = 0e05080d-b20d-49d3-b63f-f57c4d573266  .pets_child  , limit: null
3000;1;users  .children '_id' = 2ee22105-97e9-473e-8a4a-9bffa5d8b961 .grand_children  .grand_children_owns_pets pets  '_id' = b0cdfa8c-e5db-431d-a1eb-4bf9cf4e9526  .pets_child  .pets_grand_child  , limit: null
3000;1;users '_id' = e137c834-005b-4d84-90fa-244d506d3d91 .children '_id' = 3f18150c-5cd8-4270-b307-4d61294d46cf .grand_children  .grand2_children  .grand2_children_owns_pets pets  '_id' = 978390d6-69cd-4c76-be84-269177ff41d0  , limit: null
3000;1;users  .children '_id' = c89493b5-067d-4e85-8342-c535ee094840 .grand_children  .grand2_children  .grand2_children_owns_pets pets  '_id' = dabca0bc-4c98-4ade-bc98-8d829bc70d90  .pets_child  , limit: null
3000;1;users  .children '_id' = 00d685a0-3814-49d0-b25f-405a5fa8cb75 .grand_children  .grand2_children  .grand2_children_owns_pets pets    .pets_child  .pets_grand_child  , limit: null
3000;1;users  .children  .grand_children  .grand2_children '_id' = 5974b0f7-8f08-40e8-8df9-57549a0ba013 .grand3_children  .grand3_children_owns_pets pets    , limit: null
3000;1;users  .children  .grand_children  .grand2_children  .grand3_children '_id' = 39eb16d0-e6a0-47a6-81ab-86f1aefc3e98 .grand3_children_owns_pets pets  '_id' = 4ec37220-a111-4df8-9c29-5471261be797  .pets_child  , limit: null
3000;1;users  .children  .grand_children '_id' = 782631ab-2979-4d92-87de-af6ab62df434 .grand2_children  .grand3_children  .grand3_children_owns_pets pets  '_id' = f372d372-6c5d-45e8-b707-f12f210f4427  .pets_child  .pets_grand_child  , limit: null
3000;1;users  .children  .grand_children  .grand2_children  .grand3_children  .grand4_children '_id' = 45bd1f57-5cdf-4e7d-8a6f-40202a952118 .grand4_children_owns_pets pets  '_id' = 495611c0-7989-41e8-9231-d550649b97c3  , limit: null
3000;1;users  .children  .grand_children  .grand2_children '_id' = 5f1f1867-e34a-4345-9808-cb489afcdd54 .grand3_children  .grand4_children  .grand4_children_owns_pets pets  '_id' = a79f41b9-2afc-464c-9c90-eb5af10da395  .pets_child  , limit: null
3000;1;users '_id' = 1f5d1a41-f730-4812-ade5-3434d7059d0b .children  .grand_children  .grand2_children  .grand3_children  .grand4_children  .grand4_children_owns_pets pets  '_id' = 811dd888-e253-4f3c-b07a-65433bbed631  .pets_child  .pets_grand_child  , limit: null
3000;1;users  .children  .grand_children  .grand2_children  .grand3_children '_id' = dedc2b82-8247-44dc-be71-c92a10eb9125 .grand4_children  .grand5_children  .grand5_children_owns_pets pets    , limit: null
3000;1;users  .children  .grand_children  .grand2_children  .grand3_children  .grand4_children '_id' = 62b0da1a-dc27-4d39-b07b-12dec36ea040 .grand5_children  .grand5_children_owns_pets pets  '_id' = 37dcf80b-c680-4573-aa7c-bbaef528e625  .pets_child  , limit: null
3000;1;users  .children  .grand_children  .grand2_children '_id' = dfb18bf4-e2ac-4e06-826d-712886ead9e0 .grand3_children  .grand4_children  .grand5_children  .grand5_children_owns_pets pets  '_id' = c37eb2b9-e9af-41d6-a559-e3bde8daa784  .pets_child  .pets_grand_child  , limit: null
3000;1;pets '_id' = 07819e54-d4f9-4ae4-bc76-c388e9a7b737 .users_owns_pets users  '_id' = b14b63c2-7004-41eb-a1a8-d8925cfe1df0  , limit: null
3000;1;pets '_id' = 9d05b435-52e4-4d22-a7e9-dcd85c4bc7b0 .pets_child '_id' = af9b0d33-c8ab-4654-a453-084513a04ff1 .users_owns_pets_child users    , limit: null
3000;1;pets  .pets_child '_id' = ac5d6ebf-85d3-437e-a301-2698e42df917 .pets_grand_child '_id' = e5dfd734-a18f-4df7-9e0d-27a772524317 .users_owns_pets_grand_child users    , limit: null
3000;1;pets '_id' = 46cd6af7-424e-4a47-8989-34dad8253358 .users_owns_pets users    .children '_id' = 9d4749d7-1e5a-4acd-9942-9fce30af40ab , limit: null
3000;1;pets  .pets_child '_id' = 4ea66122-858d-49cd-b499-ca1f9b03e9ed .users_owns_pets_child users    .children '_id' = 3ef7f29a-2de4-4c0a-82bc-2faaa7e6495d , limit: null
3000;1;pets  .pets_child '_id' = a7724e67-ed3f-4bd1-8bd0-0df9715d3d82 .pets_grand_child '_id' = 6a1ab45e-676b-4c59-869c-3b6cede464fe .users_owns_pets_grand_child users  '_id' = 87dd6083-2385-49c8-b5ae-cbec54ccb086  .children  , limit: null
3000;1;pets '_id' = 9668042e-9fbd-467c-aae8-b993ec7b6b24 .users_owns_pets users  '_id' = ecd968ce-005a-41a0-9638-87f84d40a8c4  .children  .grand_children '_id' = 649b0db5-286e-4486-9635-42b2869fbd52 , limit: null
3000;1;pets  .pets_child '_id' = 0785fe89-fdd8-40a3-a499-4e5774254cd1 .users_owns_pets_child users  '_id' = 21bc054a-250c-49e6-a2a2-b8218b7f04f8  .children '_id' = 29768d88-0374-41ea-8c1b-8be779ee9ca8 .grand_children  , limit: null
3000;1;pets '_id' = b6a74e46-236d-48c0-aa32-dbc6c44758c3 .pets_child  .pets_grand_child  .users_owns_pets_grand_child users  '_id' = a805e493-0ecf-47b5-960c-1e839d29ce38  .children  .grand_children  , limit: null
3000;1;pets '_id' = 7243a266-b903-4e2f-9b19-9d0ae190a365 .users_owns_pets users  '_id' = d373e64f-3509-4ccf-a7b3-c5c39710a973  .children '_id' = d1d773e2-0262-4a3f-9c8b-c008c3ead0c6 .grand_children  .grand2_children  , limit: null
3000;1;pets  .pets_child  .users_owns_pets_child users  '_id' = e06c0c8d-591d-4257-a4f1-0cc503973fbc  .children  .grand_children  .grand2_children '_id' = 1906a1d9-f54b-413d-a8f7-b5589ebea9e3 , limit: null
3000;1;pets  .pets_child  .pets_grand_child  .users_owns_pets_grand_child users  '_id' = 399c40ef-1a03-4439-8886-031e7a081440  .children  .grand_children  .grand2_children '_id' = 15c05a12-8d4b-4445-84d0-f0bb8c5eec60 , limit: null
3000;1;pets  .users_owns_pets users  '_id' = 6b406ab8-f57e-4dae-9f2e-1f3f4e0d9e68  .children  .grand_children '_id' = d91ae15f-6765-4db6-b9e1-7295113abc1c .grand2_children  .grand3_children  , limit: null
3000;1;pets  .pets_child '_id' = 0f94c1e0-0a67-4c5e-a005-aec3b38a6376 .users_owns_pets_child users    .children  .grand_children  .grand2_children  .grand3_children  , limit: null
3000;1;pets  .pets_child  .pets_grand_child '_id' = 8a18a88b-7f41-47ae-abe1-eef6be6808dd .users_owns_pets_grand_child users  '_id' = 8b817b8b-b8fb-4a0e-b65d-c1a1d6947a5f  .children  .grand_children  .grand2_children  .grand3_children  , limit: null
3000;1;pets  .users_owns_pets users  '_id' = 296acac0-e5aa-4014-b479-06e938d69a72  .children  .grand_children '_id' = be3b2a81-f94b-48e1-bea2-3d866bd29d24 .grand2_children  .grand3_children  .grand4_children  , limit: null
3000;1;pets  .pets_child '_id' = cdc3a59f-841d-40dd-9493-7f1759da0f55 .users_owns_pets_child users  '_id' = 5fe6bcdd-e0ad-466b-8864-acca3c749126  .children  .grand_children  .grand2_children  .grand3_children  .grand4_children  , limit: null
3000;1;pets  .pets_child  .pets_grand_child  .users_owns_pets_grand_child users    .children  .grand_children  .grand2_children  .grand3_children '_id' = 900a1d06-ed95-422f-92bd-eb78af5f0bdc .grand4_children  , limit: null
3000;1;pets  .users_owns_pets users    .children  .grand_children  .grand2_children '_id' = 4db6ba96-d47c-4f8a-b660-ed17a113aadb .grand3_children  .grand4_children  .grand5_children  , limit: null
3000;1;pets  .pets_child  .users_owns_pets_child users    .children  .grand_children '_id' = 356929af-a8d3-4027-a3d1-f94d311abf93 .grand2_children  .grand3_children  .grand4_children  .grand5_children  , limit: null
3000;1;pets  .pets_child  .pets_grand_child  .users_owns_pets_grand_child users    .children  .grand_children  .grand2_children '_id' = 83e730ab-bbc5-43a0-ac57-b53d0dcd0eb2 .grand3_children  .grand4_children  .grand5_children  , limit: null
3000;1;users '_id' = 7744775f-0069-4832-8e96-9da30bdc486b .users_owns_pets pets  '_id' = c2ee7cc6-1cf5-46b1-aa1c-6a44e23b14fa  .children_owns_pets children  '_id' = a4678b0b-e8ea-4654-9ac0-171011545126  , limit: null
3000;1;users '_id' = b97cc2cc-fc49-4c2d-aec3-3a32056ba244 .users_owns_pets pets  '_id' = ba027dce-a184-4785-8a27-0cc11f4e5b77  .children_owns_pets children  '_id' = 3155b07b-f3aa-4d11-9a15-a9c9de210b52  , limit: null
3000;1;users '_id' = b23c12c1-2761-4d1a-b1f0-fb614fdbc8fa .users_owns_pets pets  '_id' = 39689c2b-0841-45d7-a2b8-f629c52a184d  .children_owns_pets children  '_id' = b110c2e2-66cf-4730-9c4f-61cb733128b8  .grand_children '_id' = 7f6c78c2-e1ef-4665-b7d3-02f15e969c17 , limit: null
3000;1;users '_id' = fcfca8c3-5b81-44d4-922f-e16a61aae2ac .users_owns_pets pets  '_id' = ef21fb13-0230-4919-8622-ede28afe0452  .children_owns_pets children  '_id' = 24e2d03f-cd30-44f5-940f-900743d6b650  .grand_children '_id' = 5b4f7112-e900-4c7a-9273-e23e5f92e1b9 .grand2_children  , limit: null
3000;1;users  .users_owns_pets pets  '_id' = 848c3b72-efd1-47d7-8aa2-2062c2b7dc91  .children_owns_pets children  '_id' = 9321518d-cc08-46d6-bbfa-13621f5781b4  .grand_children '_id' = 7bb36c05-d82a-4e00-b9c7-e8f3137f2cef .grand2_children  .grand3_children '_id' = 71cfebfa-8e6d-46d6-ab45-bcf7f16fa473 , limit: null
3000;1;users  .users_owns_pets pets  '_id' = 6311a259-8f06-421f-8af7-082e1b2829c1  .children_owns_pets children  '_id' = 17965eae-a839-481b-895d-3618d4888478  .grand_children  .grand2_children  .grand3_children  .grand4_children '_id' = 403997ab-c18d-498b-86ed-a85a76bbe4fd , limit: null
3000;1;users  .users_owns_pets pets  '_id' = 9bf30f67-6b42-4a98-ad07-1492e5b57eb7  .children_owns_pets children  '_id' = 914e9e62-0523-4b4f-addb-71555d8cb7d0  .grand_children  .grand2_children  .grand3_children  .grand4_children '_id' = 6a80156e-bb8b-4d2e-a237-97ea55a26826 .grand5_children  , limit: null
3000;1;users '_id' = ae359979-e7d1-49c1-a742-6f46b4f3df15 .users_owns_pets pets  '_id' = cdf47828-e373-4a45-bae5-294c62c943d1  .pets_child '_id' = c6dbf53b-360b-42bd-9fc0-a3edc8dc46d4 .children_owns_pets_child children  '_id' = 2d5c0bea-eb57-4d9a-b990-8b5d7f967d98  , limit: null
3000;1;users '_id' = a7539fbf-545b-4ddb-88fa-f9f8b2184530 .users_owns_pets pets  '_id' = 024f0912-6717-427d-a96f-e4b8f9e807f1  .pets_child '_id' = 1d47da0c-263f-4638-8797-d002f48e16ae .children_owns_pets_child children  '_id' = bea78b05-b9a5-4319-900c-5d27eb7ec924  , limit: null
3000;1;users '_id' = 06404661-a6af-48e9-9005-39dbc554776c .users_owns_pets pets  '_id' = 20e530f1-8268-4e75-b7d4-280e6b68047c  .pets_child '_id' = 10911e8b-9535-4cd3-9107-164e44d69778 .children_owns_pets_child children  '_id' = bf1b78f0-3393-43f3-a5a9-80e07bc6f349  .grand_children  , limit: null
3000;1;users '_id' = 37dc264e-facd-4dc6-89a1-3d48aa954083 .users_owns_pets pets  '_id' = 1b184854-4c96-4c79-ab7c-d1cf6264cf11  .pets_child  .children_owns_pets_child children  '_id' = 3155b07b-f3aa-4d11-9a15-a9c9de210b52  .grand_children '_id' = efceca3b-6dc6-4d7e-ac9a-bf398df51759 .grand2_children  , limit: null
3000;1;users  .users_owns_pets pets  '_id' = 1780e373-7a69-4512-a066-fad1248c1682  .pets_child '_id' = fa04faf4-9a50-4293-952b-d56254525945 .children_owns_pets_child children  '_id' = ee9f7c50-03e6-431e-baeb-533d7c529119  .grand_children  .grand2_children  .grand3_children  , limit: null
3000;1;users  .users_owns_pets pets  '_id' = 4e4bfb8c-49c9-4bd4-9540-1becde8b1e20  .pets_child  .children_owns_pets_child children  '_id' = d025d6b6-52c8-4495-9071-acbaa9c22649  .grand_children  .grand2_children  .grand3_children '_id' = 11c80742-c4f1-45c7-80e6-7e1f2d8b1b93 .grand4_children  , limit: null
3000;1;users  .users_owns_pets pets  '_id' = a9523e4c-297a-47d1-89e9-89efb68b87f4  .pets_child '_id' = 1b1bb48d-0dc4-4675-bc5d-6ef8b3edf58a .children_owns_pets_child children  '_id' = dc8d40ad-cfaf-48fd-b9bc-a0cb4f970b1e  .grand_children  .grand2_children  .grand3_children  .grand4_children  .grand5_children  , limit: null
3000;1;users  .users_owns_pets pets  '_id' = ed30edcd-cc1b-408c-be30-76ea5122afda  .pets_child '_id' = dc7ccbfa-3b8b-40cf-8357-c5b4b4ac5d05 .pets_grand_child '_id' = 7238ead4-068c-4b7e-9494-81062b521170 .children_owns_pets_grand_child children  '_id' = ec097b49-7279-4efa-9b1f-7d86bdc7e464  , limit: null
3000;1;users '_id' = 610dffcc-1ec3-4d8f-b4b5-97695c379de9 .users_owns_pets pets  '_id' = f2184b9f-c046-4504-9868-af5c6adc6f59  .pets_child  .pets_grand_child '_id' = da69f294-21f6-46fd-8c38-39408b34a012 .children_owns_pets_grand_child children  '_id' = 238b87d4-0f5d-49f9-b167-dca600d7adff  , limit: null
3000;1;users  .users_owns_pets pets  '_id' = 453dc50b-e85b-4999-8c0f-98795e30e5d5  .pets_child '_id' = 776bfebb-640f-4ad3-91a2-feba93b5ac40 .pets_grand_child  .children_owns_pets_grand_child children  '_id' = cb48dd12-d0f3-4ff7-8d1d-6bb78ae781bf  .grand_children '_id' = 9b53ea17-4d23-4382-a95d-38614fadd494 , limit: null
3000;1;users  .users_owns_pets pets  '_id' = 7c254240-b7bf-4a1b-88a4-2045be44b9e0  .pets_child '_id' = 2e908455-89c2-4d3c-9102-6c3c08450bb3 .pets_grand_child  .children_owns_pets_grand_child children  '_id' = 34ed189e-884f-416d-9d3f-05a3c3e7d9fc  .grand_children  .grand2_children  , limit: null
3000;1;users  .users_owns_pets pets  '_id' = b6df2108-4ad8-4299-ab08-92707e704934  .pets_child  .pets_grand_child  .children_owns_pets_grand_child children  '_id' = a7354372-a195-4acc-a778-8301b7557d7b  .grand_children '_id' = 61bf84d0-acee-4ac7-bed8-38703172a05b .grand2_children  .grand3_children  , limit: null
3000;1;users  .users_owns_pets pets  '_id' = f8db09e3-b3e0-416f-b845-2e57668e013c  .pets_child  .pets_grand_child  .children_owns_pets_grand_child children  '_id' = 0bf8b9cb-8b90-4b26-8f87-e012b94ed4cb  .grand_children  .grand2_children  .grand3_children '_id' = 28fa4079-b2d2-4e71-ba7e-0bd30b3595db .grand4_children  , limit: null
3000;1;users  .users_owns_pets pets  '_id' = caabf3d9-4d32-4b98-9fb6-b433157d7f6e  .pets_child  .pets_grand_child  .children_owns_pets_grand_child children  '_id' = 0993d65b-b0b3-4873-813a-3010a49de9a6  .grand_children '_id' = fd27b597-26ea-409c-98e0-0df81fbc6382 .grand2_children  .grand3_children  .grand4_children  .grand5_children  , limit: null
3000;1;users '_id' = 40b7df88-8aaa-48f2-8bef-6d9e524db56d .children '_id' = deeeb8f0-7453-4859-8a17-7bdb178a6106 .children_owns_pets pets  '_id' = aa314d46-e0c3-4ac5-9afb-4e65ee89b701  .grand_children_owns_pets grand_children  '_id' = 5e07de3a-0314-4b83-a6cc-65f4c46cfe63  , limit: null
3000;1;users '_id' = b0094cef-b944-4a43-8eba-260e20cb9853 .children '_id' = 16d57256-94c0-4236-ad27-73cf368e6a90 .children_owns_pets pets  '_id' = 440b575c-c474-452d-a278-10be9e918c28  .grand_children_owns_pets grand_children  '_id' = a0df62d3-31b8-41d9-9075-f8e75b854b2f  , limit: null
3000;1;users '_id' = 3b4c04fa-5aee-4acf-903a-2658ee616d98 .children '_id' = 2f83bcbe-41ce-4407-a11d-27f5c5a406b0 .children_owns_pets pets  '_id' = febdf130-86d6-4d1c-ae63-d5c73a453b62  .grand_children_owns_pets grand_children  '_id' = d0d31ac6-8fcb-4605-a08f-694a58b59706  , limit: null
3000;1;users  .children '_id' = e93a9589-9abe-4cf0-84ac-94e97b4f0ed7 .children_owns_pets pets  '_id' = 00d42c79-8d61-45d8-aa3a-1df4cf026153  .grand_children_owns_pets grand_children  '_id' = 55347353-c07f-4669-901f-1c64692f82c0  .grand2_children '_id' = b8b357d2-04b0-4467-b3cd-d3127f092efd , limit: null
3000;1;users '_id' = e7010a3b-826f-4eee-aa5c-e38e98dd3bc2 .children  .children_owns_pets pets  '_id' = 2569e949-674f-4816-8fe0-6706600e16aa  .grand_children_owns_pets grand_children  '_id' = f525fff9-ab45-449f-9758-ab3d4794fb55  .grand2_children  .grand3_children '_id' = 5ac00e0b-85a4-4c94-b66f-4c2a331d8cff , limit: null
3000;1;users  .children  .children_owns_pets pets  '_id' = 3ca4dd49-6cce-473a-9438-4607fa11051b  .grand_children_owns_pets grand_children  '_id' = ae6cfb9b-982c-47e9-a5f0-6c4978162b93  .grand2_children '_id' = 155483f3-bf79-4982-b521-3066312ae488 .grand3_children  .grand4_children  , limit: null
3000;1;users '_id' = 9eb3af66-3859-4b56-bcd4-7291a03e494c .children  .children_owns_pets pets  '_id' = 8e9aaccc-83e6-4ecc-a06a-6e8b390f8358  .pets_child '_id' = 7e3f5264-2a94-4af6-9196-aa788ff77804 .grand_children_owns_pets_child grand_children  '_id' = 39a2a602-4d87-40c1-bcd7-8078b53c3a5b  , limit: null
3000;1;users  .children '_id' = e877f475-d5a6-484e-87d0-4cea67774a4e .children_owns_pets pets  '_id' = f06e68ec-afa3-49d3-a74f-9cece6aa59c1  .pets_child '_id' = 21f4fa2a-278b-48c9-932d-246a134928b0 .grand_children_owns_pets_child grand_children  '_id' = 7055ca80-cc88-428f-9d1a-cd739e39437e  , limit: null
3000;1;users '_id' = ebf7d3b0-b827-42b9-a85b-0bf332029b1b .children '_id' = 4bcc5eaf-244a-475a-a3c9-8a487230e7d2 .children_owns_pets pets  '_id' = 4ef83c9a-aaec-4b5f-834d-d17c4632c6c2  .pets_child  .grand_children_owns_pets_child grand_children  '_id' = 1814043f-911e-40b7-8acf-f21139babce6  , limit: null
3000;1;users '_id' = d39da170-2083-4ac8-91b2-1b15f2bc41fa .children '_id' = 522f07bd-f409-4dad-aa76-5c17ba7295b5 .children_owns_pets pets  '_id' = 82c4cb42-0c1d-40e0-897c-2d2e635e9884  .pets_child  .grand_children_owns_pets_child grand_children  '_id' = 0633377d-f21a-46f7-b558-2e405f77ef31  .grand2_children  , limit: null
3000;1;users  .children '_id' = d7ea4199-f2b9-49df-92b1-1fff5f5114de .children_owns_pets pets  '_id' = c723c759-28a1-4933-af37-c48c7cb605fe  .pets_child  .grand_children_owns_pets_child grand_children  '_id' = e7cd02bf-7428-43e1-80fd-215f9fd4f0cb  .grand2_children  .grand3_children  , limit: null
3000;1;users '_id' = e8bd847e-8a77-4cb3-8c58-89af34696382 .children  .children_owns_pets pets  '_id' = 82b59852-fbb5-4b7b-98e8-9b9b8194ad86  .pets_child  .grand_children_owns_pets_child grand_children  '_id' = e1dfc6d7-ae25-4c12-9e8e-1f86339ba1e0  .grand2_children  .grand3_children  .grand4_children  , limit: null
3000;1;users '_id' = cc163ae9-7392-4938-9042-107a9e7d0ac4 .children  .children_owns_pets pets  '_id' = 2a309feb-984b-4798-8ef9-f52031b90052  .pets_child  .pets_grand_child '_id' = 50460122-78ff-452f-b0d7-b563e303162c .grand_children_owns_pets_grand_child grand_children  '_id' = 64c749d8-7aa7-43c1-8817-5891ab4ce232  , limit: null
3000;1;users  .children  .children_owns_pets pets  '_id' = 8bd27d2e-6c98-42f9-aa03-c007642f9be6  .pets_child '_id' = c676fe73-e639-4394-80a3-3ec5d6291e2e .pets_grand_child '_id' = 75104d76-91e1-4999-a10b-0ebe4809f301 .grand_children_owns_pets_grand_child grand_children  '_id' = 22014179-3346-4095-9d3d-c482567cf6ca  , limit: null
3000;1;users  .children '_id' = 167bc2f9-51fb-4525-a742-a0140a41c309 .children_owns_pets pets  '_id' = a9b7f79d-4fde-4b5f-ae16-acc53bd0e110  .pets_child  .pets_grand_child '_id' = d58fca7e-db78-47be-af4e-f8d25d512f00 .grand_children_owns_pets_grand_child grand_children  '_id' = fa0db7ef-d4c4-4442-9588-03deb41a8e47  , limit: null
3000;1;users  .children  .children_owns_pets pets  '_id' = 227ac1e3-bd85-498b-922e-972417739cce  .pets_child '_id' = b0fef924-ff84-41e8-b42b-9f5dc34096da .pets_grand_child  .grand_children_owns_pets_grand_child grand_children  '_id' = 0bf6e56e-091f-449f-842f-7137f36206d1  .grand2_children  , limit: null
3000;1;users  .children '_id' = 71460d56-128b-433e-8062-33050577db17 .children_owns_pets pets  '_id' = 807969d8-3156-4f28-a66d-d78194696620  .pets_child  .pets_grand_child  .grand_children_owns_pets_grand_child grand_children  '_id' = 6ce010cc-ff29-462a-bf00-2edac738b5b5  .grand2_children  .grand3_children  , limit: null
3000;1;users  .children  .children_owns_pets pets  '_id' = 086232d1-93fd-45f4-a5dc-ea4a4ede2af4  .pets_child  .pets_grand_child  .grand_children_owns_pets_grand_child grand_children  '_id' = 7e0d9d09-4483-4b9b-8b5a-b21c36a47501  .grand2_children '_id' = b0788fe0-93d2-4b4b-97d3-b90e80a83acf .grand3_children  .grand4_children  , limit: null
3000;1;users '_id' = 7de61305-544e-461d-9b4f-09d8a3e54dd5 .children  .grand_children '_id' = 7b6eb1ed-5c8e-46f8-b644-591f56cc1305 .grand_children_owns_pets pets  '_id' = 75f3e264-2030-437e-85b3-62f8b5e7af76  .grand2_children_owns_pets grand2_children  '_id' = e92eed97-e454-4669-8e29-534afaa51cb2  , limit: null
3000;1;users  .children '_id' = 559e970f-fbfe-4b55-a66d-a3386e3984e3 .grand_children '_id' = 62556375-b42f-44ee-969f-9a606f40308c .grand_children_owns_pets pets  '_id' = a136f8bf-7dbf-4d4e-8db8-6353359f68b4  .grand2_children_owns_pets grand2_children  '_id' = 15e93812-e74c-4e54-9645-8ff2c0d8d38f  , limit: null
3000;1;users '_id' = bf0f6211-f785-42e9-acb1-33699956cbe6 .children '_id' = 01b255c7-593c-40e2-8935-bf159e3660f4 .grand_children  .grand_children_owns_pets pets  '_id' = c4e363bb-ad97-4b61-9e7d-064e10b9d9d1  .grand2_children_owns_pets grand2_children  '_id' = 47d24a1c-db1a-4435-82a9-02d51eb34880  , limit: null
3000;1;users '_id' = 37b46d37-29aa-48eb-aee7-244fe172c827 .children '_id' = 35f391c8-8669-4f7f-863f-22081de87c71 .grand_children  .grand_children_owns_pets pets  '_id' = 3e041e38-9734-480c-b2b8-afa8be5e6bab  .grand2_children_owns_pets grand2_children  '_id' = 718477c5-6f0f-463c-8a3d-027aa7d6b3fa  , limit: null
3000;1;users  .children '_id' = 22f495fb-47ad-42ed-9ae4-461ba6f5cc92 .grand_children '_id' = b5a5d3da-9409-4be5-8f35-712c0e92d12d .grand_children_owns_pets pets  '_id' = 1e6e918f-eb96-4a01-8ee2-e8a493c86cab  .grand2_children_owns_pets grand2_children  '_id' = 0c464c74-517e-45c8-91a7-e62a0cb7a63f  .grand3_children  , limit: null
3000;1;users '_id' = de454c27-6e91-4b17-b901-0bdb6940236a .children '_id' = 6a810f01-60ad-4d9a-85d8-fc929cf98034 .grand_children  .grand_children_owns_pets pets  '_id' = c06ee887-2ab9-4111-af7e-2097b5abba32  .pets_child  .grand2_children_owns_pets_child grand2_children  '_id' = 307557a2-2641-4f25-9895-78ed20d7f522  , limit: null
3000;1;users '_id' = 7e5341c5-0f03-4055-adc8-271972b07142 .children  .grand_children  .grand_children_owns_pets pets  '_id' = c64847a2-9e6f-4ae5-bcbe-b737a27b8570  .pets_child '_id' = bc420f8f-eac3-401e-b384-446499b7f5bc .grand2_children_owns_pets_child grand2_children  '_id' = 31bc67d6-2880-4fee-b8c2-67c00571e5ff  , limit: null
3000;1;users '_id' = 27ff3602-fe4c-4bc7-b192-a2a2a4d6eb20 .children  .grand_children '_id' = a6716f24-c279-4419-b7b6-8607bfb1c687 .grand_children_owns_pets pets  '_id' = 2ca57bdb-12f5-4f24-bc8f-b65bece622c9  .pets_child  .grand2_children_owns_pets_child grand2_children  '_id' = 1b241040-7ed2-4021-ab28-abc0740f7b30  , limit: null
3000;1;users  .children '_id' = 83abd86d-f95a-472e-b41a-e28bdb0bccd1 .grand_children '_id' = 437b4485-1e8e-4120-920a-37f379689e32 .grand_children_owns_pets pets  '_id' = febf10a4-0b49-4437-8b8c-c12c66c8cf63  .pets_child  .grand2_children_owns_pets_child grand2_children  '_id' = d93b2659-2b6b-46eb-a4e6-da19e801efaa  , limit: null
3000;1;users  .children  .grand_children  .grand_children_owns_pets pets  '_id' = 5ff477d6-ea74-4792-bf1e-09cc557a4a19  .pets_child  .grand2_children_owns_pets_child grand2_children  '_id' = 15e93812-e74c-4e54-9645-8ff2c0d8d38f  .grand3_children '_id' = 0bdbbc14-c5ec-42fc-9020-7d93e680f787 , limit: null
3000;1;users  .children  .grand_children '_id' = 80fc1da9-0327-49fd-a6e8-43ba5a36b3a8 .grand_children_owns_pets pets  '_id' = 6dea9188-d6ba-4673-bbad-6e0d6c62c0cb  .pets_child  .pets_grand_child  .grand2_children_owns_pets_grand_child grand2_children  '_id' = 76366f67-b990-4e72-9b95-3018df3b5744  , limit: null
3000;1;users  .children '_id' = ec097b49-7279-4efa-9b1f-7d86bdc7e464 .grand_children  .grand_children_owns_pets pets  '_id' = 1c080dec-bd2a-436d-ac5b-0408dbe17c92  .pets_child  .pets_grand_child  .grand2_children_owns_pets_grand_child grand2_children  '_id' = f642edf8-17d6-4c78-938c-8791f304de2a  , limit: null
3000;1;users  .children  .grand_children  .grand_children_owns_pets pets  '_id' = 7604093e-1c0e-4682-9cb7-990dcfa0b1be  .pets_child '_id' = f485b9c9-6985-46c0-91f0-c9621837577f .pets_grand_child  .grand2_children_owns_pets_grand_child grand2_children  '_id' = be03d647-c4d3-4292-a968-28f07619a364  , limit: null
3000;1;users  .children  .grand_children  .grand_children_owns_pets pets  '_id' = 6b7c2ba6-315b-408c-ae4e-096c9eee3a35  .pets_child '_id' = 3a099ca9-c46d-4bea-b588-4ae1e2b606f0 .pets_grand_child  .grand2_children_owns_pets_grand_child grand2_children  '_id' = 199453a2-d154-41c4-94a3-9fc0b391cf1e  , limit: null
3000;1;users  .children  .grand_children '_id' = 467c8132-95bf-44d3-a6c9-a933e28ad9df .grand_children_owns_pets pets  '_id' = 63b013e3-4b22-4bd8-98ef-de63af8447e1  .pets_child  .pets_grand_child  .grand2_children_owns_pets_grand_child grand2_children  '_id' = 3f40bff0-6d53-4f0b-a9fe-ac19a1edde73  .grand3_children  , limit: null
3000;1;users  .children '_id' = f553c238-2d16-463c-a1bd-61c2656849ba .grand_children '_id' = 2f19b73d-90a4-4c43-94ae-6e24c69e4cd5 .grand2_children  .grand2_children_owns_pets pets  '_id' = 6a6830d3-78ac-4c5a-ba48-f62de6124335  .grand3_children_owns_pets grand3_children  '_id' = 4a18a972-983b-453f-9fd3-c0a8a920fa2f  , limit: null
3000;1;users  .children  .grand_children '_id' = 4f25de40-32f8-4c90-b259-e81332733fc7 .grand2_children '_id' = 940090b9-320b-46c0-8bfe-7803fbee53ba .grand2_children_owns_pets pets  '_id' = a2dc27a0-ebd8-4f72-a7a2-94f08c7b7f6d  .grand3_children_owns_pets grand3_children  '_id' = 5ef279b9-1a14-452e-b6d2-8694569a0593  , limit: null
3000;1;users  .children '_id' = 2e4e3b9b-bc78-4403-8742-1a63e8797117 .grand_children  .grand2_children '_id' = e1e35960-64d4-4a8d-917b-681d882cfc1f .grand2_children_owns_pets pets  '_id' = b3f63f50-2f8c-4b43-83ca-66c1fd52dbad  .grand3_children_owns_pets grand3_children  '_id' = 37dc703d-ae91-494d-83b9-f99cc4917326  , limit: null
3000;1;users '_id' = 97f6ed91-e071-46d9-b4cf-7e4777db199f .children  .grand_children '_id' = 88cda3ca-23fd-4db3-9b1d-489c9a2ade50 .grand2_children  .grand2_children_owns_pets pets  '_id' = b5b17a97-d62c-4a2d-b45c-b8ac5d5f513a  .grand3_children_owns_pets grand3_children  '_id' = 4df9a5f1-2d7b-4be8-82a7-8097f2601e7d  , limit: null
3000;1;users  .children  .grand_children '_id' = ccfb5302-12bc-485e-a7d6-c85dcf93d85a .grand2_children  .grand2_children_owns_pets pets  '_id' = 6521e2ec-8855-4138-ab95-57a7617e003b  .pets_child  .grand3_children_owns_pets_child grand3_children  '_id' = e6294395-b9c3-4ef2-9f5a-6941935a387b  , limit: null
3000;1;users '_id' = 5f995220-0550-4a14-88fb-a606c3df0253 .children  .grand_children  .grand2_children  .grand2_children_owns_pets pets  '_id' = d3bc9a89-3938-47ec-924f-a72056d18cf2  .pets_child  .grand3_children_owns_pets_child grand3_children  '_id' = 544689fe-b425-4d56-b79f-d6c932622de9  , limit: null
3000;1;users '_id' = f8003137-1b64-4400-afd5-40dfaff3e52f .children  .grand_children  .grand2_children  .grand2_children_owns_pets pets  '_id' = cbcf928a-6c08-468a-9d1f-fc71a2dc3810  .pets_child  .grand3_children_owns_pets_child grand3_children  '_id' = 2948bcab-f895-4683-a022-65d20af3d1b1  , limit: null
3000;1;users  .children  .grand_children  .grand2_children '_id' = fb810848-535b-4c74-8c15-f427abbe876f .grand2_children_owns_pets pets  '_id' = 1e18156c-0fef-44d7-9d4b-c99a006fa0d7  .pets_child  .grand3_children_owns_pets_child grand3_children  '_id' = fecec624-df39-454f-a678-42f9853044f1  , limit: null
3000;1;users  .children  .grand_children  .grand2_children  .grand2_children_owns_pets pets  '_id' = 2a46976d-9b9b-4a7d-8c77-f73cdea9e42f  .pets_child  .pets_grand_child '_id' = 3db1e7b2-2b75-473b-a921-7e26b56466eb .grand3_children_owns_pets_grand_child grand3_children  '_id' = 52f4404e-3b21-45e5-a216-1ff3cfe42f8e  , limit: null
3000;1;users  .children  .grand_children  .grand2_children '_id' = d77ba457-2bf6-463b-a505-bc801ff92f5f .grand2_children_owns_pets pets  '_id' = 50f588b2-e698-4ecf-9970-74fc7d241d6c  .pets_child  .pets_grand_child  .grand3_children_owns_pets_grand_child grand3_children  '_id' = bcc9aa9f-33c6-4156-b496-a92dc8cc5dd0  , limit: null
3000;1;users '_id' = 4b391e93-cbd4-4380-bc6c-141aa89d8ea6 .children  .grand_children  .grand2_children  .grand2_children_owns_pets pets  '_id' = de3eed07-ffa0-4166-944c-2bcd76525c59  .pets_child  .pets_grand_child  .grand3_children_owns_pets_grand_child grand3_children  '_id' = a30950a9-c050-4801-b1c3-89711befd5fe  , limit: null
3000;1;users  .children  .grand_children  .grand2_children  .grand2_children_owns_pets pets  '_id' = 9fd93ee6-0366-4ff7-96f2-cec983ee3feb  .pets_child  .pets_grand_child '_id' = f4a10052-3de7-4343-8bcf-4d2633777dbf .grand3_children_owns_pets_grand_child grand3_children  '_id' = ef245950-c479-4fb8-8b24-f6e4d6533567  , limit: null
3000;1;users '_id' = a57449f9-27c9-43d7-9e73-6654c101a1cd .children  .grand_children  .grand2_children  .grand3_children  .grand3_children_owns_pets pets  '_id' = d547abe9-5c0a-4787-b79e-5d10ce52379e  .grand4_children_owns_pets grand4_children  '_id' = d60e059f-c1d7-4a75-a1f8-58acb332dca6  , limit: null
3000;1;users  .children  .grand_children  .grand2_children '_id' = 7d9b04d5-1b23-4e2a-92c6-4b454f0c9652 .grand3_children  .grand3_children_owns_pets pets  '_id' = 4369bb00-5536-42a8-a9a6-8caf0fea3633  .grand4_children_owns_pets grand4_children  '_id' = bf203296-28dd-4b78-9372-7fd803497970  , limit: null
3000;1;users  .children  .grand_children '_id' = cbcfbf54-6a26-4975-b792-c72e692d3866 .grand2_children  .grand3_children  .grand3_children_owns_pets pets  '_id' = 5b89fced-0f44-48c1-85d6-071789bedf43  .grand4_children_owns_pets grand4_children  '_id' = 651ab306-d601-4092-b412-d351a829dba3  , limit: null
3000;1;users '_id' = 668149dd-e314-4f3c-8de9-610afbfe99f7 .children  .grand_children  .grand2_children  .grand3_children  .grand3_children_owns_pets pets  '_id' = 5bf85147-cb3b-4a3f-bd07-d694ca223401  .pets_child  .grand4_children_owns_pets_child grand4_children  '_id' = 595043df-5455-4e79-b339-25024fef0c69  , limit: null
3000;1;users  .children  .grand_children '_id' = 169b3a67-5b5e-4c99-ba0e-c018f7ba7302 .grand2_children  .grand3_children  .grand3_children_owns_pets pets  '_id' = fa2454d7-cd02-48a0-9736-4c3eb229d726  .pets_child  .grand4_children_owns_pets_child grand4_children  '_id' = 92b7b473-38d2-4efd-a74c-6be3181fbc39  , limit: null
3000;1;users  .children  .grand_children  .grand2_children  .grand3_children  .grand3_children_owns_pets pets  '_id' = f89551c0-1976-4d39-aae5-9e950e19ab4c  .pets_child '_id' = 78809fcc-9ede-45df-b746-fc2796edd1f7 .grand4_children_owns_pets_child grand4_children  '_id' = 07f13f7f-3f78-4c28-a2ed-3a8786b0675d  , limit: null
3000;1;users  .children  .grand_children  .grand2_children  .grand3_children  .grand3_children_owns_pets pets  '_id' = 114c2be5-c0aa-43a9-9880-71dfcc6fbfee  .pets_child  .pets_grand_child '_id' = e43119f0-9312-4327-9daf-92f3810fb002 .grand4_children_owns_pets_grand_child grand4_children  '_id' = ba5b661b-e69b-49d0-87aa-525664730b0e  , limit: null
3000;1;users  .children '_id' = 0c59932f-65d5-4910-af6b-25bf68ce7803 .grand_children  .grand2_children  .grand3_children  .grand3_children_owns_pets pets  '_id' = 07f6fb72-6be4-4c88-94ba-4c453e91ab19  .pets_child  .pets_grand_child  .grand4_children_owns_pets_grand_child grand4_children  '_id' = 64e56046-3596-4497-99ab-08dd60c61aed  , limit: null
3000;1;users  .children '_id' = d0f4f5aa-91d0-4283-a157-7b78ed58aa22 .grand_children  .grand2_children  .grand3_children  .grand3_children_owns_pets pets  '_id' = d9582585-285c-4793-ad21-0ab6700b3c26  .pets_child  .pets_grand_child  .grand4_children_owns_pets_grand_child grand4_children  '_id' = f4b9976f-6a90-4eb0-8471-317ed1e4decf  , limit: null
3000;1;users  .children  .grand_children  .grand2_children  .grand3_children '_id' = 3d430e12-ddeb-4d20-8870-2f6d7eef5409 .grand4_children  .grand4_children_owns_pets pets  '_id' = 8c3e3184-2b5e-4229-96f1-fd18e79dec0f  .grand5_children_owns_pets grand5_children  '_id' = bc5bb47a-3041-4b9e-827a-18fc6f62ae15  , limit: null
3000;1;users  .children  .grand_children  .grand2_children  .grand3_children  .grand4_children '_id' = 35bc4386-ba37-4f80-9e44-6b37f2e038b5 .grand4_children_owns_pets pets  '_id' = bb3ae42c-cba9-4761-8ad8-ccda532b21ba  .grand5_children_owns_pets grand5_children  '_id' = 8d7ea1e8-d4c8-4cfc-bb36-122e81125062  , limit: null
3000;1;users  .children  .grand_children  .grand2_children  .grand3_children  .grand4_children '_id' = 2132e076-0ecd-4f14-bacf-c1198f04a9f6 .grand4_children_owns_pets pets  '_id' = e9b83315-73f7-4d5d-9a4c-3bae1dd79953  .pets_child  .grand5_children_owns_pets_child grand5_children  '_id' = bb48aadc-b6b7-461a-b9d5-537d68495400  , limit: null
3000;1;users '_id' = d0d6dbe2-ffb2-4fd9-869b-4430d2f0ace1 .children  .grand_children  .grand2_children  .grand3_children  .grand4_children  .grand4_children_owns_pets pets  '_id' = 504ff450-f746-41fb-af37-96830ebc8405  .pets_child  .grand5_children_owns_pets_child grand5_children  '_id' = 1d2635ab-7071-40a3-b390-2475b4c57f59  , limit: null
3000;1;users '_id' = 0115827e-1fea-4cd8-87ec-62db950d5800 .children  .grand_children  .grand2_children  .grand3_children  .grand4_children  .grand4_children_owns_pets pets  '_id' = 47fa2f89-acdd-4dd9-bc77-d42a2e947ce3  .pets_child  .pets_grand_child  .grand5_children_owns_pets_grand_child grand5_children  '_id' = 8ebf282d-74fc-4d41-913f-497a0b4e2c56  , limit: null
3000;1;users '_id' = 0c30e11b-ff78-4ee2-a8b0-403b2fcc40f3 .children  .grand_children  .grand2_children  .grand3_children  .grand4_children  .grand4_children_owns_pets pets  '_id' = 33798bed-3377-4cd0-92e7-1b441ceb5aa5  .pets_child  .pets_grand_child  .grand5_children_owns_pets_grand_child grand5_children  '_id' = 5bc0c3be-a1f0-4b94-b847-0c04d43d933a  , limit: null
3000;1;users '_id' = c3d56544-c4d8-4ca6-b7bf-cee80148676f .users_owns_pets pets  '_id' = 666f8318-78f8-438a-8041-4030d7aa429f  .children_owns_pets children  '_id' = 6950a06b-18b9-41af-936e-5f1a53edc846  .children_owns_pets_child pets_child  '_id' = 3bbd5d6f-b163-4a83-9868-c90f088b4f87  .pets_grand_child '_id' = 966d5ce9-b359-4a2e-bfb5-b682fd3108c0 , limit: null
3000;1;users  .users_owns_pets pets  '_id' = e69f0d64-7d4d-422e-a9de-825c5129ded0  .children_owns_pets children  '_id' = d743007d-d528-4749-9664-525b8a530bae  .grand_children '_id' = 6dc42cab-59e2-44a5-9ad1-f1ca33384faf .grand_children_owns_pets_child pets_child  '_id' = 9e89024b-7081-4456-be7c-a27d2b19957a  .pets_grand_child '_id' = 947f842b-54a6-4ade-a26a-f3387d25453f , limit: null
3000;1;users  .users_owns_pets pets  '_id' = 7aaa7d63-6dfa-401d-ae74-8924acf2c34a  .children_owns_pets children  '_id' = bff2c5ab-5981-46b2-b8f1-c1b39e8cd559  .grand_children '_id' = dc853a6a-147e-4d92-bd68-5db0f04e43ba .grand2_children  .grand2_children_owns_pets_child pets_child  '_id' = 448e0ae3-b751-4fc1-9024-e5ad267b0115  .pets_grand_child '_id' = ac0bf1ec-110c-4106-8645-6bafe1c89765 , limit: null
3000;1;users  .users_owns_pets pets  '_id' = eba2b9ca-dc72-4bf5-a39c-1dcd5425c1e8  .children_owns_pets children  '_id' = f80a14c4-0b88-4611-bf92-a2fd2aa8ae8b  .grand_children  .grand2_children  .grand3_children  .grand3_children_owns_pets_child pets_child  '_id' = d3f97574-96e0-4ba0-a2b1-799ee2cdd152  .pets_grand_child '_id' = 82d60cd2-5cde-4b19-86f4-577d31aa03de , limit: null
3000;1;users  .users_owns_pets pets  '_id' = 9fc7c2d7-35a7-4987-8cb5-50988eb4e6e1  .children_owns_pets children  '_id' = a7d1922e-a188-42ce-958d-2e2e499270b4  .grand_children  .grand2_children  .grand3_children  .grand4_children '_id' = f084713a-8fc9-40e7-b97e-347ff15a5064 .grand4_children_owns_pets_child pets_child  '_id' = e5f3ae0f-9c49-4fc2-96c5-826255bb8f3b  .pets_grand_child  , limit: null
3000;1;users  .users_owns_pets pets  '_id' = 9ce60840-d2b3-430c-b75d-4b01e42bbc2c  .children_owns_pets children  '_id' = 8526fe93-129f-4605-bb80-2e6667f3f600  .grand_children  .grand2_children  .grand3_children  .grand4_children  .grand5_children '_id' = 88893a86-829f-4656-9965-4061d87759ef .grand5_children_owns_pets_child pets_child  '_id' = 0a7fa569-5072-4eae-be22-eac856400bcb  .pets_grand_child  , limit: null
3000;1;users '_id' = 0309e3a0-c840-48cc-835a-0309b6b61fd2 .users_owns_pets pets  '_id' = bf79174e-ee56-4560-b1c3-384397b90286  .pets_child '_id' = 4897e7f6-5b99-48b0-a1a5-984ed15c6f54 .children_owns_pets_child children  '_id' = 677b1297-1146-4bec-80b1-0273fa1d4033  .children_owns_pets_grand_child pets_grand_child  '_id' = 52bf4603-0863-4467-b432-b612312ec84c  , limit: null
3000;1;users '_id' = 35edd19b-50a3-4bd0-b189-77d08110aa90 .users_owns_pets pets  '_id' = 8f1055e1-1d5b-4fc1-a72e-13acadac03ed  .pets_child '_id' = f1a5c457-7144-4a82-9cfb-dc3772e47b4e .children_owns_pets_child children  '_id' = 882bbfd7-4975-4f60-8004-feeac7ede7a9  .grand_children  .grand_children_owns_pets_grand_child pets_grand_child  '_id' = c46715f9-8757-4669-a12a-aa5a54de10e3  , limit: null
3000;1;users  .users_owns_pets pets  '_id' = 7306e0b6-908f-49fb-b26f-37d895c13aa8  .pets_child '_id' = 05c38316-017c-421d-a7cd-32bac1b00e38 .children_owns_pets_child children  '_id' = 226f0c84-20eb-4cd3-ade4-9eb20068d692  .grand_children '_id' = 773ed237-45de-4943-8fb2-06c3af2d7c3a .grand2_children  .grand2_children_owns_pets_grand_child pets_grand_child  '_id' = fb14db35-a74a-42b2-840a-f70a4b58162c  , limit: null
3000;1;users  .users_owns_pets pets  '_id' = 24fbe6b2-1fdf-4d2c-9e72-8acd6d641f1f  .pets_child  .children_owns_pets_child children  '_id' = 92e3851a-2cee-411a-846e-88dcd1d10b8f  .grand_children  .grand2_children '_id' = aa2837c0-4bef-43d1-8d19-ae7218ad9dad .grand3_children  .grand3_children_owns_pets_grand_child pets_grand_child  '_id' = c9b8f10d-3f55-47f0-968e-e00ec75e2f6e  , limit: null
3000;1;users '_id' = 117920aa-7b83-4812-8e25-0e14fa839b53 .users_owns_pets pets  '_id' = f7a3d1a5-a924-4cfd-a4c5-d21c0f1d508f  .pets_child  .children_owns_pets_child children  '_id' = 8a84ae16-23d9-4d8c-b5ba-63a591b629f9  .grand_children  .grand2_children  .grand3_children  .grand4_children  .grand4_children_owns_pets_grand_child pets_grand_child  '_id' = 5b5db572-266c-4dad-a037-193908e6251d  , limit: null
3000;1;users  .users_owns_pets pets  '_id' = fdf6131f-d9b9-45e7-a903-519d02c0e2c0  .pets_child  .children_owns_pets_child children  '_id' = b029c648-8e65-44f2-a48c-1ab882bdc4c1  .grand_children  .grand2_children  .grand3_children  .grand4_children  .grand5_children '_id' = 1e412a65-2f68-4daa-8e96-b92b563123a1 .grand5_children_owns_pets_grand_child pets_grand_child  '_id' = adb99689-6242-4010-8d87-d8997e63511a  , limit: null
3000;1;users '_id' = 4e036e53-d082-44fd-9893-e274f3f58cb1 .children '_id' = fd621eb5-7093-4ef5-a986-623fc3083441 .children_owns_pets pets  '_id' = 7df41b74-5ab2-4fac-907a-a89525f31fc5  .grand_children_owns_pets grand_children  '_id' = 9ac74d81-7695-467b-9751-208e50283897  .grand_children_owns_pets_child pets_child  '_id' = 13b67c54-f2a5-426a-b706-435caccdb8b4  .pets_grand_child  , limit: null
3000;1;users '_id' = ab6d8309-43ca-4e42-a3bd-3587d73f8622 .children  .children_owns_pets pets  '_id' = 955f592c-abd7-48fd-9133-3d412f60fe7f  .grand_children_owns_pets grand_children  '_id' = cb56afcf-22c3-44c3-aee7-3969c95f1049  .grand2_children  .grand2_children_owns_pets_child pets_child  '_id' = 9a2f8aa1-2cf7-431e-a78a-e63316063e57  .pets_grand_child '_id' = 6ebd7368-f3e7-4bec-b843-72d405a30ef5 , limit: null
3000;1;users  .children '_id' = 062b13dd-222f-4d42-b404-24c3f5843e89 .children_owns_pets pets  '_id' = 8b6304c9-15ee-4a4d-a0a8-3e6c19349b41  .grand_children_owns_pets grand_children  '_id' = 42fdeae7-8a45-4e12-9fce-5742a0a159f0  .grand2_children  .grand3_children  .grand3_children_owns_pets_child pets_child  '_id' = f7a0cb4f-6a9d-4434-9d2e-dc218add2e06  .pets_grand_child  , limit: null
3000;1;users  .children  .children_owns_pets pets  '_id' = 226f2aa1-1e84-4310-bcc5-e6e111ca7151  .grand_children_owns_pets grand_children  '_id' = 13f9eb91-51e5-4443-aed4-6a2f743c267d  .grand2_children  .grand3_children  .grand4_children '_id' = 73b6906e-c3ba-49a6-9219-e64a72f5592e .grand4_children_owns_pets_child pets_child  '_id' = 9b937fc3-dfc5-4955-95dc-624dc21b96ae  .pets_grand_child  , limit: null
3000;1;users  .children  .children_owns_pets pets  '_id' = cc140e81-e718-4d52-81a1-55db88d5ebab  .grand_children_owns_pets grand_children  '_id' = 467a235f-0fe4-4aee-9d4b-b059599ff7d1  .grand2_children  .grand3_children  .grand4_children  .grand5_children '_id' = ad1de436-e8a4-4efa-84ae-d33ddfa13225 .grand5_children_owns_pets_child pets_child  '_id' = aafe6957-a0b0-4d38-86a2-cf7dfa083c58  .pets_grand_child  , limit: null
3000;1;users '_id' = db44492c-7437-4392-a175-ba81114993b7 .children  .children_owns_pets pets  '_id' = 3cf52642-6185-4750-9d5f-f5cb78213884  .pets_child '_id' = 4618befb-fe09-409b-a2f6-893bc5cdd647 .grand_children_owns_pets_child grand_children  '_id' = be1893c0-c354-45b6-85b4-2d58abb9e2c1  .grand_children_owns_pets_grand_child pets_grand_child  '_id' = 340657aa-daa7-42e3-aeeb-42843d1aaf40  , limit: null
3000;1;users '_id' = 6857f352-f8e8-4776-a1ca-9c1ed54ce255 .children '_id' = 413e1d83-7ba2-4f2d-a565-05b5888da1de .children_owns_pets pets  '_id' = 3be45629-15ae-4701-90fb-305dcd647153  .pets_child  .grand_children_owns_pets_child grand_children  '_id' = a2828b1e-224c-4656-bdac-8e97ffb06412  .grand2_children  .grand2_children_owns_pets_grand_child pets_grand_child  '_id' = 8671f130-42ec-410d-83c7-cba252e92274  , limit: null
3000;1;users  .children '_id' = 053b216f-cf0b-42b2-9522-fb6a03dca930 .children_owns_pets pets  '_id' = 2443406e-87a5-4e70-9382-a6b40502aec1  .pets_child  .grand_children_owns_pets_child grand_children  '_id' = 3324a87b-cd2b-46b4-95c0-fc757b41e9d2  .grand2_children  .grand3_children  .grand3_children_owns_pets_grand_child pets_grand_child  '_id' = a9942598-b0d7-47a4-98d8-1bf0d4f6cb21  , limit: null
3000;1;users  .children '_id' = 1a6b0ef0-f6c9-4b4e-b3fa-ce58fb013adf .children_owns_pets pets  '_id' = 485444b7-4fc7-4a05-a6d6-f566c0213e03  .pets_child  .grand_children_owns_pets_child grand_children  '_id' = ce8f1444-0dd6-4f77-9ec6-637c01d88ff3  .grand2_children  .grand3_children  .grand4_children  .grand4_children_owns_pets_grand_child pets_grand_child  '_id' = 377f7b0d-6837-4b72-939b-0a771c472538  , limit: null
3000;1;users '_id' = fbf0baef-69a7-4454-98d8-b2cb8df7ac69 .children  .children_owns_pets pets  '_id' = a53e348c-f3a3-41eb-9edb-dd373e6d4b21  .pets_child  .grand_children_owns_pets_child grand_children  '_id' = 9ac74d81-7695-467b-9751-208e50283897  .grand2_children  .grand3_children  .grand4_children  .grand5_children  .grand5_children_owns_pets_grand_child pets_grand_child  '_id' = 21b707c0-de45-42c5-97be-84f595497d30  , limit: null
3000;1;users '_id' = b4d1351a-9ec5-473b-8ba9-30319539ee5b .children  .grand_children '_id' = ad61a00c-17d4-444b-9db6-1b870420b2af .grand_children_owns_pets pets  '_id' = 639ec578-baca-478b-a02a-56ccdc62279b  .grand2_children_owns_pets grand2_children  '_id' = bf9622b8-834e-451c-8be9-4a49cb58a12e  .grand2_children_owns_pets_child pets_child  '_id' = 74a8151a-fc1d-435a-b165-d633e9355f48  .pets_grand_child  , limit: null
3000;1;users  .children  .grand_children  .grand_children_owns_pets pets  '_id' = b6e6f2ce-729b-458a-a65f-a06259c33cd4  .grand2_children_owns_pets grand2_children  '_id' = d3e83174-7a9f-460f-b1d9-e055d80ab6db  .grand3_children  .grand3_children_owns_pets_child pets_child  '_id' = c8ef390b-a6ed-4495-9eeb-bfb0c320ccb8  .pets_grand_child '_id' = 98e58d45-1eff-4fab-9c14-220fd47f016e , limit: null
3000;1;users  .children  .grand_children  .grand_children_owns_pets pets  '_id' = 430e0c85-e1bd-491b-a9b2-07fa2cc2f33e  .grand2_children_owns_pets grand2_children  '_id' = fbc2cecf-8adb-487c-b78a-d7e7e0c48044  .grand3_children '_id' = 0f87f0e1-ae2a-4cd6-8b1b-3d5298074306 .grand4_children  .grand4_children_owns_pets_child pets_child  '_id' = 6f25be9e-5440-457f-8891-b0761a098db3  .pets_grand_child  , limit: null
3000;1;users  .children '_id' = 8b787f04-6e74-4d1d-9f11-395ad350bbad .grand_children  .grand_children_owns_pets pets  '_id' = 7c9315d1-a0b2-4f83-b2ab-5ef9fe7efe9b  .grand2_children_owns_pets grand2_children  '_id' = 5ad12612-100f-49db-b2b1-28e552c288bd  .grand3_children  .grand4_children  .grand5_children  .grand5_children_owns_pets_child pets_child  '_id' = 245f3f2e-60e3-48e8-82e3-46009b0c60ab  .pets_grand_child  , limit: null
3000;1;users  .children  .grand_children '_id' = f9135d00-dbc3-4635-a2b2-b68d4995058f .grand_children_owns_pets pets  '_id' = 4ff7e9bc-aded-456b-b1ba-babdff8dc35a  .pets_child '_id' = c96c8658-3e55-4390-8116-8ca066f1eb46 .grand2_children_owns_pets_child grand2_children  '_id' = b0866e41-53f0-4e53-b61b-0c7865d19675  .grand2_children_owns_pets_grand_child pets_grand_child  '_id' = a1db69c7-b2fd-445f-b5d5-0ffcc2e8316d  , limit: null
3000;1;users  .children '_id' = dc2cd1fc-02d9-4a0e-945b-075c5303d6b5 .grand_children  .grand_children_owns_pets pets  '_id' = a856ab61-dc5b-4dff-b8a1-e42c4c3c87a3  .pets_child  .grand2_children_owns_pets_child grand2_children  '_id' = ad5a9b08-ab6a-469f-9904-12670c79e6e3  .grand3_children  .grand3_children_owns_pets_grand_child pets_grand_child  '_id' = aa3734ba-3bbc-41ee-9729-443210b34314  , limit: null
3000;1;users '_id' = fafd931d-3caa-43eb-94ad-e23e8c5ed487 .children  .grand_children  .grand_children_owns_pets pets  '_id' = c5e586e1-bb1a-4123-abd7-d99353382d09  .pets_child  .grand2_children_owns_pets_child grand2_children  '_id' = c1cf277a-5816-4009-8349-d0e035181a49  .grand3_children  .grand4_children  .grand4_children_owns_pets_grand_child pets_grand_child  '_id' = 23b6a0fd-6ecd-4939-95bf-f3e83380f774  , limit: null
3000;1;users  .children '_id' = cd353b5f-3d10-4b05-a7d0-2f03757982b1 .grand_children  .grand_children_owns_pets pets  '_id' = f315e055-786a-4e68-a32d-f84cd37c5719  .pets_child  .grand2_children_owns_pets_child grand2_children  '_id' = 0049ce77-898b-4c5e-be20-893afcf7104c  .grand3_children  .grand4_children  .grand5_children  .grand5_children_owns_pets_grand_child pets_grand_child  '_id' = 1810ba07-cd29-496a-aa53-6869a3e10e5a  , limit: null
3000;1;users '_id' = 6f475c32-1a61-42e2-90e2-89f5fe2ee4b9 .children  .grand_children  .grand2_children  .grand2_children_owns_pets pets  '_id' = ffde566d-62c3-48f0-b24e-6c8938bf2961  .grand3_children_owns_pets grand3_children  '_id' = 529ec185-466f-4c52-a924-79651c4d6465  .grand3_children_owns_pets_child pets_child  '_id' = 624ed4a3-7d2b-485e-8420-9ab30d453363  .pets_grand_child  , limit: null
3000;1;users  .children '_id' = 83a5628c-5f95-49cc-b622-266709242f2e .grand_children  .grand2_children  .grand2_children_owns_pets pets  '_id' = a8810699-5730-4c7b-aaf9-aebc188f1bf3  .grand3_children_owns_pets grand3_children  '_id' = 8025af24-cc28-44ca-ac70-cfd65fdc2fbc  .grand4_children  .grand4_children_owns_pets_child pets_child  '_id' = 335863ec-2b8d-4fc9-98ca-6b7c0f42a73a  .pets_grand_child  , limit: null
3000;1;users  .children  .grand_children  .grand2_children  .grand2_children_owns_pets pets  '_id' = 55cefa2b-e2ce-4306-b8c0-3227bb1d3bc4  .grand3_children_owns_pets grand3_children  '_id' = f9d8daa2-4477-4ca6-b855-1c821298b1e8  .grand4_children  .grand5_children '_id' = 002465d2-b83c-45bd-ae68-82d033643985 .grand5_children_owns_pets_child pets_child  '_id' = 0e607bdd-c250-4836-982a-73d6df04ae67  .pets_grand_child  , limit: null
3000;1;users  .children  .grand_children  .grand2_children '_id' = 54563365-f76b-4903-abab-83bc667951de .grand2_children_owns_pets pets  '_id' = 4683fe8e-1d32-40ab-a605-5d5e7552d20d  .pets_child  .grand3_children_owns_pets_child grand3_children  '_id' = 3c5005b9-bf8f-4e9a-8105-f38626af1e4c  .grand3_children_owns_pets_grand_child pets_grand_child  '_id' = c45cc1fb-5c72-4777-a80a-969514387353  , limit: null
3000;1;users  .children  .grand_children  .grand2_children '_id' = e5a18c05-2a4c-41a8-b82a-2d3d4fdcbb68 .grand2_children_owns_pets pets  '_id' = d4d34a34-c1b5-4c73-ac21-3e6a3d4dfc11  .pets_child  .grand3_children_owns_pets_child grand3_children  '_id' = de1e082e-1e3f-4c6f-86f6-c2a4f5f35a81  .grand4_children  .grand4_children_owns_pets_grand_child pets_grand_child  '_id' = a42191db-e5a7-48b2-8880-3420e0b6ae43  , limit: null
3000;1;users  .children  .grand_children '_id' = 05beacaf-373e-49db-8833-d25d41ce1cb5 .grand2_children  .grand2_children_owns_pets pets  '_id' = 863c673c-8679-453b-9102-6b65e8f2e2c0  .pets_child  .grand3_children_owns_pets_child grand3_children  '_id' = ec26d04b-b7d5-4d01-8f5f-3fdd383c198b  .grand4_children  .grand5_children  .grand5_children_owns_pets_grand_child pets_grand_child  '_id' = ac8a511f-802b-4c27-81e8-952c5ffdd329  , limit: null
3000;1;users  .children  .grand_children  .grand2_children '_id' = a59c4bdb-8cd7-41ad-917d-567705ebbfd1 .grand3_children  .grand3_children_owns_pets pets  '_id' = cca5c3ba-59c2-4b03-baa6-e043e589260c  .grand4_children_owns_pets grand4_children  '_id' = 2d7e78f0-adbf-48b3-97bf-c5ddba007bb2  .grand4_children_owns_pets_child pets_child  '_id' = 1ab473ac-832f-4400-ac54-a51c133f4828  .pets_grand_child  , limit: null
3000;1;users  .children  .grand_children  .grand2_children  .grand3_children  .grand3_children_owns_pets pets  '_id' = c1282c9b-d4ab-4f30-8573-e78e2f0bf91c  .grand4_children_owns_pets grand4_children  '_id' = 4b9d4d38-8092-480b-8c78-2388bf81328b  .grand5_children  .grand5_children_owns_pets_child pets_child  '_id' = c5c53918-87d9-45f0-8374-2bce4366da3e  .pets_grand_child '_id' = b3f60f27-1ac0-4ca1-8395-e8f6fe87ff6a , limit: null
3000;1;users  .children  .grand_children  .grand2_children  .grand3_children '_id' = c2944450-4941-49b3-90c6-493601490ae8 .grand3_children_owns_pets pets  '_id' = 0d70e836-ac3c-4081-a10c-911b3d553b66  .pets_child  .grand4_children_owns_pets_child grand4_children  '_id' = 1ae04479-fa13-404a-96a7-8fb611a595eb  .grand4_children_owns_pets_grand_child pets_grand_child  '_id' = e2a16cec-8624-4f17-be51-a083dbd94b6a  , limit: null
3000;1;users  .children  .grand_children  .grand2_children  .grand3_children '_id' = 4532ba87-735d-4417-a14a-0ae3b9383d31 .grand3_children_owns_pets pets  '_id' = b200db8b-f720-499f-837a-6437ef667332  .pets_child  .grand4_children_owns_pets_child grand4_children  '_id' = dbf310aa-dae8-4ad7-9bf0-0caad23230bf  .grand5_children  .grand5_children_owns_pets_grand_child pets_grand_child  '_id' = 89fc2348-ae0c-4dd0-99c7-2a2363917de3  , limit: null
3000;1;users  .children  .grand_children '_id' = 3177e637-6275-41de-9d2c-3916266d5b44 .grand2_children  .grand3_children  .grand4_children  .grand4_children_owns_pets pets  '_id' = 69f95364-6b98-4bda-beca-402776070879  .grand5_children_owns_pets grand5_children  '_id' = a936ef1f-430e-41e7-ad96-39301950a402  .grand5_children_owns_pets_child pets_child  '_id' = e7396767-c7e8-4d67-8907-13c1e94fa139  .pets_grand_child  , limit: null
3000;1;users  .children  .grand_children  .grand2_children  .grand3_children '_id' = 688d0bc8-abb7-435c-928b-499964ba4931 .grand4_children  .grand4_children_owns_pets pets  '_id' = c3b95c11-e898-4ca1-bc77-e0bdf24f5494  .pets_child  .grand5_children_owns_pets_child grand5_children  '_id' = ee138eb3-19ab-4e83-8704-a96a474c69b2  .grand5_children_owns_pets_grand_child pets_grand_child  '_id' = a3db3511-ec6a-44bb-865b-50987ac9a8dd  , limit: null
3000;19;users '_id' in [, , , , , , , , , , , , , , , , , , , , , , , , , , , , , , , , , , , , , ] , limit: null
3000;13;users '_id' in [, , , , , , , , , , , , , , , , , , , , , , , , , , , , , , , , , , , ] .children '_id' in [, , , , , , , , , , , , , , , , , , , , , , , , , , , , , , , , , , , , , ] , limit: null
3000;11;users '_id' in [, , , , , , , , , , , , , , , , , , , , , , , , , , , , , , , , , , , ] .children  .grand_children '_id' in [, , , , , , , , , , , , , , , , , , , , , , , , , , , , , , , , , ] , limit: null
3000;9;users '_id' in [, , , , , , , , , , , , , , , , , , , , , , , , , , , , , , , , , , , ] .children  .grand_children '_id' in [, , , , , , , , , , , , , , , , , , , , , , , , , , , , , , , , , ] .grand2_children  , limit: null
3000;18;users  .children  .grand_children  .grand2_children '_id' in [, , , , , , , , , , , , , , , , , , , , , , , , , , , , , , , , , , , ] .grand3_children  , limit: null
3000;18;users  .children  .grand_children '_id' in [, , , , , , , , , , , , , , , , , , , , , , , , , , , , , , , , , , , ] .grand2_children  .grand3_children  .grand4_children  , limit: null
3000;18;users  .children '_id' in [, , , , , , , , , , , , , , , , , , , , , , , , , , , , , , , , , , , ] .grand_children  .grand2_children  .grand3_children  .grand4_children  .grand5_children  , limit: null
3000;19;users '_id' in [, , , , , , , , , , , , , , , , , , , , , , , , , , , , , , , , , , , , , ] .users_owns_pets pets    , limit: null
3000;9;users '_id' in [, , , , , , , , , , , , , , , , , , , , , , , , , , , , , , , , , , , ] .users_owns_pets pets  '_id' in [, , , , , , , , , , , , , , , , , , , , , , , , , , , , , , , , , , , ]  .pets_child '_id' in [, , , , , , , , , , , , , , , , , , , , , , , , , , , , , , , , , , , , , ] , limit: null
3000;10;users '_id' in [, , , , , , , , , , , , , , , , , , , , , , , , , , , , , , , , , , , , , ] .users_owns_pets pets  '_id' in [, , , , , , , , , , , , , , , , , , , , , , , , , , , , , , , , , , , , , ]  .pets_child  .pets_grand_child '_id' in [, , , , , , , , , , , , , , , , , , , , , , , , , , , , , , , , , , , ] , limit: null
3000;6;users '_id' in [, , , , , , , , , , , , , , , , , , , , , , , , , , , , , , , , , , , ] .children '_id' in [, , , , , , , , , , , , , , , , , , , , , , , , , , , , , , , , , , , ] .children_owns_pets pets  '_id' in [, , , , , , , , , , , , , , , , , , , , , , , , , , , , , , , , , , , , , ]  , limit: null
3000;12;users '_id' in [, , , , , , , , , , , , , , , , , , , , , , , , , , , , , , , , , , , , , ] .children  .children_owns_pets pets    .pets_child '_id' in [, , , , , , , , , , , , , , , , , , , , , , , , , , , , , , , , , , , , , ] , limit: null
3000;14;users '_id' in [, , , , , , , , , , , , , , , , , , , , , , , , , , , , , , , , , , , , , ] .children  .children_owns_pets pets    .pets_child '_id' in [, , , , , , , , , , , , , , , , , , , , , , , , , , , , , , , , , , , , , ] .pets_grand_child  , limit: null
3000;5;users  .children '_id' in [, , , , , , , , , , , , , , , , , , , , , , , , , , , , , , , , , , , , , ] .grand_children '_id' in [, , , , , , , , , , , , , , , , , , , , , , , , , , , , , , , , , , , ] .grand_children_owns_pets pets  '_id' in [, , , , , , , , , , , , , , , , , , , , , , , , , , , , , , , , , , , ]  , limit: null
3000;10;users '_id' in [, , , , , , , , , , , , , , , , , , , , , , , , , , , , , , , , , , , , , ] .children '_id' in [, , , , , , , , , , , , , , , , , , , , , , , , , , , , , , , , , , , , , ] .grand_children  .grand_children_owns_pets pets  '_id' in [, , , , , , , , , , , , , , , , , , , , , , , , , , , , , , , , , , , ]  .pets_child  , limit: null
3000;11;users '_id' in [, , , , , , , , , , , , , , , , , , , , , , , , , , , , , , , , , , , , , ] .children  .grand_children  .grand_children_owns_pets pets  '_id' in [, , , , , , , , , , , , , , , , , , , , , , , , , , , , , , , , , , , ]  .pets_child  .pets_grand_child  , limit: null
3000;6;users '_id' in [, , , , , , , , , , , , , , , , , , , , , , , , , , , , , , , , , , , ] .children  .grand_children  .grand2_children '_id' in [, , , , , , , , , , , , , , , , , , , , , , , , , , , , , , , , , , , ] .grand2_children_owns_pets pets  '_id' in [, , , , , , , , , , , , , , , , , , , , , , , , , , , , , , , , , , , ]  , limit: null
3000;18;users  .children  .grand_children  .grand2_children  .grand2_children_owns_pets pets    .pets_child '_id' in [, , , , , , , , , , , , , , , , , , , , , , , , , , , , , , , , , , , ] , limit: null
3000;12;users  .children  .grand_children '_id' in [, , , , , , , , , , , , , , , , , , , , , , , , , , , , , , , , , ] .grand2_children  .grand2_children_owns_pets pets  '_id' in [, , , , , , , , , , , , , , , , , , , , , , , , , , , , , , , , , , , ]  .pets_child  .pets_grand_child  , limit: null
3000;12;users  .children '_id' in [, , , , , , , , , , , , , , , , , , , , , , , , , , , , , , , , , , , ] .grand_children  .grand2_children  .grand3_children  .grand3_children_owns_pets pets  '_id' in [, , , , , , , , , , , , , , , , , , , , , , , , , , , , , , , , , , , ]  , limit: null
3000;11;users  .children  .grand_children  .grand2_children  .grand3_children  .grand3_children_owns_pets pets  '_id' in [, , , , , , , , , , , , , , , , , , , , , , , , , , , , , , , , , , , ]  .pets_child '_id' in [, , , , , , , , , , , , , , , , , , , , , , , , , , , , , , , , , , , ] , limit: null
3000;12;users  .children  .grand_children  .grand2_children '_id' in [, , , , , , , , , , , , , , , , , , , , , , , , , , , , , , , , , , , , , ] .grand3_children  .grand3_children_owns_pets pets  '_id' in [, , , , , , , , , , , , , , , , , , , , , , , , , , , , , , , , , , , ]  .pets_child  .pets_grand_child  , limit: null
3000;9;users  .children '_id' in [, , , , , , , , , , , , , , , , , , , , , , , , , , , , , , , , , ] .grand_children  .grand2_children  .grand3_children  .grand4_children  .grand4_children_owns_pets pets  '_id' in [, , , , , , , , , , , , , , , , , , , , , , , , , , , , , , , ]  , limit: null
3000;17;users  .children  .grand_children  .grand2_children  .grand3_children '_id' in [, , , , , , , , , , , , , , , , , , , , , , , , , , , , , , , , , ] .grand4_children  .grand4_children_owns_pets pets    .pets_child  , limit: null
3000;13;users  .children  .grand_children  .grand2_children  .grand3_children  .grand4_children  .grand4_children_owns_pets pets  '_id' in [, , , , , , , , , , , , , , , , , , , , , , , , , , , , , , , , , , , , , ]  .pets_child '_id' in [, , , , , , , , , , , , , , , , , , , , , , , , , , , , , , , , , , , , , ] .pets_grand_child  , limit: null
3000;12;users  .children  .grand_children '_id' in [, , , , , , , , , , , , , , , , , , , , , , , , , , , , , , , , , , , , , ] .grand2_children  .grand3_children  .grand4_children  .grand5_children  .grand5_children_owns_pets pets  '_id' in [, , , , , , , , , , , , , , , , , , , , , , , , , , , , , , , , , , , ]  , limit: null
3000;18;users  .children '_id' in [, , , , , , , , , , , , , , , , , , , , , , , , , , , , , , , , , , , ] .grand_children  .grand2_children  .grand3_children  .grand4_children  .grand5_children  .grand5_children_owns_pets pets    .pets_child  , limit: null
3000;10;users  .children  .grand_children '_id' in [, , , , , , , , , , , , , , , , , , , , , , , , , , , , , , , , , , , ] .grand2_children  .grand3_children  .grand4_children  .grand5_children  .grand5_children_owns_pets pets  '_id' in [, , , , , , , , , , , , , , , , , , , , , , , , , , , , , , , , , , , ]  .pets_child  .pets_grand_child  , limit: null
3000;19;pets '_id' in [, , , , , , , , , , , , , , , , , , , , , , , , , , , , , , , , , , , , , ] .users_owns_pets users    , limit: null
3000;10;pets '_id' in [, , , , , , , , , , , , , , , , , , , , , , , , , , , , , , , , , , , ] .pets_child '_id' in [, , , , , , , , , , , , , , , , , , , , , , , , , , , , , , , , , , , ] .users_owns_pets_child users    , limit: null
3000;12;pets '_id' in [, , , , , , , , , , , , , , , , , , , , , , , , , , , , , , , , , ] .pets_child  .pets_grand_child '_id' in [, , , , , , , , , , , , , , , , , , , , , , , , , , , , , , , , , ] .users_owns_pets_grand_child users    , limit: null
3000;11;pets '_id' in [, , , , , , , , , , , , , , , , , , , , , , , , , , , , , , , , , , , ] .users_owns_pets users    .children '_id' in [, , , , , , , , , , , , , , , , , , , , , , , , , , , , , , , , , , , ] , limit: null
3000;12;pets '_id' in [, , , , , , , , , , , , , , , , , , , , , , , , , , , , , , , , , , , , , ] .pets_child '_id' in [, , , , , , , , , , , , , , , , , , , , , , , , , , , , , , , , , , , ] .users_owns_pets_child users    .children  , limit: null
3000;11;pets  .pets_child  .pets_grand_child '_id' in [, , , , , , , , , , , , , , , , , , , , , , , , , , , , , , , , , , , , , ] .users_owns_pets_grand_child users    .children '_id' in [, , , , , , , , , , , , , , , , , , , , , , , , , , , , , , , , , , , , , ] , limit: null
3000;11;pets  .users_owns_pets users    .children '_id' in [, , , , , , , , , , , , , , , , , , , , , , , , , , , , , , , , , , , , , ] .grand_children '_id' in [, , , , , , , , , , , , , , , , , , , , , , , , , , , , , , , , , , , ] , limit: null
3000;11;pets  .pets_child '_id' in [, , , , , , , , , , , , , , , , , , , , , , , , , , , , , , , , , , , , , ] .users_owns_pets_child users    .children  .grand_children '_id' in [, , , , , , , , , , , , , , , , , , , , , , , , , , , , , , , , , , , , , ] , limit: null
3000;13;pets '_id' in [, , , , , , , , , , , , , , , , , , , , , , , , , , , , , , , , , , , ] .pets_child  .pets_grand_child  .users_owns_pets_grand_child users  '_id' in [, , , , , , , , , , , , , , , , , , , , , , , , , , , , , , , , , , , ]  .children  .grand_children  , limit: null
3000;8;pets '_id' in [, , , , , , , , , , , , , , , , , , , , , , , , , , , , , , , , , , , ] .users_owns_pets users  '_id' in [, , , , , , , , , , , , , , , , , , , , , , , , , , , , , , , , , , , , , ]  .children  .grand_children '_id' in [, , , , , , , , , , , , , , , , , , , , , , , , , , , , , , , , , , , , , ] .grand2_children  , limit: null
3000;12;pets '_id' in [, , , , , , , , , , , , , , , , , , , , , , , , , , , , , , , , , , , , , ] .pets_child  .users_owns_pets_child users  '_id' in [, , , , , , , , , , , , , , , , , , , , , , , , , , , , , , , , , , , ]  .children  .grand_children  .grand2_children  , limit: null
3000;19;pets  .pets_child  .pets_grand_child  .users_owns_pets_grand_child users    .children  .grand_children  .grand2_children '_id' in [, , , , , , , , , , , , , , , , , , , , , , , , , , , , , , , , , , , , , ] , limit: null
3000;12;pets  .users_owns_pets users  '_id' in [, , , , , , , , , , , , , , , , , , , , , , , , , , , , , , , , , , , , , ]  .children  .grand_children  .grand2_children  .grand3_children '_id' in [, , , , , , , , , , , , , , , , , , , , , , , , , , , , , , , , , , , ] , limit: null
3000;19;pets  .pets_child  .users_owns_pets_child users    .children '_id' in [, , , , , , , , , , , , , , , , , , , , , , , , , , , , , , , , , , , , , ] .grand_children  .grand2_children  .grand3_children  , limit: null
3000;11;pets  .pets_child  .pets_grand_child '_id' in [, , , , , , , , , , , , , , , , , , , , , , , , , , , , , , , , , , , , , ] .users_owns_pets_grand_child users  '_id' in [, , , , , , , , , , , , , , , , , , , , , , , , , , , , , , , , , , , , , ]  .children  .grand_children  .grand2_children  .grand3_children  , limit: null
3000;8;pets '_id' in [, , , , , , , , , , , , , , , , , , , , , , , , , , , , , , , , , , , , , ] .users_owns_pets users  '_id' in [, , , , , , , , , , , , , , , , , , , , , , , , , , , , , , , , , , , ]  .children  .grand_children  .grand2_children  .grand3_children  .grand4_children  , limit: null
3000;19;pets  .pets_child  .users_owns_pets_child users    .children  .grand_children  .grand2_children  .grand3_children  .grand4_children '_id' in [, , , , , , , , , , , , , , , , , , , , , , , , , , , , , , , , , , , , , ] , limit: null
3000;11;pets  .pets_child  .pets_grand_child  .users_owns_pets_grand_child users  '_id' in [, , , , , , , , , , , , , , , , , , , , , , , , , , , , , , , , , , , , , ]  .children  .grand_children '_id' in [, , , , , , , , , , , , , , , , , , , , , , , , , , , , , , , , , , , , , ] .grand2_children  .grand3_children  .grand4_children  , limit: null
3000;10;pets  .users_owns_pets users  '_id' in [, , , , , , , , , , , , , , , , , , , , , , , , , , , , , , , , , ]  .children  .grand_children  .grand2_children '_id' in [, , , , , , , , , , , , , , , , , , , , , , , , , , , , , , , , , ] .grand3_children  .grand4_children  .grand5_children  , limit: null
3000;11;pets  .pets_child  .users_owns_pets_child users  '_id' in [, , , , , , , , , , , , , , , , , , , , , , , , , , , , , , , , , , , ]  .children '_id' in [, , , , , , , , , , , , , , , , , , , , , , , , , , , , , , , , , , , ] .grand_children  .grand2_children  .grand3_children  .grand4_children  .grand5_children  , limit: null
3000;18;pets  .pets_child  .pets_grand_child '_id' in [, , , , , , , , , , , , , , , , , , , , , , , , , , , , , , , , , , , ] .users_owns_pets_grand_child users    .children  .grand_children  .grand2_children  .grand3_children  .grand4_children  .grand5_children  , limit: null
3000;7;users '_id' in [, , , , , , , , , , , , , , , , , , , , , , , , , , , , , , , , , , , ] .users_owns_pets pets  '_id' in [, , , , , , , , , , , , , , , , , , , , , , , , , , , , , , , , , , , ]  .children_owns_pets children  '_id' in [, , , , , , , , , , , , , , , , , , , , , , , , , , , , , , , , , , , ]  , limit: null
3000;7;users '_id' in [, , , , , , , , , , , , , , , , , , , , , , , , , , , , , , , , , , , ] .users_owns_pets pets  '_id' in [, , , , , , , , , , , , , , , , , , , , , , , , , , , , , , , , , , , ]  .children_owns_pets children  '_id' in [, , , , , , , , , , , , , , , , , , , , , , , , , , , , , , , , , , , ]  , limit: null
3000;4;users '_id' in [, , , , , , , , , , , , , , , , , , , , , , , , , , , , , , , , , , , ] .users_owns_pets pets  '_id' in [, , , , , , , , , , , , , , , , , , , , , , , , , , , , , , , , , , , ]  .children_owns_pets children  '_id' in [, , , , , , , , , , , , , , , , , , , , , , , , , , , , , , , , , , , ]  .grand_children '_id' in [, , , , , , , , , , , , , , , , , , , , , , , , , , , , , , , , , , , , , ] , limit: null
3000;4;users '_id' in [, , , , , , , , , , , , , , , , , , , , , , , , , , , , , , , , , , , ] .users_owns_pets pets  '_id' in [, , , , , , , , , , , , , , , , , , , , , , , , , , , , , , , , , , , , , ]  .children_owns_pets children  '_id' in [, , , , , , , , , , , , , , , , , , , , , , , , , , , , , , , , , , , ]  .grand_children '_id' in [, , , , , , , , , , , , , , , , , , , , , , , , , , , , , , , , , , , ] .grand2_children  , limit: null
3000;3;users '_id' in [, , , , , , , , , , , , , , , , , , , , , , , , , , , , , , , , , , , , , ] .users_owns_pets pets  '_id' in [, , , , , , , , , , , , , , , , , , , , , , , , , , , , , , , , , , , ]  .children_owns_pets children  '_id' in [, , , , , , , , , , , , , , , , , , , , , , , , , , , , , , , , , , , , , ]  .grand_children  .grand2_children  .grand3_children '_id' in [, , , , , , , , , , , , , , , , , , , , , , , , , , , , , , , , , , , ] , limit: null
3000;9;users  .users_owns_pets pets  '_id' in [, , , , , , , , , , , , , , , , , , , , , , , , , , , , , , , , , , , , , ]  .children_owns_pets children  '_id' in [, , , , , , , , , , , , , , , , , , , , , , , , , , , , , , , , , , , ]  .grand_children  .grand2_children  .grand3_children  .grand4_children '_id' in [, , , , , , , , , , , , , , , , , , , , , , , , , , , , , , , , , , , ] , limit: null
3000;8;users  .users_owns_pets pets  '_id' in [, , , , , , , , , , , , , , , , , , , , , , , , , , , , , , , , , , , ]  .children_owns_pets children  '_id' in [, , , , , , , , , , , , , , , , , , , , , , , , , , , , , , , , , , , , , ]  .grand_children  .grand2_children '_id' in [, , , , , , , , , , , , , , , , , , , , , , , , , , , , , , , , , , , , , ] .grand3_children  .grand4_children  .grand5_children  , limit: null
3000;3;users '_id' in [, , , , , , , , , , , , , , , , , , , , , , , , , , , , , , , , , , , , , ] .users_owns_pets pets  '_id' in [, , , , , , , , , , , , , , , , , , , , , , , , , , , , , , , , , , , ]  .pets_child '_id' in [, , , , , , , , , , , , , , , , , , , , , , , , , , , , , , , , , , , , , ] .children_owns_pets_child children  '_id' in [, , , , , , , , , , , , , , , , , , , , , , , , , , , , , , , , , , , , , ]  , limit: null
3000;4;users '_id' in [, , , , , , , , , , , , , , , , , , , , , , , , , , , , , , , , , , , ] .users_owns_pets pets  '_id' in [, , , , , , , , , , , , , , , , , , , , , , , , , , , , , , , , , , , , , ]  .pets_child '_id' in [, , , , , , , , , , , , , , , , , , , , , , , , , , , , , , , , , , , , , ] .children_owns_pets_child children  '_id' in [, , , , , , , , , , , , , , , , , , , , , , , , , , , , , , , , , , , ]  , limit: null
3000;4;users '_id' in [, , , , , , , , , , , , , , , , , , , , , , , , , , , , , , , , , , , ] .users_owns_pets pets  '_id' in [, , , , , , , , , , , , , , , , , , , , , , , , , , , , , , , , , , , ]  .pets_child  .children_owns_pets_child children  '_id' in [, , , , , , , , , , , , , , , , , , , , , , , , , , , , , , , , , , , ]  .grand_children '_id' in [, , , , , , , , , , , , , , , , , , , , , , , , , , , , , , , , , , , , , ] , limit: null
3000;4;users  .users_owns_pets pets  '_id' in [, , , , , , , , , , , , , , , , , , , , , , , , , , , , , , , , , , , , , ]  .pets_child  .children_owns_pets_child children  '_id' in [, , , , , , , , , , , , , , , , , , , , , , , , , , , , , , , , , , , , , ]  .grand_children '_id' in [, , , , , , , , , , , , , , , , , , , , , , , , , , , , , , , , , , , ] .grand2_children '_id' in [, , , , , , , , , , , , , , , , , , , , , , , , , , , , , , , , , , , ] , limit: null
3000;8;users  .users_owns_pets pets  '_id' in [, , , , , , , , , , , , , , , , , , , , , , , , , , , , , , , , , , , , , ]  .pets_child  .children_owns_pets_child children  '_id' in [, , , , , , , , , , , , , , , , , , , , , , , , , , , , , , , , , , , , , ]  .grand_children '_id' in [, , , , , , , , , , , , , , , , , , , , , , , , , , , , , , , , , , , ] .grand2_children  .grand3_children  , limit: null
3000;6;users  .users_owns_pets pets  '_id' in [, , , , , , , , , , , , , , , , , , , , , , , , , , , , , , , , , , , ]  .pets_child  .children_owns_pets_child children  '_id' in [, , , , , , , , , , , , , , , , , , , , , , , , , , , , , , , , , , , , , ]  .grand_children  .grand2_children  .grand3_children  .grand4_children '_id' in [, , , , , , , , , , , , , , , , , , , , , , , , , , , , , , , , , , , , , ] , limit: null
3000;9;users  .users_owns_pets pets  '_id' in [, , , , , , , , , , , , , , , , , , , , , , , , , , , , , , , , , , , ]  .pets_child '_id' in [, , , , , , , , , , , , , , , , , , , , , , , , , , , , , , , , , , , ] .children_owns_pets_child children  '_id' in [, , , , , , , , , , , , , , , , , , , , , , , , , , , , , , , , , , , , , ]  .grand_children  .grand2_children  .grand3_children  .grand4_children  .grand5_children  , limit: null
3000;7;users  .users_owns_pets pets  '_id' in [, , , , , , , , , , , , , , , , , , , , , , , , , , , , , , , , , , , ]  .pets_child '_id' in [, , , , , , , , , , , , , , , , , , , , , , , , , , , , , , , , , , , ] .pets_grand_child '_id' in [, , , , , , , , , , , , , , , , , , , , , , , , , , , , , , , , , , , ] .children_owns_pets_grand_child children  '_id' in [, , , , , , , , , , , , , , , , , , , , , , , , , , , , , , , , , ]  , limit: null
3000;7;users '_id' in [, , , , , , , , , , , , , , , , , , , , , , , , , , , , , , , , , , , , , ] .users_owns_pets pets  '_id' in [, , , , , , , , , , , , , , , , , , , , , , , , , , , , , , , , , , , , , ]  .pets_child '_id' in [, , , , , , , , , , , , , , , , , , , , , , , , , , , , , , , , , , , , , ] .pets_grand_child  .children_owns_pets_grand_child children  '_id' in [, , , , , , , , , , , , , , , , , , , , , , , , , , , , , , , , , , , ]  , limit: null
3000;3;users '_id' in [, , , , , , , , , , , , , , , , , , , , , , , , , , , , , , , , , , , , , ] .users_owns_pets pets  '_id' in [, , , , , , , , , , , , , , , , , , , , , , , , , , , , , , , , , , , ]  .pets_child  .pets_grand_child '_id' in [, , , , , , , , , , , , , , , , , , , , , , , , , , , , , , , , , , , ] .children_owns_pets_grand_child children  '_id' in [, , , , , , , , , , , , , , , , , , , , , , , , , , , , , , , , , , , ]  .grand_children  , limit: null
3000;6;users '_id' in [, , , , , , , , , , , , , , , , , , , , , , , , , , , , , , , , , , , , , ] .users_owns_pets pets  '_id' in [, , , , , , , , , , , , , , , , , , , , , , , , , , , , , , , , , , , ]  .pets_child  .pets_grand_child  .children_owns_pets_grand_child children  '_id' in [, , , , , , , , , , , , , , , , , , , , , , , , , , , , , , , , , , , , , ]  .grand_children  .grand2_children  , limit: null
3000;9;users  .users_owns_pets pets  '_id' in [, , , , , , , , , , , , , , , , , , , , , , , , , , , , , , , , , , , ]  .pets_child  .pets_grand_child  .children_owns_pets_grand_child children  '_id' in [, , , , , , , , , , , , , , , , , , , , , , , , , , , , , , , , , ]  .grand_children '_id' in [, , , , , , , , , , , , , , , , , , , , , , , , , , , , , , , , , ] .grand2_children  .grand3_children  , limit: null
3000;8;users  .users_owns_pets pets  '_id' in [, , , , , , , , , , , , , , , , , , , , , , , , , , , , , , , , , , , ]  .pets_child  .pets_grand_child  .children_owns_pets_grand_child children  '_id' in [, , , , , , , , , , , , , , , , , , , , , , , , , , , , , , , , , , , ]  .grand_children  .grand2_children  .grand3_children  .grand4_children '_id' in [, , , , , , , , , , , , , , , , , , , , , , , , , , , , , , , , , , , ] , limit: null
3000;8;users  .users_owns_pets pets  '_id' in [, , , , , , , , , , , , , , , , , , , , , , , , , , , , , , , , , , , , , ]  .pets_child  .pets_grand_child  .children_owns_pets_grand_child children  '_id' in [, , , , , , , , , , , , , , , , , , , , , , , , , , , , , , , , , , , , , ]  .grand_children  .grand2_children '_id' in [, , , , , , , , , , , , , , , , , , , , , , , , , , , , , , , , , , , , , ] .grand3_children  .grand4_children  .grand5_children  , limit: null
3000;2;users '_id' in [, , , , , , , , , , , , , , , , , , , , , , , , , , , , , , , , , , , ] .children '_id' in [, , , , , , , , , , , , , , , , , , , , , , , , , , , , , , , , , , , ] .children_owns_pets pets  '_id' in [, , , , , , , , , , , , , , , , , , , , , , , , , , , , , , , , , , , ]  .grand_children_owns_pets grand_children  '_id' in [, , , , , , , , , , , , , , , , , , , , , , , , , , , , , , , , , , , , , ]  , limit: null
3000;4;users '_id' in [, , , , , , , , , , , , , , , , , , , , , , , , , , , , , , , , , , , ] .children '_id' in [, , , , , , , , , , , , , , , , , , , , , , , , , , , , , , , , , , , , , ] .children_owns_pets pets  '_id' in [, , , , , , , , , , , , , , , , , , , , , , , , , , , , , , , , , , , ]  .grand_children_owns_pets grand_children  '_id' in [, , , , , , , , , , , , , , , , , , , , , , , , , , , , , , , , , , , , , ]  , limit: null
3000;5;users '_id' in [, , , , , , , , , , , , , , , , , , , , , , , , , , , , , , , , , , , , , ] .children '_id' in [, , , , , , , , , , , , , , , , , , , , , , , , , , , , , , , , , , , , , ] .children_owns_pets pets  '_id' in [, , , , , , , , , , , , , , , , , , , , , , , , , , , , , , , , , , , ]  .grand_children_owns_pets grand_children  '_id' in [, , , , , , , , , , , , , , , , , , , , , , , , , , , , , , , , , , , , , ]  , limit: null
3000;3;users '_id' in [, , , , , , , , , , , , , , , , , , , , , , , , , , , , , , , , , , , ] .children '_id' in [, , , , , , , , , , , , , , , , , , , , , , , , , , , , , , , , , , , ] .children_owns_pets pets  '_id' in [, , , , , , , , , , , , , , , , , , , , , , , , , , , , , , , , , , , ]  .grand_children_owns_pets grand_children  '_id' in [, , , , , , , , , , , , , , , , , , , , , , , , , , , , , , , , , , , ]  .grand2_children  , limit: null
3000;8;users '_id' in [, , , , , , , , , , , , , , , , , , , , , , , , , , , , , , , , , , , ] .children  .children_owns_pets pets  '_id' in [, , , , , , , , , , , , , , , , , , , , , , , , , , , , , , , , , , , ]  .grand_children_owns_pets grand_children  '_id' in [, , , , , , , , , , , , , , , , , , , , , , , , , , , , , , , , , ]  .grand2_children '_id' in [, , , , , , , , , , , , , , , , , , , , , , , , , , , , , , , , , , , ] .grand3_children  , limit: null
3000;6;users  .children '_id' in [, , , , , , , , , , , , , , , , , , , , , , , , , , , , , , , , , , , ] .children_owns_pets pets  '_id' in [, , , , , , , , , , , , , , , , , , , , , , , , , , , , , , , , , , , , , ]  .grand_children_owns_pets grand_children  '_id' in [, , , , , , , , , , , , , , , , , , , , , , , , , , , , , , , , , , , ]  .grand2_children  .grand3_children  .grand4_children  , limit: null
3000;5;users '_id' in [, , , , , , , , , , , , , , , , , , , , , , , , , , , , , , , , , ] .children  .children_owns_pets pets  '_id' in [, , , , , , , , , , , , , , , , , , , , , , , , , , , , , , , , , ]  .pets_child '_id' in [, , , , , , , , , , , , , , , , , , , , , , , , , , , , , , , , , , , ] .grand_children_owns_pets_child grand_children  '_id' in [, , , , , , , , , , , , , , , , , , , , , , , , , , , , , , , , , ]  , limit: null
3000;6;users  .children '_id' in [, , , , , , , , , , , , , , , , , , , , , , , , , , , , , , , , , , , ] .children_owns_pets pets  '_id' in [, , , , , , , , , , , , , , , , , , , , , , , , , , , , , , , , , , , ]  .pets_child '_id' in [, , , , , , , , , , , , , , , , , , , , , , , , , , , , , , , , , , , ] .grand_children_owns_pets_child grand_children  '_id' in [, , , , , , , , , , , , , , , , , , , , , , , , , , , , , , , , , ]  , limit: null
3000;7;users '_id' in [, , , , , , , , , , , , , , , , , , , , , , , , , , , , , , , , , , , ] .children '_id' in [, , , , , , , , , , , , , , , , , , , , , , , , , , , , , , , , , , , ] .children_owns_pets pets  '_id' in [, , , , , , , , , , , , , , , , , , , , , , , , , , , , , , , , , , , ]  .pets_child  .grand_children_owns_pets_child grand_children  '_id' in [, , , , , , , , , , , , , , , , , , , , , , , , , , , , , , , , , , , , , ]  , limit: null
3000;6;users '_id' in [, , , , , , , , , , , , , , , , , , , , , , , , , , , , , , , , , , , ] .children  .children_owns_pets pets  '_id' in [, , , , , , , , , , , , , , , , , , , , , , , , , , , , , , , , , , , ]  .pets_child  .grand_children_owns_pets_child grand_children  '_id' in [, , , , , , , , , , , , , , , , , , , , , , , , , , , , , , , , , , , , , ]  .grand2_children '_id' in [, , , , , , , , , , , , , , , , , , , , , , , , , , , , , , , , , , , ] , limit: null
3000;7;users  .children  .children_owns_pets pets  '_id' in [, , , , , , , , , , , , , , , , , , , , , , , , , , , , , , , , , , , ]  .pets_child  .grand_children_owns_pets_child grand_children  '_id' in [, , , , , , , , , , , , , , , , , , , , , , , , , , , , , , , , , , , ]  .grand2_children '_id' in [, , , , , , , , , , , , , , , , , , , , , , , , , , , , , , , , , , , ] .grand3_children  , limit: null
3000;5;users  .children  .children_owns_pets pets  '_id' in [, , , , , , , , , , , , , , , , , , , , , , , , , , , , , , , , , , , ]  .pets_child  .grand_children_owns_pets_child grand_children  '_id' in [, , , , , , , , , , , , , , , , , , , , , , , , , , , , , , , , , , , ]  .grand2_children  .grand3_children  .grand4_children '_id' in [, , , , , , , , , , , , , , , , , , , , , , , , , , , , , , , , , , , ] , limit: null
3000;5;users '_id' in [, , , , , , , , , , , , , , , , , , , , , , , , , , , , , , , , , , , , , ] .children '_id' in [, , , , , , , , , , , , , , , , , , , , , , , , , , , , , , , , , , , , , ] .children_owns_pets pets  '_id' in [, , , , , , , , , , , , , , , , , , , , , , , , , , , , , , , , , , , ]  .pets_child  .pets_grand_child  .grand_children_owns_pets_grand_child grand_children  '_id' in [, , , , , , , , , , , , , , , , , , , , , , , , , , , , , , , , , , , ]  , limit: null
3000;3;users '_id' in [, , , , , , , , , , , , , , , , , , , , , , , , , , , , , , , , , , , , , ] .children  .children_owns_pets pets  '_id' in [, , , , , , , , , , , , , , , , , , , , , , , , , , , , , , , , , , , ]  .pets_child '_id' in [, , , , , , , , , , , , , , , , , , , , , , , , , , , , , , , , , , , ] .pets_grand_child  .grand_children_owns_pets_grand_child grand_children  '_id' in [, , , , , , , , , , , , , , , , , , , , , , , , , , , , , , , , , , , ]  , limit: null
3000;4;users  .children '_id' in [, , , , , , , , , , , , , , , , , , , , , , , , , , , , , , , , , , , , , ] .children_owns_pets pets  '_id' in [, , , , , , , , , , , , , , , , , , , , , , , , , , , , , , , , , , , ]  .pets_child '_id' in [, , , , , , , , , , , , , , , , , , , , , , , , , , , , , , , , , , , ] .pets_grand_child  .grand_children_owns_pets_grand_child grand_children  '_id' in [, , , , , , , , , , , , , , , , , , , , , , , , , , , , , , , , , , , ]  , limit: null
3000;6;users  .children '_id' in [, , , , , , , , , , , , , , , , , , , , , , , , , , , , , , , , , , , ] .children_owns_pets pets  '_id' in [, , , , , , , , , , , , , , , , , , , , , , , , , , , , , , , , , , , ]  .pets_child  .pets_grand_child  .grand_children_owns_pets_grand_child grand_children  '_id' in [, , , , , , , , , , , , , , , , , , , , , , , , , , , , , , , , , , , , , ]  .grand2_children  , limit: null
3000;6;users  .children  .children_owns_pets pets  '_id' in [, , , , , , , , , , , , , , , , , , , , , , , , , , , , , , , , , ]  .pets_child '_id' in [, , , , , , , , , , , , , , , , , , , , , , , , , , , , , , , , , ] .pets_grand_child  .grand_children_owns_pets_grand_child grand_children  '_id' in [, , , , , , , , , , , , , , , , , , , , , , , , , , , , , , , , , ]  .grand2_children  .grand3_children  , limit: null
3000;6;users '_id' in [, , , , , , , , , , , , , , , , , , , , , , , , , , , , , , , , , , , ] .children  .children_owns_pets pets  '_id' in [, , , , , , , , , , , , , , , , , , , , , , , , , , , , , , , , , , , , , ]  .pets_child  .pets_grand_child  .grand_children_owns_pets_grand_child grand_children  '_id' in [, , , , , , , , , , , , , , , , , , , , , , , , , , , , , , , , , , , ]  .grand2_children  .grand3_children  .grand4_children  , limit: null
3000;6;users '_id' in [, , , , , , , , , , , , , , , , , , , , , , , , , , , , , , , , , , , , , ] .children '_id' in [, , , , , , , , , , , , , , , , , , , , , , , , , , , , , , , , , , , , , ] .grand_children  .grand_children_owns_pets pets  '_id' in [, , , , , , , , , , , , , , , , , , , , , , , , , , , , , , , , , , , , , ]  .grand2_children_owns_pets grand2_children  '_id' in [, , , , , , , , , , , , , , , , , , , , , , , , , , , , , , , , , , , , , ]  , limit: null
3000;6;users '_id' in [, , , , , , , , , , , , , , , , , , , , , , , , , , , , , , , , , , , , , ] .children  .grand_children '_id' in [, , , , , , , , , , , , , , , , , , , , , , , , , , , , , , , , , , , , , ] .grand_children_owns_pets pets  '_id' in [, , , , , , , , , , , , , , , , , , , , , , , , , , , , , , , , , , , ]  .grand2_children_owns_pets grand2_children  '_id' in [, , , , , , , , , , , , , , , , , , , , , , , , , , , , , , , , , , , ]  , limit: null
3000;6;users '_id' in [, , , , , , , , , , , , , , , , , , , , , , , , , , , , , , , , , ] .children  .grand_children '_id' in [, , , , , , , , , , , , , , , , , , , , , , , , , , , , , , , , , ] .grand_children_owns_pets pets  '_id' in [, , , , , , , , , , , , , , , , , , , , , , , , , , , , , , , , , ]  .grand2_children_owns_pets grand2_children  '_id' in [, , , , , , , , , , , , , , , , , , , , , , , , , , , , , , , , , , , ]  , limit: null
3000;3;users '_id' in [, , , , , , , , , , , , , , , , , , , , , , , , , , , , , , , , , , , , , ] .children '_id' in [, , , , , , , , , , , , , , , , , , , , , , , , , , , , , , , , , , , ] .grand_children  .grand_children_owns_pets pets  '_id' in [, , , , , , , , , , , , , , , , , , , , , , , , , , , , , , , , , , , ]  .grand2_children_owns_pets grand2_children  '_id' in [, , , , , , , , , , , , , , , , , , , , , , , , , , , , , , , , , , , ]  , limit: null
3000;4;users '_id' in [, , , , , , , , , , , , , , , , , , , , , , , , , , , , , , , , , , , , , ] .children '_id' in [, , , , , , , , , , , , , , , , , , , , , , , , , , , , , , , , , , , , , ] .grand_children  .grand_children_owns_pets pets  '_id' in [, , , , , , , , , , , , , , , , , , , , , , , , , , , , , , , , , , , ]  .grand2_children_owns_pets grand2_children  '_id' in [, , , , , , , , , , , , , , , , , , , , , , , , , , , , , , , , , , , ]  .grand3_children  , limit: null
3000;4;users '_id' in [, , , , , , , , , , , , , , , , , , , , , , , , , , , , , , , , , , , ] .children  .grand_children '_id' in [, , , , , , , , , , , , , , , , , , , , , , , , , , , , , , , , , , , , , ] .grand_children_owns_pets pets  '_id' in [, , , , , , , , , , , , , , , , , , , , , , , , , , , , , , , , , , , ]  .pets_child  .grand2_children_owns_pets_child grand2_children  '_id' in [, , , , , , , , , , , , , , , , , , , , , , , , , , , , , , , , , , , , , ]  , limit: null
3000;5;users '_id' in [, , , , , , , , , , , , , , , , , , , , , , , , , , , , , , , , , , , ] .children '_id' in [, , , , , , , , , , , , , , , , , , , , , , , , , , , , , , , , , , , ] .grand_children  .grand_children_owns_pets pets  '_id' in [, , , , , , , , , , , , , , , , , , , , , , , , , , , , , , , , , , , ]  .pets_child  .grand2_children_owns_pets_child grand2_children  '_id' in [, , , , , , , , , , , , , , , , , , , , , , , , , , , , , , , , , , , ]  , limit: null
3000;4;users '_id' in [, , , , , , , , , , , , , , , , , , , , , , , , , , , , , , , , , ] .children  .grand_children  .grand_children_owns_pets pets  '_id' in [, , , , , , , , , , , , , , , , , , , , , , , , , , , , , , , , , , , ]  .pets_child '_id' in [, , , , , , , , , , , , , , , , , , , , , , , , , , , , , , , , , , , ] .grand2_children_owns_pets_child grand2_children  '_id' in [, , , , , , , , , , , , , , , , , , , , , , , , , , , , , , , , , , , ]  , limit: null
3000;3;users  .children '_id' in [, , , , , , , , , , , , , , , , , , , , , , , , , , , , , , , , , , , ] .grand_children  .grand_children_owns_pets pets  '_id' in [, , , , , , , , , , , , , , , , , , , , , , , , , , , , , , , , , ]  .pets_child '_id' in [, , , , , , , , , , , , , , , , , , , , , , , , , , , , , , , , , , , ] .grand2_children_owns_pets_child grand2_children  '_id' in [, , , , , , , , , , , , , , , , , , , , , , , , , , , , , , , , , ]  , limit: null
3000;5;users  .children '_id' in [, , , , , , , , , , , , , , , , , , , , , , , , , , , , , , , , , , , ] .grand_children  .grand_children_owns_pets pets  '_id' in [, , , , , , , , , , , , , , , , , , , , , , , , , , , , , , , , , , , , , ]  .pets_child  .grand2_children_owns_pets_child grand2_children  '_id' in [, , , , , , , , , , , , , , , , , , , , , , , , , , , , , , , , , , , , , ]  .grand3_children  , limit: null
3000;5;users '_id' in [, , , , , , , , , , , , , , , , , , , , , , , , , , , , , , , , , ] .children  .grand_children  .grand_children_owns_pets pets  '_id' in [, , , , , , , , , , , , , , , , , , , , , , , , , , , , , , , , , ]  .pets_child  .pets_grand_child  .grand2_children_owns_pets_grand_child grand2_children  '_id' in [, , , , , , , , , , , , , , , , , , , , , , , , , , , , , , , , , ]  , limit: null
3000;3;users  .children  .grand_children '_id' in [, , , , , , , , , , , , , , , , , , , , , , , , , , , , , , , , , , , ] .grand_children_owns_pets pets  '_id' in [, , , , , , , , , , , , , , , , , , , , , , , , , , , , , , , , , , , , , ]  .pets_child  .pets_grand_child  .grand2_children_owns_pets_grand_child grand2_children  '_id' in [, , , , , , , , , , , , , , , , , , , , , , , , , , , , , , , , , , , , , ]  , limit: null
3000;10;users '_id' in [, , , , , , , , , , , , , , , , , , , , , , , , , , , , , , , , , , , ] .children  .grand_children  .grand_children_owns_pets pets  '_id' in [, , , , , , , , , , , , , , , , , , , , , , , , , , , , , , , , , , , ]  .pets_child  .pets_grand_child  .grand2_children_owns_pets_grand_child grand2_children  '_id' in [, , , , , , , , , , , , , , , , , , , , , , , , , , , , , , , , , , , ]  , limit: null
3000;6;users  .children  .grand_children '_id' in [, , , , , , , , , , , , , , , , , , , , , , , , , , , , , , , , , , , , , ] .grand_children_owns_pets pets  '_id' in [, , , , , , , , , , , , , , , , , , , , , , , , , , , , , , , , , , , , , ]  .pets_child  .pets_grand_child  .grand2_children_owns_pets_grand_child grand2_children  '_id' in [, , , , , , , , , , , , , , , , , , , , , , , , , , , , , , , , , , , , , ]  , limit: null
3000;7;users  .children  .grand_children  .grand_children_owns_pets pets  '_id' in [, , , , , , , , , , , , , , , , , , , , , , , , , , , , , , , , , , , ]  .pets_child  .pets_grand_child '_id' in [, , , , , , , , , , , , , , , , , , , , , , , , , , , , , , , , , , , , , ] .grand2_children_owns_pets_grand_child grand2_children  '_id' in [, , , , , , , , , , , , , , , , , , , , , , , , , , , , , , , , , , , , , ]  .grand3_children  , limit: null
3000;5;users '_id' in [, , , , , , , , , , , , , , , , , , , , , , , , , , , , , , , , , , , ] .children '_id' in [, , , , , , , , , , , , , , , , , , , , , , , , , , , , , , , , , , , ] .grand_children  .grand2_children  .grand2_children_owns_pets pets  '_id' in [, , , , , , , , , , , , , , , , , , , , , , , , , , , , , , , , , , , , , ]  .grand3_children_owns_pets grand3_children  '_id' in [, , , , , , , , , , , , , , , , , , , , , , , , , , , , , , , , , , , , , ]  , limit: null
3000;6;users '_id' in [, , , , , , , , , , , , , , , , , , , , , , , , , , , , , , , , , , , , , ] .children  .grand_children '_id' in [, , , , , , , , , , , , , , , , , , , , , , , , , , , , , , , , , , , , , ] .grand2_children  .grand2_children_owns_pets pets  '_id' in [, , , , , , , , , , , , , , , , , , , , , , , , , , , , , , , , , , , ]  .grand3_children_owns_pets grand3_children  '_id' in [, , , , , , , , , , , , , , , , , , , , , , , , , , , , , , , , , , , , , ]  , limit: null
3000;6;users  .children '_id' in [, , , , , , , , , , , , , , , , , , , , , , , , , , , , , , , , , , , ] .grand_children '_id' in [, , , , , , , , , , , , , , , , , , , , , , , , , , , , , , , , , , , ] .grand2_children  .grand2_children_owns_pets pets  '_id' in [, , , , , , , , , , , , , , , , , , , , , , , , , , , , , , , , , , , , , ]  .grand3_children_owns_pets grand3_children  '_id' in [, , , , , , , , , , , , , , , , , , , , , , , , , , , , , , , , , , , , , ]  , limit: null
3000;5;users '_id' in [, , , , , , , , , , , , , , , , , , , , , , , , , , , , , , , , , ] .children  .grand_children '_id' in [, , , , , , , , , , , , , , , , , , , , , , , , , , , , , , , , , , , ] .grand2_children  .grand2_children_owns_pets pets  '_id' in [, , , , , , , , , , , , , , , , , , , , , , , , , , , , , , , , , ]  .grand3_children_owns_pets grand3_children  '_id' in [, , , , , , , , , , , , , , , , , , , , , , , , , , , , , , , , , ]  , limit: null
3000;8;users  .children  .grand_children  .grand2_children  .grand2_children_owns_pets pets  '_id' in [, , , , , , , , , , , , , , , , , , , , , , , , , , , , , , , , , ]  .pets_child '_id' in [, , , , , , , , , , , , , , , , , , , , , , , , , , , , , , , , , , , ] .grand3_children_owns_pets_child grand3_children  '_id' in [, , , , , , , , , , , , , , , , , , , , , , , , , , , , , , , , , , , ]  , limit: null
3000;8;users  .children  .grand_children '_id' in [, , , , , , , , , , , , , , , , , , , , , , , , , , , , , , , , , , , ] .grand2_children  .grand2_children_owns_pets pets  '_id' in [, , , , , , , , , , , , , , , , , , , , , , , , , , , , , , , , , , , , , ]  .pets_child  .grand3_children_owns_pets_child grand3_children  '_id' in [, , , , , , , , , , , , , , , , , , , , , , , , , , , , , , , , , , , ]  , limit: null
3000;8;users  .children  .grand_children '_id' in [, , , , , , , , , , , , , , , , , , , , , , , , , , , , , , , , , , , ] .grand2_children  .grand2_children_owns_pets pets  '_id' in [, , , , , , , , , , , , , , , , , , , , , , , , , , , , , , , , , , , , , ]  .pets_child  .grand3_children_owns_pets_child grand3_children  '_id' in [, , , , , , , , , , , , , , , , , , , , , , , , , , , , , , , , , , , , , ]  , limit: null
3000;10;users  .children  .grand_children  .grand2_children '_id' in [, , , , , , , , , , , , , , , , , , , , , , , , , , , , , , , , , , , , , ] .grand2_children_owns_pets pets  '_id' in [, , , , , , , , , , , , , , , , , , , , , , , , , , , , , , , , , , , , , ]  .pets_child  .grand3_children_owns_pets_child grand3_children  '_id' in [, , , , , , , , , , , , , , , , , , , , , , , , , , , , , , , , , , , , , ]  , limit: null
3000;6;users  .children  .grand_children  .grand2_children  .grand2_children_owns_pets pets  '_id' in [, , , , , , , , , , , , , , , , , , , , , , , , , , , , , , , , , , , ]  .pets_child '_id' in [, , , , , , , , , , , , , , , , , , , , , , , , , , , , , , , , , , , ] .pets_grand_child  .grand3_children_owns_pets_grand_child grand3_children  '_id' in [, , , , , , , , , , , , , , , , , , , , , , , , , , , , , , , , , , , ]  , limit: null
3000;8;users  .children '_id' in [, , , , , , , , , , , , , , , , , , , , , , , , , , , , , , , , , , , ] .grand_children  .grand2_children  .grand2_children_owns_pets pets  '_id' in [, , , , , , , , , , , , , , , , , , , , , , , , , , , , , , , , , , , ]  .pets_child  .pets_grand_child  .grand3_children_owns_pets_grand_child grand3_children  '_id' in [, , , , , , , , , , , , , , , , , , , , , , , , , , , , , , , , , , , , , ]  , limit: null
3000;7;users  .children  .grand_children '_id' in [, , , , , , , , , , , , , , , , , , , , , , , , , , , , , , , , , , , ] .grand2_children  .grand2_children_owns_pets pets  '_id' in [, , , , , , , , , , , , , , , , , , , , , , , , , , , , , , , , , , , ]  .pets_child  .pets_grand_child  .grand3_children_owns_pets_grand_child grand3_children  '_id' in [, , , , , , , , , , , , , , , , , , , , , , , , , , , , , , , , , , , ]  , limit: null
3000;5;users '_id' in [, , , , , , , , , , , , , , , , , , , , , , , , , , , , , , , , , , , , , ] .children  .grand_children  .grand2_children  .grand2_children_owns_pets pets  '_id' in [, , , , , , , , , , , , , , , , , , , , , , , , , , , , , , , , , , , ]  .pets_child  .pets_grand_child  .grand3_children_owns_pets_grand_child grand3_children  '_id' in [, , , , , , , , , , , , , , , , , , , , , , , , , , , , , , , , , , , ]  , limit: null
3000;8;users '_id' in [, , , , , , , , , , , , , , , , , , , , , , , , , , , , , , , , , , , ] .children  .grand_children  .grand2_children  .grand3_children  .grand3_children_owns_pets pets  '_id' in [, , , , , , , , , , , , , , , , , , , , , , , , , , , , , , , , , , , ]  .grand4_children_owns_pets grand4_children  '_id' in [, , , , , , , , , , , , , , , , , , , , , , , , , , , , , , , , , , , ]  , limit: null
3000;7;users  .children  .grand_children  .grand2_children  .grand3_children '_id' in [, , , , , , , , , , , , , , , , , , , , , , , , , , , , , , , , , , , , , ] .grand3_children_owns_pets pets  '_id' in [, , , , , , , , , , , , , , , , , , , , , , , , , , , , , , , , , , , , , ]  .grand4_children_owns_pets grand4_children  '_id' in [, , , , , , , , , , , , , , , , , , , , , , , , , , , , , , , , , , , , , ]  , limit: null
3000;7;users  .children  .grand_children '_id' in [, , , , , , , , , , , , , , , , , , , , , , , , , , , , , , , , , , , ] .grand2_children  .grand3_children  .grand3_children_owns_pets pets  '_id' in [, , , , , , , , , , , , , , , , , , , , , , , , , , , , , , , , , , , ]  .grand4_children_owns_pets grand4_children  '_id' in [, , , , , , , , , , , , , , , , , , , , , , , , , , , , , , , , , , , ]  , limit: null
3000;8;users  .children '_id' in [, , , , , , , , , , , , , , , , , , , , , , , , , , , , , , , , , , , ] .grand_children  .grand2_children  .grand3_children  .grand3_children_owns_pets pets  '_id' in [, , , , , , , , , , , , , , , , , , , , , , , , , , , , , , , , , , , ]  .pets_child  .grand4_children_owns_pets_child grand4_children  '_id' in [, , , , , , , , , , , , , , , , , , , , , , , , , , , , , , , , , , , , , ]  , limit: null
3000;7;users  .children  .grand_children  .grand2_children  .grand3_children  .grand3_children_owns_pets pets  '_id' in [, , , , , , , , , , , , , , , , , , , , , , , , , , , , , , , , , , , , , ]  .pets_child '_id' in [, , , , , , , , , , , , , , , , , , , , , , , , , , , , , , , , , , , , , ] .grand4_children_owns_pets_child grand4_children  '_id' in [, , , , , , , , , , , , , , , , , , , , , , , , , , , , , , , , , , , ]  , limit: null
3000;7;users '_id' in [, , , , , , , , , , , , , , , , , , , , , , , , , , , , , , , , , , , ] .children  .grand_children  .grand2_children  .grand3_children  .grand3_children_owns_pets pets  '_id' in [, , , , , , , , , , , , , , , , , , , , , , , , , , , , , , , , , , , , , ]  .pets_child  .grand4_children_owns_pets_child grand4_children  '_id' in [, , , , , , , , , , , , , , , , , , , , , , , , , , , , , , , , , , , , , ]  , limit: null
3000;5;users  .children  .grand_children  .grand2_children  .grand3_children  .grand3_children_owns_pets pets  '_id' in [, , , , , , , , , , , , , , , , , , , , , , , , , , , , , , , , , , , ]  .pets_child '_id' in [, , , , , , , , , , , , , , , , , , , , , , , , , , , , , , , , , , , , , ] .pets_grand_child  .grand4_children_owns_pets_grand_child grand4_children  '_id' in [, , , , , , , , , , , , , , , , , , , , , , , , , , , , , , , , , , , , , ]  , limit: null
3000;6;users  .children  .grand_children  .grand2_children '_id' in [, , , , , , , , , , , , , , , , , , , , , , , , , , , , , , , , , , , ] .grand3_children  .grand3_children_owns_pets pets  '_id' in [, , , , , , , , , , , , , , , , , , , , , , , , , , , , , , , , , , , ]  .pets_child  .pets_grand_child  .grand4_children_owns_pets_grand_child grand4_children  '_id' in [, , , , , , , , , , , , , , , , , , , , , , , , , , , , , , , , , , , ]  , limit: null
3000;6;users '_id' in [, , , , , , , , , , , , , , , , , , , , , , , , , , , , , , , , , , , ] .children  .grand_children  .grand2_children  .grand3_children  .grand3_children_owns_pets pets  '_id' in [, , , , , , , , , , , , , , , , , , , , , , , , , , , , , , , , , ]  .pets_child  .pets_grand_child  .grand4_children_owns_pets_grand_child grand4_children  '_id' in [, , , , , , , , , , , , , , , , , , , , , , , , , , , , , , , , , , , ]  , limit: null
3000;6;users '_id' in [, , , , , , , , , , , , , , , , , , , , , , , , , , , , , , , , , , , , , ] .children  .grand_children  .grand2_children  .grand3_children  .grand4_children  .grand4_children_owns_pets pets  '_id' in [, , , , , , , , , , , , , , , , , , , , , , , , , , , , , , , , , , , ]  .grand5_children_owns_pets grand5_children  '_id' in [, , , , , , , , , , , , , , , , , , , , , , , , , , , , , , , , , , , ]  , limit: null
3000;7;users  .children  .grand_children  .grand2_children '_id' in [, , , , , , , , , , , , , , , , , , , , , , , , , , , , , , , , , , , ] .grand3_children  .grand4_children  .grand4_children_owns_pets pets  '_id' in [, , , , , , , , , , , , , , , , , , , , , , , , , , , , , , , , , ]  .grand5_children_owns_pets grand5_children  '_id' in [, , , , , , , , , , , , , , , , , , , , , , , , , , , , , , , , , , , ]  , limit: null
3000;6;users  .children  .grand_children  .grand2_children  .grand3_children  .grand4_children  .grand4_children_owns_pets pets  '_id' in [, , , , , , , , , , , , , , , , , , , , , , , , , , , , , , , , , , , ]  .pets_child '_id' in [, , , , , , , , , , , , , , , , , , , , , , , , , , , , , , , , , , , ] .grand5_children_owns_pets_child grand5_children  '_id' in [, , , , , , , , , , , , , , , , , , , , , , , , , , , , , , , , , ]  , limit: null
3000;5;users '_id' in [, , , , , , , , , , , , , , , , , , , , , , , , , , , , , , , , , ] .children  .grand_children  .grand2_children  .grand3_children  .grand4_children  .grand4_children_owns_pets pets  '_id' in [, , , , , , , , , , , , , , , , , , , , , , , , , , , , , , , , , ]  .pets_child  .grand5_children_owns_pets_child grand5_children  '_id' in [, , , , , , , , , , , , , , , , , , , , , , , , , , , , , , , , , ]  , limit: null
3000;8;users  .children '_id' in [, , , , , , , , , , , , , , , , , , , , , , , , , , , , , , , , , , , ] .grand_children  .grand2_children  .grand3_children  .grand4_children  .grand4_children_owns_pets pets  '_id' in [, , , , , , , , , , , , , , , , , , , , , , , , , , , , , , , , , , , ]  .pets_child  .pets_grand_child  .grand5_children_owns_pets_grand_child grand5_children  '_id' in [, , , , , , , , , , , , , , , , , , , , , , , , , , , , , , , , , , , ]  , limit: null
3000;11;users  .children  .grand_children '_id' in [, , , , , , , , , , , , , , , , , , , , , , , , , , , , , , , , , , , , , ] .grand2_children  .grand3_children  .grand4_children  .grand4_children_owns_pets pets  '_id' in [, , , , , , , , , , , , , , , , , , , , , , , , , , , , , , , , , , , , , ]  .pets_child  .pets_grand_child  .grand5_children_owns_pets_grand_child grand5_children  '_id' in [, , , , , , , , , , , , , , , , , , , , , , , , , , , , , , , , , , , ]  , limit: null
3000;3;users '_id' in [, , , , , , , , , , , , , , , , , , , , , , , , , , , , , , , , , , , , , ] .users_owns_pets pets  '_id' in [, , , , , , , , , , , , , , , , , , , , , , , , , , , , , , , , , , , ]  .children_owns_pets children  '_id' in [, , , , , , , , , , , , , , , , , , , , , , , , , , , , , , , , , , , ]  .children_owns_pets_child pets_child  '_id' in [, , , , , , , , , , , , , , , , , , , , , , , , , , , , , , , , , , , ]  .pets_grand_child '_id' in [, , , , , , , , , , , , , , , , , , , , , , , , , , , , , , , , , , , ] , limit: null
3000;3;users '_id' in [, , , , , , , , , , , , , , , , , , , , , , , , , , , , , , , , , , , ] .users_owns_pets pets  '_id' in [, , , , , , , , , , , , , , , , , , , , , , , , , , , , , , , , , , , , , ]  .children_owns_pets children  '_id' in [, , , , , , , , , , , , , , , , , , , , , , , , , , , , , , , , , , , ]  .grand_children '_id' in [, , , , , , , , , , , , , , , , , , , , , , , , , , , , , , , , , , , , , ] .grand_children_owns_pets_child pets_child  '_id' in [, , , , , , , , , , , , , , , , , , , , , , , , , , , , , , , , , , , , , ]  .pets_grand_child  , limit: null
3000;1;users '_id' in [, , , , , , , , , , , , , , , , , , , , , , , , , , , , , , , , , , , ] .users_owns_pets pets  '_id' in [, , , , , , , , , , , , , , , , , , , , , , , , , , , , , , , , , , , , , ]  .children_owns_pets children  '_id' in [, , , , , , , , , , , , , , , , , , , , , , , , , , , , , , , , , , , ]  .grand_children '_id' in [, , , , , , , , , , , , , , , , , , , , , , , , , , , , , , , , , , , , , ] .grand2_children  .grand2_children_owns_pets_child pets_child  '_id' in [, , , , , , , , , , , , , , , , , , , , , , , , , , , , , , , , , , , , , ]  .pets_grand_child  , limit: null
3000;5;users  .users_owns_pets pets  '_id' in [, , , , , , , , , , , , , , , , , , , , , , , , , , , , , , , , , , , ]  .children_owns_pets children  '_id' in [, , , , , , , , , , , , , , , , , , , , , , , , , , , , , , , , , ]  .grand_children  .grand2_children '_id' in [, , , , , , , , , , , , , , , , , , , , , , , , , , , , , , , , , , , ] .grand3_children  .grand3_children_owns_pets_child pets_child  '_id' in [, , , , , , , , , , , , , , , , , , , , , , , , , , , , , , , , , , , ]  .pets_grand_child  , limit: null
3000;4;users  .users_owns_pets pets  '_id' in [, , , , , , , , , , , , , , , , , , , , , , , , , , , , , , , , , , , ]  .children_owns_pets children  '_id' in [, , , , , , , , , , , , , , , , , , , , , , , , , , , , , , , , , , , ]  .grand_children  .grand2_children '_id' in [, , , , , , , , , , , , , , , , , , , , , , , , , , , , , , , , , , , , , ] .grand3_children  .grand4_children  .grand4_children_owns_pets_child pets_child  '_id' in [, , , , , , , , , , , , , , , , , , , , , , , , , , , , , , , , , , , , , ]  .pets_grand_child  , limit: null
3000;4;users  .users_owns_pets pets  '_id' in [, , , , , , , , , , , , , , , , , , , , , , , , , , , , , , , , , , , ]  .children_owns_pets children  '_id' in [, , , , , , , , , , , , , , , , , , , , , , , , , , , , , , , , , , , ]  .grand_children  .grand2_children '_id' in [, , , , , , , , , , , , , , , , , , , , , , , , , , , , , , , , , , , ] .grand3_children  .grand4_children  .grand5_children  .grand5_children_owns_pets_child pets_child  '_id' in [, , , , , , , , , , , , , , , , , , , , , , , , , , , , , , , , , , , ]  .pets_grand_child  , limit: null
3000;1;users '_id' in [, , , , , , , , , , , , , , , , , , , , , , , , , , , , , , , , , , , ] .users_owns_pets pets  '_id' in [, , , , , , , , , , , , , , , , , , , , , , , , , , , , , , , , , , , ]  .pets_child '_id' in [, , , , , , , , , , , , , , , , , , , , , , , , , , , , , , , , , , , ] .children_owns_pets_child children  '_id' in [, , , , , , , , , , , , , , , , , , , , , , , , , , , , , , , , , , , ]  .children_owns_pets_grand_child pets_grand_child  '_id' in [, , , , , , , , , , , , , , , , , , , , , , , , , , , , , , , , , , , ]  , limit: null
3000;2;users  .users_owns_pets pets  '_id' in [, , , , , , , , , , , , , , , , , , , , , , , , , , , , , , , , , , , ]  .pets_child '_id' in [, , , , , , , , , , , , , , , , , , , , , , , , , , , , , , , , , , , ] .children_owns_pets_child children  '_id' in [, , , , , , , , , , , , , , , , , , , , , , , , , , , , , , , , , , , ]  .grand_children '_id' in [, , , , , , , , , , , , , , , , , , , , , , , , , , , , , , , , , , , , , ] .grand_children_owns_pets_grand_child pets_grand_child  '_id' in [, , , , , , , , , , , , , , , , , , , , , , , , , , , , , , , , , , , ]  , limit: null
3000;4;users  .users_owns_pets pets  '_id' in [, , , , , , , , , , , , , , , , , , , , , , , , , , , , , , , , , , , , , ]  .pets_child '_id' in [, , , , , , , , , , , , , , , , , , , , , , , , , , , , , , , , , , , ] .children_owns_pets_child children  '_id' in [, , , , , , , , , , , , , , , , , , , , , , , , , , , , , , , , , , , ]  .grand_children '_id' in [, , , , , , , , , , , , , , , , , , , , , , , , , , , , , , , , , , , ] .grand2_children  .grand2_children_owns_pets_grand_child pets_grand_child  '_id' in [, , , , , , , , , , , , , , , , , , , , , , , , , , , , , , , , , , , , , ]  , limit: null
3000;5;users  .users_owns_pets pets  '_id' in [, , , , , , , , , , , , , , , , , , , , , , , , , , , , , , , , , , , ]  .pets_child  .children_owns_pets_child children  '_id' in [, , , , , , , , , , , , , , , , , , , , , , , , , , , , , , , , , , , ]  .grand_children  .grand2_children '_id' in [, , , , , , , , , , , , , , , , , , , , , , , , , , , , , , , , , , , ] .grand3_children  .grand3_children_owns_pets_grand_child pets_grand_child  '_id' in [, , , , , , , , , , , , , , , , , , , , , , , , , , , , , , , , , ]  , limit: null
3000;6;users  .users_owns_pets pets  '_id' in [, , , , , , , , , , , , , , , , , , , , , , , , , , , , , , , , , , , ]  .pets_child '_id' in [, , , , , , , , , , , , , , , , , , , , , , , , , , , , , , , , , , , , , ] .children_owns_pets_child children  '_id' in [, , , , , , , , , , , , , , , , , , , , , , , , , , , , , , , , , , , ]  .grand_children  .grand2_children  .grand3_children  .grand4_children  .grand4_children_owns_pets_grand_child pets_grand_child  '_id' in [, , , , , , , , , , , , , , , , , , , , , , , , , , , , , , , , , , , ]  , limit: null
3000;6;users  .users_owns_pets pets  '_id' in [, , , , , , , , , , , , , , , , , , , , , , , , , , , , , , , , , , , ]  .pets_child '_id' in [, , , , , , , , , , , , , , , , , , , , , , , , , , , , , , , , , , , , , ] .children_owns_pets_child children  '_id' in [, , , , , , , , , , , , , , , , , , , , , , , , , , , , , , , , , , , , , ]  .grand_children  .grand2_children  .grand3_children  .grand4_children  .grand5_children  .grand5_children_owns_pets_grand_child pets_grand_child  '_id' in [, , , , , , , , , , , , , , , , , , , , , , , , , , , , , , , , , , , ]  , limit: null
3000;2;users '_id' in [, , , , , , , , , , , , , , , , , , , , , , , , , , , , , , , , , , , , , ] .children '_id' in [, , , , , , , , , , , , , , , , , , , , , , , , , , , , , , , , , , , , , ] .children_owns_pets pets  '_id' in [, , , , , , , , , , , , , , , , , , , , , , , , , , , , , , , , , , , ]  .grand_children_owns_pets grand_children  '_id' in [, , , , , , , , , , , , , , , , , , , , , , , , , , , , , , , , , , , ]  .grand_children_owns_pets_child pets_child  '_id' in [, , , , , , , , , , , , , , , , , , , , , , , , , , , , , , , , , , , ]  .pets_grand_child  , limit: null
3000;4;users '_id' in [, , , , , , , , , , , , , , , , , , , , , , , , , , , , , , , , , , , ] .children  .children_owns_pets pets  '_id' in [, , , , , , , , , , , , , , , , , , , , , , , , , , , , , , , , , , , ]  .grand_children_owns_pets grand_children  '_id' in [, , , , , , , , , , , , , , , , , , , , , , , , , , , , , , , , , , , , , ]  .grand2_children  .grand2_children_owns_pets_child pets_child  '_id' in [, , , , , , , , , , , , , , , , , , , , , , , , , , , , , , , , , , , ]  .pets_grand_child '_id' in [, , , , , , , , , , , , , , , , , , , , , , , , , , , , , , , , , , , , , ] , limit: null
3000;5;users  .children  .children_owns_pets pets  '_id' in [, , , , , , , , , , , , , , , , , , , , , , , , , , , , , , , , , , , ]  .grand_children_owns_pets grand_children  '_id' in [, , , , , , , , , , , , , , , , , , , , , , , , , , , , , , , , , , , , , ]  .grand2_children '_id' in [, , , , , , , , , , , , , , , , , , , , , , , , , , , , , , , , , , , ] .grand3_children  .grand3_children_owns_pets_child pets_child  '_id' in [, , , , , , , , , , , , , , , , , , , , , , , , , , , , , , , , , , , , , ]  .pets_grand_child  , limit: null
3000;6;users  .children  .children_owns_pets pets  '_id' in [, , , , , , , , , , , , , , , , , , , , , , , , , , , , , , , , , , , , , ]  .grand_children_owns_pets grand_children  '_id' in [, , , , , , , , , , , , , , , , , , , , , , , , , , , , , , , , , , , ]  .grand2_children  .grand3_children  .grand4_children  .grand4_children_owns_pets_child pets_child  '_id' in [, , , , , , , , , , , , , , , , , , , , , , , , , , , , , , , , , , , , , ]  .pets_grand_child '_id' in [, , , , , , , , , , , , , , , , , , , , , , , , , , , , , , , , , , , , , ] , limit: null
3000;2;users  .children '_id' in [, , , , , , , , , , , , , , , , , , , , , , , , , , , , , , , , , , , ] .children_owns_pets pets  '_id' in [, , , , , , , , , , , , , , , , , , , , , , , , , , , , , , , , , , , ]  .grand_children_owns_pets grand_children  '_id' in [, , , , , , , , , , , , , , , , , , , , , , , , , , , , , , , , , , , ]  .grand2_children  .grand3_children  .grand4_children  .grand5_children  .grand5_children_owns_pets_child pets_child  '_id' in [, , , , , , , , , , , , , , , , , , , , , , , , , , , , , , , , , , , , , ]  .pets_grand_child  , limit: null
3000;4;users '_id' in [, , , , , , , , , , , , , , , , , , , , , , , , , , , , , , , , , , , ] .children  .children_owns_pets pets  '_id' in [, , , , , , , , , , , , , , , , , , , , , , , , , , , , , , , , , , , ]  .pets_child '_id' in [, , , , , , , , , , , , , , , , , , , , , , , , , , , , , , , , , , , , , ] .grand_children_owns_pets_child grand_children  '_id' in [, , , , , , , , , , , , , , , , , , , , , , , , , , , , , , , , , , , , , ]  .grand_children_owns_pets_grand_child pets_grand_child  '_id' in [, , , , , , , , , , , , , , , , , , , , , , , , , , , , , , , , , , , , , ]  , limit: null
3000;2;users  .children  .children_owns_pets pets  '_id' in [, , , , , , , , , , , , , , , , , , , , , , , , , , , , , , , , , ]  .pets_child '_id' in [, , , , , , , , , , , , , , , , , , , , , , , , , , , , , , , , , ] .grand_children_owns_pets_child grand_children  '_id' in [, , , , , , , , , , , , , , , , , , , , , , , , , , , , , , , , , , , ]  .grand2_children '_id' in [, , , , , , , , , , , , , , , , , , , , , , , , , , , , , , , , , ] .grand2_children_owns_pets_grand_child pets_grand_child  '_id' in [, , , , , , , , , , , , , , , , , , , , , , , , , , , , , , , , , , , ]  , limit: null
3000;3;users '_id' in [, , , , , , , , , , , , , , , , , , , , , , , , , , , , , , , , , , , , , ] .children  .children_owns_pets pets  '_id' in [, , , , , , , , , , , , , , , , , , , , , , , , , , , , , , , , , , , , , ]  .pets_child  .grand_children_owns_pets_child grand_children  '_id' in [, , , , , , , , , , , , , , , , , , , , , , , , , , , , , , , , , , , ]  .grand2_children  .grand3_children  .grand3_children_owns_pets_grand_child pets_grand_child  '_id' in [, , , , , , , , , , , , , , , , , , , , , , , , , , , , , , , , , , , ]  , limit: null
3000;5;users  .children  .children_owns_pets pets  '_id' in [, , , , , , , , , , , , , , , , , , , , , , , , , , , , , , , , , , , ]  .pets_child  .grand_children_owns_pets_child grand_children  '_id' in [, , , , , , , , , , , , , , , , , , , , , , , , , , , , , , , , , , , ]  .grand2_children  .grand3_children  .grand4_children '_id' in [, , , , , , , , , , , , , , , , , , , , , , , , , , , , , , , , , , , , , ] .grand4_children_owns_pets_grand_child pets_grand_child  '_id' in [, , , , , , , , , , , , , , , , , , , , , , , , , , , , , , , , , , , ]  , limit: null
3000;3;users '_id' in [, , , , , , , , , , , , , , , , , , , , , , , , , , , , , , , , , , , , , ] .children  .children_owns_pets pets  '_id' in [, , , , , , , , , , , , , , , , , , , , , , , , , , , , , , , , , , , ]  .pets_child  .grand_children_owns_pets_child grand_children  '_id' in [, , , , , , , , , , , , , , , , , , , , , , , , , , , , , , , , , , , , , ]  .grand2_children  .grand3_children  .grand4_children  .grand5_children  .grand5_children_owns_pets_grand_child pets_grand_child  '_id' in [, , , , , , , , , , , , , , , , , , , , , , , , , , , , , , , , , , , ]  , limit: null
3000;4;users  .children '_id' in [, , , , , , , , , , , , , , , , , , , , , , , , , , , , , , , , , , , ] .grand_children '_id' in [, , , , , , , , , , , , , , , , , , , , , , , , , , , , , , , , , , , , , ] .grand_children_owns_pets pets  '_id' in [, , , , , , , , , , , , , , , , , , , , , , , , , , , , , , , , , , , , , ]  .grand2_children_owns_pets grand2_children  '_id' in [, , , , , , , , , , , , , , , , , , , , , , , , , , , , , , , , , , , ]  .grand2_children_owns_pets_child pets_child  '_id' in [, , , , , , , , , , , , , , , , , , , , , , , , , , , , , , , , , , , ]  .pets_grand_child  , limit: null
3000;6;users '_id' in [, , , , , , , , , , , , , , , , , , , , , , , , , , , , , , , , , , , ] .children  .grand_children  .grand_children_owns_pets pets  '_id' in [, , , , , , , , , , , , , , , , , , , , , , , , , , , , , , , , , , , ]  .grand2_children_owns_pets grand2_children  '_id' in [, , , , , , , , , , , , , , , , , , , , , , , , , , , , , , , , , , , , , ]  .grand3_children  .grand3_children_owns_pets_child pets_child  '_id' in [, , , , , , , , , , , , , , , , , , , , , , , , , , , , , , , , , , , ]  .pets_grand_child  , limit: null
3000;3;users  .children '_id' in [, , , , , , , , , , , , , , , , , , , , , , , , , , , , , , , , , , , ] .grand_children  .grand_children_owns_pets pets  '_id' in [, , , , , , , , , , , , , , , , , , , , , , , , , , , , , , , , , , , ]  .grand2_children_owns_pets grand2_children  '_id' in [, , , , , , , , , , , , , , , , , , , , , , , , , , , , , , , , , , , ]  .grand3_children  .grand4_children  .grand4_children_owns_pets_child pets_child  '_id' in [, , , , , , , , , , , , , , , , , , , , , , , , , , , , , , , , , , , ]  .pets_grand_child  , limit: null
3000;5;users  .children  .grand_children  .grand_children_owns_pets pets  '_id' in [, , , , , , , , , , , , , , , , , , , , , , , , , , , , , , , , , , , , , ]  .grand2_children_owns_pets grand2_children  '_id' in [, , , , , , , , , , , , , , , , , , , , , , , , , , , , , , , , , , , , , ]  .grand3_children  .grand4_children '_id' in [, , , , , , , , , , , , , , , , , , , , , , , , , , , , , , , , , , , , , ] .grand5_children  .grand5_children_owns_pets_child pets_child  '_id' in [, , , , , , , , , , , , , , , , , , , , , , , , , , , , , , , , , , , , , ]  .pets_grand_child  , limit: null
3000;5;users '_id' in [, , , , , , , , , , , , , , , , , , , , , , , , , , , , , , , , , , , , , ] .children  .grand_children  .grand_children_owns_pets pets  '_id' in [, , , , , , , , , , , , , , , , , , , , , , , , , , , , , , , , , , , ]  .pets_child '_id' in [, , , , , , , , , , , , , , , , , , , , , , , , , , , , , , , , , , , , , ] .grand2_children_owns_pets_child grand2_children  '_id' in [, , , , , , , , , , , , , , , , , , , , , , , , , , , , , , , , , , , , , ]  .grand2_children_owns_pets_grand_child pets_grand_child  '_id' in [, , , , , , , , , , , , , , , , , , , , , , , , , , , , , , , , , , , , , ]  , limit: null
3000;4;users  .children '_id' in [, , , , , , , , , , , , , , , , , , , , , , , , , , , , , , , , , , , , , ] .grand_children  .grand_children_owns_pets pets  '_id' in [, , , , , , , , , , , , , , , , , , , , , , , , , , , , , , , , , , , ]  .pets_child  .grand2_children_owns_pets_child grand2_children  '_id' in [, , , , , , , , , , , , , , , , , , , , , , , , , , , , , , , , , , , ]  .grand3_children  .grand3_children_owns_pets_grand_child pets_grand_child  '_id' in [, , , , , , , , , , , , , , , , , , , , , , , , , , , , , , , , , , , ]  , limit: null
3000;5;users  .children '_id' in [, , , , , , , , , , , , , , , , , , , , , , , , , , , , , , , , , , , ] .grand_children  .grand_children_owns_pets pets  '_id' in [, , , , , , , , , , , , , , , , , , , , , , , , , , , , , , , , , , , , , ]  .pets_child  .grand2_children_owns_pets_child grand2_children  '_id' in [, , , , , , , , , , , , , , , , , , , , , , , , , , , , , , , , , , , , , ]  .grand3_children  .grand4_children  .grand4_children_owns_pets_grand_child pets_grand_child  '_id' in [, , , , , , , , , , , , , , , , , , , , , , , , , , , , , , , , , , , ]  , limit: null
3000;6;users  .children  .grand_children  .grand_children_owns_pets pets  '_id' in [, , , , , , , , , , , , , , , , , , , , , , , , , , , , , , , , , , , ]  .pets_child  .grand2_children_owns_pets_child grand2_children  '_id' in [, , , , , , , , , , , , , , , , , , , , , , , , , , , , , , , , , , , , , ]  .grand3_children  .grand4_children '_id' in [, , , , , , , , , , , , , , , , , , , , , , , , , , , , , , , , , , , , , ] .grand5_children  .grand5_children_owns_pets_grand_child pets_grand_child  '_id' in [, , , , , , , , , , , , , , , , , , , , , , , , , , , , , , , , , , , ]  , limit: null
3000;5;users  .children  .grand_children  .grand2_children '_id' in [, , , , , , , , , , , , , , , , , , , , , , , , , , , , , , , , , , , ] .grand2_children_owns_pets pets  '_id' in [, , , , , , , , , , , , , , , , , , , , , , , , , , , , , , , , , , , ]  .grand3_children_owns_pets grand3_children  '_id' in [, , , , , , , , , , , , , , , , , , , , , , , , , , , , , , , , , , , ]  .grand3_children_owns_pets_child pets_child  '_id' in [, , , , , , , , , , , , , , , , , , , , , , , , , , , , , , , , , , , ]  .pets_grand_child  , limit: null
3000;2;users  .children  .grand_children  .grand2_children '_id' in [, , , , , , , , , , , , , , , , , , , , , , , , , , , , , , , , , , , ] .grand2_children_owns_pets pets  '_id' in [, , , , , , , , , , , , , , , , , , , , , , , , , , , , , , , , , , , ]  .grand3_children_owns_pets grand3_children  '_id' in [, , , , , , , , , , , , , , , , , , , , , , , , , , , , , , , , , , , ]  .grand4_children  .grand4_children_owns_pets_child pets_child  '_id' in [, , , , , , , , , , , , , , , , , , , , , , , , , , , , , , , , , , , ]  .pets_grand_child  , limit: null
3000;4;users  .children  .grand_children '_id' in [, , , , , , , , , , , , , , , , , , , , , , , , , , , , , , , , , , , , , ] .grand2_children  .grand2_children_owns_pets pets  '_id' in [, , , , , , , , , , , , , , , , , , , , , , , , , , , , , , , , , , , ]  .grand3_children_owns_pets grand3_children  '_id' in [, , , , , , , , , , , , , , , , , , , , , , , , , , , , , , , , , , , , , ]  .grand4_children  .grand5_children  .grand5_children_owns_pets_child pets_child  '_id' in [, , , , , , , , , , , , , , , , , , , , , , , , , , , , , , , , , , , ]  .pets_grand_child  , limit: null
3000;3;users '_id' in [, , , , , , , , , , , , , , , , , , , , , , , , , , , , , , , , , , , , , ] .children  .grand_children  .grand2_children  .grand2_children_owns_pets pets  '_id' in [, , , , , , , , , , , , , , , , , , , , , , , , , , , , , , , , , , , , , ]  .pets_child  .grand3_children_owns_pets_child grand3_children  '_id' in [, , , , , , , , , , , , , , , , , , , , , , , , , , , , , , , , , , , ]  .grand3_children_owns_pets_grand_child pets_grand_child  '_id' in [, , , , , , , , , , , , , , , , , , , , , , , , , , , , , , , , , , , ]  , limit: null
3000;6;users  .children  .grand_children '_id' in [, , , , , , , , , , , , , , , , , , , , , , , , , , , , , , , , , , , , , ] .grand2_children  .grand2_children_owns_pets pets  '_id' in [, , , , , , , , , , , , , , , , , , , , , , , , , , , , , , , , , , , ]  .pets_child  .grand3_children_owns_pets_child grand3_children  '_id' in [, , , , , , , , , , , , , , , , , , , , , , , , , , , , , , , , , , , ]  .grand4_children  .grand4_children_owns_pets_grand_child pets_grand_child  '_id' in [, , , , , , , , , , , , , , , , , , , , , , , , , , , , , , , , , , , , , ]  , limit: null
3000;6;users  .children '_id' in [, , , , , , , , , , , , , , , , , , , , , , , , , , , , , , , , , , , , , ] .grand_children  .grand2_children  .grand2_children_owns_pets pets  '_id' in [, , , , , , , , , , , , , , , , , , , , , , , , , , , , , , , , , , , ]  .pets_child  .grand3_children_owns_pets_child grand3_children  '_id' in [, , , , , , , , , , , , , , , , , , , , , , , , , , , , , , , , , , , , , ]  .grand4_children  .grand5_children  .grand5_children_owns_pets_grand_child pets_grand_child  '_id' in [, , , , , , , , , , , , , , , , , , , , , , , , , , , , , , , , , , , ]  , limit: null
3000;4;users  .children  .grand_children  .grand2_children  .grand3_children '_id' in [, , , , , , , , , , , , , , , , , , , , , , , , , , , , , , , , , ] .grand3_children_owns_pets pets  '_id' in [, , , , , , , , , , , , , , , , , , , , , , , , , , , , , , , , , , , ]  .grand4_children_owns_pets grand4_children  '_id' in [, , , , , , , , , , , , , , , , , , , , , , , , , , , , , , , , , ]  .grand4_children_owns_pets_child pets_child  '_id' in [, , , , , , , , , , , , , , , , , , , , , , , , , , , , , , , , , , , ]  .pets_grand_child  , limit: null
3000;8;users  .children  .grand_children '_id' in [, , , , , , , , , , , , , , , , , , , , , , , , , , , , , , , , , , , , , ] .grand2_children  .grand3_children  .grand3_children_owns_pets pets  '_id' in [, , , , , , , , , , , , , , , , , , , , , , , , , , , , , , , , , , , ]  .grand4_children_owns_pets grand4_children  '_id' in [, , , , , , , , , , , , , , , , , , , , , , , , , , , , , , , , , , , , , ]  .grand5_children  .grand5_children_owns_pets_child pets_child  '_id' in [, , , , , , , , , , , , , , , , , , , , , , , , , , , , , , , , , , , , , ]  .pets_grand_child  , limit: null
3000;6;users  .children  .grand_children  .grand2_children '_id' in [, , , , , , , , , , , , , , , , , , , , , , , , , , , , , , , , , , , ] .grand3_children  .grand3_children_owns_pets pets  '_id' in [, , , , , , , , , , , , , , , , , , , , , , , , , , , , , , , , , , , , , ]  .pets_child  .grand4_children_owns_pets_child grand4_children  '_id' in [, , , , , , , , , , , , , , , , , , , , , , , , , , , , , , , , , , , ]  .grand4_children_owns_pets_grand_child pets_grand_child  '_id' in [, , , , , , , , , , , , , , , , , , , , , , , , , , , , , , , , , , , ]  , limit: null
3000;7;users '_id' in [, , , , , , , , , , , , , , , , , , , , , , , , , , , , , , , , , , , ] .children  .grand_children  .grand2_children  .grand3_children  .grand3_children_owns_pets pets  '_id' in [, , , , , , , , , , , , , , , , , , , , , , , , , , , , , , , , , ]  .pets_child  .grand4_children_owns_pets_child grand4_children  '_id' in [, , , , , , , , , , , , , , , , , , , , , , , , , , , , , , , , , , , ]  .grand5_children  .grand5_children_owns_pets_grand_child pets_grand_child  '_id' in [, , , , , , , , , , , , , , , , , , , , , , , , , , , , , , , , , , , ]  , limit: null
3000;3;users  .children  .grand_children  .grand2_children  .grand3_children '_id' in [, , , , , , , , , , , , , , , , , , , , , , , , , , , , , , , , , , , ] .grand4_children  .grand4_children_owns_pets pets  '_id' in [, , , , , , , , , , , , , , , , , , , , , , , , , , , , , , , , , , , ]  .grand5_children_owns_pets grand5_children  '_id' in [, , , , , , , , , , , , , , , , , , , , , , , , , , , , , , , , , , , ]  .grand5_children_owns_pets_child pets_child  '_id' in [, , , , , , , , , , , , , , , , , , , , , , , , , , , , , , , , , , , ]  .pets_grand_child  , limit: null
3000;4;users '_id' in [, , , , , , , , , , , , , , , , , , , , , , , , , , , , , , , , , ] .children  .grand_children  .grand2_children  .grand3_children  .grand4_children  .grand4_children_owns_pets pets  '_id' in [, , , , , , , , , , , , , , , , , , , , , , , , , , , , , , , , , ]  .pets_child  .grand5_children_owns_pets_child grand5_children  '_id' in [, , , , , , , , , , , , , , , , , , , , , , , , , , , , , , , , , , , ]  .grand5_children_owns_pets_grand_child pets_grand_child  '_id' in [, , , , , , , , , , , , , , , , , , , , , , , , , , , , , , , , , , , ]  , limit: null
3000;31;users 'name' in [, , , , , , , , , , , , , , , , , , , , , , , , , , , , , , , , , ] , limit: null
3000;15;users 'age' in [, , , , , , , , , , , , , , , , , , , , , , , , , , , , , , , ] .children 'name' in [, , , , , , , , , , , , , , , , , , , , , , , , , , , , , , , , , , , ] , limit: null
3000;9;users  .children 'name' in [, , , , , , , , , , , , , , , , , , , , , , , , , , , , , , , , , , , ] .grand_children 'name' in [, , , , , , , , , , , , , , , , , , , , , , , , , , , , , , , , , , , , , ] , limit: null
3000;12;users 'name' in [, , , , , , , , , , , , , , , , , , , , , , , , , , , , , , , , , , , ] .children  .grand_children  .grand2_children 'age' in [, , , , , , , , , , , , , , , , , , , , , , , , , , , , , , , ] , limit: null
3000;36;users  .children  .grand_children  .grand2_children 'name' in [, , , , , , , , , , , , , , , , , , , , , , , , , , , , , , , , , , , , , ] .grand3_children  , limit: null
3000;378;users  .children  .grand_children  .grand2_children  .grand3_children  .grand4_children 'age' in [, , , , , , , , , , , , , , , , , , , , , , , , , ] , limit: null
3000;31;users  .children  .grand_children  .grand2_children  .grand3_children 'name' in [, , , , , , , , , , , , , , , , , , , , , , , , , , , , , , , ] .grand4_children  .grand5_children  , limit: null
3000;36;users 'name' in [, , , , , , , , , , , , , , , , , , , , , , , , , , , , , , , , , , , ] .users_owns_pets pets    , limit: null
3000;7;users 'name' in [, , , , , , , , , , , , , , , , , , , , , , , , , , , , , , , , , ] .users_owns_pets pets 'nickname' in [, , , , , , , , , , , , , , , , , , , , , , , , , , , , , , , , , ]   .pets_child 'animal' in [, , , , , , , , , , , , , , , , , , , , , , , , , , , , , , , , , , , ] , limit: null
3000;33;users  .users_owns_pets pets    .pets_child 'animal' in [, , , , , , , , , , , , , , , , , , , , , , , , , , , , , , , , , ] .pets_grand_child 'age' in [, , , , , , , , , , , , , ] , limit: null
3000;15;users 'name' in [, , , , , , , , , , , , , , , , , , , , , , , , , , , , , , , , , ] .children 'age' in [, , , , , , , , , , , , , , , , , , , , , , , , , , , , , ] .children_owns_pets pets    , limit: null
3000;266;users  .children 'age' in [, , , , , , , , , , , , , , , , , , , , , , , , , , , , , , , ] .children_owns_pets pets    .pets_child 'age' in [, , , , , , , , , , , , , , , , , , , ] , limit: null
3000;4;users 'name' in [, , , , , , , , , , , , , , , , , , , , , , , , , , , , , , , , , , , ] .children  .children_owns_pets pets 'nickname' in [, , , , , , , , , , , , , , , , , , , , , , , , , , , , , , , , , ]   .pets_child  .pets_grand_child 'animal' in [, , , , , , , , , , , , , , , , , , , , , , , , , , , , , , , , , , , , , ] , limit: null
3000;84;users 'age' in [, , , , , , , , , , , , , , , , , , , , , , , , , , , , , , , ] .children  .grand_children 'age' in [, , , , , , , , , , , , , , , , , , , , , , , , , , , , , , , , , ] .grand_children_owns_pets pets    , limit: null
3000;11;users 'age' in [, , , , , , , , , , , , , , , , , , , , , , , , , , , , , , , ] .children 'name' in [, , , , , , , , , , , , , , , , , , , , , , , , , , , , , , , , , ] .grand_children  .grand_children_owns_pets pets    .pets_child  , limit: null
3000;88;users  .children  .grand_children  .grand_children_owns_pets pets    .pets_child  .pets_grand_child 'animal' in [, , , , , , , , , , , , , , , , , , , , , , , , , , , , , , , , , ] , limit: null
3000;12;users 'name' in [, , , , , , , , , , , , , , , , , , , , , , , , , , , , , , , , , , , ] .children  .grand_children  .grand2_children 'name' in [, , , , , , , , , , , , , , , , , , , , , , , , , , , , , , , , , , , ] .grand2_children_owns_pets pets    , limit: null
3000;60;users  .children  .grand_children 'age' in [, , , , , , , , , , , , , , , , , , , , , , , , , , , , , ] .grand2_children  .grand2_children_owns_pets pets 'nickname' in [, , , , , , , , , , , , , , , , , , , , , , , , , , , , , , , , , ]   .pets_child  , limit: null
3000;590;users  .children  .grand_children  .grand2_children  .grand2_children_owns_pets pets 'since' in [, , , , , , , , , , , , , , , , , , , , , ]   .pets_child 'age' in [, , , , , , , , , , , , , ] .pets_grand_child  , limit: null
3000;473;users 'age' in [, , , , , , , , , , , , , , , , , , , , , , , , , , , , , ] .children  .grand_children  .grand2_children  .grand3_children  .grand3_children_owns_pets pets    , limit: null
3000;38;users  .children 'name' in [, , , , , , , , , , , , , , , , , , , , , , , , , , , , , , , , , , , ] .grand_children  .grand2_children  .grand3_children  .grand3_children_owns_pets pets    .pets_child  , limit: null
3000;226;users  .children  .grand_children 'age' in [, , , , , , , , , , , , , , , , , , , , , , , , , , , , , ] .grand2_children  .grand3_children  .grand3_children_owns_pets pets  'age' in [, , , , , , , , , , , , , , , , , , , ]  .pets_child  .pets_grand_child  , limit: null
3000;70;users  .children  .grand_children  .grand2_children  .grand3_children  .grand4_children 'age' in [, , , , , , , , , , , , , , , , , , , , , , , , , , , , , , , ] .grand4_children_owns_pets pets 'nickname' in [, , , , , , , , , , , , , , , , , , , , , , , , , , , , , , , , , ]   , limit: null
3000;19;users  .children  .grand_children  .grand2_children  .grand3_children 'name' in [, , , , , , , , , , , , , , , , , , , , , , , , , , , , , , , , , ] .grand4_children  .grand4_children_owns_pets pets  'age' in [, , , , , , , , , , , , , , , , , , , ]  .pets_child  , limit: null
3000;11;users  .children  .grand_children  .grand2_children  .grand3_children 'name' in [, , , , , , , , , , , , , , , , , , , , , , , , , , , , , , , , , , , , , ] .grand4_children  .grand4_children_owns_pets pets  'animal' in [, , , , , , , , , , , , , , , , , , , , , , , , , , , , , , , , , , , ]  .pets_child  .pets_grand_child  , limit: null
3000;515;users  .children  .grand_children  .grand2_children  .grand3_children 'age' in [, , , , , , , , , , , , , , , , , , , , , , , , , , , , , , , ] .grand4_children  .grand5_children  .grand5_children_owns_pets pets    , limit: null
3000;663;users  .children  .grand_children  .grand2_children  .grand3_children  .grand4_children  .grand5_children  .grand5_children_owns_pets pets 'since' in [, , , , , , , , , , , , , , , , , , , ]   .pets_child 'age' in [, , , , , , , , , , , , , , , , , ] , limit: null
3000;35;users 'name' in [, , , , , , , , , , , , , , , , , , , , , , , , , , , , , , , , , , , , , ] .children  .grand_children  .grand2_children  .grand3_children  .grand4_children  .grand5_children  .grand5_children_owns_pets pets    .pets_child  .pets_grand_child  , limit: null
3000;13;pets 'animal' in [, , , , , , , , , , , , , , , , , , , , , , , , , , , , , , , , , , , , , ] .users_owns_pets users  'name' in [, , , , , , , , , , , , , , , , , , , , , , , , , , , , , , , , , , , , , ]  , limit: null
3000;3;pets 'animal' in [, , , , , , , , , , , , , , , , , , , , , , , , , , , , , , , , , ] .pets_child 'animal' in [, , , , , , , , , , , , , , , , , , , , , , , , , , , , , , , , , ] .users_owns_pets_child users 'since' in [, , , , , , , , , , , , , ]   , limit: null
3000;51;pets 'age' in [, , , , , , , , , , , , , , , , , , , ] .pets_child 'animal' in [, , , , , , , , , , , , , , , , , , , , , , , , , , , , , , , , , , , ] .pets_grand_child  .users_owns_pets_grand_child users    , limit: null
3000;250;pets 'age' in [, , , , , , , , , , , , , , , , , , , ] .users_owns_pets users    .children 'age' in [, , , , , , , , , , , , , , , , , , , , , , , , , , , , , , , ] , limit: null
3000;7;pets 'animal' in [, , , , , , , , , , , , , , , , , , , , , , , , , , , , , , , , , , , ] .pets_child  .users_owns_pets_child users  'name' in [, , , , , , , , , , , , , , , , , , , , , , , , , , , , , , , , , , , , , ]  .children 'name' in [, , , , , , , , , , , , , , , , , , , , , , , , , , , , , , , , , , , ] , limit: null
3000;18;pets  .pets_child  .pets_grand_child 'age' in [, , , , , , , , , , , , , , , , , , , , , ] .users_owns_pets_grand_child users    .children 'name' in [, , , , , , , , , , , , , , , , , , , , , , , , , , , , , , , , , , , ] , limit: null
3000;8;pets 'age' in [, , , , , , , , , , , , , , , , , , , ] .users_owns_pets users  'name' in [, , , , , , , , , , , , , , , , , , , , , , , , , , , , , , , , , , , ]  .children  .grand_children 'name' in [, , , , , , , , , , , , , , , , , , , , , , , , , , , , , , , , , , , ] , limit: null
3000;77;pets 'age' in [, , , , , , , , , , , , , , , , , ] .pets_child 'age' in [, , , , , , , , , , , , , , , , , , , ] .users_owns_pets_child users 'nickname' in [, , , , , , , , , , , , , , , , , , , , , , , , , , , , , , , , , ]   .children  .grand_children  , limit: null
3000;35;pets  .pets_child  .pets_grand_child  .users_owns_pets_grand_child users    .children 'name' in [, , , , , , , , , , , , , , , , , , , , , , , , , , , , , , , , , , , ] .grand_children  , limit: null
3000;12;pets 'age' in [, , , , , , , , , , , , , , , , , ] .users_owns_pets users 'since' in [, , , , , , , , , , , , , , , , , , , ]   .children 'name' in [, , , , , , , , , , , , , , , , , , , , , , , , , , , , , , , , , , , ] .grand_children  .grand2_children  , limit: null
3000;489;pets  .pets_child  .users_owns_pets_child users    .children  .grand_children  .grand2_children 'age' in [, , , , , , , , , , , , , , , , , , , , , , , , , , , , , ] , limit: null
3000;18;pets  .pets_child 'age' in [, , , , , , , , , , , , , , , , , ] .pets_grand_child  .users_owns_pets_grand_child users  'name' in [, , , , , , , , , , , , , , , , , , , , , , , , , , , , , , , , , , , ]  .children  .grand_children  .grand2_children  , limit: null
3000;1041;pets 'age' in [, , , , , , , , , , , , , ] .users_owns_pets users    .children  .grand_children  .grand2_children  .grand3_children  , limit: null
3000;18;pets  .pets_child 'animal' in [, , , , , , , , , , , , , , , , , , , , , , , , , , , , , , , , , ] .users_owns_pets_child users 'nickname' in [, , , , , , , , , , , , , , , , , , , , , , , , , , , , , ]   .children  .grand_children  .grand2_children  .grand3_children  , limit: null
3000;460;pets  .pets_child  .pets_grand_child  .users_owns_pets_grand_child users    .children  .grand_children  .grand2_children  .grand3_children 'age' in [, , , , , , , , , , , , , , , , , , , , , , , , , , , , , , , ] , limit: null
3000;15;pets  .users_owns_pets users  'age' in [, , , , , , , , , , , , , , , , , , , , , , , , , , , , , ]  .children  .grand_children 'name' in [, , , , , , , , , , , , , , , , , , , , , , , , , , , , , , , , , , , , , ] .grand2_children  .grand3_children  .grand4_children  , limit: null
3000;22;pets  .pets_child 'age' in [, , , , , , , , , , , , , , , ] .users_owns_pets_child users  'name' in [, , , , , , , , , , , , , , , , , , , , , , , , , , , , , , , , , , , ]  .children  .grand_children  .grand2_children  .grand3_children  .grand4_children  , limit: null
3000;74;pets  .pets_child  .pets_grand_child  .users_owns_pets_grand_child users 'nickname' in [, , , , , , , , , , , , , , , , , , , , , , , , , , , , , , , ]   .children  .grand_children  .grand2_children  .grand3_children  .grand4_children 'age' in [, , , , , , , , , , , , , , , , , , , , , , , , , , , , , , , ] , limit: null
3000;12;pets  .users_owns_pets users  'name' in [, , , , , , , , , , , , , , , , , , , , , , , , , , , , , , , , , , , ]  .children  .grand_children  .grand2_children  .grand3_children  .grand4_children  .grand5_children 'name' in [, , , , , , , , , , , , , , , , , , , , , , , , , , , , , , , , , ] , limit: null
3000;76;pets  .pets_child  .users_owns_pets_child users 'nickname' in [, , , , , , , , , , , , , , , , , , , , , , , , , , , , , , , ]   .children  .grand_children  .grand2_children  .grand3_children 'age' in [, , , , , , , , , , , , , , , , , , , , , , , , , , , , , , , , , ] .grand4_children  .grand5_children  , limit: null
3000;494;pets  .pets_child  .pets_grand_child  .users_owns_pets_grand_child users    .children  .grand_children  .grand2_children  .grand3_children  .grand4_children 'age' in [, , , , , , , , , , , , , , , , , , , , , , , , , , , , , ] .grand5_children  , limit: null
3000;127;users 'age' in [, , , , , , , , , , , , , , , , , , , , , , , , , , , , , ] .users_owns_pets pets  'age' in [, , , , , , , , , , , , , , , , , , , ]  .children_owns_pets children 'since' in [, , , , , , , , , , , , , , , , , , , , , ]   , limit: null
3000;7;users 'name' in [, , , , , , , , , , , , , , , , , , , , , , , , , , , , , , , , , , , , , ] .users_owns_pets pets 'since' in [, , , , , , , , , , , , , , , , , ]   .children_owns_pets children  'name' in [, , , , , , , , , , , , , , , , , , , , , , , , , , , , , , , , , , , ]  , limit: null
3000;4;users 'name' in [, , , , , , , , , , , , , , , , , , , , , , , , , , , , , , , , , , , ] .users_owns_pets pets  'age' in [, , , , , , , , , , , , , , , , , ]  .children_owns_pets children  'name' in [, , , , , , , , , , , , , , , , , , , , , , , , , , , , , , , , , , , ]  .grand_children 'name' in [, , , , , , , , , , , , , , , , , , , , , , , , , , , , , , , , , , , ] , limit: null
3000;9;users 'age' in [, , , , , , , , , , , , , , , , , , , , , , , , , , , ] .users_owns_pets pets  'age' in [, , , , , , , , , , , , , , , , , ]  .children_owns_pets children  'age' in [, , , , , , , , , , , , , , , , , , , , , , , , , , , , , ]  .grand_children  .grand2_children 'age' in [, , , , , , , , , , , , , , , , , , , , , , , , , ] , limit: null
3000;5;users  .users_owns_pets pets  'animal' in [, , , , , , , , , , , , , , , , , , , , , , , , , , , , , , , , , , , , , ]  .children_owns_pets children  'name' in [, , , , , , , , , , , , , , , , , , , , , , , , , , , , , , , , , , , , , ]  .grand_children 'age' in [, , , , , , , , , , , , , , , , , , , , , , , , , , , , , , , , , ] .grand2_children 'name' in [, , , , , , , , , , , , , , , , , , , , , , , , , , , , , , , , , , , , , ] .grand3_children  , limit: null
3000;10;users  .users_owns_pets pets  'animal' in [, , , , , , , , , , , , , , , , , , , , , , , , , , , , , , , , , ]  .children_owns_pets children 'since' in [, , , , , , , , , , , , , ]   .grand_children 'age' in [, , , , , , , , , , , , , , , , , , , , , , , , , , , , , , , , , ] .grand2_children  .grand3_children  .grand4_children  , limit: null
3000;28;users  .users_owns_pets pets  'age' in [, , , , , , , , , , , , , , , , , , , ]  .children_owns_pets children  'age' in [, , , , , , , , , , , , , , , , , , , , , , , , , ]  .grand_children  .grand2_children  .grand3_children 'age' in [, , , , , , , , , , , , , , , , , , , , , , , , , ] .grand4_children  .grand5_children  , limit: null
3000;4;users 'age' in [, , , , , , , , , , , , , , , , , , , , , , , , , , , , , , , ] .users_owns_pets pets  'animal' in [, , , , , , , , , , , , , , , , , , , , , , , , , , , , , , , , , , , ]  .pets_child 'animal' in [, , , , , , , , , , , , , , , , , , , , , , , , , , , , , , , , , ] .children_owns_pets_child children 'nickname' in [, , , , , , , , , , , , , , , , , , , , , , , , , , , , , , , ]   , limit: null
3000;5;users 'age' in [, , , , , , , , , , , , , , , , , , , , , , , , , , , ] .users_owns_pets pets  'age' in [, , , , , , , , , , , , , , , , , ]  .pets_child 'animal' in [, , , , , , , , , , , , , , , , , , , , , , , , , , , , , , , , , , , ] .children_owns_pets_child children  'name' in [, , , , , , , , , , , , , , , , , , , , , , , , , , , , , , , , , , , , , ]  , limit: null
3000;7;users 'age' in [, , , , , , , , , , , , , , , , , , , , , , , , , , , , , , , ] .users_owns_pets pets  'age' in [, , , , , , , , , , , , , , , , , , , ]  .pets_child  .children_owns_pets_child children  'name' in [, , , , , , , , , , , , , , , , , , , , , , , , , , , , , , , , , , , ]  .grand_children 'name' in [, , , , , , , , , , , , , , , , , , , , , , , , , , , , , , , , , , , , , ] , limit: null
3000;4;users  .users_owns_pets pets  'animal' in [, , , , , , , , , , , , , , , , , , , , , , , , , , , , , , , , , , , ]  .pets_child 'animal' in [, , , , , , , , , , , , , , , , , , , , , , , , , , , , , , , , , ] .children_owns_pets_child children  'age' in [, , , , , , , , , , , , , , , , , , , , , , , , , , , , , ]  .grand_children  .grand2_children 'age' in [, , , , , , , , , , , , , , , , , , , , , , , , , , , , , ] , limit: null
3000;7;users 'age' in [, , , , , , , , , , , , , , , , , , , , , , , , , , , ] .users_owns_pets pets  'age' in [, , , , , , , , , , , , , , , , , ]  .pets_child  .children_owns_pets_child children  'name' in [, , , , , , , , , , , , , , , , , , , , , , , , , , , , , , , , , ]  .grand_children  .grand2_children  .grand3_children  , limit: null
3000;8;users 'age' in [, , , , , , , , , , , , , , , , , , , , , , , , , , , , , , , ] .users_owns_pets pets  'animal' in [, , , , , , , , , , , , , , , , , , , , , , , , , , , , , , , , , , , , , ]  .pets_child  .children_owns_pets_child children  'name' in [, , , , , , , , , , , , , , , , , , , , , , , , , , , , , , , , , , , , , ]  .grand_children  .grand2_children  .grand3_children  .grand4_children  , limit: null
3000;6;users  .users_owns_pets pets 'since' in [, , , , , , , , , , , , , , , , , , , , , ]   .pets_child  .children_owns_pets_child children 'nickname' in [, , , , , , , , , , , , , , , , , , , , , , , , , , , , , , , ]   .grand_children  .grand2_children  .grand3_children  .grand4_children 'name' in [, , , , , , , , , , , , , , , , , , , , , , , , , , , , , , , , , , , ] .grand5_children  , limit: null
3000;6;users 'name' in [, , , , , , , , , , , , , , , , , , , , , , , , , , , , , , , , , , , ] .users_owns_pets pets  'age' in [, , , , , , , , , , , , , , , , , ]  .pets_child  .pets_grand_child 'animal' in [, , , , , , , , , , , , , , , , , , , , , , , , , , , , , , , , , , , ] .children_owns_pets_grand_child children 'since' in [, , , , , , , , , , , , , , , , , , , ]   , limit: null
3000;4;users 'name' in [, , , , , , , , , , , , , , , , , , , , , , , , , , , , , , , , , , , ] .users_owns_pets pets 'since' in [, , , , , , , , , , , , , , , , , ]   .pets_child  .pets_grand_child 'age' in [, , , , , , , , , , , , , , , , , ] .children_owns_pets_grand_child children  'age' in [, , , , , , , , , , , , , , , , , , , , , , , , , , , ]  , limit: null
3000;7;users 'age' in [, , , , , , , , , , , , , , , , , , , , , , , , , , , , , ] .users_owns_pets pets  'age' in [, , , , , , , , , , , , , , , , , , , ]  .pets_child  .pets_grand_child  .children_owns_pets_grand_child children 'nickname' in [, , , , , , , , , , , , , , , , , , , , , , , , , , , , , , , , , , , ]   .grand_children 'name' in [, , , , , , , , , , , , , , , , , , , , , , , , , , , , , , , , , , , , , ] , limit: null
3000;74;users  .users_owns_pets pets 'since' in [, , , , , , , , , , , , , , , , , , , ]   .pets_child  .pets_grand_child 'age' in [, , , , , , , , , , , , , , , ] .children_owns_pets_grand_child children 'nickname' in [, , , , , , , , , , , , , , , , , , , , , , , , , , , , , , , ]   .grand_children  .grand2_children  , limit: null
3000;10;users  .users_owns_pets pets  'age' in [, , , , , , , , , , , , , , , , , ]  .pets_child  .pets_grand_child  .children_owns_pets_grand_child children  'age' in [, , , , , , , , , , , , , , , , , , , , , , , , , , , , , , , ]  .grand_children 'name' in [, , , , , , , , , , , , , , , , , , , , , , , , , , , , , , , , , , , , , ] .grand2_children  .grand3_children  , limit: null
3000;90;users  .users_owns_pets pets 'since' in [, , , , , , , , , , , , , , , , , ]   .pets_child 'age' in [, , , , , , , , , , , , , , , ] .pets_grand_child  .children_owns_pets_grand_child children  'age' in [, , , , , , , , , , , , , , , , , , , , , , , , , , , , , , , ]  .grand_children  .grand2_children  .grand3_children  .grand4_children  , limit: null
3000;7;users  .users_owns_pets pets 'nickname' in [, , , , , , , , , , , , , , , , , , , , , , , , , , , , , , , , , ]   .pets_child  .pets_grand_child  .children_owns_pets_grand_child children  'name' in [, , , , , , , , , , , , , , , , , , , , , , , , , , , , , , , , , , , ]  .grand_children 'name' in [, , , , , , , , , , , , , , , , , , , , , , , , , , , , , , , , , , , , , ] .grand2_children  .grand3_children  .grand4_children  .grand5_children  , limit: null
3000;5;users 'name' in [, , , , , , , , , , , , , , , , , , , , , , , , , , , , , , , , , ] .children 'name' in [, , , , , , , , , , , , , , , , , , , , , , , , , , , , , , , , , ] .children_owns_pets pets 'nickname' in [, , , , , , , , , , , , , , , , , , , , , , , , , , , , , , , , , ]   .grand_children_owns_pets grand_children  'name' in [, , , , , , , , , , , , , , , , , , , , , , , , , , , , , , , , , ]  , limit: null
3000;6;users 'age' in [, , , , , , , , , , , , , , , , , , , , , , , , , , , ] .children 'name' in [, , , , , , , , , , , , , , , , , , , , , , , , , , , , , , , , , , , ] .children_owns_pets pets  'animal' in [, , , , , , , , , , , , , , , , , , , , , , , , , , , , , , , , , , , ]  .grand_children_owns_pets grand_children 'since' in [, , , , , , , , , , , , , , , , , , , , , ]   , limit: null
3000;3;users 'age' in [, , , , , , , , , , , , , , , , , , , , , , , , , , , , , , , ] .children 'name' in [, , , , , , , , , , , , , , , , , , , , , , , , , , , , , , , , , , , ] .children_owns_pets pets 'nickname' in [, , , , , , , , , , , , , , , , , , , , , , , , , , , , , , , , , ]   .grand_children_owns_pets grand_children  'age' in [, , , , , , , , , , , , , , , , , , , , , , , , , , , , , ]  , limit: null
3000;5;users 'name' in [, , , , , , , , , , , , , , , , , , , , , , , , , , , , , , , , , , , ] .children  .children_owns_pets pets 'since' in [, , , , , , , , , , , , , , , , , ]   .grand_children_owns_pets grand_children  'age' in [, , , , , , , , , , , , , , , , , , , , , , , , , , , , , ]  .grand2_children 'age' in [, , , , , , , , , , , , , , , , , , , , , , , , , , , , , ] , limit: null
3000;4;users  .children  .children_owns_pets pets  'animal' in [, , , , , , , , , , , , , , , , , , , , , , , , , , , , , , , , , ]  .grand_children_owns_pets grand_children  'age' in [, , , , , , , , , , , , , , , , , , , , , , , , , , , , , , , ]  .grand2_children 'name' in [, , , , , , , , , , , , , , , , , , , , , , , , , , , , , , , , , , , , , ] .grand3_children 'age' in [, , , , , , , , , , , , , , , , , , , , , , , , , , , , , , , ] , limit: null
3000;9;users  .children  .children_owns_pets pets  'animal' in [, , , , , , , , , , , , , , , , , , , , , , , , , , , , , , , , , , , ]  .grand_children_owns_pets grand_children  'age' in [, , , , , , , , , , , , , , , , , , , , , , , , , , , , , , , ]  .grand2_children 'age' in [, , , , , , , , , , , , , , , , , , , , , , , , , , , , , , , ] .grand3_children  .grand4_children  , limit: null
3000;7;users 'age' in [, , , , , , , , , , , , , , , , , , , , , , , , , , , ] .children 'age' in [, , , , , , , , , , , , , , , , , , , , , , , , , , , , , , , ] .children_owns_pets pets 'nickname' in [, , , , , , , , , , , , , , , , , , , , , , , , , , , , , , , ]   .pets_child  .grand_children_owns_pets_child grand_children 'nickname' in [, , , , , , , , , , , , , , , , , , , , , , , , , , , , , , , ]   , limit: null
3000;4;users  .children 'age' in [, , , , , , , , , , , , , , , , , , , , , , , , , , , , , , , , , ] .children_owns_pets pets 'nickname' in [, , , , , , , , , , , , , , , , , , , , , , , , , , , , , , , , , , , ]   .pets_child 'animal' in [, , , , , , , , , , , , , , , , , , , , , , , , , , , , , , , , , , , ] .grand_children_owns_pets_child grand_children 'since' in [, , , , , , , , , , , , , , , , , , , , , ]   , limit: null
3000;6;users  .children 'age' in [, , , , , , , , , , , , , , , , , , , , , , , , , , , , , ] .children_owns_pets pets 'nickname' in [, , , , , , , , , , , , , , , , , , , , , , , , , , , , , , , , , ]   .pets_child 'animal' in [, , , , , , , , , , , , , , , , , , , , , , , , , , , , , , , , , ] .grand_children_owns_pets_child grand_children 'since' in [, , , , , , , , , , , , , , , ]   , limit: null
3000;4;users  .children 'age' in [, , , , , , , , , , , , , , , , , , , , , , , , , , , , , , , , , ] .children_owns_pets pets  'animal' in [, , , , , , , , , , , , , , , , , , , , , , , , , , , , , , , , , , , ]  .pets_child  .grand_children_owns_pets_child grand_children  'name' in [, , , , , , , , , , , , , , , , , , , , , , , , , , , , , , , , , , , ]  .grand2_children 'name' in [, , , , , , , , , , , , , , , , , , , , , , , , , , , , , , , , , , , ] , limit: null
3000;10;users  .children  .children_owns_pets pets  'animal' in [, , , , , , , , , , , , , , , , , , , , , , , , , , , , , , , , , , , ]  .pets_child  .grand_children_owns_pets_child grand_children  'name' in [, , , , , , , , , , , , , , , , , , , , , , , , , , , , , , , , , , , , , ]  .grand2_children 'age' in [, , , , , , , , , , , , , , , , , , , , , , , , , , , , , ] .grand3_children  , limit: null
3000;5;users  .children  .children_owns_pets pets 'since' in [, , , , , , , , , , , , , ]   .pets_child  .grand_children_owns_pets_child grand_children 'nickname' in [, , , , , , , , , , , , , , , , , , , , , , , , , , , , , , , , , ]   .grand2_children  .grand3_children 'name' in [, , , , , , , , , , , , , , , , , , , , , , , , , , , , , , , , , , , ] .grand4_children  , limit: null
3000;7;users  .children  .children_owns_pets pets  'animal' in [, , , , , , , , , , , , , , , , , , , , , , , , , , , , , , , , , , , ]  .pets_child 'age' in [, , , , , , , , , , , , , , , , , ] .pets_grand_child 'animal' in [, , , , , , , , , , , , , , , , , , , , , , , , , , , , , , , , , , , ] .grand_children_owns_pets_grand_child grand_children 'since' in [, , , , , , , , , , , , , , , , , ]   , limit: null
3000;5;users 'age' in [, , , , , , , , , , , , , , , , , , , , , , , , , , , , , , , ] .children  .children_owns_pets pets 'nickname' in [, , , , , , , , , , , , , , , , , , , , , , , , , , , , , , , ]   .pets_child  .pets_grand_child 'animal' in [, , , , , , , , , , , , , , , , , , , , , , , , , , , , , , , , , , , , , ] .grand_children_owns_pets_grand_child grand_children 'since' in [, , , , , , , , , , , , , , , , , ]   , limit: null
3000;2;users 'name' in [, , , , , , , , , , , , , , , , , , , , , , , , , , , , , , , , , , , ] .children 'age' in [, , , , , , , , , , , , , , , , , , , , , , , , , , , , , ] .children_owns_pets pets  'animal' in [, , , , , , , , , , , , , , , , , , , , , , , , , , , , , , , , , ]  .pets_child  .pets_grand_child  .grand_children_owns_pets_grand_child grand_children 'nickname' in [, , , , , , , , , , , , , , , , , , , , , , , , , , , , , , , , , ]   , limit: null
3000;33;users  .children  .children_owns_pets pets 'nickname' in [, , , , , , , , , , , , , , , , , , , , , , , , , , , , , , , , , , , ]   .pets_child 'age' in [, , , , , , , , , , , , , , , , , , , ] .pets_grand_child  .grand_children_owns_pets_grand_child grand_children  'age' in [, , , , , , , , , , , , , , , , , , , , , , , , , , , , , ]  .grand2_children  , limit: null
3000;16;users  .children  .children_owns_pets pets 'since' in [, , , , , , , , , , , , , , , , , , , , , ]   .pets_child 'age' in [, , , , , , , , , , , , , , , , , , , ] .pets_grand_child  .grand_children_owns_pets_grand_child grand_children  'name' in [, , , , , , , , , , , , , , , , , , , , , , , , , , , , , , , , , , , , , ]  .grand2_children  .grand3_children  , limit: null
3000;8;users  .children  .children_owns_pets pets 'since' in [, , , , , , , , , , , , , , , , , ]   .pets_child  .pets_grand_child  .grand_children_owns_pets_grand_child grand_children  'age' in [, , , , , , , , , , , , , , , , , , , , , , , , , , , , , ]  .grand2_children  .grand3_children  .grand4_children 'name' in [, , , , , , , , , , , , , , , , , , , , , , , , , , , , , , , , , , , , , ] , limit: null
3000;15;users 'age' in [, , , , , , , , , , , , , , , , , , , , , , , , , , , , , , , ] .children 'age' in [, , , , , , , , , , , , , , , , , , , , , , , , , , , , , , , , , ] .grand_children  .grand_children_owns_pets pets  'age' in [, , , , , , , , , , , , , , , , , ]  .grand2_children_owns_pets grand2_children  'age' in [, , , , , , , , , , , , , , , , , , , , , , , , , , , , , , , ]  , limit: null
3000;6;users  .children 'name' in [, , , , , , , , , , , , , , , , , , , , , , , , , , , , , , , , , , , ] .grand_children 'age' in [, , , , , , , , , , , , , , , , , , , , , , , , , , , , , , , , , ] .grand_children_owns_pets pets  'animal' in [, , , , , , , , , , , , , , , , , , , , , , , , , , , , , , , , , , , ]  .grand2_children_owns_pets grand2_children  'age' in [, , , , , , , , , , , , , , , , , , , , , , , , , , , , , , , ]  , limit: null
3000;3;users  .children 'name' in [, , , , , , , , , , , , , , , , , , , , , , , , , , , , , , , , , , , ] .grand_children 'name' in [, , , , , , , , , , , , , , , , , , , , , , , , , , , , , , , , , ] .grand_children_owns_pets pets 'since' in [, , , , , , , , , , , , , , , , , ]   .grand2_children_owns_pets grand2_children  'age' in [, , , , , , , , , , , , , , , , , , , , , , , , , , , , , ]  , limit: null
3000;4;users  .children 'age' in [, , , , , , , , , , , , , , , , , , , , , , , , , ] .grand_children 'name' in [, , , , , , , , , , , , , , , , , , , , , , , , , , , , , , , , , , , ] .grand_children_owns_pets pets  'animal' in [, , , , , , , , , , , , , , , , , , , , , , , , , , , , , , , , , , , ]  .grand2_children_owns_pets grand2_children 'nickname' in [, , , , , , , , , , , , , , , , , , , , , , , , , , , , , , , ]   , limit: null
3000;8;users 'age' in [, , , , , , , , , , , , , , , , , , , , , , , , , , , , , , , ] .children  .grand_children  .grand_children_owns_pets pets 'nickname' in [, , , , , , , , , , , , , , , , , , , , , , , , , , , , , , , , , , , ]   .grand2_children_owns_pets grand2_children 'since' in [, , , , , , , , , , , , , , , , , , , ]   .grand3_children 'age' in [, , , , , , , , , , , , , , , , , , , , , , , , , , , , , ] , limit: null
3000;8;users 'age' in [, , , , , , , , , , , , , , , , , , , , , , , , , , , ] .children 'name' in [, , , , , , , , , , , , , , , , , , , , , , , , , , , , , , , , , , , ] .grand_children  .grand_children_owns_pets pets 'since' in [, , , , , , , , , , , , , , , , , ]   .pets_child  .grand2_children_owns_pets_child grand2_children 'since' in [, , , , , , , , , , , , , , , , , ]   , limit: null
3000;8;users 'name' in [, , , , , , , , , , , , , , , , , , , , , , , , , , , , , , , , , , , ] .children 'age' in [, , , , , , , , , , , , , , , , , , , , , , , , , , , , , , , , , ] .grand_children  .grand_children_owns_pets pets  'age' in [, , , , , , , , , , , , , , , , , ]  .pets_child  .grand2_children_owns_pets_child grand2_children  'age' in [, , , , , , , , , , , , , , , , , , , , , , , , , , , , , , , ]  , limit: null
3000;4;users 'age' in [, , , , , , , , , , , , , , , , , , , , , , , , , , , , , , , ] .children 'name' in [, , , , , , , , , , , , , , , , , , , , , , , , , , , , , , , , , ] .grand_children  .grand_children_owns_pets pets 'nickname' in [, , , , , , , , , , , , , , , , , , , , , , , , , , , , , , , ]   .pets_child  .grand2_children_owns_pets_child grand2_children 'nickname' in [, , , , , , , , , , , , , , , , , , , , , , , , , , , , , , , ]   , limit: null
3000;6;users  .children 'age' in [, , , , , , , , , , , , , , , , , , , , , , , , , , , , , , , , , , , ] .grand_children  .grand_children_owns_pets pets 'nickname' in [, , , , , , , , , , , , , , , , , , , , , , , , , , , , , , , ]   .pets_child 'animal' in [, , , , , , , , , , , , , , , , , , , , , , , , , , , , , , , , , ] .grand2_children_owns_pets_child grand2_children 'since' in [, , , , , , , , , , , , , , , , , , , ]   , limit: null
3000;14;users 'age' in [, , , , , , , , , , , , , , , , , , , , , , , , , , , ] .children  .grand_children  .grand_children_owns_pets pets  'animal' in [, , , , , , , , , , , , , , , , , , , , , , , , , , , , , , , , , , , ]  .pets_child  .grand2_children_owns_pets_child grand2_children 'since' in [, , , , , , , , , , , , , , , , , ]   .grand3_children  , limit: null
3000;10;users 'age' in [, , , , , , , , , , , , , , , , , , , , , , , , , , , , , , , ] .children  .grand_children  .grand_children_owns_pets pets  'animal' in [, , , , , , , , , , , , , , , , , , , , , , , , , , , , , , , , , , , ]  .pets_child  .pets_grand_child  .grand2_children_owns_pets_grand_child grand2_children  'age' in [, , , , , , , , , , , , , , , , , , , , , , , , , , , , , , , ]  , limit: null
3000;32;users 'age' in [, , , , , , , , , , , , , , , , , , , , , , , , , , , , , , , ] .children  .grand_children  .grand_children_owns_pets pets  'age' in [, , , , , , , , , , , , , , , , , , , ]  .pets_child  .pets_grand_child  .grand2_children_owns_pets_grand_child grand2_children  'age' in [, , , , , , , , , , , , , , , , , , , , , , , , , , , , , ]  , limit: null
3000;4;users  .children 'name' in [, , , , , , , , , , , , , , , , , , , , , , , , , , , , , , , , , , , , , ] .grand_children  .grand_children_owns_pets pets  'age' in [, , , , , , , , , , , , , , , ]  .pets_child  .pets_grand_child  .grand2_children_owns_pets_grand_child grand2_children  'age' in [, , , , , , , , , , , , , , , , , , , , , , , , , , , , , , , ]  , limit: null
3000;7;users  .children 'name' in [, , , , , , , , , , , , , , , , , , , , , , , , , , , , , , , , , , , ] .grand_children  .grand_children_owns_pets pets 'nickname' in [, , , , , , , , , , , , , , , , , , , , , , , , , , , , , , , ]   .pets_child  .pets_grand_child  .grand2_children_owns_pets_grand_child grand2_children 'nickname' in [, , , , , , , , , , , , , , , , , , , , , , , , , , , , , ]   , limit: null
3000;5;users 'age' in [, , , , , , , , , , , , , , , , , , , , , , , , , , , , , , , ] .children  .grand_children  .grand_children_owns_pets pets  'animal' in [, , , , , , , , , , , , , , , , , , , , , , , , , , , , , , , ]  .pets_child  .pets_grand_child  .grand2_children_owns_pets_grand_child grand2_children  'name' in [, , , , , , , , , , , , , , , , , , , , , , , , , , , , , , , , , , , , , ]  .grand3_children  , limit: null
3000;4;users  .children 'age' in [, , , , , , , , , , , , , , , , , , , , , , , , , ] .grand_children  .grand2_children 'age' in [, , , , , , , , , , , , , , , , , , , , , , , , , , , , , , , ] .grand2_children_owns_pets pets  'age' in [, , , , , , , , , , , , , , , ]  .grand3_children_owns_pets grand3_children  'name' in [, , , , , , , , , , , , , , , , , , , , , , , , , , , , , , , , , ]  , limit: null
3000;8;users 'age' in [, , , , , , , , , , , , , , , , , , , , , , , , , , , ] .children 'age' in [, , , , , , , , , , , , , , , , , , , , , , , , , , , , , , , ] .grand_children  .grand2_children  .grand2_children_owns_pets pets  'age' in [, , , , , , , , , , , , , , , , , , , ]  .grand3_children_owns_pets grand3_children  'age' in [, , , , , , , , , , , , , , , , , , , , , , , , , , , , , ]  , limit: null
3000;6;users 'name' in [, , , , , , , , , , , , , , , , , , , , , , , , , , , , , , , , , , , , , ] .children 'name' in [, , , , , , , , , , , , , , , , , , , , , , , , , , , , , , , , , , , ] .grand_children  .grand2_children  .grand2_children_owns_pets pets  'age' in [, , , , , , , , , , , , , , , , , ]  .grand3_children_owns_pets grand3_children  'age' in [, , , , , , , , , , , , , , , , , , , , , , , , , , , ]  , limit: null
3000;6;users  .children  .grand_children 'age' in [, , , , , , , , , , , , , , , , , , , , , , , , , , , , , , , , , ] .grand2_children 'name' in [, , , , , , , , , , , , , , , , , , , , , , , , , , , , , , , , , , , ] .grand2_children_owns_pets pets 'nickname' in [, , , , , , , , , , , , , , , , , , , , , , , , , , , , , , , ]   .grand3_children_owns_pets grand3_children  'age' in [, , , , , , , , , , , , , , , , , , , , , , , , , , , ]  , limit: null
3000;12;users  .children 'age' in [, , , , , , , , , , , , , , , , , , , , , , , , , , , , , ] .grand_children  .grand2_children  .grand2_children_owns_pets pets 'nickname' in [, , , , , , , , , , , , , , , , , , , , , , , , , , , , , , , ]   .pets_child  .grand3_children_owns_pets_child grand3_children  'age' in [, , , , , , , , , , , , , , , , , , , , , , , , , , , , , , , , , ]  , limit: null
3000;7;users  .children 'name' in [, , , , , , , , , , , , , , , , , , , , , , , , , , , , , , , , , , , , , ] .grand_children  .grand2_children  .grand2_children_owns_pets pets 'nickname' in [, , , , , , , , , , , , , , , , , , , , , , , , , , , , , , , , , ]   .pets_child  .grand3_children_owns_pets_child grand3_children 'nickname' in [, , , , , , , , , , , , , , , , , , , , , , , , , , , , , ]   , limit: null
3000;86;users  .children  .grand_children 'age' in [, , , , , , , , , , , , , , , , , , , , , , , , , , , , , , , ] .grand2_children  .grand2_children_owns_pets pets 'since' in [, , , , , , , , , , , , , ]   .pets_child  .grand3_children_owns_pets_child grand3_children 'since' in [, , , , , , , , , , , , , , , , , , , , , ]   , limit: null
3000;145;users  .children  .grand_children  .grand2_children  .grand2_children_owns_pets pets  'age' in [, , , , , , , , , , , , , , , , , , , ]  .pets_child 'age' in [, , , , , , , , , , , , , , , , , , , ] .grand3_children_owns_pets_child grand3_children  'age' in [, , , , , , , , , , , , , , , , , , , , , , , , , , , , , , , ]  , limit: null
3000;6;users  .children  .grand_children  .grand2_children 'name' in [, , , , , , , , , , , , , , , , , , , , , , , , , , , , , , , , , ] .grand2_children_owns_pets pets 'nickname' in [, , , , , , , , , , , , , , , , , , , , , , , , , , , , , , , ]   .pets_child  .pets_grand_child  .grand3_children_owns_pets_grand_child grand3_children  'age' in [, , , , , , , , , , , , , , , , , , , , , , , , , , , ]  , limit: null
3000;8;users  .children  .grand_children  .grand2_children 'age' in [, , , , , , , , , , , , , , , , , , , , , , , , , , , , , , , , , ] .grand2_children_owns_pets pets  'animal' in [, , , , , , , , , , , , , , , , , , , , , , , , , , , , , , , , , , , ]  .pets_child  .pets_grand_child  .grand3_children_owns_pets_grand_child grand3_children  'age' in [, , , , , , , , , , , , , , , , , , , , , , , , , , , , , ]  , limit: null
3000;11;users  .children  .grand_children  .grand2_children  .grand2_children_owns_pets pets 'nickname' in [, , , , , , , , , , , , , , , , , , , , , , , , , , , , , ]   .pets_child  .pets_grand_child 'animal' in [, , , , , , , , , , , , , , , , , , , , , , , , , , , , , , , , , , , ] .grand3_children_owns_pets_grand_child grand3_children 'nickname' in [, , , , , , , , , , , , , , , , , , , , , , , , , , , , , , , ]   , limit: null
3000;81;users  .children  .grand_children  .grand2_children  .grand2_children_owns_pets pets  'age' in [, , , , , , , , , , , , , , , , , ]  .pets_child 'age' in [, , , , , , , , , , , , , , , , , ] .pets_grand_child  .grand3_children_owns_pets_grand_child grand3_children 'nickname' in [, , , , , , , , , , , , , , , , , , , , , , , , , , , , , , , , , ]   , limit: null
3000;6;users  .children  .grand_children  .grand2_children 'age' in [, , , , , , , , , , , , , , , , , , , , , , , , , , , , , , , ] .grand3_children  .grand3_children_owns_pets pets  'age' in [, , , , , , , , , , , , , , , , , , , ]  .grand4_children_owns_pets grand4_children  'name' in [, , , , , , , , , , , , , , , , , , , , , , , , , , , , , , , , , , , ]  , limit: null
3000;11;users  .children 'name' in [, , , , , , , , , , , , , , , , , , , , , , , , , , , , , , , , , , , , , ] .grand_children  .grand2_children  .grand3_children  .grand3_children_owns_pets pets 'since' in [, , , , , , , , , , , , , , , , , ]   .grand4_children_owns_pets grand4_children 'since' in [, , , , , , , , , , , , , , , ]   , limit: null
3000;31;users 'age' in [, , , , , , , , , , , , , , , , , , , , , , , , , , , , , ] .children  .grand_children  .grand2_children  .grand3_children  .grand3_children_owns_pets pets 'since' in [, , , , , , , , , , , , , , , , , , , ]   .grand4_children_owns_pets grand4_children 'nickname' in [, , , , , , , , , , , , , , , , , , , , , , , , , , , , , , , ]   , limit: null
3000;8;users  .children 'name' in [, , , , , , , , , , , , , , , , , , , , , , , , , , , , , , , , , , , ] .grand_children  .grand2_children  .grand3_children  .grand3_children_owns_pets pets  'animal' in [, , , , , , , , , , , , , , , , , , , , , , , , , , , , , , , , , ]  .pets_child  .grand4_children_owns_pets_child grand4_children  'age' in [, , , , , , , , , , , , , , , , , , , , , , , , , , , , , , , ]  , limit: null
3000;10;users  .children 'age' in [, , , , , , , , , , , , , , , , , , , , , , , , , , , , , , , ] .grand_children  .grand2_children  .grand3_children  .grand3_children_owns_pets pets  'animal' in [, , , , , , , , , , , , , , , , , , , , , , , , , , , , , , , ]  .pets_child  .grand4_children_owns_pets_child grand4_children 'nickname' in [, , , , , , , , , , , , , , , , , , , , , , , , , , , , , , , ]   , limit: null
3000;12;users  .children  .grand_children  .grand2_children 'name' in [, , , , , , , , , , , , , , , , , , , , , , , , , , , , , , , , , , , ] .grand3_children  .grand3_children_owns_pets pets 'since' in [, , , , , , , , , , , , , , , , , , , ]   .pets_child  .grand4_children_owns_pets_child grand4_children 'nickname' in [, , , , , , , , , , , , , , , , , , , , , , , , , , , , , , , , , ]   , limit: null
3000;8;users  .children  .grand_children  .grand2_children 'age' in [, , , , , , , , , , , , , , , , , , , , , , , , , , , , , , , ] .grand3_children  .grand3_children_owns_pets pets 'nickname' in [, , , , , , , , , , , , , , , , , , , , , , , , , , , , , ]   .pets_child  .pets_grand_child  .grand4_children_owns_pets_grand_child grand4_children  'name' in [, , , , , , , , , , , , , , , , , , , , , , , , , , , , , , , , , , , , , ]  , limit: null
3000;85;users  .children  .grand_children  .grand2_children  .grand3_children  .grand3_children_owns_pets pets 'since' in [, , , , , , , , , , , , , , , , , , , , , ]   .pets_child 'age' in [, , , , , , , , , , , , , , , ] .pets_grand_child  .grand4_children_owns_pets_grand_child grand4_children  'age' in [, , , , , , , , , , , , , , , , , , , , , , , , , , , ]  , limit: null
3000;251;users  .children  .grand_children  .grand2_children  .grand3_children  .grand3_children_owns_pets pets 'since' in [, , , , , , , , , , , , , , , , , ]   .pets_child 'age' in [, , , , , , , , , , , , , , , ] .pets_grand_child  .grand4_children_owns_pets_grand_child grand4_children 'since' in [, , , , , , , , , , , , , , , , , ]   , limit: null
3000;6;users  .children  .grand_children  .grand2_children  .grand3_children  .grand4_children 'name' in [, , , , , , , , , , , , , , , , , , , , , , , , , , , , , , , , , , , ] .grand4_children_owns_pets pets 'since' in [, , , , , , , , , , , , , , , ]   .grand5_children_owns_pets grand5_children 'nickname' in [, , , , , , , , , , , , , , , , , , , , , , , , , , , , , , , , , ]   , limit: null
3000;40;users  .children  .grand_children  .grand2_children  .grand3_children  .grand4_children 'age' in [, , , , , , , , , , , , , , , , , , , , , , , , , , , , , , , ] .grand4_children_owns_pets pets 'since' in [, , , , , , , , , , , , , , , , , , , , , ]   .grand5_children_owns_pets grand5_children 'nickname' in [, , , , , , , , , , , , , , , , , , , , , , , , , , , , , , , , , ]   , limit: null
3000;10;users  .children  .grand_children  .grand2_children 'age' in [, , , , , , , , , , , , , , , , , , , , , , , , , , , , , , , , , ] .grand3_children  .grand4_children  .grand4_children_owns_pets pets  'animal' in [, , , , , , , , , , , , , , , , , , , , , , , , , , , , , , , , , , , , , ]  .pets_child  .grand5_children_owns_pets_child grand5_children  'age' in [, , , , , , , , , , , , , , , , , , , , , , , , , , , , , , , , , ]  , limit: null
3000;6;users 'age' in [, , , , , , , , , , , , , , , , , , , , , , , , , ] .children  .grand_children  .grand2_children  .grand3_children  .grand4_children  .grand4_children_owns_pets pets 'since' in [, , , , , , , , , , , , , , , , , ]   .pets_child  .grand5_children_owns_pets_child grand5_children  'name' in [, , , , , , , , , , , , , , , , , , , , , , , , , , , , , , , , , , , , , ]  , limit: null
3000;8;users  .children 'age' in [, , , , , , , , , , , , , , , , , , , , , , , , , , , , , , , ] .grand_children  .grand2_children  .grand3_children  .grand4_children  .grand4_children_owns_pets pets  'animal' in [, , , , , , , , , , , , , , , , , , , , , , , , , , , , , , , , , , , , , ]  .pets_child  .pets_grand_child  .grand5_children_owns_pets_grand_child grand5_children 'nickname' in [, , , , , , , , , , , , , , , , , , , , , , , , , , , , , ]   , limit: null
3000;7;users  .children 'name' in [, , , , , , , , , , , , , , , , , , , , , , , , , , , , , , , , , , , , , ] .grand_children  .grand2_children  .grand3_children  .grand4_children  .grand4_children_owns_pets pets  'animal' in [, , , , , , , , , , , , , , , , , , , , , , , , , , , , , , , , , , , ]  .pets_child  .pets_grand_child  .grand5_children_owns_pets_grand_child grand5_children 'nickname' in [, , , , , , , , , , , , , , , , , , , , , , , , , , , , , , , ]   , limit: null
3000;4;users 'name' in [, , , , , , , , , , , , , , , , , , , , , , , , , , , , , , , , , , , ] .users_owns_pets pets 'nickname' in [, , , , , , , , , , , , , , , , , , , , , , , , , , , , , , , , , ]   .children_owns_pets children 'nickname' in [, , , , , , , , , , , , , , , , , , , , , , , , , , , , , , , , , ]   .children_owns_pets_child pets_child 'nickname' in [, , , , , , , , , , , , , , , , , , , , , , , , , , , , , ]   .pets_grand_child 'animal' in [, , , , , , , , , , , , , , , , , , , , , , , , , , , , , , , , , ] , limit: null
3000;2;users 'name' in [, , , , , , , , , , , , , , , , , , , , , , , , , , , , , , , , , , , , , ] .users_owns_pets pets  'animal' in [, , , , , , , , , , , , , , , , , , , , , , , , , , , , , , , ]  .children_owns_pets children 'since' in [, , , , , , , , , , , , , , , , , ]   .grand_children  .grand_children_owns_pets_child pets_child 'since' in [, , , , , , , , , , , , , , , , , ]   .pets_grand_child 'age' in [, , , , , , , , , , , , , , , , , ] , limit: null
3000;4;users  .users_owns_pets pets  'age' in [, , , , , , , , , , , , , , , , , , , , , ]  .children_owns_pets children  'name' in [, , , , , , , , , , , , , , , , , , , , , , , , , , , , , , , , , , , ]  .grand_children 'name' in [, , , , , , , , , , , , , , , , , , , , , , , , , , , , , , , , , , , ] .grand2_children  .grand2_children_owns_pets_child pets_child  'animal' in [, , , , , , , , , , , , , , , , , , , , , , , , , , , , , , , ]  .pets_grand_child 'animal' in [, , , , , , , , , , , , , , , , , , , , , , , , , , , , , , , , , , , ] , limit: null
3000;8;users  .users_owns_pets pets  'age' in [, , , , , , , , , , , , , , , , , ]  .children_owns_pets children 'nickname' in [, , , , , , , , , , , , , , , , , , , , , , , , , , , , , ]   .grand_children  .grand2_children  .grand3_children  .grand3_children_owns_pets_child pets_child 'nickname' in [, , , , , , , , , , , , , , , , , , , , , , , , , , , , , , , ]   .pets_grand_child 'age' in [, , , , , , , , , , , , , , , , , , , ] , limit: null
3000;2;users  .users_owns_pets pets  'age' in [, , , , , , , , , , , , , , , , , ]  .children_owns_pets children  'age' in [, , , , , , , , , , , , , , , , , , , , , , , , , , , , , , , ]  .grand_children 'name' in [, , , , , , , , , , , , , , , , , , , , , , , , , , , , , , , , , , , ] .grand2_children  .grand3_children  .grand4_children  .grand4_children_owns_pets_child pets_child  'animal' in [, , , , , , , , , , , , , , , , , , , , , , , , , , , , , , , , , , , ]  .pets_grand_child  , limit: null
3000;26;users  .users_owns_pets pets  'age' in [, , , , , , , , , , , , , , , , , , , ]  .children_owns_pets children  'age' in [, , , , , , , , , , , , , , , , , , , , , , , , , , , , , ]  .grand_children  .grand2_children  .grand3_children 'age' in [, , , , , , , , , , , , , , , , , , , , , , , , , , , , , ] .grand4_children  .grand5_children  .grand5_children_owns_pets_child pets_child  'age' in [, , , , , , , , , , , , , , , , , , , ]  .pets_grand_child  , limit: null
3000;2;users 'age' in [, , , , , , , , , , , , , , , , , , , , , , , , , , , , , , , ] .users_owns_pets pets 'since' in [, , , , , , , , , , , , , , , ]   .pets_child 'animal' in [, , , , , , , , , , , , , , , , , , , , , , , , , , , , , , , , , , , , , ] .children_owns_pets_child children  'name' in [, , , , , , , , , , , , , , , , , , , , , , , , , , , , , , , , , ]  .children_owns_pets_grand_child pets_grand_child 'nickname' in [, , , , , , , , , , , , , , , , , , , , , , , , , , , , , , , ]   , limit: null
3000;5;users  .users_owns_pets pets  'age' in [, , , , , , , , , , , , , , , , , , , , , ]  .pets_child 'age' in [, , , , , , , , , , , , , , , , , , , , , ] .children_owns_pets_child children 'since' in [, , , , , , , , , , , , , , , , , ]   .grand_children 'age' in [, , , , , , , , , , , , , , , , , , , , , , , , , , , , , , , ] .grand_children_owns_pets_grand_child pets_grand_child  'animal' in [, , , , , , , , , , , , , , , , , , , , , , , , , , , , , , , , , ]  , limit: null
3000;5;users  .users_owns_pets pets 'since' in [, , , , , , , , , , , , , ]   .pets_child  .children_owns_pets_child children  'name' in [, , , , , , , , , , , , , , , , , , , , , , , , , , , , , , , , , , , ]  .grand_children 'age' in [, , , , , , , , , , , , , , , , , , , , , , , , , , , , , ] .grand2_children 'name' in [, , , , , , , , , , , , , , , , , , , , , , , , , , , , , , , , , , , , , ] .grand2_children_owns_pets_grand_child pets_grand_child 'nickname' in [, , , , , , , , , , , , , , , , , , , , , , , , , , , , , ]   , limit: null
3000;6;users  .users_owns_pets pets  'age' in [, , , , , , , , , , , , , , , , , ]  .pets_child  .children_owns_pets_child children 'since' in [, , , , , , , , , , , , , , , , , ]   .grand_children  .grand2_children  .grand3_children 'age' in [, , , , , , , , , , , , , , , , , , , , , , , , , , , , , , , , , ] .grand3_children_owns_pets_grand_child pets_grand_child  'animal' in [, , , , , , , , , , , , , , , , , , , , , , , , , , , , , , , , , ]  , limit: null
3000;67;users  .users_owns_pets pets 'since' in [, , , , , , , , , , , , , , , , , , , , , ]   .pets_child  .children_owns_pets_child children 'since' in [, , , , , , , , , , , , , , , , , , , ]   .grand_children  .grand2_children 'age' in [, , , , , , , , , , , , , , , , , , , , , , , , , , , , , , , ] .grand3_children  .grand4_children  .grand4_children_owns_pets_grand_child pets_grand_child  'age' in [, , , , , , , , , , , , , , , , , , , ]  , limit: null
3000;5;users  .users_owns_pets pets 'since' in [, , , , , , , , , , , , , , , ]   .pets_child  .children_owns_pets_child children  'age' in [, , , , , , , , , , , , , , , , , , , , , , , , , , , , , ]  .grand_children  .grand2_children 'name' in [, , , , , , , , , , , , , , , , , , , , , , , , , , , , , , , , , , , ] .grand3_children  .grand4_children  .grand5_children  .grand5_children_owns_pets_grand_child pets_grand_child  'animal' in [, , , , , , , , , , , , , , , , , , , , , , , , , , , , , , , , , ]  , limit: null
3000;4;users 'age' in [, , , , , , , , , , , , , , , , , , , , , , , , , , , , , ] .children 'age' in [, , , , , , , , , , , , , , , , , , , , , , , , , , , , , , , ] .children_owns_pets pets  'animal' in [, , , , , , , , , , , , , , , , , , , , , , , , , , , , , , , , , , , ]  .grand_children_owns_pets grand_children  'age' in [, , , , , , , , , , , , , , , , , , , , , , , , , , , , , , , , , ]  .grand_children_owns_pets_child pets_child  'animal' in [, , , , , , , , , , , , , , , , , , , , , , , , , , , , , , , , , , , ]  .pets_grand_child  , limit: null
3000;3;users 'name' in [, , , , , , , , , , , , , , , , , , , , , , , , , , , , , , , , , , , ] .children 'age' in [, , , , , , , , , , , , , , , , , , , , , , , , , , , , , ] .children_owns_pets pets  'animal' in [, , , , , , , , , , , , , , , , , , , , , , , , , , , , , , , , , , , , , ]  .grand_children_owns_pets grand_children  'name' in [, , , , , , , , , , , , , , , , , , , , , , , , , , , , , , , , , , , ]  .grand2_children  .grand2_children_owns_pets_child pets_child 'nickname' in [, , , , , , , , , , , , , , , , , , , , , , , , , , , , , ]   .pets_grand_child  , limit: null
3000;9;users 'age' in [, , , , , , , , , , , , , , , , , , , , , , , , , , , , , , , , , ] .children  .children_owns_pets pets  'animal' in [, , , , , , , , , , , , , , , , , , , , , , , , , , , , , , , , , , , ]  .grand_children_owns_pets grand_children 'since' in [, , , , , , , , , , , , , , , , , , , ]   .grand2_children  .grand3_children  .grand3_children_owns_pets_child pets_child 'since' in [, , , , , , , , , , , , , , , , , , , , , ]   .pets_grand_child  , limit: null
3000;5;users  .children 'name' in [, , , , , , , , , , , , , , , , , , , , , , , , , , , , , , , , , , , , , ] .children_owns_pets pets  'animal' in [, , , , , , , , , , , , , , , , , , , , , , , , , , , , , , , , , , , ]  .grand_children_owns_pets grand_children  'name' in [, , , , , , , , , , , , , , , , , , , , , , , , , , , , , , , , , , , ]  .grand2_children  .grand3_children  .grand4_children  .grand4_children_owns_pets_child pets_child 'nickname' in [, , , , , , , , , , , , , , , , , , , , , , , , , , , , , , , , , ]   .pets_grand_child  , limit: null
3000;4;users 'name' in [, , , , , , , , , , , , , , , , , , , , , , , , , , , , , , , , , ] .children  .children_owns_pets pets 'nickname' in [, , , , , , , , , , , , , , , , , , , , , , , , , , , , , , , ]   .grand_children_owns_pets grand_children 'since' in [, , , , , , , , , , , , , , , , , ]   .grand2_children  .grand3_children  .grand4_children  .grand5_children  .grand5_children_owns_pets_child pets_child  'animal' in [, , , , , , , , , , , , , , , , , , , , , , , , , , , , , , , , , , , ]  .pets_grand_child  , limit: null
3000;2;users  .children 'age' in [, , , , , , , , , , , , , , , , , , , , , , , , , , , , , , , ] .children_owns_pets pets 'nickname' in [, , , , , , , , , , , , , , , , , , , , , , , , , , , , , , , , , ]   .pets_child 'age' in [, , , , , , , , , , , , , , , ] .grand_children_owns_pets_child grand_children 'nickname' in [, , , , , , , , , , , , , , , , , , , , , , , , , , , , , , , , , ]   .grand_children_owns_pets_grand_child pets_grand_child 'since' in [, , , , , , , , , , , , , , , , , ]   , limit: null
3000;4;users  .children 'name' in [, , , , , , , , , , , , , , , , , , , , , , , , , , , , , , , , , , , ] .children_owns_pets pets 'nickname' in [, , , , , , , , , , , , , , , , , , , , , , , , , , , , , , , ]   .pets_child  .grand_children_owns_pets_child grand_children 'since' in [, , , , , , , , , , , , , , , , , , , , , ]   .grand2_children 'age' in [, , , , , , , , , , , , , , , , , , , , , , , , , , , , , , , ] .grand2_children_owns_pets_grand_child pets_grand_child 'nickname' in [, , , , , , , , , , , , , , , , , , , , , , , , , , , , , ]   , limit: null
3000;3;users  .children  .children_owns_pets pets  'animal' in [, , , , , , , , , , , , , , , , , , , , , , , , , , , , , , , ]  .pets_child  .grand_children_owns_pets_child grand_children  'name' in [, , , , , , , , , , , , , , , , , , , , , , , , , , , , , , , , , , , ]  .grand2_children  .grand3_children 'age' in [, , , , , , , , , , , , , , , , , , , , , , , , , , , , , , , ] .grand3_children_owns_pets_grand_child pets_grand_child 'since' in [, , , , , , , , , , , , , , , , , , , ]   , limit: null
3000;6;users  .children  .children_owns_pets pets  'age' in [, , , , , , , , , , , , , , , , , , , ]  .pets_child 'animal' in [, , , , , , , , , , , , , , , , , , , , , , , , , , , , , , , , , , , , , ] .grand_children_owns_pets_child grand_children  'age' in [, , , , , , , , , , , , , , , , , , , , , , , , , , , ]  .grand2_children  .grand3_children  .grand4_children  .grand4_children_owns_pets_grand_child pets_grand_child  'age' in [, , , , , , , , , , , , , , , , , , , ]  , limit: null
3000;4;users 'name' in [, , , , , , , , , , , , , , , , , , , , , , , , , , , , , , , , , , , ] .children  .children_owns_pets pets  'age' in [, , , , , , , , , , , , , , , , , ]  .pets_child  .grand_children_owns_pets_child grand_children  'age' in [, , , , , , , , , , , , , , , , , , , , , , , , , , , , , , , ]  .grand2_children  .grand3_children  .grand4_children  .grand5_children  .grand5_children_owns_pets_grand_child pets_grand_child 'nickname' in [, , , , , , , , , , , , , , , , , , , , , , , , , , , , , , , ]   , limit: null
3000;4;users  .children 'name' in [, , , , , , , , , , , , , , , , , , , , , , , , , , , , , , , , , , , , , ] .grand_children 'age' in [, , , , , , , , , , , , , , , , , , , , , , , , , , , , , , , ] .grand_children_owns_pets pets  'age' in [, , , , , , , , , , , , , , , ]  .grand2_children_owns_pets grand2_children 'nickname' in [, , , , , , , , , , , , , , , , , , , , , , , , , , , , , , , ]   .grand2_children_owns_pets_child pets_child 'nickname' in [, , , , , , , , , , , , , , , , , , , , , , , , , , , , , , , ]   .pets_grand_child  , limit: null
3000;6;users  .children  .grand_children 'name' in [, , , , , , , , , , , , , , , , , , , , , , , , , , , , , , , , , , , ] .grand_children_owns_pets pets  'animal' in [, , , , , , , , , , , , , , , , , , , , , , , , , , , , , , , , , , , , , ]  .grand2_children_owns_pets grand2_children 'nickname' in [, , , , , , , , , , , , , , , , , , , , , , , , , , , , , , , , , ]   .grand3_children  .grand3_children_owns_pets_child pets_child  'animal' in [, , , , , , , , , , , , , , , , , , , , , , , , , , , , , , , , , , , ]  .pets_grand_child  , limit: null
3000;2;users  .children  .grand_children 'age' in [, , , , , , , , , , , , , , , , , , , , , , , , , , , , , , , ] .grand_children_owns_pets pets 'since' in [, , , , , , , , , , , , , , , , , ]   .grand2_children_owns_pets grand2_children  'name' in [, , , , , , , , , , , , , , , , , , , , , , , , , , , , , , , , , , , ]  .grand3_children  .grand4_children  .grand4_children_owns_pets_child pets_child 'nickname' in [, , , , , , , , , , , , , , , , , , , , , , , , , , , , , , , ]   .pets_grand_child  , limit: null
3000;10;users  .children 'age' in [, , , , , , , , , , , , , , , , , , , , , , , , , , , , , , , ] .grand_children  .grand_children_owns_pets pets  'animal' in [, , , , , , , , , , , , , , , , , , , , , , , , , , , , , , , , , ]  .grand2_children_owns_pets grand2_children 'since' in [, , , , , , , , , , , , , , , , , , , , , , , , , ]   .grand3_children  .grand4_children  .grand5_children  .grand5_children_owns_pets_child pets_child  'age' in [, , , , , , , , , , , , , , , , , , , ]  .pets_grand_child  , limit: null
3000;3;users  .children 'age' in [, , , , , , , , , , , , , , , , , , , , , , , , , , , ] .grand_children 'name' in [, , , , , , , , , , , , , , , , , , , , , , , , , , , , , , , , , , , ] .grand_children_owns_pets pets 'nickname' in [, , , , , , , , , , , , , , , , , , , , , , , , , , , , , , , ]   .pets_child  .grand2_children_owns_pets_child grand2_children  'age' in [, , , , , , , , , , , , , , , , , , , , , , , , , , , , , , , , , , , ]  .grand2_children_owns_pets_grand_child pets_grand_child  'animal' in [, , , , , , , , , , , , , , , , , , , , , , , , , , , , , , , , , , , ]  , limit: null
3000;7;users 'name' in [, , , , , , , , , , , , , , , , , , , , , , , , , , , , , , , , , , , ] .children  .grand_children  .grand_children_owns_pets pets  'age' in [, , , , , , , , , , , , , , , , , , , ]  .pets_child  .grand2_children_owns_pets_child grand2_children  'name' in [, , , , , , , , , , , , , , , , , , , , , , , , , , , , , , , , , , , ]  .grand3_children  .grand3_children_owns_pets_grand_child pets_grand_child 'since' in [, , , , , , , , , , , , , , , , , , , ]   , limit: null
3000;69;users  .children  .grand_children  .grand_children_owns_pets pets  'age' in [, , , , , , , , , , , , , , , , , , , ]  .pets_child  .grand2_children_owns_pets_child grand2_children 'since' in [, , , , , , , , , , , , , , , , , , , ]   .grand3_children 'age' in [, , , , , , , , , , , , , , , , , , , , , , , , , , , , , , , , , ] .grand4_children  .grand4_children_owns_pets_grand_child pets_grand_child  'age' in [, , , , , , , , , , , , , , , , , , , , , ]  , limit: null
3000;17;users 'age' in [, , , , , , , , , , , , , , , , , , , , , , , , , , , , , , , ] .children  .grand_children  .grand_children_owns_pets pets 'nickname' in [, , , , , , , , , , , , , , , , , , , , , , , , , , , , , , , , , , , ]   .pets_child  .grand2_children_owns_pets_child grand2_children 'since' in [, , , , , , , , , , , , , , , , , ]   .grand3_children  .grand4_children  .grand5_children  .grand5_children_owns_pets_grand_child pets_grand_child  'age' in [, , , , , , , , , , , , , , , , , , , ]  , limit: null
3000;4;users  .children  .grand_children  .grand2_children 'name' in [, , , , , , , , , , , , , , , , , , , , , , , , , , , , , , , , , , , ] .grand2_children_owns_pets pets 'since' in [, , , , , , , , , , , , , , , ]   .grand3_children_owns_pets grand3_children  'age' in [, , , , , , , , , , , , , , , , , , , , , , , , , , , , , ]  .grand3_children_owns_pets_child pets_child  'age' in [, , , , , , , , , , , , , , , , , ]  .pets_grand_child  , limit: null
3000;46;users  .children  .grand_children  .grand2_children  .grand2_children_owns_pets pets 'since' in [, , , , , , , , , , , , , , , , , , , ]   .grand3_children_owns_pets grand3_children 'since' in [, , , , , , , , , , , , , , , , , ]   .grand4_children 'age' in [, , , , , , , , , , , , , , , , , , , , , , , , , , , , , ] .grand4_children_owns_pets_child pets_child 'since' in [, , , , , , , , , , , , , , , , , , , ]   .pets_grand_child  , limit: null
3000;4;users  .children 'age' in [, , , , , , , , , , , , , , , , , , , , , , , , , , , , , , , , , ] .grand_children  .grand2_children  .grand2_children_owns_pets pets  'animal' in [, , , , , , , , , , , , , , , , , , , , , , , , , , , , , , , , , , , , , ]  .grand3_children_owns_pets grand3_children  'name' in [, , , , , , , , , , , , , , , , , , , , , , , , , , , , , , , , , , , , , ]  .grand4_children  .grand5_children  .grand5_children_owns_pets_child pets_child 'since' in [, , , , , , , , , , , , , , , ]   .pets_grand_child  , limit: null
3000;6;users  .children  .grand_children  .grand2_children 'name' in [, , , , , , , , , , , , , , , , , , , , , , , , , , , , , , , , , , , ] .grand2_children_owns_pets pets  'age' in [, , , , , , , , , , , , , , , , , , , ]  .pets_child  .grand3_children_owns_pets_child grand3_children 'nickname' in [, , , , , , , , , , , , , , , , , , , , , , , , , , , , , , , ]   .grand3_children_owns_pets_grand_child pets_grand_child  'age' in [, , , , , , , , , , , , , , , , , , , ]  , limit: null
3000;23;users  .children  .grand_children 'age' in [, , , , , , , , , , , , , , , , , , , , , , , , , , , , , , , ] .grand2_children  .grand2_children_owns_pets pets 'since' in [, , , , , , , , , , , , , , , , , , , , , ]   .pets_child  .grand3_children_owns_pets_child grand3_children 'nickname' in [, , , , , , , , , , , , , , , , , , , , , , , , , , , , , ]   .grand4_children  .grand4_children_owns_pets_grand_child pets_grand_child  'age' in [, , , , , , , , , , , , , , , , , ]  , limit: null
3000;13;users  .children  .grand_children  .grand2_children  .grand2_children_owns_pets pets 'since' in [, , , , , , , , , , , , , , , , , ]   .pets_child  .grand3_children_owns_pets_child grand3_children 'nickname' in [, , , , , , , , , , , , , , , , , , , , , , , , , , , , , , , , , ]   .grand4_children 'age' in [, , , , , , , , , , , , , , , , , , , , , , , , , , , , , , , , , ] .grand5_children  .grand5_children_owns_pets_grand_child pets_grand_child  'age' in [, , , , , , , , , , , , , , , , , ]  , limit: null
3000;5;users  .children  .grand_children  .grand2_children  .grand3_children  .grand3_children_owns_pets pets  'animal' in [, , , , , , , , , , , , , , , , , , , , , , , , , , , , , , , , , , , , , ]  .grand4_children_owns_pets grand4_children 'since' in [, , , , , , , , , , , , , , , ]   .grand4_children_owns_pets_child pets_child  'animal' in [, , , , , , , , , , , , , , , , , , , , , , , , , , , , , , , , , ]  .pets_grand_child 'age' in [, , , , , , , , , , , , , , , , , ] , limit: null
3000;6;users  .children  .grand_children  .grand2_children  .grand3_children  .grand3_children_owns_pets pets 'since' in [, , , , , , , , , , , , , , , , , , , , , , , ]   .grand4_children_owns_pets grand4_children 'nickname' in [, , , , , , , , , , , , , , , , , , , , , , , , , , , , , , , , , ]   .grand5_children  .grand5_children_owns_pets_child pets_child 'since' in [, , , , , , , , , , , , , , , ]   .pets_grand_child 'animal' in [, , , , , , , , , , , , , , , , , , , , , , , , , , , , , , , , , ] , limit: null
3000;9;users  .children  .grand_children 'age' in [, , , , , , , , , , , , , , , , , , , , , , , , , , , , , , , ] .grand2_children  .grand3_children  .grand3_children_owns_pets pets 'since' in [, , , , , , , , , , , , , , , ]   .pets_child  .grand4_children_owns_pets_child grand4_children  'age' in [, , , , , , , , , , , , , , , , , , , , , , , , , , , , , , , ]  .grand4_children_owns_pets_grand_child pets_grand_child 'nickname' in [, , , , , , , , , , , , , , , , , , , , , , , , , , , , , , , ]   , limit: null
3000;42;users  .children  .grand_children  .grand2_children  .grand3_children  .grand3_children_owns_pets pets 'nickname' in [, , , , , , , , , , , , , , , , , , , , , , , , , , , , , ]   .pets_child 'age' in [, , , , , , , , , , , , , , , , , ] .grand4_children_owns_pets_child grand4_children 'since' in [, , , , , , , , , , , , , , , , , , , ]   .grand5_children  .grand5_children_owns_pets_grand_child pets_grand_child  'age' in [, , , , , , , , , , , , , , , , , ]  , limit: null
3000;5;users 'name' in [, , , , , , , , , , , , , , , , , , , , , , , , , , , , , , , , , , , , , ] .children  .grand_children  .grand2_children  .grand3_children  .grand4_children  .grand4_children_owns_pets pets 'nickname' in [, , , , , , , , , , , , , , , , , , , , , , , , , , , , , , , , , ]   .grand5_children_owns_pets grand5_children  'age' in [, , , , , , , , , , , , , , , , , , , , , , , , , , , , , ]  .grand5_children_owns_pets_child pets_child 'nickname' in [, , , , , , , , , , , , , , , , , , , , , , , , , , , , , , , ]   .pets_grand_child  , limit: null
3000;5;users  .children  .grand_children  .grand2_children  .grand3_children 'name' in [, , , , , , , , , , , , , , , , , , , , , , , , , , , , , , , , , , , ] .grand4_children  .grand4_children_owns_pets pets  'animal' in [, , , , , , , , , , , , , , , , , , , , , , , , , , , , , , , , , , , , , ]  .pets_child  .grand5_children_owns_pets_child grand5_children 'nickname' in [, , , , , , , , , , , , , , , , , , , , , , , , , , , , , ]   .grand5_children_owns_pets_grand_child pets_grand_child  'animal' in [, , , , , , , , , , , , , , , , , , , , , , , , , , , , , , , , , , , ]  , limit: null
3000;3000;users 'age' > -51.4001 , limit: null
3000;1930;users 'age' > -46.4001 .children 'age' > 35.5999 , limit: null
3000;2808;users 'age' > -42.4001 .children 'age' > 5.599900000000002 .grand_children  , limit: null
3000;2039;users 'age' > -30.4001 .children  .grand_children 'age' > 30.5999 .grand2_children  , limit: null
3000;2686;users 'age' > 10.599900000000002 .children  .grand_children  .grand2_children  .grand3_children  , limit: null
3000;3000;users  .children  .grand_children 'age' > -39.4001 .grand2_children  .grand3_children  .grand4_children  , limit: null
3000;3000;users  .children  .grand_children  .grand2_children  .grand3_children  .grand4_children 'age' > -45.4001 .grand5_children  , limit: null
3000;3000;users 'age' > -26.4001 .users_owns_pets pets 'since' > -8.4001   , limit: null
3000;2160;users 'age' > -40.4001 .users_owns_pets pets  'age' > -6.4001  .pets_child 'age' > 5.5999 , limit: null
3000;3000;users 'age' > -28.4001 .users_owns_pets pets    .pets_child  .pets_grand_child 'age' > -4.4001 , limit: null
3000;2574;users 'age' > 13.599900000000002 .children 'age' > -9.400099999999998 .children_owns_pets pets  'age' > -8.4001  , limit: null
3000;3000;users  .children 'age' > -37.4001 .children_owns_pets pets    .pets_child 'age' > -3.4001000000000006 , limit: null
3000;1623;users 'age' > 34.5999 .children 'age' > 17.5999 .children_owns_pets pets    .pets_child  .pets_grand_child  , limit: null
3000;2555;users 'age' > -12.400099999999998 .children  .grand_children 'age' > -42.4001 .grand_children_owns_pets pets 'since' > 2.5998999999999994   , limit: null
3000;2401;users 'age' > -14.400099999999998 .children 'age' > -56.4001 .grand_children  .grand_children_owns_pets pets  'age' > 3.5998999999999994  .pets_child  , limit: null
3000;2370;users  .children  .grand_children 'age' > 6.599900000000002 .grand_children_owns_pets pets  'age' > 2.5998999999999994  .pets_child  .pets_grand_child  , limit: null
3000;2542;users  .children 'age' > -46.4001 .grand_children 'age' > -4.400099999999998 .grand2_children  .grand2_children_owns_pets pets  'age' > 2.5998999999999994  , limit: null
3000;3000;users  .children  .grand_children  .grand2_children 'age' > -28.4001 .grand2_children_owns_pets pets  'age' > -9.4001  .pets_child  , limit: null
3000;2823;users  .children  .grand_children 'age' > 5.599900000000002 .grand2_children  .grand2_children_owns_pets pets    .pets_child  .pets_grand_child  , limit: null
3000;3000;users  .children  .grand_children  .grand2_children 'age' > -45.4001 .grand3_children  .grand3_children_owns_pets pets  'age' > -2.4001000000000006  , limit: null
3000;3000;users  .children  .grand_children  .grand2_children 'age' > -54.4001 .grand3_children  .grand3_children_owns_pets pets    .pets_child  , limit: null
3000;3000;users  .children  .grand_children  .grand2_children 'age' > -24.4001 .grand3_children  .grand3_children_owns_pets pets    .pets_child  .pets_grand_child  , limit: null
3000;3000;users  .children  .grand_children  .grand2_children 'age' > -19.4001 .grand3_children  .grand4_children  .grand4_children_owns_pets pets    , limit: null
3000;3000;users  .children 'age' > -35.4001 .grand_children  .grand2_children  .grand3_children  .grand4_children  .grand4_children_owns_pets pets    .pets_child  , limit: null
3000;3000;users  .children  .grand_children  .grand2_children  .grand3_children  .grand4_children  .grand4_children_owns_pets pets 'since' > -3.4001000000000006   .pets_child  .pets_grand_child 'age' > -10.4001 , limit: null
3000;1925;users 'age' > 36.5999 .children  .grand_children  .grand2_children  .grand3_children  .grand4_children  .grand5_children  .grand5_children_owns_pets pets    , limit: null
3000;2036;users  .children  .grand_children  .grand2_children  .grand3_children  .grand4_children 'age' > 32.5999 .grand5_children  .grand5_children_owns_pets pets    .pets_child  , limit: null
3000;3000;users  .children  .grand_children  .grand2_children  .grand3_children  .grand4_children 'age' > -6.400099999999998 .grand5_children  .grand5_children_owns_pets pets    .pets_child  .pets_grand_child  , limit: null
3000;3000;pets 'age' > -0.40010000000000034 .users_owns_pets users    , limit: null
3000;3000;pets 'age' > -5.4001 .pets_child 'age' > -0.40010000000000034 .users_owns_pets_child users    , limit: null
3000;3000;pets 'age' > -2.4001000000000006 .pets_child 'age' > -2.4001000000000006 .pets_grand_child  .users_owns_pets_grand_child users    , limit: null
3000;3000;pets 'age' > -10.4001 .users_owns_pets users    .children 'age' > -33.4001 , limit: null
3000;2906;pets 'age' > -9.4001 .pets_child  .users_owns_pets_child users  'age' > 2.599900000000001  .children 'age' > -41.4001 , limit: null
3000;2348;pets 'age' > 0.5998999999999997 .pets_child 'age' > -8.4001 .pets_grand_child  .users_owns_pets_grand_child users  'age' > 17.5999  .children  , limit: null
3000;3000;pets  .users_owns_pets users 'since' > -7.4001   .children 'age' > -5.400099999999998 .grand_children 'age' > -42.4001 , limit: null
3000;2859;pets 'age' > 0.5998999999999997 .pets_child  .users_owns_pets_child users 'since' > -6.4001   .children 'age' > -56.4001 .grand_children  , limit: null
3000;3000;pets  .pets_child 'age' > -4.4001 .pets_grand_child  .users_owns_pets_grand_child users  'age' > -31.4001  .children  .grand_children  , limit: null
3000;3000;pets 'age' > -10.4001 .users_owns_pets users  'age' > -17.4001  .children  .grand_children  .grand2_children 'age' > -8.400099999999998 , limit: null
3000;3000;pets  .pets_child 'age' > -0.40010000000000034 .users_owns_pets_child users 'since' > -6.4001   .children  .grand_children  .grand2_children  , limit: null
3000;3000;pets 'age' > -5.4001 .pets_child  .pets_grand_child  .users_owns_pets_grand_child users    .children  .grand_children  .grand2_children  , limit: null
3000;2855;pets  .users_owns_pets users 'since' > 0.5998999999999997   .children  .grand_children 'age' > -27.4001 .grand2_children  .grand3_children  , limit: null
3000;2546;pets  .pets_child 'age' > -1.4001000000000003 .users_owns_pets_child users  'age' > 14.599900000000002  .children  .grand_children  .grand2_children  .grand3_children  , limit: null
3000;1864;pets  .pets_child  .pets_grand_child  .users_owns_pets_grand_child users  'age' > 38.5999  .children 'age' > -9.400099999999998 .grand_children  .grand2_children  .grand3_children  , limit: null
3000;2249;pets 'age' > 0.5998999999999997 .users_owns_pets users  'age' > 21.5999  .children  .grand_children  .grand2_children  .grand3_children  .grand4_children  , limit: null
3000;3000;pets  .pets_child  .users_owns_pets_child users    .children 'age' > -21.4001 .grand_children  .grand2_children  .grand3_children  .grand4_children  , limit: null
3000;1999;pets  .pets_child  .pets_grand_child  .users_owns_pets_grand_child users  'age' > 19.5999  .children 'age' > 16.5999 .grand_children  .grand2_children  .grand3_children  .grand4_children  , limit: null
3000;3000;pets  .users_owns_pets users 'since' > -10.4001   .children 'age' > -42.4001 .grand_children  .grand2_children  .grand3_children  .grand4_children  .grand5_children  , limit: null
3000;3000;pets  .pets_child 'age' > -6.4001 .users_owns_pets_child users 'since' > -11.4001   .children  .grand_children  .grand2_children  .grand3_children  .grand4_children  .grand5_children  , limit: null
3000;2191;pets  .pets_child  .pets_grand_child  .users_owns_pets_grand_child users  'age' > 20.5999  .children 'age' > 7.599900000000002 .grand_children  .grand2_children  .grand3_children  .grand4_children  .grand5_children  , limit: null
3000;1870;users 'age' > -0.40009999999999857 .users_owns_pets pets  'age' > -4.4001  .children_owns_pets children  'age' > 37.5999  , limit: null
3000;2721;users 'age' > -30.4001 .users_owns_pets pets  'age' > -1.4001000000000003  .children_owns_pets children 'since' > 1.5998999999999997   , limit: null
3000;2570;users 'age' > -12.400099999999998 .users_owns_pets pets 'since' > -8.4001   .children_owns_pets children  'age' > 13.599900000000002  .grand_children 'age' > -3.400099999999999 , limit: null
3000;1673;users 'age' > 2.599900000000001 .users_owns_pets pets  'age' > 5.5999  .children_owns_pets children  'age' > 2.599900000000001  .grand_children  .grand2_children 'age' > 14.599900000000002 , limit: null
3000;1962;users  .users_owns_pets pets 'since' > -4.4001   .children_owns_pets children 'since' > 6.5999   .grand_children  .grand2_children 'age' > -48.4001 .grand3_children 'age' > -1.4000999999999986 , limit: null
3000;1261;users  .users_owns_pets pets 'since' > 5.5999   .children_owns_pets children  'age' > 22.5999  .grand_children 'age' > 20.5999 .grand2_children  .grand3_children  .grand4_children  , limit: null
3000;3000;users  .users_owns_pets pets 'since' > -1.4001000000000003   .children_owns_pets children 'since' > -4.4001   .grand_children  .grand2_children  .grand3_children  .grand4_children 'age' > -47.4001 .grand5_children  , limit: null
3000;1314;users 'age' > -37.4001 .users_owns_pets pets  'age' > 6.5999  .pets_child 'age' > 6.5999 .children_owns_pets_child children  'age' > -16.4001  , limit: null
3000;2302;users 'age' > 19.5999 .users_owns_pets pets  'age' > -6.4001  .pets_child 'age' > -11.4001 .children_owns_pets_child children 'since' > 0.5998999999999997   , limit: null
3000;3000;users 'age' > -46.4001 .users_owns_pets pets  'age' > -7.4001  .pets_child  .children_owns_pets_child children 'since' > -3.4001000000000006   .grand_children 'age' > -42.4001 , limit: null
3000;1470;users  .users_owns_pets pets 'since' > -9.4001   .pets_child  .children_owns_pets_child children  'age' > 25.5999  .grand_children 'age' > 24.5999 .grand2_children 'age' > 8.599900000000002 , limit: null
3000;2214;users 'age' > 6.599900000000002 .users_owns_pets pets 'since' > -0.40010000000000034   .pets_child  .children_owns_pets_child children 'since' > 3.5998999999999994   .grand_children  .grand2_children  .grand3_children  , limit: null
3000;2969;users 'age' > 0.5999000000000014 .users_owns_pets pets 'since' > -9.4001   .pets_child  .children_owns_pets_child children  'age' > -46.4001  .grand_children  .grand2_children  .grand3_children  .grand4_children  , limit: null
3000;2859;users 'age' > -52.4001 .users_owns_pets pets  'age' > 0.5998999999999997  .pets_child  .children_owns_pets_child children 'since' > -4.4001   .grand_children  .grand2_children  .grand3_children  .grand4_children  .grand5_children  , limit: null
3000;2863;users 'age' > -50.4001 .users_owns_pets pets  'age' > -10.4001  .pets_child  .pets_grand_child 'age' > 0.5998999999999997 .children_owns_pets_grand_child children 'since' > -10.4001   , limit: null
3000;3000;users  .users_owns_pets pets 'since' > -11.4001   .pets_child 'age' > -0.40010000000000034 .pets_grand_child 'age' > -1.4001000000000003 .children_owns_pets_grand_child children  'age' > -40.4001  , limit: null
3000;1813;users  .users_owns_pets pets 'since' > 3.5998999999999994   .pets_child 'age' > 3.5998999999999994 .pets_grand_child  .children_owns_pets_grand_child children 'since' > -1.4001000000000003   .grand_children 'age' > 7.599900000000002 , limit: null
3000;1194;users  .users_owns_pets pets 'since' > 7.5999   .pets_child  .pets_grand_child 'age' > 6.5999 .children_owns_pets_grand_child children  'age' > -2.400099999999999  .grand_children  .grand2_children  , limit: null
3000;2473;users  .users_owns_pets pets  'age' > -9.4001  .pets_child  .pets_grand_child  .children_owns_pets_grand_child children  'age' > 7.599900000000002  .grand_children 'age' > 9.599900000000002 .grand2_children  .grand3_children  , limit: null
3000;2218;users 'age' > 26.5999 .users_owns_pets pets 'since' > -0.40010000000000034   .pets_child  .pets_grand_child  .children_owns_pets_grand_child children 'since' > -5.4001   .grand_children  .grand2_children  .grand3_children  .grand4_children  , limit: null
3000;1955;users  .users_owns_pets pets 'since' > 6.5999   .pets_child  .pets_grand_child  .children_owns_pets_grand_child children 'since' > -6.4001   .grand_children  .grand2_children  .grand3_children 'age' > -42.4001 .grand4_children  .grand5_children  , limit: null
3000;3000;users 'age' > -51.4001 .children 'age' > -7.400099999999998 .children_owns_pets pets  'age' > -2.4001000000000006  .grand_children_owns_pets grand_children  'age' > -58.4001  , limit: null
3000;2056;users 'age' > 31.5999 .children 'age' > -24.4001 .children_owns_pets pets  'age' > -6.4001  .grand_children_owns_pets grand_children  'age' > -23.4001  , limit: null
3000;1876;users 'age' > 10.599900000000002 .children 'age' > 29.5999 .children_owns_pets pets  'age' > -0.40010000000000034  .grand_children_owns_pets grand_children 'since' > -3.4001000000000006   , limit: null
3000;2661;users  .children 'age' > -13.400099999999998 .children_owns_pets pets 'since' > 0.5998999999999997   .grand_children_owns_pets grand_children  'age' > 6.599900000000002  .grand2_children 'age' > -38.4001 , limit: null
3000;1980;users 'age' > 34.5999 .children  .children_owns_pets pets  'age' > -9.4001  .grand_children_owns_pets grand_children 'since' > -5.4001   .grand2_children  .grand3_children 'age' > -10.400099999999998 , limit: null
3000;2159;users  .children  .children_owns_pets pets  'age' > 0.5998999999999997  .grand_children_owns_pets grand_children 'since' > 4.5999   .grand2_children  .grand3_children  .grand4_children 'age' > -40.4001 , limit: null
3000;2015;users  .children 'age' > -24.4001 .children_owns_pets pets  'age' > -2.4001000000000006  .pets_child 'age' > 6.5999 .grand_children_owns_pets_child grand_children  'age' > -10.400099999999998  , limit: null
3000;2269;users 'age' > 24.5999 .children 'age' > -24.4001 .children_owns_pets pets 'since' > -9.4001   .pets_child  .grand_children_owns_pets_child grand_children 'since' > -10.4001   , limit: null
3000;2157;users 'age' > 24.5999 .children  .children_owns_pets pets  'age' > 0.5998999999999997  .pets_child 'age' > -0.40010000000000034 .grand_children_owns_pets_child grand_children 'since' > -9.4001   , limit: null
3000;2662;users 'age' > 6.599900000000002 .children  .children_owns_pets pets 'since' > -1.4001000000000003   .pets_child 'age' > -5.4001 .grand_children_owns_pets_child grand_children 'since' > 0.5998999999999997   .grand2_children  , limit: null
3000;2865;users  .children  .children_owns_pets pets  'age' > -4.4001  .pets_child 'age' > 0.5998999999999997 .grand_children_owns_pets_child grand_children 'since' > -8.4001   .grand2_children  .grand3_children  , limit: null
3000;3000;users  .children  .children_owns_pets pets  'age' > -4.4001  .pets_child  .grand_children_owns_pets_child grand_children  'age' > -6.400099999999998  .grand2_children  .grand3_children  .grand4_children 'age' > -22.4001 , limit: null
3000;2065;users 'age' > -23.4001 .children  .children_owns_pets pets  'age' > 2.5998999999999994  .pets_child 'age' > -4.4001 .pets_grand_child  .grand_children_owns_pets_grand_child grand_children 'since' > 3.5998999999999994   , limit: null
3000;1841;users  .children 'age' > 35.5999 .children_owns_pets pets 'since' > 0.5998999999999997   .pets_child  .pets_grand_child 'age' > -4.4001 .grand_children_owns_pets_grand_child grand_children 'since' > -8.4001   , limit: null
3000;2093;users  .children  .children_owns_pets pets 'since' > -7.4001   .pets_child 'age' > 2.5998999999999994 .pets_grand_child 'age' > 0.5998999999999997 .grand_children_owns_pets_grand_child grand_children 'since' > 2.5998999999999994   , limit: null
3000;1368;users  .children  .children_owns_pets pets 'since' > 5.5999   .pets_child 'age' > -11.4001 .pets_grand_child  .grand_children_owns_pets_grand_child grand_children  'age' > 32.5999  .grand2_children  , limit: null
3000;1600;users  .children  .children_owns_pets pets 'since' > 6.5999   .pets_child 'age' > 3.5998999999999994 .pets_grand_child  .grand_children_owns_pets_grand_child grand_children 'since' > -2.4001000000000006   .grand2_children  .grand3_children  , limit: null
3000;2278;users  .children 'age' > -8.400099999999998 .children_owns_pets pets  'age' > -10.4001  .pets_child  .pets_grand_child  .grand_children_owns_pets_grand_child grand_children  'age' > 22.5999  .grand2_children  .grand3_children  .grand4_children  , limit: null
3000;1754;users 'age' > 22.5999 .children  .grand_children 'age' > -26.4001 .grand_children_owns_pets pets  'age' > 4.5999  .grand2_children_owns_pets grand2_children  'age' > -7.400099999999998  , limit: null
3000;1559;users 'age' > -51.4001 .children 'age' > 20.5999 .grand_children  .grand_children_owns_pets pets 'since' > -3.4001000000000006   .grand2_children_owns_pets grand2_children 'since' > 6.5999   , limit: null
3000;2019;users 'age' > 0.5999000000000014 .children 'age' > -29.4001 .grand_children  .grand_children_owns_pets pets  'age' > 2.5998999999999994  .grand2_children_owns_pets grand2_children  'age' > 18.5999  , limit: null
3000;2700;users 'age' > -15.400099999999998 .children 'age' > -10.400099999999998 .grand_children  .grand_children_owns_pets pets  'age' > -8.4001  .grand2_children_owns_pets grand2_children 'since' > 1.5998999999999997   , limit: null
3000;1779;users  .children 'age' > -1.4000999999999986 .grand_children  .grand_children_owns_pets pets  'age' > 3.5998999999999994  .grand2_children_owns_pets grand2_children 'since' > 4.5999   .grand3_children 'age' > -44.4001 , limit: null
3000;1699;users 'age' > 15.599900000000002 .children 'age' > -3.400099999999999 .grand_children  .grand_children_owns_pets pets 'since' > -5.4001   .pets_child  .grand2_children_owns_pets_child grand2_children  'age' > 31.5999  , limit: null
3000;3000;users 'age' > -1.4000999999999986 .children  .grand_children  .grand_children_owns_pets pets 'since' > -8.4001   .pets_child 'age' > -3.4001000000000006 .grand2_children_owns_pets_child grand2_children  'age' > -0.40009999999999857  , limit: null
3000;2538;users  .children  .grand_children 'age' > -10.400099999999998 .grand_children_owns_pets pets  'age' > -5.4001  .pets_child 'age' > 0.5998999999999997 .grand2_children_owns_pets_child grand2_children  'age' > 10.599900000000002  , limit: null
3000;1644;users 'age' > -27.4001 .children  .grand_children  .grand_children_owns_pets pets 'since' > 1.5998999999999997   .pets_child 'age' > -5.4001 .grand2_children_owns_pets_child grand2_children 'since' > 7.5999   , limit: null
3000;2278;users  .children  .grand_children 'age' > 22.5999 .grand_children_owns_pets pets  'age' > -9.4001  .pets_child  .grand2_children_owns_pets_child grand2_children  'age' > -57.4001  .grand3_children  , limit: null
3000;3000;users  .children 'age' > -56.4001 .grand_children  .grand_children_owns_pets pets 'since' > -11.4001   .pets_child  .pets_grand_child  .grand2_children_owns_pets_grand_child grand2_children 'since' > -10.4001   , limit: null
3000;2111;users  .children  .grand_children  .grand_children_owns_pets pets  'age' > 5.5999  .pets_child  .pets_grand_child 'age' > -0.40010000000000034 .grand2_children_owns_pets_grand_child grand2_children 'since' > -10.4001   , limit: null
3000;3000;users  .children 'age' > -18.4001 .grand_children  .grand_children_owns_pets pets  'age' > -5.4001  .pets_child  .pets_grand_child  .grand2_children_owns_pets_grand_child grand2_children  'age' > -21.4001  , limit: null
3000;2588;users  .children  .grand_children  .grand_children_owns_pets pets  'age' > 0.5998999999999997  .pets_child 'age' > 1.5998999999999997 .pets_grand_child  .grand2_children_owns_pets_grand_child grand2_children 'since' > -11.4001   , limit: null
3000;1380;users  .children  .grand_children 'age' > -38.4001 .grand_children_owns_pets pets 'since' > 4.5999   .pets_child  .pets_grand_child  .grand2_children_owns_pets_grand_child grand2_children 'since' > 7.5999   .grand3_children  , limit: null
3000;1838;users  .children 'age' > -32.4001 .grand_children  .grand2_children 'age' > -6.400099999999998 .grand2_children_owns_pets pets 'since' > 1.5998999999999997   .grand3_children_owns_pets grand3_children  'age' > 32.5999  , limit: null
3000;2102;users 'age' > 19.5999 .children  .grand_children  .grand2_children 'age' > -2.400099999999999 .grand2_children_owns_pets pets  'age' > -5.4001  .grand3_children_owns_pets grand3_children  'age' > 12.599900000000002  , limit: null
3000;1825;users  .children 'age' > -0.40009999999999857 .grand_children  .grand2_children 'age' > 37.5999 .grand2_children_owns_pets pets 'since' > -5.4001   .grand3_children_owns_pets grand3_children  'age' > -59.4001  , limit: null
3000;2080;users 'age' > 27.5999 .children 'age' > -3.400099999999999 .grand_children  .grand2_children  .grand2_children_owns_pets pets 'since' > 0.5998999999999997   .grand3_children_owns_pets grand3_children 'since' > -2.4001000000000006   , limit: null
3000;2111;users  .children  .grand_children 'age' > 24.5999 .grand2_children  .grand2_children_owns_pets pets  'age' > 0.5998999999999997  .pets_child  .grand3_children_owns_pets_child grand3_children 'since' > -6.4001   , limit: null
3000;2415;users  .children  .grand_children  .grand2_children  .grand2_children_owns_pets pets  'age' > -6.4001  .pets_child 'age' > -1.4001000000000003 .grand3_children_owns_pets_child grand3_children  'age' > 19.5999  , limit: null
3000;2722;users 'age' > -46.4001 .children  .grand_children  .grand2_children  .grand2_children_owns_pets pets  'age' > -10.4001  .pets_child  .grand3_children_owns_pets_child grand3_children 'since' > 1.5998999999999997   , limit: null
3000;1619;users 'age' > 32.5999 .children  .grand_children  .grand2_children  .grand2_children_owns_pets pets  'age' > 3.5998999999999994  .pets_child  .grand3_children_owns_pets_child grand3_children  'age' > -59.4001  , limit: null
3000;1232;users  .children  .grand_children  .grand2_children  .grand2_children_owns_pets pets  'age' > 5.5999  .pets_child  .pets_grand_child 'age' > -10.4001 .grand3_children_owns_pets_grand_child grand3_children 'since' > 7.5999   , limit: null
3000;1481;users  .children  .grand_children  .grand2_children 'age' > 31.5999 .grand2_children_owns_pets pets 'since' > -4.4001   .pets_child  .pets_grand_child  .grand3_children_owns_pets_grand_child grand3_children  'age' > 25.5999  , limit: null
3000;1913;users  .children  .grand_children 'age' > -8.400099999999998 .grand2_children  .grand2_children_owns_pets pets  'age' > -0.40010000000000034  .pets_child  .pets_grand_child  .grand3_children_owns_pets_grand_child grand3_children 'since' > 6.5999   , limit: null
3000;1950;users 'age' > 8.599900000000002 .children  .grand_children  .grand2_children  .grand2_children_owns_pets pets 'since' > -8.4001   .pets_child  .pets_grand_child  .grand3_children_owns_pets_grand_child grand3_children  'age' > 28.5999  , limit: null
3000;1926;users 'age' > 3.599900000000001 .children  .grand_children  .grand2_children  .grand3_children  .grand3_children_owns_pets pets 'since' > 2.5998999999999994   .grand4_children_owns_pets grand4_children 'since' > 3.5998999999999994   , limit: null
3000;2405;users 'age' > 0.5999000000000014 .children  .grand_children  .grand2_children  .grand3_children  .grand3_children_owns_pets pets 'since' > 3.5998999999999994   .grand4_children_owns_pets grand4_children  'age' > -0.40009999999999857  , limit: null
3000;3000;users  .children  .grand_children  .grand2_children 'age' > -37.4001 .grand3_children  .grand3_children_owns_pets pets 'since' > -1.4001000000000003   .grand4_children_owns_pets grand4_children 'since' > -10.4001   , limit: null
3000;3000;users  .children  .grand_children  .grand2_children  .grand3_children  .grand3_children_owns_pets pets 'since' > -1.4001000000000003   .pets_child 'age' > -11.4001 .grand4_children_owns_pets_child grand4_children 'since' > -8.4001   , limit: null
3000;2472;users  .children  .grand_children  .grand2_children  .grand3_children  .grand3_children_owns_pets pets 'since' > -11.4001   .pets_child 'age' > 2.5998999999999994 .grand4_children_owns_pets_child grand4_children  'age' > 3.599900000000001  , limit: null
3000;1592;users  .children  .grand_children 'age' > -50.4001 .grand2_children  .grand3_children  .grand3_children_owns_pets pets 'since' > 7.5999   .pets_child  .grand4_children_owns_pets_child grand4_children  'age' > 13.599900000000002  , limit: null
3000;2115;users  .children  .grand_children  .grand2_children  .grand3_children  .grand3_children_owns_pets pets  'age' > 1.5998999999999997  .pets_child 'age' > -7.4001 .pets_grand_child  .grand4_children_owns_pets_grand_child grand4_children  'age' > 21.5999  , limit: null
3000;1795;users  .children  .grand_children  .grand2_children  .grand3_children 'age' > -35.4001 .grand3_children_owns_pets pets  'age' > 7.5999  .pets_child  .pets_grand_child  .grand4_children_owns_pets_grand_child grand4_children 'since' > -1.4001000000000003   , limit: null
3000;3000;users  .children  .grand_children 'age' > -9.400099999999998 .grand2_children  .grand3_children  .grand3_children_owns_pets pets 'since' > -9.4001   .pets_child  .pets_grand_child  .grand4_children_owns_pets_grand_child grand4_children 'since' > -3.4001000000000006   , limit: null
3000;1875;users  .children  .grand_children  .grand2_children  .grand3_children 'age' > -25.4001 .grand4_children  .grand4_children_owns_pets pets 'since' > 6.5999   .grand5_children_owns_pets grand5_children 'since' > -9.4001   , limit: null
3000;3000;users  .children  .grand_children 'age' > -34.4001 .grand2_children  .grand3_children  .grand4_children  .grand4_children_owns_pets pets  'age' > -7.4001  .grand5_children_owns_pets grand5_children  'age' > -56.8001  , limit: null
3000;2774;users  .children 'age' > 6.599900000000002 .grand_children  .grand2_children  .grand3_children  .grand4_children  .grand4_children_owns_pets pets  'age' > -6.4001  .pets_child  .grand5_children_owns_pets_child grand5_children  'age' > -54.8001  , limit: null
3000;1861;users  .children  .grand_children  .grand2_children 'age' > -52.4001 .grand3_children  .grand4_children  .grand4_children_owns_pets pets  'age' > 0.5998999999999997  .pets_child  .grand5_children_owns_pets_child grand5_children 'since' > 6.5999   , limit: null
3000;3000;users 'age' > -36.4001 .children  .grand_children  .grand2_children  .grand3_children  .grand4_children  .grand4_children_owns_pets pets 'since' > -1.4001000000000003   .pets_child  .pets_grand_child  .grand5_children_owns_pets_grand_child grand5_children  'age' > -45.8001  , limit: null
3000;2833;users  .children  .grand_children  .grand2_children  .grand3_children  .grand4_children  .grand4_children_owns_pets pets 'since' > -8.4001   .pets_child  .pets_grand_child 'age' > -8.4001 .grand5_children_owns_pets_grand_child grand5_children 'since' > 0.5998999999999997   , limit: null
3000;1404;users 'age' > -43.4001 .users_owns_pets pets 'since' > 1.5998999999999997   .children_owns_pets children 'since' > 2.5998999999999994   .children_owns_pets_child pets_child 'since' > 7.5999   .pets_grand_child 'age' > -4.4001 , limit: null
3000;3000;users  .users_owns_pets pets 'since' > -7.4001   .children_owns_pets children  'age' > -39.4001  .grand_children 'age' > -18.4001 .grand_children_owns_pets_child pets_child  'age' > -7.4001  .pets_grand_child 'age' > -4.4001 , limit: null
3000;1622;users 'age' > 2.599900000000001 .users_owns_pets pets 'since' > -11.4001   .children_owns_pets children 'since' > -9.4001   .grand_children 'age' > 36.5999 .grand2_children  .grand2_children_owns_pets_child pets_child  'age' > 1.5998999999999997  .pets_grand_child  , limit: null
3000;2299;users 'age' > -49.4001 .users_owns_pets pets 'since' > -0.40010000000000034   .children_owns_pets children 'since' > -9.4001   .grand_children  .grand2_children  .grand3_children  .grand3_children_owns_pets_child pets_child  'age' > 4.5999  .pets_grand_child  , limit: null
3000;2586;users  .users_owns_pets pets 'since' > -8.4001   .children_owns_pets children 'since' > 0.5998999999999997   .grand_children  .grand2_children 'age' > -45.4001 .grand3_children  .grand4_children  .grand4_children_owns_pets_child pets_child  'age' > 1.5998999999999997  .pets_grand_child  , limit: null
3000;1738;users  .users_owns_pets pets 'since' > 0.5998999999999997   .children_owns_pets children  'age' > 35.5999  .grand_children 'age' > -43.4001 .grand2_children  .grand3_children  .grand4_children  .grand5_children  .grand5_children_owns_pets_child pets_child 'since' > 0.5998999999999997   .pets_grand_child  , limit: null
3000;1528;users 'age' > -32.4001 .users_owns_pets pets 'since' > 5.5999   .pets_child 'age' > -7.4001 .children_owns_pets_child children  'age' > -22.4001  .children_owns_pets_grand_child pets_grand_child 'since' > 5.5999   , limit: null
3000;3000;users  .users_owns_pets pets 'since' > -11.4001   .pets_child 'age' > -10.4001 .children_owns_pets_child children 'since' > -3.4001000000000006   .grand_children 'age' > -24.4001 .grand_children_owns_pets_grand_child pets_grand_child 'since' > -2.4001000000000006   , limit: null
3000;1850;users 'age' > 17.5999 .users_owns_pets pets 'since' > -0.40010000000000034   .pets_child  .children_owns_pets_child children  'age' > -58.4001  .grand_children  .grand2_children 'age' > 22.5999 .grand2_children_owns_pets_grand_child pets_grand_child 'since' > -9.4001   , limit: null
3000;1194;users  .users_owns_pets pets 'since' > 7.5999   .pets_child  .children_owns_pets_child children 'since' > -3.4001000000000006   .grand_children  .grand2_children  .grand3_children 'age' > 34.5999 .grand3_children_owns_pets_grand_child pets_grand_child  'age' > -5.4001  , limit: null
3000;1630;users 'age' > -44.4001 .users_owns_pets pets 'since' > 2.5998999999999994   .pets_child  .children_owns_pets_child children 'since' > 5.5999   .grand_children  .grand2_children  .grand3_children  .grand4_children  .grand4_children_owns_pets_grand_child pets_grand_child 'since' > 1.5998999999999997   , limit: null
3000;1133;users  .users_owns_pets pets  'age' > 7.5999  .pets_child  .children_owns_pets_child children 'since' > -3.4001000000000006   .grand_children 'age' > 36.5999 .grand2_children  .grand3_children  .grand4_children  .grand5_children  .grand5_children_owns_pets_grand_child pets_grand_child 'since' > -3.4001000000000006   , limit: null
3000;2980;users 'age' > -42.4001 .children 'age' > -34.4001 .children_owns_pets pets 'since' > -7.4001   .grand_children_owns_pets grand_children  'age' > 0.5999000000000014  .grand_children_owns_pets_child pets_child 'since' > -1.4001000000000003   .pets_grand_child  , limit: null
3000;1875;users  .children 'age' > 13.599900000000002 .children_owns_pets pets  'age' > 0.5998999999999997  .grand_children_owns_pets grand_children 'since' > -5.4001   .grand2_children  .grand2_children_owns_pets_child pets_child  'age' > 4.5999  .pets_grand_child 'age' > -4.4001 , limit: null
3000;3000;users 'age' > -25.4001 .children  .children_owns_pets pets  'age' > -2.4001000000000006  .grand_children_owns_pets grand_children  'age' > -18.4001  .grand2_children  .grand3_children  .grand3_children_owns_pets_child pets_child 'since' > -5.4001   .pets_grand_child  , limit: null
3000;1477;users  .children  .children_owns_pets pets 'since' > -0.40010000000000034   .grand_children_owns_pets grand_children 'since' > 6.5999   .grand2_children  .grand3_children  .grand4_children  .grand4_children_owns_pets_child pets_child 'since' > -2.4001000000000006   .pets_grand_child 'age' > 4.5999 , limit: null
3000;1371;users  .children  .children_owns_pets pets  'age' > 6.5999  .grand_children_owns_pets grand_children  'age' > 5.599900000000002  .grand2_children 'age' > 23.5999 .grand3_children  .grand4_children  .grand5_children  .grand5_children_owns_pets_child pets_child 'since' > -2.4001000000000006   .pets_grand_child  , limit: null
3000;1378;users 'age' > 23.5999 .children 'age' > -49.4001 .children_owns_pets pets 'since' > 7.5999   .pets_child  .grand_children_owns_pets_child grand_children 'since' > -0.40010000000000034   .grand_children_owns_pets_grand_child pets_grand_child  'age' > -10.4001  , limit: null
3000;2133;users 'age' > -18.4001 .children 'age' > -39.4001 .children_owns_pets pets 'since' > -2.4001000000000006   .pets_child  .grand_children_owns_pets_child grand_children 'since' > -8.4001   .grand2_children  .grand2_children_owns_pets_grand_child pets_grand_child  'age' > 5.5999  , limit: null
3000;1840;users  .children  .children_owns_pets pets 'since' > -4.4001   .pets_child 'age' > 5.5999 .grand_children_owns_pets_child grand_children 'since' > 2.5998999999999994   .grand2_children  .grand3_children  .grand3_children_owns_pets_grand_child pets_grand_child 'since' > -11.4001   , limit: null
3000;3000;users 'age' > -59.4001 .children  .children_owns_pets pets 'since' > -2.4001000000000006   .pets_child  .grand_children_owns_pets_child grand_children 'since' > -10.4001   .grand2_children  .grand3_children  .grand4_children  .grand4_children_owns_pets_grand_child pets_grand_child  'age' > -1.4001000000000003  , limit: null
3000;1963;users  .children  .children_owns_pets pets 'since' > -2.4001000000000006   .pets_child  .grand_children_owns_pets_child grand_children  'age' > 1.5999000000000014  .grand2_children  .grand3_children 'age' > 33.5999 .grand4_children  .grand5_children  .grand5_children_owns_pets_grand_child pets_grand_child 'since' > -11.4001   , limit: null
3000;2018;users  .children 'age' > -29.4001 .grand_children 'age' > -41.4001 .grand_children_owns_pets pets 'since' > -11.4001   .grand2_children_owns_pets grand2_children  'age' > 22.5999  .grand2_children_owns_pets_child pets_child 'since' > 1.5998999999999997   .pets_grand_child  , limit: null
3000;1264;users  .children  .grand_children 'age' > 34.5999 .grand_children_owns_pets pets 'since' > -3.4001000000000006   .grand2_children_owns_pets grand2_children 'since' > 6.5999   .grand3_children  .grand3_children_owns_pets_child pets_child 'since' > -4.4001   .pets_grand_child  , limit: null
3000;2698;users  .children  .grand_children  .grand_children_owns_pets pets  'age' > -9.4001  .grand2_children_owns_pets grand2_children 'since' > -6.4001   .grand3_children  .grand4_children 'age' > -9.400099999999998 .grand4_children_owns_pets_child pets_child 'since' > 1.5998999999999997   .pets_grand_child  , limit: null
3000;2705;users  .children  .grand_children  .grand_children_owns_pets pets 'since' > 1.5998999999999997   .grand2_children_owns_pets grand2_children 'since' > -4.4001   .grand3_children  .grand4_children 'age' > -56.4001 .grand5_children  .grand5_children_owns_pets_child pets_child  'age' > -10.4001  .pets_grand_child  , limit: null
3000;1368;users  .children 'age' > -0.40009999999999857 .grand_children 'age' > 38.5999 .grand_children_owns_pets pets 'since' > 4.5999   .pets_child  .grand2_children_owns_pets_child grand2_children  'age' > -23.4001  .grand2_children_owns_pets_grand_child pets_grand_child  'age' > -9.4001  , limit: null
3000;2291;users  .children 'age' > 11.599900000000002 .grand_children  .grand_children_owns_pets pets 'since' > 0.5998999999999997   .pets_child  .grand2_children_owns_pets_child grand2_children 'since' > -7.4001   .grand3_children  .grand3_children_owns_pets_grand_child pets_grand_child  'age' > 1.5998999999999997  , limit: null
3000;2133;users  .children  .grand_children  .grand_children_owns_pets pets 'since' > -7.4001   .pets_child  .grand2_children_owns_pets_child grand2_children  'age' > -50.4001  .grand3_children  .grand4_children 'age' > -49.4001 .grand4_children_owns_pets_grand_child pets_grand_child  'age' > 5.5999  , limit: null
3000;2399;users 'age' > -9.400099999999998 .children  .grand_children  .grand_children_owns_pets pets 'since' > -1.4001000000000003   .pets_child  .grand2_children_owns_pets_child grand2_children 'since' > -2.4001000000000006   .grand3_children  .grand4_children  .grand5_children  .grand5_children_owns_pets_grand_child pets_grand_child 'since' > 3.5998999999999994   , limit: null
3000;1903;users  .children  .grand_children  .grand2_children 'age' > -58.4001 .grand2_children_owns_pets pets 'since' > -1.4001000000000003   .grand3_children_owns_pets grand3_children  'age' > 29.5999  .grand3_children_owns_pets_child pets_child  'age' > 1.5998999999999997  .pets_grand_child  , limit: null
3000;1839;users  .children  .grand_children  .grand2_children 'age' > -39.4001 .grand2_children_owns_pets pets 'since' > -11.4001   .grand3_children_owns_pets grand3_children  'age' > -43.4001  .grand4_children  .grand4_children_owns_pets_child pets_child  'age' > 7.5999  .pets_grand_child  , limit: null
3000;1993;users  .children  .grand_children  .grand2_children 'age' > -42.4001 .grand2_children_owns_pets pets  'age' > -7.4001  .grand3_children_owns_pets grand3_children 'since' > 6.5999   .grand4_children  .grand5_children  .grand5_children_owns_pets_child pets_child 'since' > -11.4001   .pets_grand_child  , limit: null
3000;1485;users  .children  .grand_children  .grand2_children 'age' > -33.4001 .grand2_children_owns_pets pets  'age' > 5.5999  .pets_child  .grand3_children_owns_pets_child grand3_children  'age' > 22.5999  .grand3_children_owns_pets_grand_child pets_grand_child 'since' > 1.5998999999999997   , limit: null
3000;1593;users  .children  .grand_children  .grand2_children  .grand2_children_owns_pets pets 'since' > -9.4001   .pets_child  .grand3_children_owns_pets_child grand3_children 'since' > 7.5999   .grand4_children 'age' > -5.400099999999998 .grand4_children_owns_pets_grand_child pets_grand_child  'age' > 2.5998999999999994  , limit: null
3000;2153;users  .children  .grand_children  .grand2_children  .grand2_children_owns_pets pets 'since' > -9.4001   .pets_child  .grand3_children_owns_pets_child grand3_children 'since' > -0.40010000000000034   .grand4_children  .grand5_children 'age' > 27.199900000000003 .grand5_children_owns_pets_grand_child pets_grand_child 'since' > -8.4001   , limit: null
3000;1112;users  .children  .grand_children  .grand2_children  .grand3_children  .grand3_children_owns_pets pets  'age' > 7.5999  .grand4_children_owns_pets grand4_children 'since' > -8.4001   .grand4_children_owns_pets_child pets_child  'age' > 7.5999  .pets_grand_child 'age' > -0.40010000000000034 , limit: null
3000;1032;users  .children 'age' > -24.4001 .grand_children  .grand2_children  .grand3_children  .grand3_children_owns_pets pets 'since' > 7.5999   .grand4_children_owns_pets grand4_children  'age' > 38.5999  .grand5_children  .grand5_children_owns_pets_child pets_child  'age' > 1.5998999999999997  .pets_grand_child  , limit: null
3000;3000;users  .children 'age' > -18.4001 .grand_children  .grand2_children  .grand3_children  .grand3_children_owns_pets pets 'since' > -4.4001   .pets_child  .grand4_children_owns_pets_child grand4_children 'since' > -3.4001000000000006   .grand4_children_owns_pets_grand_child pets_grand_child  'age' > -7.4001  , limit: null
3000;2401;users  .children  .grand_children  .grand2_children  .grand3_children  .grand3_children_owns_pets pets  'age' > 3.5998999999999994  .pets_child 'age' > -1.4001000000000003 .grand4_children_owns_pets_child grand4_children  'age' > -36.4001  .grand5_children  .grand5_children_owns_pets_grand_child pets_grand_child 'since' > -3.4001000000000006   , limit: null
3000;984;users  .children  .grand_children 'age' > 28.5999 .grand2_children  .grand3_children  .grand4_children  .grand4_children_owns_pets pets  'age' > 2.5998999999999994  .grand5_children_owns_pets grand5_children 'since' > 2.5998999999999994   .grand5_children_owns_pets_child pets_child 'since' > 6.5999   .pets_grand_child  , limit: null
3000;2505;users  .children  .grand_children  .grand2_children  .grand3_children 'age' > -37.4001 .grand4_children  .grand4_children_owns_pets pets 'since' > 2.5998999999999994   .pets_child  .grand5_children_owns_pets_child grand5_children 'since' > -9.4001   .grand5_children_owns_pets_grand_child pets_grand_child  'age' > -5.4001  , limit: null
3000;27;users 'age' = 96 , limit: null
3000;1;users 'age' = 95 .children 'name' = Elden , limit: null
3000;2;users  .children 'age' = 7 .grand_children 'age' = 46 , limit: null
3000;2;users  .children 'age' = 79 .grand_children 'age' = 44 .grand2_children  , limit: null
3000;1;users 'name' = Edgardo .children  .grand_children  .grand2_children  .grand3_children  , limit: null
3000;2;users  .children  .grand_children 'name' = Cecil .grand2_children  .grand3_children  .grand4_children  , limit: null
3000;3;users  .children  .grand_children  .grand2_children  .grand3_children 'name' = Randall .grand4_children  .grand5_children  , limit: null
3000;1;users 'age' = 8 .users_owns_pets pets 'nickname' = badger   , limit: null
3000;1;users 'name' = Bryanna .users_owns_pets pets    .pets_child 'animal' = idella , limit: null
3000;1;users 'name' = Mackenzie .users_owns_pets pets  'age' = 16  .pets_child  .pets_grand_child 'age' = 14 , limit: null
3000;1;users 'name' = Jeremy .children 'name' = Chantal .children_owns_pets pets  'animal' = striata  , limit: null
3000;1;users 'age' = 60 .children  .children_owns_pets pets  'age' = 5  .pets_child 'animal' = rattus , limit: null
3000;1;users  .children 'name' = August .children_owns_pets pets    .pets_child 'age' = 9 .pets_grand_child  , limit: null
3000;1;users 'name' = Louann .children 'age' = 72 .grand_children  .grand_children_owns_pets pets    , limit: null
3000;2;users  .children 'age' = 20 .grand_children 'age' = 28 .grand_children_owns_pets pets    .pets_child  , limit: null
3000;6;users  .children  .grand_children  .grand_children_owns_pets pets    .pets_child  .pets_grand_child 'animal' = afra , limit: null
3000;1;users  .children 'age' = 64 .grand_children 'name' = Edris .grand2_children  .grand2_children_owns_pets pets    , limit: null
3000;2;users 'age' = 41 .children  .grand_children  .grand2_children  .grand2_children_owns_pets pets  'age' = 13  .pets_child  , limit: null
3000;2;users  .children 'name' = Josiah .grand_children  .grand2_children  .grand2_children_owns_pets pets    .pets_child  .pets_grand_child  , limit: null
3000;33;users  .children 'age' = 50 .grand_children  .grand2_children  .grand3_children  .grand3_children_owns_pets pets    , limit: null
3000;2;users  .children  .grand_children  .grand2_children 'name' = Tonja .grand3_children  .grand3_children_owns_pets pets    .pets_child  , limit: null
3000;3;users  .children  .grand_children  .grand2_children  .grand3_children  .grand3_children_owns_pets pets 'nickname' = minnow   .pets_child 'age' = 2 .pets_grand_child  , limit: null
3000;2;users  .children  .grand_children  .grand2_children 'name' = Errol .grand3_children  .grand4_children  .grand4_children_owns_pets pets    , limit: null
3000;3;users  .children  .grand_children  .grand2_children 'age' = 30 .grand3_children  .grand4_children  .grand4_children_owns_pets pets  'age' = 13  .pets_child  , limit: null
3000;3;users  .children  .grand_children  .grand2_children 'age' = 46 .grand3_children  .grand4_children  .grand4_children_owns_pets pets  'age' = 10  .pets_child  .pets_grand_child  , limit: null
3000;1;users  .children 'name' = Misti .grand_children  .grand2_children  .grand3_children  .grand4_children  .grand5_children  .grand5_children_owns_pets pets  'age' = 18  , limit: null
3000;2;users  .children  .grand_children  .grand2_children  .grand3_children  .grand4_children 'name' = Royce .grand5_children  .grand5_children_owns_pets pets    .pets_child  , limit: null
3000;1;users  .children  .grand_children  .grand2_children  .grand3_children  .grand4_children  .grand5_children 'name' = Brant .grand5_children_owns_pets pets  'age' = 11  .pets_child  .pets_grand_child  , limit: null
3000;3;pets 'age' = 1 .users_owns_pets users 'nickname' = sardine   , limit: null
3000;11;pets 'age' = 9 .pets_child 'age' = 8 .users_owns_pets_child users    , limit: null
3000;8;pets  .pets_child 'age' = 5 .pets_grand_child 'age' = 11 .users_owns_pets_grand_child users    , limit: null
3000;1;pets 'animal' = confluentus .users_owns_pets users 'nickname' = bear   .children 'name' = Sueann , limit: null
3000;1;pets  .pets_child 'age' = 19 .users_owns_pets_child users 'since' = 13   .children 'age' = 26 , limit: null
3000;1;pets  .pets_child 'age' = 0 .pets_grand_child 'age' = 7 .users_owns_pets_grand_child users 'nickname' = monkey   .children  , limit: null
3000;1;pets 'animal' = owl .users_owns_pets users    .children  .grand_children 'name' = Barry , limit: null
3000;1;pets  .pets_child 'age' = 1 .users_owns_pets_child users 'nickname' = woodchuck   .children  .grand_children 'name' = Josiah , limit: null
3000;1;pets 'animal' = tragocamelus .pets_child  .pets_grand_child  .users_owns_pets_grand_child users  'age' = 17  .children  .grand_children  , limit: null
3000;1;pets 'age' = 14 .users_owns_pets users    .children  .grand_children  .grand2_children 'age' = 77 , limit: null
3000;2;pets 'age' = 14 .pets_child  .users_owns_pets_child users  'age' = 61  .children  .grand_children  .grand2_children  , limit: null
3000;1;pets  .pets_child  .pets_grand_child  .users_owns_pets_grand_child users 'nickname' = panda   .children 'age' = 2 .grand_children  .grand2_children  , limit: null
3000;1;pets  .users_owns_pets users 'nickname' = cat   .children  .grand_children  .grand2_children  .grand3_children 'age' = 43 , limit: null
3000;1;pets  .pets_child  .users_owns_pets_child users    .children 'name' = Jen .grand_children  .grand2_children  .grand3_children  , limit: null
3000;29;pets  .pets_child  .pets_grand_child  .users_owns_pets_grand_child users    .children 'age' = 30 .grand_children  .grand2_children  .grand3_children  , limit: null
3000;2;pets  .users_owns_pets users    .children  .grand_children  .grand2_children  .grand3_children 'name' = Kimberlie .grand4_children  , limit: null
3000;4;pets  .pets_child  .users_owns_pets_child users    .children  .grand_children  .grand2_children 'name' = Brant .grand3_children  .grand4_children  , limit: null
3000;32;pets  .pets_child  .pets_grand_child  .users_owns_pets_grand_child users    .children  .grand_children  .grand2_children  .grand3_children 'age' = 7 .grand4_children  , limit: null
3000;1;pets  .users_owns_pets users  'name' = Linnie  .children  .grand_children  .grand2_children  .grand3_children 'name' = Enrique .grand4_children  .grand5_children  , limit: null
3000;28;pets  .pets_child  .users_owns_pets_child users    .children  .grand_children  .grand2_children  .grand3_children  .grand4_children  .grand5_children 'age' = 8 , limit: null
3000;1;pets  .pets_child  .pets_grand_child 'animal' = robustus .users_owns_pets_grand_child users  'age' = 43  .children  .grand_children  .grand2_children  .grand3_children  .grand4_children  .grand5_children  , limit: null
3000;1;users 'age' = 11 .users_owns_pets pets  'age' = 17  .children_owns_pets children 'since' = 7   , limit: null
3000;1;users 'age' = 36 .users_owns_pets pets 'since' = 8   .children_owns_pets children 'nickname' = dinosaur   , limit: null
3000;1;users 'name' = Lemuel .users_owns_pets pets  'age' = 8  .children_owns_pets children  'age' = 61  .grand_children 'age' = 37 , limit: null
3000;1;users 'age' = 36 .users_owns_pets pets 'nickname' = porpoise   .children_owns_pets children 'nickname' = fish   .grand_children 'age' = 67 .grand2_children  , limit: null
3000;1;users  .users_owns_pets pets  'animal' = melanoleuca  .children_owns_pets children  'name' = Sheryll  .grand_children 'name' = Cornell .grand2_children 'age' = 57 .grand3_children  , limit: null
3000;1;users  .users_owns_pets pets  'animal' = spinosa  .children_owns_pets children  'name' = Staci  .grand_children  .grand2_children  .grand3_children  .grand4_children 'name' = Alfonzo , limit: null
3000;1;users  .users_owns_pets pets  'age' = 10  .children_owns_pets children  'age' = 85  .grand_children  .grand2_children  .grand3_children 'age' = 75 .grand4_children  .grand5_children  , limit: null
3000;1;users 'name' = Loria .users_owns_pets pets  'age' = 1  .pets_child 'age' = 0 .children_owns_pets_child children  'age' = 98  , limit: null
3000;1;users 'name' = Julietta .users_owns_pets pets  'age' = 13  .pets_child 'animal' = ditropis .children_owns_pets_child children  'age' = 15  , limit: null
3000;1;users 'age' = 43 .users_owns_pets pets  'age' = 6  .pets_child  .children_owns_pets_child children  'age' = 80  .grand_children 'name' = Shanel , limit: null
3000;1;users 'name' = Helga .users_owns_pets pets 'nickname' = manatee   .pets_child 'animal' = pelamis .children_owns_pets_child children 'since' = 3   .grand_children  .grand2_children  , limit: null
3000;1;users  .users_owns_pets pets  'age' = 7  .pets_child 'animal' = fulvus .children_owns_pets_child children  'name' = Isidro  .grand_children  .grand2_children  .grand3_children  , limit: null
3000;1;users  .users_owns_pets pets 'nickname' = crocodile   .pets_child  .children_owns_pets_child children  'age' = 78  .grand_children 'age' = 66 .grand2_children  .grand3_children  .grand4_children  , limit: null
3000;1;users  .users_owns_pets pets  'animal' = rex  .pets_child  .children_owns_pets_child children  'name' = Casey  .grand_children  .grand2_children  .grand3_children 'age' = 97 .grand4_children  .grand5_children  , limit: null
3000;1;users  .users_owns_pets pets  'age' = 2  .pets_child 'age' = 7 .pets_grand_child 'age' = 3 .children_owns_pets_grand_child children  'name' = Alfonzo  , limit: null
3000;1;users  .users_owns_pets pets 'since' = 11   .pets_child 'age' = 17 .pets_grand_child 'animal' = crinitus .children_owns_pets_grand_child children 'nickname' = dolphin   , limit: null
3000;1;users 'age' = 44 .users_owns_pets pets 'since' = 10   .pets_child  .pets_grand_child 'animal' = ridibundus .children_owns_pets_grand_child children  'age' = 58  .grand_children  , limit: null
3000;1;users  .users_owns_pets pets 'nickname' = raccoon   .pets_child  .pets_grand_child  .children_owns_pets_grand_child children  'name' = Deborah  .grand_children  .grand2_children 'name' = Neil , limit: null
3000;1;users  .users_owns_pets pets  'animal' = alba  .pets_child  .pets_grand_child  .children_owns_pets_grand_child children 'nickname' = raven   .grand_children  .grand2_children 'name' = Stefany .grand3_children  , limit: null
3000;1;users  .users_owns_pets pets  'animal' = pictus  .pets_child  .pets_grand_child  .children_owns_pets_grand_child children  'age' = 39  .grand_children  .grand2_children  .grand3_children  .grand4_children 'age' = 65 , limit: null
3000;1;users  .users_owns_pets pets  'age' = 4  .pets_child  .pets_grand_child  .children_owns_pets_grand_child children  'age' = 88  .grand_children  .grand2_children  .grand3_children  .grand4_children 'age' = 89 .grand5_children  , limit: null
3000;1;users 'age' = 54 .children 'age' = 65 .children_owns_pets pets  'animal' = euryxanthus  .grand_children_owns_pets grand_children 'nickname' = louse   , limit: null
3000;1;users 'name' = Rickie .children 'age' = 13 .children_owns_pets pets 'nickname' = tiger   .grand_children_owns_pets grand_children 'since' = 18   , limit: null
3000;1;users 'name' = Leena .children 'age' = 25 .children_owns_pets pets 'since' = 6   .grand_children_owns_pets grand_children  'name' = Dione  , limit: null
3000;1;users  .children 'age' = 53 .children_owns_pets pets  'animal' = bisonathabascae  .grand_children_owns_pets grand_children 'nickname' = gnat   .grand2_children 'age' = 13 , limit: null
3000;1;users 'age' = 89 .children 'age' = 23 .children_owns_pets pets 'nickname' = seal   .grand_children_owns_pets grand_children 'since' = 19   .grand2_children  .grand3_children  , limit: null
3000;1;users  .children  .children_owns_pets pets  'age' = 4  .grand_children_owns_pets grand_children  'name' = Vita  .grand2_children 'name' = Vicente .grand3_children  .grand4_children  , limit: null
3000;1;users 'age' = 22 .children 'name' = Yadira .children_owns_pets pets 'nickname' = water buffalo   .pets_child  .grand_children_owns_pets_child grand_children  'age' = 73  , limit: null
3000;1;users 'name' = Whitney .children 'name' = Pennie .children_owns_pets pets  'age' = 2  .pets_child  .grand_children_owns_pets_child grand_children 'nickname' = wolf   , limit: null
3000;1;users  .children 'name' = Billie .children_owns_pets pets 'nickname' = bear   .pets_child 'animal' = tragocamelus .grand_children_owns_pets_child grand_children  'age' = 86  , limit: null
3000;1;users  .children  .children_owns_pets pets 'nickname' = cattle   .pets_child 'age' = 2 .grand_children_owns_pets_child grand_children  'age' = 64  .grand2_children 'age' = 37 , limit: null
3000;1;users  .children  .children_owns_pets pets  'age' = 17  .pets_child  .grand_children_owns_pets_child grand_children  'age' = 67  .grand2_children 'name' = Tristan .grand3_children  , limit: null
3000;1;users  .children  .children_owns_pets pets  'animal' = cinereus  .pets_child 'age' = 8 .grand_children_owns_pets_child grand_children  'name' = Kathryne  .grand2_children  .grand3_children  .grand4_children  , limit: null
3000;1;users  .children  .children_owns_pets pets  'animal' = exotica  .pets_child 'animal' = brunnea .pets_grand_child 'animal' = grosbeak .grand_children_owns_pets_grand_child grand_children  'name' = Emanuel  , limit: null
3000;1;users  .children 'age' = 21 .children_owns_pets pets  'age' = 7  .pets_child 'age' = 18 .pets_grand_child  .grand_children_owns_pets_grand_child grand_children 'since' = 3   , limit: null
3000;1;users 'age' = 15 .children 'name' = Velia .children_owns_pets pets  'animal' = getulanigrita  .pets_child  .pets_grand_child  .grand_children_owns_pets_grand_child grand_children 'since' = 3   , limit: null
3000;1;users  .children  .children_owns_pets pets 'nickname' = crab   .pets_child 'animal' = lagotis .pets_grand_child  .grand_children_owns_pets_grand_child grand_children 'since' = 1   .grand2_children  , limit: null
3000;1;users  .children  .children_owns_pets pets  'animal' = scutulatus  .pets_child  .pets_grand_child  .grand_children_owns_pets_grand_child grand_children  'name' = Irmgard  .grand2_children  .grand3_children 'name' = Pasquale , limit: null
3000;1;users 'name' = Myron .children  .children_owns_pets pets  'age' = 5  .pets_child  .pets_grand_child  .grand_children_owns_pets_grand_child grand_children  'age' = 10  .grand2_children  .grand3_children  .grand4_children  , limit: null
3000;1;users  .children 'age' = 99 .grand_children 'name' = Angelic .grand_children_owns_pets pets 'nickname' = pig   .grand2_children_owns_pets grand2_children 'nickname' = scorpion   , limit: null
3000;1;users 'name' = Johnnie .children 'name' = Tish .grand_children  .grand_children_owns_pets pets  'age' = 9  .grand2_children_owns_pets grand2_children  'name' = Jesse  , limit: null
3000;1;users 'age' = 12 .children 'age' = 46 .grand_children  .grand_children_owns_pets pets 'nickname' = grasshopper   .grand2_children_owns_pets grand2_children  'age' = 79  , limit: null
3000;1;users 'name' = Ardella .children 'age' = 0 .grand_children  .grand_children_owns_pets pets  'animal' = viverrinus  .grand2_children_owns_pets grand2_children  'age' = 22  , limit: null
3000;1;users  .children  .grand_children 'name' = Burton .grand_children_owns_pets pets  'animal' = zebraxcaballus  .grand2_children_owns_pets grand2_children 'since' = 12   .grand3_children 'age' = 54 , limit: null
3000;1;users  .children 'name' = Pablo .grand_children 'name' = Willy .grand_children_owns_pets pets 'since' = 2   .pets_child  .grand2_children_owns_pets_child grand2_children 'nickname' = monkey   , limit: null
3000;1;users 'name' = Nickolas .children 'name' = Rocio .grand_children  .grand_children_owns_pets pets 'nickname' = dog   .pets_child  .grand2_children_owns_pets_child grand2_children 'since' = 11   , limit: null
3000;1;users 'age' = 59 .children 'name' = Lucio .grand_children  .grand_children_owns_pets pets 'nickname' = otter   .pets_child  .grand2_children_owns_pets_child grand2_children  'age' = 88  , limit: null
3000;1;users 'name' = Yuonne .children  .grand_children  .grand_children_owns_pets pets 'nickname' = snail   .pets_child 'animal' = ridibundus .grand2_children_owns_pets_child grand2_children  'age' = 9  , limit: null
3000;1;users  .children  .grand_children  .grand_children_owns_pets pets  'age' = 12  .pets_child 'age' = 6 .grand2_children_owns_pets_child grand2_children  'name' = Coreen  .grand3_children  , limit: null
3000;1;users 'name' = Morgan .children  .grand_children  .grand_children_owns_pets pets  'age' = 18  .pets_child  .pets_grand_child  .grand2_children_owns_pets_grand_child grand2_children  'name' = Cassi  , limit: null
3000;1;users 'age' = 48 .children  .grand_children  .grand_children_owns_pets pets  'age' = 1  .pets_child  .pets_grand_child  .grand2_children_owns_pets_grand_child grand2_children 'nickname' = sardine   , limit: null
3000;1;users  .children 'age' = 17 .grand_children  .grand_children_owns_pets pets 'nickname' = guinea pig   .pets_child  .pets_grand_child  .grand2_children_owns_pets_grand_child grand2_children  'name' = Ivy  , limit: null
3000;1;users  .children  .grand_children 'age' = 37 .grand_children_owns_pets pets 'nickname' = raccoon   .pets_child  .pets_grand_child  .grand2_children_owns_pets_grand_child grand2_children 'nickname' = guinea pig   , limit: null
3000;1;users  .children  .grand_children  .grand_children_owns_pets pets  'age' = 1  .pets_child 'age' = 0 .pets_grand_child  .grand2_children_owns_pets_grand_child grand2_children  'age' = 1  .grand3_children  , limit: null
3000;1;users  .children 'name' = Terence .grand_children  .grand2_children 'age' = 44 .grand2_children_owns_pets pets 'since' = 2   .grand3_children_owns_pets grand3_children 'since' = 7   , limit: null
3000;1;users  .children 'name' = Deidre .grand_children  .grand2_children 'name' = Velia .grand2_children_owns_pets pets  'animal' = annulifera  .grand3_children_owns_pets grand3_children 'since' = 18   , limit: null
3000;1;users  .children 'name' = Cassie .grand_children 'age' = 21 .grand2_children  .grand2_children_owns_pets pets 'since' = 3   .grand3_children_owns_pets grand3_children 'nickname' = beetle   , limit: null
3000;1;users  .children  .grand_children 'name' = Precious .grand2_children 'age' = 75 .grand2_children_owns_pets pets  'age' = 0  .grand3_children_owns_pets grand3_children  'name' = Ross  , limit: null
3000;1;users  .children 'age' = 54 .grand_children  .grand2_children  .grand2_children_owns_pets pets 'since' = 18   .pets_child  .grand3_children_owns_pets_child grand3_children  'age' = 18  , limit: null
3000;1;users 'age' = 62 .children  .grand_children  .grand2_children  .grand2_children_owns_pets pets  'animal' = philippinus  .pets_child  .grand3_children_owns_pets_child grand3_children  'name' = Glory  , limit: null
3000;1;users  .children  .grand_children  .grand2_children 'age' = 62 .grand2_children_owns_pets pets 'nickname' = crab   .pets_child  .grand3_children_owns_pets_child grand3_children  'age' = 99  , limit: null
3000;1;users  .children  .grand_children  .grand2_children 'name' = Aide .grand2_children_owns_pets pets 'since' = 6   .pets_child  .grand3_children_owns_pets_child grand3_children  'age' = 59  , limit: null
3000;1;users  .children  .grand_children  .grand2_children 'age' = 41 .grand2_children_owns_pets pets  'age' = 9  .pets_child  .pets_grand_child  .grand3_children_owns_pets_grand_child grand3_children  'name' = Federico  , limit: null
3000;1;users  .children  .grand_children  .grand2_children  .grand2_children_owns_pets pets  'age' = 2  .pets_child 'animal' = robustus .pets_grand_child  .grand3_children_owns_pets_grand_child grand3_children  'name' = Blaine  , limit: null
3000;1;users 'name' = Lionel .children  .grand_children  .grand2_children  .grand2_children_owns_pets pets  'age' = 15  .pets_child  .pets_grand_child  .grand3_children_owns_pets_grand_child grand3_children 'since' = 7   , limit: null
3000;1;users  .children 'age' = 97 .grand_children  .grand2_children  .grand2_children_owns_pets pets  'age' = 11  .pets_child  .pets_grand_child  .grand3_children_owns_pets_grand_child grand3_children 'nickname' = salmon   , limit: null
3000;1;users  .children  .grand_children 'name' = Roxy .grand2_children  .grand3_children  .grand3_children_owns_pets pets  'animal' = portentosa  .grand4_children_owns_pets grand4_children 'since' = 17   , limit: null
3000;1;users  .children  .grand_children  .grand2_children 'name' = Antwan .grand3_children  .grand3_children_owns_pets pets 'since' = 4   .grand4_children_owns_pets grand4_children 'nickname' = gorilla   , limit: null
3000;1;users  .children  .grand_children  .grand2_children 'name' = Margert .grand3_children  .grand3_children_owns_pets pets  'animal' = haliaeetusleucocephalus  .grand4_children_owns_pets grand4_children 'nickname' = lion   , limit: null
3000;1;users 'age' = 68 .children  .grand_children  .grand2_children  .grand3_children  .grand3_children_owns_pets pets 'nickname' = beetle   .pets_child  .grand4_children_owns_pets_child grand4_children 'since' = 0   , limit: null
3000;1;users  .children 'age' = 11 .grand_children  .grand2_children  .grand3_children  .grand3_children_owns_pets pets 'since' = 18   .pets_child  .grand4_children_owns_pets_child grand4_children  'name' = Rosendo  , limit: null
3000;1;users  .children 'age' = 33 .grand_children  .grand2_children  .grand3_children  .grand3_children_owns_pets pets  'age' = 3  .pets_child  .grand4_children_owns_pets_child grand4_children 'nickname' = ferret   , limit: null
3000;1;users  .children  .grand_children  .grand2_children 'name' = Meda .grand3_children  .grand3_children_owns_pets pets 'since' = 14   .pets_child  .pets_grand_child  .grand4_children_owns_pets_grand_child grand4_children  'age' = 92  , limit: null
3000;1;users  .children  .grand_children  .grand2_children 'age' = 59 .grand3_children  .grand3_children_owns_pets pets 'nickname' = raccoon   .pets_child  .pets_grand_child  .grand4_children_owns_pets_grand_child grand4_children 'since' = 11   , limit: null
3000;1;users  .children 'age' = 65 .grand_children  .grand2_children  .grand3_children  .grand3_children_owns_pets pets 'nickname' = macaw   .pets_child  .pets_grand_child  .grand4_children_owns_pets_grand_child grand4_children  'age' = 98  , limit: null
3000;1;users  .children  .grand_children 'name' = Velvet .grand2_children  .grand3_children  .grand4_children  .grand4_children_owns_pets pets  'age' = 10  .grand5_children_owns_pets grand5_children 'nickname' = wildebeest   , limit: null
3000;1;users 'age' = 60 .children  .grand_children  .grand2_children  .grand3_children  .grand4_children  .grand4_children_owns_pets pets  'animal' = cochliodon  .grand5_children_owns_pets grand5_children 'since' = 0   , limit: null
3000;1;users  .children  .grand_children 'age' = 3 .grand2_children  .grand3_children  .grand4_children  .grand4_children_owns_pets pets 'nickname' = otter   .pets_child  .grand5_children_owns_pets_child grand5_children  'age' = 44  , limit: null
3000;1;users  .children  .grand_children  .grand2_children  .grand3_children  .grand4_children 'age' = 75 .grand4_children_owns_pets pets  'age' = 6  .pets_child  .grand5_children_owns_pets_child grand5_children  'name' = Sacha  , limit: null
3000;1;users 'age' = 86 .children  .grand_children  .grand2_children  .grand3_children  .grand4_children  .grand4_children_owns_pets pets 'since' = 4   .pets_child  .pets_grand_child  .grand5_children_owns_pets_grand_child grand5_children 'nickname' = turtle   , limit: null
3000;1;users  .children  .grand_children 'name' = Loria .grand2_children  .grand3_children  .grand4_children  .grand4_children_owns_pets pets  'animal' = moth  .pets_child  .pets_grand_child  .grand5_children_owns_pets_grand_child grand5_children  'age' = 0  , limit: null
3000;1;users 'name' = Cory .users_owns_pets pets  'animal' = nerka  .children_owns_pets children  'age' = 74  .children_owns_pets_child pets_child  'animal' = groenlandicus  .pets_grand_child 'age' = 10 , limit: null
3000;1;users 'age' = 43 .users_owns_pets pets  'age' = 7  .children_owns_pets children 'nickname' = crocodile   .grand_children  .grand_children_owns_pets_child pets_child  'animal' = longipalpa  .pets_grand_child 'animal' = tiburo , limit: null
3000;1;users  .users_owns_pets pets 'nickname' = lizard   .children_owns_pets children  'name' = Regina  .grand_children 'age' = 9 .grand2_children  .grand2_children_owns_pets_child pets_child 'nickname' = mole   .pets_grand_child 'animal' = sculpturatus , limit: null
3000;1;users  .users_owns_pets pets  'animal' = bicolor  .children_owns_pets children 'nickname' = prairie dog   .grand_children  .grand2_children  .grand3_children  .grand3_children_owns_pets_child pets_child  'age' = 12  .pets_grand_child 'animal' = celata , limit: null
3000;1;users 'name' = Lyda .users_owns_pets pets  'animal' = abacura  .children_owns_pets children  'age' = 77  .grand_children  .grand2_children  .grand3_children  .grand4_children  .grand4_children_owns_pets_child pets_child  'age' = 8  .pets_grand_child  , limit: null
3000;1;users  .users_owns_pets pets  'age' = 2  .children_owns_pets children 'nickname' = snail   .grand_children  .grand2_children  .grand3_children 'name' = Mia .grand4_children  .grand5_children  .grand5_children_owns_pets_child pets_child 'since' = 0   .pets_grand_child  , limit: null
3000;1;users 'name' = Gino .users_owns_pets pets 'nickname' = guinea pig   .pets_child 'age' = 7 .children_owns_pets_child children  'age' = 59  .children_owns_pets_grand_child pets_grand_child 'nickname' = cat   , limit: null
3000;1;users 'age' = 11 .users_owns_pets pets  'age' = 19  .pets_child  .children_owns_pets_child children  'name' = Vicente  .grand_children 'age' = 32 .grand_children_owns_pets_grand_child pets_grand_child  'age' = 1  , limit: null
3000;1;users 'age' = 12 .users_owns_pets pets 'nickname' = platypus   .pets_child 'age' = 4 .children_owns_pets_child children  'name' = Raymundo  .grand_children  .grand2_children  .grand2_children_owns_pets_grand_child pets_grand_child  'age' = 9  , limit: null
3000;1;users 'age' = 87 .users_owns_pets pets 'since' = 18   .pets_child  .children_owns_pets_child children 'since' = 6   .grand_children  .grand2_children  .grand3_children  .grand3_children_owns_pets_grand_child pets_grand_child  'animal' = aurantia  , limit: null
3000;1;users 'age' = 41 .users_owns_pets pets  'animal' = johnstoni  .pets_child  .children_owns_pets_child children 'since' = 14   .grand_children  .grand2_children  .grand3_children  .grand4_children  .grand4_children_owns_pets_grand_child pets_grand_child 'nickname' = shark   , limit: null
3000;1;users  .users_owns_pets pets 'since' = 5   .pets_child  .children_owns_pets_child children  'age' = 91  .grand_children  .grand2_children  .grand3_children  .grand4_children 'age' = 30 .grand5_children  .grand5_children_owns_pets_grand_child pets_grand_child 'nickname' = trout   , limit: null
3000;1;users 'age' = 61 .children 'age' = 62 .children_owns_pets pets  'age' = 14  .grand_children_owns_pets grand_children  'name' = Rey  .grand_children_owns_pets_child pets_child  'animal' = ornata  .pets_grand_child  , limit: null
3000;1;users  .children  .children_owns_pets pets  'animal' = micra  .grand_children_owns_pets grand_children  'age' = 85  .grand2_children 'name' = Dwain .grand2_children_owns_pets_child pets_child 'nickname' = clam   .pets_grand_child 'age' = 7 , limit: null
3000;1;users  .children  .children_owns_pets pets  'age' = 11  .grand_children_owns_pets grand_children  'age' = 56  .grand2_children  .grand3_children  .grand3_children_owns_pets_child pets_child  'animal' = parthenopion  .pets_grand_child 'animal' = euryxanthus , limit: null
3000;1;users  .children  .children_owns_pets pets  'age' = 12  .grand_children_owns_pets grand_children 'since' = 5   .grand2_children  .grand3_children  .grand4_children  .grand4_children_owns_pets_child pets_child 'nickname' = ant   .pets_grand_child 'animal' = leo , limit: null
3000;1;users  .children  .children_owns_pets pets  'animal' = fulica  .grand_children_owns_pets grand_children  'age' = 62  .grand2_children  .grand3_children  .grand4_children  .grand5_children  .grand5_children_owns_pets_child pets_child 'nickname' = donkey   .pets_grand_child 'age' = 11 , limit: null
3000;1;users 'age' = 12 .children 'age' = 48 .children_owns_pets pets 'nickname' = raven   .pets_child  .grand_children_owns_pets_child grand_children  'name' = Jarvis  .grand_children_owns_pets_grand_child pets_grand_child  'animal' = quercicus  , limit: null
3000;1;users 'age' = 86 .children 'age' = 10 .children_owns_pets pets  'age' = 14  .pets_child  .grand_children_owns_pets_child grand_children  'name' = Alicia  .grand2_children  .grand2_children_owns_pets_grand_child pets_grand_child  'age' = 2  , limit: null
3000;1;users 'name' = Dione .children  .children_owns_pets pets  'age' = 19  .pets_child  .grand_children_owns_pets_child grand_children  'name' = Scot  .grand2_children  .grand3_children  .grand3_children_owns_pets_grand_child pets_grand_child 'since' = 0   , limit: null
3000;1;users  .children 'age' = 68 .children_owns_pets pets 'nickname' = pug   .pets_child  .grand_children_owns_pets_child grand_children  'age' = 61  .grand2_children  .grand3_children  .grand4_children  .grand4_children_owns_pets_grand_child pets_grand_child  'age' = 14  , limit: null
3000;1;users 'age' = 49 .children  .children_owns_pets pets  'animal' = feruscaballus  .pets_child  .grand_children_owns_pets_child grand_children 'nickname' = skunk   .grand2_children  .grand3_children  .grand4_children  .grand5_children  .grand5_children_owns_pets_grand_child pets_grand_child  'age' = 16  , limit: null
3000;1;users 'age' = 81 .children  .grand_children 'name' = Athena .grand_children_owns_pets pets 'since' = 17   .grand2_children_owns_pets grand2_children 'since' = 19   .grand2_children_owns_pets_child pets_child  'age' = 11  .pets_grand_child  , limit: null
3000;1;users  .children 'age' = 29 .grand_children  .grand_children_owns_pets pets 'since' = 3   .grand2_children_owns_pets grand2_children 'nickname' = bear   .grand3_children  .grand3_children_owns_pets_child pets_child  'animal' = philippinensis  .pets_grand_child  , limit: null
3000;1;users  .children 'age' = 37 .grand_children  .grand_children_owns_pets pets 'since' = 14   .grand2_children_owns_pets grand2_children  'name' = Kathline  .grand3_children  .grand4_children  .grand4_children_owns_pets_child pets_child 'since' = 12   .pets_grand_child  , limit: null
3000;1;users  .children  .grand_children  .grand_children_owns_pets pets  'animal' = anatinus  .grand2_children_owns_pets grand2_children 'since' = 16   .grand3_children  .grand4_children 'age' = 57 .grand5_children  .grand5_children_owns_pets_child pets_child  'age' = 9  .pets_grand_child  , limit: null
3000;1;users 'age' = 87 .children  .grand_children  .grand_children_owns_pets pets  'age' = 16  .pets_child 'animal' = gallus .grand2_children_owns_pets_child grand2_children  'name' = Ivana  .grand2_children_owns_pets_grand_child pets_grand_child  'age' = 13  , limit: null
3000;1;users 'age' = 37 .children  .grand_children  .grand_children_owns_pets pets 'since' = 0   .pets_child  .grand2_children_owns_pets_child grand2_children  'name' = Sana  .grand3_children  .grand3_children_owns_pets_grand_child pets_grand_child 'nickname' = ferret   , limit: null
3000;1;users  .children  .grand_children  .grand_children_owns_pets pets 'nickname' = antelope   .pets_child  .grand2_children_owns_pets_child grand2_children  'name' = Warren  .grand3_children 'name' = Malcolm .grand4_children  .grand4_children_owns_pets_grand_child pets_grand_child 'since' = 10   , limit: null
3000;1;users  .children  .grand_children  .grand_children_owns_pets pets 'since' = 9   .pets_child  .grand2_children_owns_pets_child grand2_children 'nickname' = crow   .grand3_children 'name' = Mildred .grand4_children  .grand5_children  .grand5_children_owns_pets_grand_child pets_grand_child 'since' = 17   , limit: null
3000;1;users  .children 'name' = King .grand_children  .grand2_children  .grand2_children_owns_pets pets  'animal' = schlegeli  .grand3_children_owns_pets grand3_children  'name' = Myles  .grand3_children_owns_pets_child pets_child  'age' = 18  .pets_grand_child  , limit: null
3000;1;users  .children 'name' = Buck .grand_children  .grand2_children  .grand2_children_owns_pets pets 'nickname' = wallaby   .grand3_children_owns_pets grand3_children 'nickname' = hornet   .grand4_children  .grand4_children_owns_pets_child pets_child 'nickname' = cricket   .pets_grand_child  , limit: null
3000;1;users  .children 'age' = 3 .grand_children  .grand2_children  .grand2_children_owns_pets pets 'nickname' = serval   .grand3_children_owns_pets grand3_children  'name' = Gemma  .grand4_children  .grand5_children  .grand5_children_owns_pets_child pets_child 'nickname' = goldfish   .pets_grand_child  , limit: null
3000;1;users 'age' = 96 .children  .grand_children  .grand2_children  .grand2_children_owns_pets pets  'animal' = rattus  .pets_child  .grand3_children_owns_pets_child grand3_children  'age' = 96  .grand3_children_owns_pets_grand_child pets_grand_child 'since' = 9   , limit: null
3000;1;users  .children 'name' = Chantal .grand_children  .grand2_children  .grand2_children_owns_pets pets 'since' = 11   .pets_child  .grand3_children_owns_pets_child grand3_children 'nickname' = alligator   .grand4_children  .grand4_children_owns_pets_grand_child pets_grand_child 'since' = 18   , limit: null
3000;1;users  .children  .grand_children  .grand2_children  .grand2_children_owns_pets pets 'nickname' = mammoth   .pets_child  .grand3_children_owns_pets_child grand3_children 'since' = 14   .grand4_children  .grand5_children 'name' = Leda .grand5_children_owns_pets_grand_child pets_grand_child  'age' = 14  , limit: null
3000;1;users  .children  .grand_children  .grand2_children  .grand3_children  .grand3_children_owns_pets pets 'since' = 10   .grand4_children_owns_pets grand4_children 'since' = 16   .grand4_children_owns_pets_child pets_child 'nickname' = yak   .pets_grand_child 'age' = 12 , limit: null
3000;1;users  .children  .grand_children  .grand2_children  .grand3_children 'name' = Jarod .grand3_children_owns_pets pets  'animal' = caerulea  .grand4_children_owns_pets grand4_children 'nickname' = mouse   .grand5_children  .grand5_children_owns_pets_child pets_child 'nickname' = butterfly   .pets_grand_child  , limit: null
3000;1;users  .children 'name' = Chi .grand_children  .grand2_children  .grand3_children  .grand3_children_owns_pets pets  'animal' = huso  .pets_child  .grand4_children_owns_pets_child grand4_children 'since' = 16   .grand4_children_owns_pets_grand_child pets_grand_child 'since' = 19   , limit: null
3000;1;users  .children  .grand_children  .grand2_children  .grand3_children  .grand3_children_owns_pets pets  'age' = 19  .pets_child 'age' = 14 .grand4_children_owns_pets_child grand4_children  'name' = Gia  .grand5_children  .grand5_children_owns_pets_grand_child pets_grand_child 'since' = 10   , limit: null
3000;1;users  .children  .grand_children  .grand2_children 'age' = 80 .grand3_children  .grand4_children  .grand4_children_owns_pets pets 'since' = 0   .grand5_children_owns_pets grand5_children 'nickname' = beetle   .grand5_children_owns_pets_child pets_child 'since' = 19   .pets_grand_child  , limit: null
3000;1;users  .children  .grand_children  .grand2_children 'name' = Fonda .grand3_children  .grand4_children  .grand4_children_owns_pets pets 'since' = 4   .pets_child  .grand5_children_owns_pets_child grand5_children  'name' = Fairy  .grand5_children_owns_pets_grand_child pets_grand_child 'since' = 0   , limit: null
3000;3000;users  , limit: null
3000;3000;users  .children  , limit: null
3000;3000;users  .users_owns_pets pets    , limit: null
3000;3000;pets  .users_owns_pets users    , limit: null
